Grupo ID,Master Location ID,Master Nombre,Master CUIT,Master Pedidos,Duplicado Location ID,Duplicado Nombre,Duplicado CUIT,Duplicado Pedidos,Accion
GEO_0001,5157,RODRIGUEZ MARIA MARCELA (SUBDISTRIBUIDOR_A),27-23999861-0,0,10023,RODRIGUEZ MARIA MARCELA (SUBDISTRIBUIDOR_A),27-23999861-0,0,MOVER A MASTER Y MARCAR DELETED
GEO_0002,440,OBA OBA II (Kiosco/Maxikiosco_P),20-30784112-7,0,5274,OBA OBA II (Kiosco/Maxikiosco_P),20-30784112-7,0,MOVER A MASTER Y MARCAR DELETED
GEO_0002,440,OBA OBA II (Kiosco/Maxikiosco_P),20-30784112-7,0,102041,OBA OBA II (Kiosco/Maxikiosco_P),20-30784112-7,0,MOVER A MASTER Y MARCAR DELETED
GEO_0003,4299,LORENZO OCTAVIO MARTIN  (Resto de On Premise_C),20-41426091-9,0,9422,LORENZO OCTAVIO MARTIN  (Resto de On Premise_C),20-41426091-9,0,MOVER A MASTER Y MARCAR DELETED
GEO_0004,1656,DESPENSA M Y R (Almacen/Despensa_B),27336121774,0,6570,DESPENSA M Y R (Almacen/Despensa_B),27336121774,0,MOVER A MASTER Y MARCAR DELETED
GEO_0004,1656,DESPENSA M Y R (Almacen/Despensa_B),27336121774,0,103285,DESPENSA M Y R (Almacen/Despensa_B),27336121774,0,MOVER A MASTER Y MARCAR DELETED
GEO_0005,5190,ROSA AIMAR DANIEL (Fiambreria_C),20-41171698-9,0,10302,ROSA AIMAR DANIEL (Fiambreria_B),20-41171698-9,0,MOVER A MASTER Y MARCAR DELETED
GEO_0006,3237,BALBUENA FEDERICO (Mayoristas_C),20-36772830-3,0,8464,BALBUENA FEDERICO (Mayoristas_P),20-36772830-3,0,MOVER A MASTER Y MARCAR DELETED
GEO_0007,2162,CHEN LIYING (Autoservicio Tradicional_P),27-95309498-9,0,6768,CHEN LIYING (Autoservicio Tradicional_P),27-95309498-9,0,MOVER A MASTER Y MARCAR DELETED
GEO_0008,2776,DON FELIPE (Carniceria/Granja_C),20-16301299-6,0,7907,DON FELIPE (Carniceria/Granja_C),20-16301299-6,0,MOVER A MASTER Y MARCAR DELETED
GEO_0009,3831,DESCARREGA JIMENA ANDREA (Kiosco/Maxikiosco_C),27-31069724-4,0,8850,DESCARREGA JIMENA ANDREA (Kiosco/Maxikiosco_C),27-31069724-4,0,MOVER A MASTER Y MARCAR DELETED
GEO_0010,4826,AGRO LEBEN JUNIN SRL (0_C),30-71406431-9,0,9909,AGRO LEBEN JUNIN SRL (0_C),30-71406431-9,0,MOVER A MASTER Y MARCAR DELETED
GEO_0011,1860,TOÑI OLGA IRMA (Almacen/Despensa_A),27-25564350-4,0,6792,TOÑI OLGA IRMA (Almacen/Despensa_A),27-25564350-4,0,MOVER A MASTER Y MARCAR DELETED
GEO_0012,16,Prueba de punto de venta 2 ,0,0,80,Nuevo Punto de venta de prueba,0,0,MOVER A MASTER Y MARCAR DELETED
GEO_0013,2267,CALDERON JUAN JOSE (Almacen/Despensa_B),20-17523813-2,0,7448,CALDERON JUAN JOSE (Almacen/Despensa_B),20-17523813-2,0,MOVER A MASTER Y MARCAR DELETED
GEO_0014,4601,BREME-CASA DE COMIDAS (Almacen/Despensa_C),11111111,0,9611,BREME-CASA DE COMIDAS (Almacen/Despensa_C),11111111,0,MOVER A MASTER Y MARCAR DELETED
GEO_0015,1065,LA GRANJA DE JOE (Carniceria/Granja_B),20-33884520-1,0,6181,LA GRANJA DE JOE (Carniceria/Granja_B),20-33884520-1,0,MOVER A MASTER Y MARCAR DELETED
GEO_0015,1065,LA GRANJA DE JOE (Carniceria/Granja_B),20-33884520-1,0,102647,LA GRANJA DE JOE (Carniceria/Granja_B),20-33884520-1,0,MOVER A MASTER Y MARCAR DELETED
GEO_0016,2352,MIGUEL FEDERICO ROBERTO (Autoservicio Tradicional_B),20-27478882-9,0,7342,MIGUEL FEDERICO ROBERTO (Autoservicio Tradicional_B),20-27478882-9,0,MOVER A MASTER Y MARCAR DELETED
GEO_0017,2585,FERREYRA MATIAS DANIEL (Kiosco/Maxikiosco_P),20-32363572-3,0,7534,FERREYRA MATIAS DANIEL (Kiosco/Maxikiosco_P),20-32363572-3,0,MOVER A MASTER Y MARCAR DELETED
GEO_0018,2540,NUCCI SEBASTIAN (Fiambreria_C),23-36524290-9,0,7745,NUCCI SEBASTIAN (Fiambreria_C),23-36524290-9,0,MOVER A MASTER Y MARCAR DELETED
GEO_0019,2769,BELGRANO GRANJA (Carniceria/Granja_B),30-71842005-5,0,7895,BELGRANO GRANJA (Carniceria/Granja_B),30-71842005-5,0,MOVER A MASTER Y MARCAR DELETED
GEO_0020,2662,ESTEVEZ ROCHA JORGE (Kiosco/Maxikiosco_A),20-17466343-3,0,7528,ESTEVEZ ROCHA JORGE (Kiosco/Maxikiosco_A),20-17466343-3,0,MOVER A MASTER Y MARCAR DELETED
GEO_0021,2777,FIGOLI SRL (Autoservicio Tradicional_P),30-70870551-5,0,7902,FIGOLI SRL (Autoservicio Tradicional_P),30-70870551-5,0,MOVER A MASTER Y MARCAR DELETED
GEO_0022,3810,PULIDO AGUSTIN (Resto de On Premise_C),34439640,0,8831,PULIDO AGUSTIN (Resto de On Premise_C),34439640,0,MOVER A MASTER Y MARCAR DELETED
GEO_0023,2684,CASTILLO RAUL ALBERTO (Almacen/Despensa_B),20-26391077-0,0,7951,CASTILLO RAUL ALBERTO (Almacen/Despensa_B),20-26391077-0,0,MOVER A MASTER Y MARCAR DELETED
GEO_0024,3615,DE ARCO VAZQUEZ JOSEFINA (Instituciones_C),27-27507815-3,0,8602,DE ARCO VAZQUEZ JOSEFINA (Instituciones_C),27-27507815-3,0,MOVER A MASTER Y MARCAR DELETED
GEO_0025,3213,OCAMPO FABIAN (Almacen/Despensa_A),22888902,0,8448,OCAMPO FABIAN (Almacen/Despensa_A),22888902,0,MOVER A MASTER Y MARCAR DELETED
GEO_0026,1944,LUJAN ELIFIO ORLANDO (Kiosco/Maxikiosco_P),20-11922282-7,0,6875,LUJAN ELIFIO ORLANDO (Kiosco/Maxikiosco_P),20-11922282-7,0,MOVER A MASTER Y MARCAR DELETED
GEO_0027,5214,MABESA S.A. (CATERING_A),30-71025131-9,0,10059,MABESA S.A. (CATERING_A),30-71025131-9,0,MOVER A MASTER Y MARCAR DELETED
GEO_0028,776,AUTOSERVICIOS TIKA (Autoservicio Tradicional_C),27-25040466-8,0,5967,AUTOSERVICIOS TIKA (Autoservicio Tradicional_C),27-25040466-8,0,MOVER A MASTER Y MARCAR DELETED
GEO_0028,776,AUTOSERVICIOS TIKA (Autoservicio Tradicional_C),27-25040466-8,0,102319,AUTOSERVICIOS TIKA (Autoservicio Tradicional_C),27-25040466-8,0,MOVER A MASTER Y MARCAR DELETED
GEO_0029,2305,SANCHEZ ROCIO (Kiosco/Maxikiosco_P),27-36987523-5,0,7338,SANCHEZ ROCIO (Kiosco/Maxikiosco_P),27-36987523-5,0,MOVER A MASTER Y MARCAR DELETED
GEO_0030,2607,MARTINEZ CARLOS ALEJANDRO (Kiosco/Maxikiosco_P),20-25294711-7,0,7554,MARTINEZ CARLOS ALEJANDRO (Kiosco/Maxikiosco_P),20-25294711-7,0,MOVER A MASTER Y MARCAR DELETED
GEO_0031,4044,DI SABATO GABRIEL (Resto de On Premise_C),26225594,0,9174,DI SABATO GABRIEL (Resto de On Premise_C),26225594,0,MOVER A MASTER Y MARCAR DELETED
GEO_0032,4010,GARCIA PATRICIO (Resto de On Premise_C),34439695,0,9176,GARCIA PATRICIO (Resto de On Premise_C),34439695,0,MOVER A MASTER Y MARCAR DELETED
GEO_0033,1909,TORRILLA BENITO MARC (Almacen/Despensa_B),20-16846658-8,0,6873,TORRILLA BENITO MARC (Almacen/Despensa_B),20-16846658-8,0,MOVER A MASTER Y MARCAR DELETED
GEO_0034,1955,MINGUILLA MARTA ISABEL (Almacen/Despensa_B),12217264,0,7010,MINGUILLA MARTA ISABEL (Almacen/Despensa_B),12217264,0,MOVER A MASTER Y MARCAR DELETED
GEO_0035,2737,CURARATTI CURARATTI ENZO (Almacen/Despensa_B),11000000,0,7876,CURARATTI CURARATTI ENZO (Almacen/Despensa_B),11000000,0,MOVER A MASTER Y MARCAR DELETED
GEO_0036,1858,ERRECARRET VIVIANA MARIA (Kiosco/Maxikiosco_P),11000000,0,6796,ERRECARRET VIVIANA MARIA (Kiosco/Maxikiosco_P),11000000,0,MOVER A MASTER Y MARCAR DELETED
GEO_0037,3931,CAJON DEL AZUL S.R.L (Vinoteca_B),30-71484885-9,0,8761,CAJON DEL AZUL S.R.L (Vinoteca_B),30-71484885-9,0,MOVER A MASTER Y MARCAR DELETED
GEO_0038,2841,CANCINO ELIANA (Kiosco/Maxikiosco_A),30906812,0,7816,CANCINO ELIANA (Kiosco/Maxikiosco_A),30906812,0,MOVER A MASTER Y MARCAR DELETED
GEO_0039,2917,GUTIERREZ SANTIAGO (Almacen/Despensa_A),17412668,0,8239,GUTIERREZ SANTIAGO (Almacen/Despensa_A),17412668,0,MOVER A MASTER Y MARCAR DELETED
GEO_0040,4063,CAGGIANO VALENTIN CUBA (Resto de On Premise_C),44930300,0,9156,CAGGIANO VALENTIN CUBA (Resto de On Premise_C),44930300,0,MOVER A MASTER Y MARCAR DELETED
GEO_0041,3770,FERNANDEZ NOEMI DEL VALLE (Kiosco/Maxikiosco_B),27-11025571-9,0,8945,FERNANDEZ NOEMI DEL VALLE (Kiosco/Maxikiosco_B),27-11025571-9,0,MOVER A MASTER Y MARCAR DELETED
GEO_0042,3429,CASARIEGO MARIA CRISTINA (Almacen/Despensa_C),23-06517415-4,0,8728,CASARIEGO MARIA CRISTINA (Almacen/Despensa_B),23-06517415-4,0,MOVER A MASTER Y MARCAR DELETED
GEO_0043,5053,DESP. EL NEGRO (0_C),11111111,0,10163,DESP. EL NEGRO (0_C),11111111,0,MOVER A MASTER Y MARCAR DELETED
GEO_0044,2438,DANA FELISA MABEL (Kiosco/Maxikiosco_C),27-12656829-6,0,7681,DANA FELISA MABEL (Kiosco/Maxikiosco_B),27-12656829-6,0,MOVER A MASTER Y MARCAR DELETED
GEO_0045,2651,ROMANO VANESA ROCIO (Kiosco/Maxikiosco_C),30347049,0,7561,ROMANO VANESA ROCIO (Kiosco/Maxikiosco_B),30347049,0,MOVER A MASTER Y MARCAR DELETED
GEO_0046,2228,GARCIA XOANA VANESA (Resto de On Premise_B),27-34424443-5,0,7407,GARCIA XOANA VANESA (Resto de On Premise_B),27-34424443-5,0,MOVER A MASTER Y MARCAR DELETED
GEO_0047,1926,DAVILA LUDMILA VERONICA PAMELA  (Almacen/Despensa_A),27-31244181-6,0,7211,DAVILA LUDMILA VERONICA PAMELA  (Almacen/Despensa_A),27-31244181-6,0,MOVER A MASTER Y MARCAR DELETED
GEO_0048,2181,LAGOMARSINO CRISTIAN LUCIANO (Almacen/Despensa_B),20-32195708-1,0,7020,LAGOMARSINO CRISTIAN LUCIANO (Almacen/Despensa_B),20-32195708-1,0,MOVER A MASTER Y MARCAR DELETED
GEO_0049,2749,RODRIGUEZ JAVIER (Vinoteca_C),20-21058125-2,0,7984,RODRIGUEZ JAVIER (Vinoteca_C),20-21058125-2,0,MOVER A MASTER Y MARCAR DELETED
GEO_0050,3150,SANCHEZ CARLOS HORACIO (Almacen/Despensa_C),20-20830677-5,0,8047,SANCHEZ CARLOS HORACIO (Almacen/Despensa_C),20-20830677-5,0,MOVER A MASTER Y MARCAR DELETED
GEO_0051,3589,RUBANO DANIEL (Kiosco/Maxikiosco_C),20-14739734-9,0,8570,RUBANO DANIEL (Kiosco/Maxikiosco_C),20-14739734-9,0,MOVER A MASTER Y MARCAR DELETED
GEO_0052,2947,GANDOLFO JORGE ALBERTO (Kiosco/Maxikiosco_C),20-12487868-4,0,7776,GANDOLFO JORGE ALBERTO (Kiosco/Maxikiosco_C),20-12487868-4,0,MOVER A MASTER Y MARCAR DELETED
GEO_0053,3587,CAÑETE MARIA DE LOS MILAGROS (Fiambreria_C),27-28154667-3,0,8588,CAÑETE MARIA DE LOS MILAGROS (Fiambreria_C),27-28154667-3,0,MOVER A MASTER Y MARCAR DELETED
GEO_0054,1949,REYNALDO ANA GRACIA (Cadena Regional_B),27-24632121-9,0,7016,REYNALDO ANA GRACIA (Cadena Regional_B),27-24632121-9,0,MOVER A MASTER Y MARCAR DELETED
GEO_0055,3021,GUERRERO MARIA (Kiosco/Maxikiosco_P),12198647,0,8216,GUERRERO MARIA (Kiosco/Maxikiosco_P),12198647,0,MOVER A MASTER Y MARCAR DELETED
GEO_0056,2445,ROSELLI LUIS MARIA (Almacen/Despensa_C),20-07849219-9,0,7696,ROSELLI LUIS MARIA (Almacen/Despensa_C),20-07849219-9,0,MOVER A MASTER Y MARCAR DELETED
GEO_0057,2445,ROSELLI LUIS MARIA (Almacen/Despensa_C),20-07849219-9,0,7696,ROSELLI LUIS MARIA (Almacen/Despensa_C),20-07849219-9,0,MOVER A MASTER Y MARCAR DELETED
GEO_0058,3706,ROMERO MARIA ALEJANDRA (Almacen/Despensa_C),32539247,0,8540,ROMERO MARIA ALEJANDRA (Almacen/Despensa_C),32539247,0,MOVER A MASTER Y MARCAR DELETED
GEO_0059,3252,AVENIDA DE CIRCUNVALACION 830 SRL (Almacen/Despensa_A),30-71658716-5,0,8442,AVENIDA DE CIRCUNVALACION 830 SRL (Almacen/Despensa_A),30-71658716-5,0,MOVER A MASTER Y MARCAR DELETED
GEO_0060,3999,BUSSO MARCOS ANDRES (Kiosco/Maxikiosco_C),20-23717410-1,0,9012,BUSSO MARCOS ANDRES (Kiosco/Maxikiosco_C),20-23717410-1,0,MOVER A MASTER Y MARCAR DELETED
GEO_0061,1963,SAN EXPEDITO (Kiosco/Maxikiosco_B),27-20021346-2,0,7126,SAN EXPEDITO (Kiosco/Maxikiosco_B),27-20021346-2,0,MOVER A MASTER Y MARCAR DELETED
GEO_0062,3181,LAS HIEDRAS S.A.S. (Carniceria/Granja_B),30-71616587-2,0,8031,LAS HIEDRAS S.A.S. (Carniceria/Granja_B),30-71616587-2,0,MOVER A MASTER Y MARCAR DELETED
GEO_0063,2276,BALANHO GERARDO JAVIER (Fiambreria_P),20-23486089-6,0,7459,BALANHO GERARDO JAVIER (Fiambreria_P),20-23486089-6,0,MOVER A MASTER Y MARCAR DELETED
GEO_0064,3114,MANGINI MARIELA VERONICA (Kiosco/Maxikiosco_C),27-25001480-0,0,8493,MANGINI MARIELA VERONICA (Kiosco/Maxikiosco_C),27-25001480-0,0,MOVER A MASTER Y MARCAR DELETED
GEO_0065,3019,EMILIO SERGIO GERARDO (Autoservicio Tradicional_C),20-14725843-8,0,8200,EMILIO SERGIO GERARDO (Autoservicio Tradicional_C),20-14725843-8,0,MOVER A MASTER Y MARCAR DELETED
GEO_0066,3284,SANTILLAN ALEJANDRO MANUEL (Carniceria/Granja_C),23-37344015-9,0,8351,SANTILLAN ALEJANDRO MANUEL (Carniceria/Granja_C),23-37344015-9,0,MOVER A MASTER Y MARCAR DELETED
GEO_0067,3163,COOPERATIVA AGRICOLA DE ASCENSION (Autoservicio Tradicional_P),30-52689611-0,0,8056,COOPERATIVA AGRICOLA DE ASCENSION (Autoservicio Tradicional_P),30-52689611-0,0,MOVER A MASTER Y MARCAR DELETED
GEO_0068,2676,FLIA CASAS NIEVAS (Carniceria/Granja_B),30-71763301-2,0,7941,FLIA CASAS NIEVAS (Carniceria/Granja_B),30-71763301-2,0,MOVER A MASTER Y MARCAR DELETED
GEO_0069,2621,SANCHEZ LILIANA GLADYS (Kiosco/Maxikiosco_C),27-16903227-6,0,7578,SANCHEZ LILIANA GLADYS (Kiosco/Maxikiosco_C),27-16903227-6,0,MOVER A MASTER Y MARCAR DELETED
GEO_0070,5025,WEI YUJIN (Autoservicio Tradicional_C),94157201,0,10176,WEI YUJIN (Autoservicio Tradicional_C),94157201,0,MOVER A MASTER Y MARCAR DELETED
GEO_0071,3302,COLOMBO CRISTIAN GASTON (Almacen/Despensa_A),20-27460796-4,0,8483,COLOMBO CRISTIAN GASTON (Almacen/Despensa_A),20-27460796-4,0,MOVER A MASTER Y MARCAR DELETED
GEO_0072,3487,TIERRA VASCA AGROPECUARIA S.A. (Resto de On Premise_C),30-71127421-5,0,8746,TIERRA VASCA AGROPECUARIA S.A. (Resto de On Premise_C),30-71127421-5,0,MOVER A MASTER Y MARCAR DELETED
GEO_0073,3404,MARTINEZ CLAUDIA (Resto de On Premise_C),27-20031928-7,0,8338,MARTINEZ CLAUDIA (Resto de On Premise_C),27-20031928-7,0,MOVER A MASTER Y MARCAR DELETED
GEO_0074,122,sucursal 95,0,0,70,Sucursal 1,0,0,MOVER A MASTER Y MARCAR DELETED
GEO_0074,122,sucursal 95,0,0,93,punto de venta prueba,0,0,MOVER A MASTER Y MARCAR DELETED
GEO_0075,2220,CACCIABUE ANA MARIA (Autoservicio Tradicional_A),27-12513142-0,0,7397,CACCIABUE ANA MARIA (Autoservicio Tradicional_A),27-12513142-0,0,MOVER A MASTER Y MARCAR DELETED
GEO_0076,3813,RANDAZZO JUAN MARTIN (Almacen/Despensa_P),20-28252996-4,0,8848,RANDAZZO JUAN MARTIN (Almacen/Despensa_A),20-28252996-4,0,MOVER A MASTER Y MARCAR DELETED
GEO_0077,3599,TOLEDO LEONARDO (Kiosco/Maxikiosco_C),25475256,0,8596,TOLEDO LEONARDO (Kiosco/Maxikiosco_B),25475256,0,MOVER A MASTER Y MARCAR DELETED
GEO_0078,3308,LUJAN MARCELO ALEJANDRO (Almacen/Despensa_B),32641284,0,8387,LUJAN MARCELO ALEJANDRO (Almacen/Despensa_B),32641284,0,MOVER A MASTER Y MARCAR DELETED
GEO_0079,3573,GARNICA MARIA VICTORIA (Almacen/Despensa_C),27-41954210-0,0,8564,GARNICA MARIA VICTORIA (Almacen/Despensa_C),27-41954210-0,0,MOVER A MASTER Y MARCAR DELETED
GEO_0080,3289,LONGO SERGIO HECTOR (Almacen/Despensa_C),20-25695453-3,0,8350,LONGO SERGIO HECTOR (Almacen/Despensa_C),20-25695453-3,0,MOVER A MASTER Y MARCAR DELETED
GEO_0081,3187,PERALTA GUILLERMO  (Mayoristas_C),20-18334388-3,0,8416,PERALTA GUILLERMO  (Mayoristas_C),20-18334388-3,0,MOVER A MASTER Y MARCAR DELETED
GEO_0082,3329,CAPDEVILA MARCELA (Almacen/Despensa_A),27-17144998-2,0,8489,CAPDEVILA MARCELA (Almacen/Despensa_A),27-17144998-2,0,MOVER A MASTER Y MARCAR DELETED
GEO_0083,2583,SEFOMA SECCION FOCOLARINO-C VERDE (Resto de On Premise_B),30-50050482-6,0,7869,SEFOMA SECCION FOCOLARINO-V BLANCA (Resto de Tradicionales_C),30-50050482-6,0,MOVER A MASTER Y MARCAR DELETED
GEO_0083,2583,SEFOMA SECCION FOCOLARINO-C VERDE (Resto de On Premise_B),30-50050482-6,0,2922,SEFOMA SECCION FOCOLARINO-V BLANCA (Resto de Tradicionales_C),30-50050482-6,0,MOVER A MASTER Y MARCAR DELETED
GEO_0083,2583,SEFOMA SECCION FOCOLARINO-C VERDE (Resto de On Premise_B),30-50050482-6,0,7936,SEFOMA SECCION FOCOLARINO-C VERDE (Resto de On Premise_B),30-50050482-6,0,MOVER A MASTER Y MARCAR DELETED
GEO_0084,2134,GUTIERREZ MARTINA BELEN (Kiosco/Maxikiosco_B),23-41461748-4,0,7387,GUTIERREZ MARTINA BELEN (Kiosco/Maxikiosco_B),23-41461748-4,0,MOVER A MASTER Y MARCAR DELETED
GEO_0085,3917,SANCHEZ MARIANA (Almacen/Despensa_C),34240840,0,8798,SANCHEZ MARIANA (Almacen/Despensa_C),34240840,0,MOVER A MASTER Y MARCAR DELETED
GEO_0086,5171,RISERVATO DARIO MATIAS (RESTOBAR_A),20-33096884-3,0,10047,RISERVATO DARIO MATIAS (RESTOBAR_A),20-33096884-3,0,MOVER A MASTER Y MARCAR DELETED
GEO_0087,3744,QUEVEDO PEDRO (Kiosco/Maxikiosco_C),20-38323544-9,0,8954,QUEVEDO PEDRO (Kiosco/Maxikiosco_C),20-38323544-9,0,MOVER A MASTER Y MARCAR DELETED
GEO_0088,2611,MORAS FRANCO Y MORAS FACUNDO SH (Autoservicio Tradicional_C),30-71418160-9,0,7552,MORAS FRANCO Y MORAS FACUNDO SH (Autoservicio Tradicional_B),30-71418160-9,0,MOVER A MASTER Y MARCAR DELETED
GEO_0089,2611,MORAS FRANCO Y MORAS FACUNDO SH (Autoservicio Tradicional_C),30-71418160-9,0,7552,MORAS FRANCO Y MORAS FACUNDO SH (Autoservicio Tradicional_B),30-71418160-9,0,MOVER A MASTER Y MARCAR DELETED
GEO_0090,3898,CAJON DEL AZUL SOCIEDAD DE RESPONSABILIDAD LIMITAD (Vinoteca_C),30-71484885-9,0,8764,CAJON DEL AZUL SOCIEDAD DE RESPONSABILIDAD LIMITAD (Vinoteca_B),30-71484885-9,0,MOVER A MASTER Y MARCAR DELETED
GEO_0091,3971,SAN MARTIN MARIA SOL (Kiosco/Maxikiosco_B),27-44360545-8,0,9228,SAN MARTIN MARIA SOL (Kiosco/Maxikiosco_B),27-44360545-8,0,MOVER A MASTER Y MARCAR DELETED
GEO_0092,3875,VIOLANTE GABRIEL OSCAR (Kiosco/Maxikiosco_C),20-20373463-9,0,9000,VIOLANTE GABRIEL OSCAR (Kiosco/Maxikiosco_B),20-20373463-9,0,MOVER A MASTER Y MARCAR DELETED
GEO_0093,1129,Parra Zunilda (Almacen/Despensa_C),27-04961022-5,0,6097,Parra Zunilda (Almacen/Despensa_C),27-04961022-5,0,MOVER A MASTER Y MARCAR DELETED
GEO_0093,1129,Parra Zunilda (Almacen/Despensa_C),27-04961022-5,0,102725,Parra Zunilda (Almacen/Despensa_C),27-04961022-5,0,MOVER A MASTER Y MARCAR DELETED
GEO_0094,3186,RODRIGUEZ ESTEBAN (Kiosco/Maxikiosco_P),20-27460995-9,0,8415,RODRIGUEZ ESTEBAN (Kiosco/Maxikiosco_P),20-27460995-9,0,MOVER A MASTER Y MARCAR DELETED
GEO_0095,2224,FONSECA CRISTIAN ALEJANDRO (Almacen/Despensa_A),20-31860564-6,0,7395,FONSECA CRISTIAN ALEJANDRO (Almacen/Despensa_A),20-31860564-6,0,MOVER A MASTER Y MARCAR DELETED
GEO_0096,5185,GALLO ANGEL LUCAS EZEQUIEL (Almacen/Despensa_C),20-31860584-0,0,10297,GALLO ANGEL LUCAS EZEQUIEL (Almacen/Despensa_C),20-31860584-0,0,MOVER A MASTER Y MARCAR DELETED
GEO_0097,81714,JOSE F.PEREIRA,20042366006,0,90749,JOSE F.PEREIRA,20042366006,0,MOVER A MASTER Y MARCAR DELETED
GEO_0098,1969,KIOSCO RIERA (Kiosco/Maxikiosco_B),20-17864293-7,0,7120,KIOSCO RIERA (Kiosco/Maxikiosco_B),20-17864293-7,0,MOVER A MASTER Y MARCAR DELETED
GEO_0099,2252,KIOSCO SUSY  (Almacen/Despensa_B),20-13945005-2,0,7423,KIOSCO SUSY  (Almacen/Despensa_B),20-13945005-2,0,MOVER A MASTER Y MARCAR DELETED
GEO_0100,1363,PATAGONIA 40 (Almacen/Despensa_B),20355969224,0,6359,PATAGONIA 40 (Almacen/Despensa_B),20355969224,0,MOVER A MASTER Y MARCAR DELETED
GEO_0100,1363,PATAGONIA 40 (Almacen/Despensa_B),20355969224,0,102956,PATAGONIA 40 (Almacen/Despensa_B),20355969224,0,MOVER A MASTER Y MARCAR DELETED
GEO_0101,3283,GALIPO LUCIANO MATIAS SEBASTIAN (Almacen/Despensa_C),20-28433364-1,0,8356,GALIPO LUCIANO MATIAS SEBASTIAN (Almacen/Despensa_C),20-28433364-1,0,MOVER A MASTER Y MARCAR DELETED
GEO_0102,961,DESPENSA DON DAVID (Almacen/Despensa_C),27-23314791-0,0,6225,DESPENSA DON DAVID (Almacen/Despensa_C),27-23314791-0,0,MOVER A MASTER Y MARCAR DELETED
GEO_0102,961,DESPENSA DON DAVID (Almacen/Despensa_C),27-23314791-0,0,102587,DESPENSA DON DAVID (Almacen/Despensa_C),27-23314791-0,0,MOVER A MASTER Y MARCAR DELETED
GEO_0103,2441,ROSELLI PEDRO ORLANDO (Almacen/Despensa_B),20-04974571-1,0,7698,ROSELLI PEDRO ORLANDO (Almacen/Despensa_B),20-04974571-1,0,MOVER A MASTER Y MARCAR DELETED
GEO_0104,3185,MARINO GABRIELA (Kiosco/Maxikiosco_C),27-21673727-5,0,8414,MARINO GABRIELA (Kiosco/Maxikiosco_C),27-21673727-5,0,MOVER A MASTER Y MARCAR DELETED
GEO_0105,2680,MOYANO MAURO (Kiosco/Maxikiosco_C),28626719,0,7959,MOYANO MAURO (Kiosco/Maxikiosco_C),28626719,0,MOVER A MASTER Y MARCAR DELETED
GEO_0106,2547,ITALIANO ALDO OSCAR (Almacen/Despensa_C),20-14541696-6,0,7743,ITALIANO ALDO OSCAR (Almacen/Despensa_C),20-14541696-6,0,MOVER A MASTER Y MARCAR DELETED
GEO_0107,2054,SAMA MARTIN MIGUEL (Almacen/Despensa_B),20-28877010-8,0,7208,SAMA MARTIN MIGUEL (Almacen/Despensa_B),20-28877010-8,0,MOVER A MASTER Y MARCAR DELETED
GEO_0108,2953,ARANDA JUAN CARLOS (Kiosco/Maxikiosco_C),20-22149155-7,0,8003,ARANDA JUAN CARLOS (Kiosco/Maxikiosco_C),20-22149155-7,0,MOVER A MASTER Y MARCAR DELETED
GEO_0109,3367,MANGO SOLEDAD (Almacen/Despensa_P),34632438,0,8269,MANGO SOLEDAD (Almacen/Despensa_P),34632438,0,MOVER A MASTER Y MARCAR DELETED
GEO_0110,3537,WILHELM GLORIA (Kiosco/Maxikiosco_C),11898352,0,8684,WILHELM GLORIA (Kiosco/Maxikiosco_C),11898352,0,MOVER A MASTER Y MARCAR DELETED
GEO_0111,4818,YAN MAOLIN (Autoservicio Tradicional_C),20-19060528-1,0,9899,YAN MAOLIN (Autoservicio Tradicional_C),20-19060528-1,0,MOVER A MASTER Y MARCAR DELETED
GEO_0112,1910,ZHENG XIAOFANG (Autoservicio Tradicional_P),27-95772590-8,0,6877,ZHENG XIAOFANG (Autoservicio Tradicional_P),27-95772590-8,0,MOVER A MASTER Y MARCAR DELETED
GEO_0113,3960,BUTTI FRANCO (Kiosco/Maxikiosco_P),20-38351551-4,0,9201,BUTTI FRANCO (Kiosco/Maxikiosco_P),20-38351551-4,0,MOVER A MASTER Y MARCAR DELETED
GEO_0114,3307,ALBERGAMO ADRIAN (Autoservicio Tradicional_C),20653635,0,8482,ALBERGAMO ADRIAN (Autoservicio Tradicional_C),20653635,0,MOVER A MASTER Y MARCAR DELETED
GEO_0115,3879,LALLA CARLOS (Almacen/Despensa_C),30068447,0,8868,LALLA CARLOS (Almacen/Despensa_C),30068447,0,MOVER A MASTER Y MARCAR DELETED
GEO_0116,1480,Mercado del Lago Kilometros (Autoservicio Tradicional_P),30717158667,0,6682,Mercado del Lago Kilometros (Autoservicio Tradicional_P),30717158667,0,MOVER A MASTER Y MARCAR DELETED
GEO_0116,1480,Mercado del Lago Kilometros (Autoservicio Tradicional_P),30717158667,0,103145,Mercado del Lago Kilometros (Autoservicio Tradicional_P),30717158667,0,MOVER A MASTER Y MARCAR DELETED
GEO_0117,2208,BERGUES MARTA LAURA (Almacen/Despensa_A),27-05901484-1,0,7451,BERGUES MARTA LAURA (Almacen/Despensa_A),27-05901484-1,0,MOVER A MASTER Y MARCAR DELETED
GEO_0118,2629,CAPITINI MAURICIO (Almacen/Despensa_C),20-24304707-3,0,7574,CAPITINI MAURICIO (Almacen/Despensa_C),20-24304707-3,0,MOVER A MASTER Y MARCAR DELETED
GEO_0119,3209,LIN JIN LEI (Almacen/Despensa_A),20-93264084-9,0,8430,LIN JIN LEI (Almacen/Despensa_A),20-93264084-9,0,MOVER A MASTER Y MARCAR DELETED
GEO_0120,3140,SANTICHIA FACUNDO (Almacen/Despensa_C),20-28944217-1,0,8035,SANTICHIA FACUNDO (Almacen/Despensa_C),20-28944217-1,0,MOVER A MASTER Y MARCAR DELETED
GEO_0121,2454,FRANCISCA TIGRE MARIA DE LOS ANGELES (Almacen/Despensa_B),27-22576954-6,0,7707,FRANCISCA TIGRE MARIA DE LOS ANGELES (Almacen/Despensa_A),27-22576954-6,0,MOVER A MASTER Y MARCAR DELETED
GEO_0122,4793,SIRITO RAUL (PARTICULAR_C),23-16269936-9,0,9903,SIRITO RAUL (PARTICULAR_C),23-16269936-9,0,MOVER A MASTER Y MARCAR DELETED
GEO_0123,2873,DIOTTI SONIA INES  (Almacen/Despensa_C),27-13054465-2,0,7842,DIOTTI SONIA INES  (Almacen/Despensa_B),27-13054465-2,0,MOVER A MASTER Y MARCAR DELETED
GEO_0124,3598,PUNTO 441 (Kiosco/Maxikiosco_P),27-23052556-6,0,8584,PUNTO 441 (Kiosco/Maxikiosco_P),27-23052556-6,0,MOVER A MASTER Y MARCAR DELETED
GEO_0125,5209,JUAN IGNACIO QUIROGA (Fiambreria_C),23-40882939-9,0,10276,JUAN IGNACIO QUIROGA (Fiambreria_A),23-40882939-9,0,MOVER A MASTER Y MARCAR DELETED
GEO_0126,1901,MANERA MIGUEL ANGEL  (Almacen/Despensa_A),20-23346855-0,0,6802,MANERA MIGUEL ANGEL  (Almacen/Despensa_A),20-23346855-0,0,MOVER A MASTER Y MARCAR DELETED
GEO_0127,3414,SAN ANDRES CLAUDIA MARIEL (Kiosco/Maxikiosco_C),27-22512123-6,0,8703,SAN ANDRES CLAUDIA MARIEL (Kiosco/Maxikiosco_C),27-22512123-6,0,MOVER A MASTER Y MARCAR DELETED
GEO_0128,4028,AGROGANADERA J. PAREJAS E HIJO SRL. (Carniceria/Granja_P),30-71032929-6,0,9137,AGROGANADERA J. PAREJAS E HIJO SRL. (Carniceria/Granja_P),30-71032929-6,0,MOVER A MASTER Y MARCAR DELETED
GEO_0129,3545,MORALES GISELA (Almacen/Despensa_C),32931678,0,8694,MORALES GISELA (Almacen/Despensa_C),32931678,0,MOVER A MASTER Y MARCAR DELETED
GEO_0130,3545,MORALES GISELA (Almacen/Despensa_C),32931678,0,8694,MORALES GISELA (Almacen/Despensa_C),32931678,0,MOVER A MASTER Y MARCAR DELETED
GEO_0131,1121,FREE SHOP MSC (Kiosco/Maxikiosco_B),30-71183386-9,0,6090,FREE SHOP MSC (Kiosco/Maxikiosco_B),30-71183386-9,0,MOVER A MASTER Y MARCAR DELETED
GEO_0131,1121,FREE SHOP MSC (Kiosco/Maxikiosco_B),30-71183386-9,0,102739,FREE SHOP MSC (Kiosco/Maxikiosco_B),30-71183386-9,0,MOVER A MASTER Y MARCAR DELETED
GEO_0132,3842,PEDIN MARGARITA (Almacen/Despensa_C),21874016,0,8987,PEDIN MARGARITA (Almacen/Despensa_C),21874016,0,MOVER A MASTER Y MARCAR DELETED
GEO_0133,1970,TIO BIGOTE (Kiosco/Maxikiosco_B),20-25233674-6,0,7005,TIO BIGOTE (Kiosco/Maxikiosco_B),20-25233674-6,0,MOVER A MASTER Y MARCAR DELETED
GEO_0134,4247,SUPER SAN LUIS (Almacen/Despensa_C),32456530,0,9482,SUPER SAN LUIS (Almacen/Despensa_A),32456530,0,MOVER A MASTER Y MARCAR DELETED
GEO_0135,5168,LA REGIONAL DE RUTA 5 S.R.L. (Vinoteca_A),30-71833771-9,0,10030,LA REGIONAL DE RUTA 5 S.R.L. (Vinoteca_A),30-71833771-9,0,MOVER A MASTER Y MARCAR DELETED
GEO_0136,4346,GAUNA GRACIELA NOEMI (Almacen/Despensa_C),27-17072714-8,0,9312,GAUNA GRACIELA NOEMI (Almacen/Despensa_C),27-17072714-8,0,MOVER A MASTER Y MARCAR DELETED
GEO_0137,4346,GAUNA GRACIELA NOEMI (Almacen/Despensa_C),27-17072714-8,0,9312,GAUNA GRACIELA NOEMI (Almacen/Despensa_C),27-17072714-8,0,MOVER A MASTER Y MARCAR DELETED
GEO_0138,2545,DEMARCO CRISTIAN DANIEL (Carniceria/Granja_B),20-30138688-6,0,7675,DEMARCO CRISTIAN DANIEL (Carniceria/Granja_B),20-30138688-6,0,MOVER A MASTER Y MARCAR DELETED
GEO_0139,4499,COOP. EL PROGRESO HENDERSON (Supermercado Grande_C),30-50791341-1,0,9696,COOP. EL PROGRESO HENDERSON (Supermercado Grande_C),30-50791341-1,0,MOVER A MASTER Y MARCAR DELETED
GEO_0140,1915,OSMAR (Almacen/Despensa_A),20-25628423-6,0,7204,OSMAR (Almacen/Despensa_A),20-25628423-6,0,MOVER A MASTER Y MARCAR DELETED
GEO_0141,4085,AGRO GERMANIA SA (Instituciones_C),30-70786643-4,0,9034,AGRO GERMANIA SA (Instituciones_C),30-70786643-4,0,MOVER A MASTER Y MARCAR DELETED
GEO_0142,1075,QUESERIA DE MI SIN TI (Fiambreria_B),27-25599754-3,0,6187,QUESERIA DE MI SIN TI (Fiambreria_B),27-25599754-3,0,MOVER A MASTER Y MARCAR DELETED
GEO_0142,1075,QUESERIA DE MI SIN TI (Fiambreria_B),27-25599754-3,0,102632,QUESERIA DE MI SIN TI (Fiambreria_B),27-25599754-3,0,MOVER A MASTER Y MARCAR DELETED
GEO_0143,571,DESPENSA ANA Y LALO (Almacen/Despensa_B),23-92650170-4,0,5441,DESPENSA ANA Y LALO (Almacen/Despensa_B),23-92650170-4,0,MOVER A MASTER Y MARCAR DELETED
GEO_0143,571,DESPENSA ANA Y LALO (Almacen/Despensa_B),23-92650170-4,0,102217,DESPENSA ANA Y LALO (Almacen/Despensa_B),23-92650170-4,0,MOVER A MASTER Y MARCAR DELETED
GEO_0144,2507,CIRULLI MIGUEL ANGEL (Almacen/Despensa_P),20-30573332-7,0,7670,CIRULLI MIGUEL ANGEL (Almacen/Despensa_P),20-30573332-7,0,MOVER A MASTER Y MARCAR DELETED
GEO_0145,3728,BARBERO HORACIO OMAR (Resto de Tradicionales_A),20-24652314-3,0,8907,BARBERO HORACIO OMAR (Resto de Tradicionales_A),20-24652314-3,0,MOVER A MASTER Y MARCAR DELETED
GEO_0146,2231,IGLESIAS NESTOR FABIAN (Kiosco/Maxikiosco_P),20-24652616-9,0,7404,IGLESIAS NESTOR FABIAN (Kiosco/Maxikiosco_P),20-24652616-9,0,MOVER A MASTER Y MARCAR DELETED
GEO_0147,4761,REYNOSO JUAN MANUEL (Resto de Tradicionales_C),20-29387953-3,0,9907,REYNOSO JUAN MANUEL (Resto de Tradicionales_B),20-29387953-3,0,MOVER A MASTER Y MARCAR DELETED
GEO_0148,2211,LLORDEN FASIR JACINTO (Resto de On Premise_A),20-13965948-2,0,7457,LLORDEN FASIR JACINTO (Resto de On Premise_A),20-13965948-2,0,MOVER A MASTER Y MARCAR DELETED
GEO_0149,5124,GALLO MILAGROS (Almacen/Despensa_A),39485508,0,10113,GALLO MILAGROS (Almacen/Despensa_A),39485508,0,MOVER A MASTER Y MARCAR DELETED
GEO_0150,2724,ALBERTI GONZALO SERGIO (Almacen/Despensa_B),20-35892627-5,0,7253,ALBERTI GONZALO SERGIO (Almacen/Despensa_B),20-35892627-5,0,MOVER A MASTER Y MARCAR DELETED
GEO_0151,3057,LA PAZ 2 (Cadena Regional_P),30-70883830-2,0,8104,LA PAZ 2 (Cadena Regional_P),30-70883830-2,0,MOVER A MASTER Y MARCAR DELETED
GEO_0152,4289,CARINI VALENTINA (Kiosco/Maxikiosco_P),27-39764643-8,0,9410,CARINI VALENTINA (Kiosco/Maxikiosco_P),27-39764643-8,0,MOVER A MASTER Y MARCAR DELETED
GEO_0153,5238,CARIACA SANTOS EZEQUIEL (RESTAURANT_C),20-31427363-0,0,10305,CARIACA SANTOS EZEQUIEL (RESTAURANT_C),20-31427363-0,0,MOVER A MASTER Y MARCAR DELETED
GEO_0154,2057,Requeterrico (Autoservicio Tradicional_B),20-32195559-3,0,7130,Requeterrico (Autoservicio Tradicional_B),20-32195559-3,0,MOVER A MASTER Y MARCAR DELETED
GEO_0155,4547,EL DIAMANTE S.R.L. (Supermercado Grande_C),30-70824957-9,0,9592,EL DIAMANTE S.R.L. (Supermercado Grande_C),30-70824957-9,0,MOVER A MASTER Y MARCAR DELETED
GEO_0156,1076,DESPENSA LOS TILOS (Almacen/Despensa_A),27-40112051-9,0,6188,DESPENSA LOS TILOS (Almacen/Despensa_A),27-40112051-9,0,MOVER A MASTER Y MARCAR DELETED
GEO_0156,1076,DESPENSA LOS TILOS (Almacen/Despensa_A),27-40112051-9,0,102633,DESPENSA LOS TILOS (Almacen/Despensa_A),27-40112051-9,0,MOVER A MASTER Y MARCAR DELETED
GEO_0157,3055,CALLOVI ESTEBAN (Kiosco/Maxikiosco_C),20-35893685-8,0,8108,CALLOVI ESTEBAN (Kiosco/Maxikiosco_B),20-35893685-8,0,MOVER A MASTER Y MARCAR DELETED
GEO_0158,3055,CALLOVI ESTEBAN (Kiosco/Maxikiosco_C),20-35893685-8,0,8108,CALLOVI ESTEBAN (Kiosco/Maxikiosco_B),20-35893685-8,0,MOVER A MASTER Y MARCAR DELETED
GEO_0159,2779,RPU-YEN (Carniceria/Granja_A),17964094,0,7904,RPU-YEN (Carniceria/Granja_A),17964094,0,MOVER A MASTER Y MARCAR DELETED
GEO_0160,632,LA TIA LOKA (Almacen/Despensa_A),20-26309796-4,0,5415,LA TIA LOKA (Almacen/Despensa_A),20-26309796-4,0,MOVER A MASTER Y MARCAR DELETED
GEO_0160,632,LA TIA LOKA (Almacen/Despensa_A),20-26309796-4,0,102189,LA TIA LOKA (Almacen/Despensa_A),20-26309796-4,0,MOVER A MASTER Y MARCAR DELETED
GEO_0161,632,LA TIA LOKA (Almacen/Despensa_A),20-26309796-4,0,5415,LA TIA LOKA (Almacen/Despensa_A),20-26309796-4,0,MOVER A MASTER Y MARCAR DELETED
GEO_0161,632,LA TIA LOKA (Almacen/Despensa_A),20-26309796-4,0,102189,LA TIA LOKA (Almacen/Despensa_A),20-26309796-4,0,MOVER A MASTER Y MARCAR DELETED
GEO_0162,2292,POU OLGA (Kiosco/Maxikiosco_B),4285578,0,7329,POU OLGA (Kiosco/Maxikiosco_B),4285578,0,MOVER A MASTER Y MARCAR DELETED
GEO_0163,3651,GUASTELLI MARIA AGUSTINA (Almacen/Despensa_C),27-30564251-2,0,8970,GUASTELLI MARIA AGUSTINA (Almacen/Despensa_C),27-30564251-2,0,MOVER A MASTER Y MARCAR DELETED
GEO_0164,3973,BAI MARIA CRISTINA  (Almacen/Despensa_C),23-06293935-4,0,9210,BAI MARIA CRISTINA  (Almacen/Despensa_B),23-06293935-4,0,MOVER A MASTER Y MARCAR DELETED
GEO_0165,2424,FIAMBRERIA LA 14 (Fiambreria_A),20-25643832-2,0,7293,FIAMBRERIA LA 14 (Fiambreria_A),20-25643832-2,0,MOVER A MASTER Y MARCAR DELETED
GEO_0166,3942,LOBATO AGUSTIN DARIO (Resto de Tradicionales_A),20-31427289-8,0,9199,LOBATO AGUSTIN DARIO (Resto de Tradicionales_B),20-31427289-8,0,MOVER A MASTER Y MARCAR DELETED
GEO_0167,393,MATIAS DESPENSA (Almacen/Despensa_B),27-94119724-3,0,5687,MATIAS DESPENSA (Almacen/Despensa_B),27-94119724-3,0,MOVER A MASTER Y MARCAR DELETED
GEO_0167,393,MATIAS DESPENSA (Almacen/Despensa_B),27-94119724-3,0,101934,MATIAS DESPENSA (Almacen/Despensa_B),27-94119724-3,0,MOVER A MASTER Y MARCAR DELETED
GEO_0168,3938,OLGUIN JUAN CARLOS (Almacen/Despensa_C),20-22051305-0,0,9181,OLGUIN JUAN CARLOS (Almacen/Despensa_C),20-22051305-0,0,MOVER A MASTER Y MARCAR DELETED
GEO_0169,3119,BARBERO GASTON (Kiosco/Maxikiosco_A),20-24652314-3,0,7756,BARBERO GASTON (Kiosco/Maxikiosco_A),20-24652314-3,0,MOVER A MASTER Y MARCAR DELETED
GEO_0170,4264,ORDOÑEZ MICAELA ANA LAURA (Fiambreria_C),36922317,0,9399,ORDOÑEZ MICAELA ANA LAURA (Fiambreria_C),36922317,0,MOVER A MASTER Y MARCAR DELETED
GEO_0171,2720,BRAMAJO ROMINA SOLEDAD (Almacen/Despensa_B),27-29676941-5,0,7255,BRAMAJO ROMINA SOLEDAD (Almacen/Despensa_B),27-29676941-5,0,MOVER A MASTER Y MARCAR DELETED
GEO_0172,2287,NIELL LEANDRO MATIAS (Almacen/Despensa_A),20-28601613-9,0,7316,NIELL LEANDRO MATIAS (Almacen/Despensa_A),20-28601613-9,0,MOVER A MASTER Y MARCAR DELETED
GEO_0173,3224,KIOSCO TO-BLA (Kiosco/Maxikiosco_C),27-23686504-0,0,8455,KIOSCO TO-BLA (Kiosco/Maxikiosco_B),27-23686504-0,0,MOVER A MASTER Y MARCAR DELETED
GEO_0174,3216,ZANZERO OMAR (Almacen/Despensa_C),13334697,0,8418,ZANZERO OMAR (Almacen/Despensa_C),13334697,0,MOVER A MASTER Y MARCAR DELETED
GEO_0175,1851,DURANTE MARCELA (Almacen/Despensa_B),0,0,6781,DURANTE MARCELA (Almacen/Despensa_B),0,0,MOVER A MASTER Y MARCAR DELETED
GEO_0176,3151,SCARCELLI SANTIAGO (Fiambreria_C),20-28433235-1,0,8048,SCARCELLI SANTIAGO (Fiambreria_C),20-28433235-1,0,MOVER A MASTER Y MARCAR DELETED
GEO_0177,3151,SCARCELLI SANTIAGO (Fiambreria_C),20-28433235-1,0,8048,SCARCELLI SANTIAGO (Fiambreria_C),20-28433235-1,0,MOVER A MASTER Y MARCAR DELETED
GEO_0178,2926,MIRA FRANCISCO (Fiambreria_C),20-38265845-1,0,7867,MIRA FRANCISCO (Fiambreria_C),20-38265845-1,0,MOVER A MASTER Y MARCAR DELETED
GEO_0179,385,PUERTO BLEST TURISUR SRL (Resto de On Premise_P),30-50694947-1,0,5691,PUERTO BLEST TURISUR SRL (Resto de On Premise_P),30-50694947-1,0,MOVER A MASTER Y MARCAR DELETED
GEO_0179,385,PUERTO BLEST TURISUR SRL (Resto de On Premise_P),30-50694947-1,0,101938,PUERTO BLEST TURISUR SRL (Resto de On Premise_P),30-50694947-1,0,MOVER A MASTER Y MARCAR DELETED
GEO_0180,2930,GAMBELLA GRACIELA CRISTINA (Kiosco/Maxikiosco_C),27-06495864-5,0,7769,GAMBELLA GRACIELA CRISTINA (Kiosco/Maxikiosco_C),27-06495864-5,0,MOVER A MASTER Y MARCAR DELETED
GEO_0181,3405,LONGO VANESA (Resto de On Premise_C),27-26566399-6,0,8339,LONGO VANESA (Resto de On Premise_B),27-26566399-6,0,MOVER A MASTER Y MARCAR DELETED
GEO_0182,2971,TANCREDI VANESA (Almacen/Despensa_B),20-27776711-3,0,8168,TANCREDI VANESA (Almacen/Despensa_B),20-27776711-3,0,MOVER A MASTER Y MARCAR DELETED
GEO_0183,3794,DISTRIBUIDORA MITRE MAYORISTA DE ALIMENTOS Y ANEXO (Almacen/Despensa_A),30-71614907-9,0,8825,DISTRIBUIDORA MITRE MAYORISTA DE ALIMENTOS Y ANEXO (Almacen/Despensa_A),30-71614907-9,0,MOVER A MASTER Y MARCAR DELETED
GEO_0184,4141,TRIUNFO CRISTINA VANESA (Kiosco/Maxikiosco_B),27-25817495-5,0,9082,TRIUNFO CRISTINA VANESA (Kiosco/Maxikiosco_B),27-25817495-5,0,MOVER A MASTER Y MARCAR DELETED
GEO_0185,3024,TOMAS ADRIAN GONZALEZ (Kiosco/Maxikiosco_A),20-40548564-9,0,8213,TOMAS ADRIAN GONZALEZ (Kiosco/Maxikiosco_A),20-40548564-9,0,MOVER A MASTER Y MARCAR DELETED
GEO_0186,1862,PATIÑO LUCIANO HUGO  (Kiosco/Maxikiosco_A),20-27563476-0,0,6808,PATIÑO LUCIANO HUGO  (Kiosco/Maxikiosco_A),20-27563476-0,0,MOVER A MASTER Y MARCAR DELETED
GEO_0187,3147,DONNET SERGIO DANIEL  (Kiosco/Maxikiosco_P),23-26351381-9,0,8033,DONNET SERGIO DANIEL  (Kiosco/Maxikiosco_P),23-26351381-9,0,MOVER A MASTER Y MARCAR DELETED
GEO_0188,1765,AYERBE SILVINA YAQUELIN (Kiosco/Maxikiosco_B),27-25597329-6,0,6843,AYERBE SILVINA YAQUELIN (Kiosco/Maxikiosco_B),27-25597329-6,0,MOVER A MASTER Y MARCAR DELETED
GEO_0189,3260,SUAREZ MARIA LUCRECIA (Almacen/Despensa_B),27-29108409-0,0,8406,SUAREZ MARIA LUCRECIA (Almacen/Despensa_B),27-29108409-0,0,MOVER A MASTER Y MARCAR DELETED
GEO_0190,4089,FERNANDEZ GABRIEL JESUS (Almacen/Despensa_C),20-41999681-6,0,9032,FERNANDEZ GABRIEL JESUS (Almacen/Despensa_C),20-41999681-6,0,MOVER A MASTER Y MARCAR DELETED
GEO_0191,2853,BERAUDO MARIA LUJAN  (Kiosco/Maxikiosco_C),27-29676831-1,0,7824,BERAUDO MARIA LUJAN  (Kiosco/Maxikiosco_P),27-29676831-1,0,MOVER A MASTER Y MARCAR DELETED
GEO_0192,2641,GIORELLO LUCAS MIGUEL (Centros de entrenamiento/Espacios Deportivos_C),20-29676729-9,0,9017,FIORELLO LUCAS MIGUEL (Resto de On Premise_C),20-29676729-9,0,MOVER A MASTER Y MARCAR DELETED
GEO_0192,2641,GIORELLO LUCAS MIGUEL (Centros de entrenamiento/Espacios Deportivos_C),20-29676729-9,0,3992,FIORELLO LUCAS MIGUEL (Resto de On Premise_C),20-29676729-9,0,MOVER A MASTER Y MARCAR DELETED
GEO_0192,2641,GIORELLO LUCAS MIGUEL (Centros de entrenamiento/Espacios Deportivos_C),20-29676729-9,0,7582,GIORELLO LUCAS MIGUEL (Centros de entrenamiento/Espacios Deportivos_C),20-29676729-9,0,MOVER A MASTER Y MARCAR DELETED
GEO_0193,2534,LOPEZ LORENA (Almacen/Despensa_C),27-28972511-9,0,7631,LOPEZ LORENA (Almacen/Despensa_C),27-28972511-9,0,MOVER A MASTER Y MARCAR DELETED
GEO_0194,1072,POLLERIA LOS AMIGOS (Almacen/Despensa_P),27-32574072-3,0,6190,POLLERIA LOS AMIGOS (Almacen/Despensa_P),27-32574072-3,0,MOVER A MASTER Y MARCAR DELETED
GEO_0194,1072,POLLERIA LOS AMIGOS (Almacen/Despensa_P),27-32574072-3,0,102636,POLLERIA LOS AMIGOS (Almacen/Despensa_P),27-32574072-3,0,MOVER A MASTER Y MARCAR DELETED
GEO_0195,3956,ORMAZABAL DIEGO ARMANDO (Carniceria/Granja_C),20-35903714-8,0,9203,ORMAZABAL DIEGO ARMANDO (Carniceria/Granja_C),20-35903714-8,0,MOVER A MASTER Y MARCAR DELETED
GEO_0196,1767,FREDA RATTI ANTONELLA (Kiosco/Maxikiosco_A),27-35892523-0,0,6845,FREDA RATTI ANTONELLA (Kiosco/Maxikiosco_A),27-35892523-0,0,MOVER A MASTER Y MARCAR DELETED
GEO_0197,2062,XUE XIONGXIONG (Almacen/Despensa_P),20-96068700-1,0,7138,XUE XIONGXIONG (Almacen/Despensa_P),20-96068700-1,0,MOVER A MASTER Y MARCAR DELETED
GEO_0198,3374,PESARESI ARIEL HORACIO (Almacen/Despensa_C),20-14947645-9,0,8305,PESARESI ARIEL HORACIO (Almacen/Despensa_C),20-14947645-9,0,MOVER A MASTER Y MARCAR DELETED
GEO_0199,5187,CHEN JIABIN (Autoservicio Tradicional_C),20-95602685-8,0,10299,CHEN JIABIN (Autoservicio Tradicional_P),20-95602685-8,0,MOVER A MASTER Y MARCAR DELETED
GEO_0200,343,ROTISERIA ROTIQUISIMA (Almacen/Despensa_C),20-16392225-9,0,5733,ROTISERIA ROTIQUISIMA (Almacen/Despensa_C),20-16392225-9,0,MOVER A MASTER Y MARCAR DELETED
GEO_0200,343,ROTISERIA ROTIQUISIMA (Almacen/Despensa_C),20-16392225-9,0,101980,ROTISERIA ROTIQUISIMA (Almacen/Despensa_C),20-16392225-9,0,MOVER A MASTER Y MARCAR DELETED
GEO_0201,1059,KIOSCO KM 1 (Kiosco/Maxikiosco_P),20-39647768-9,0,6167,KIOSCO KM 1 (Kiosco/Maxikiosco_P),20-39647768-9,0,MOVER A MASTER Y MARCAR DELETED
GEO_0201,1059,KIOSCO KM 1 (Kiosco/Maxikiosco_P),20-39647768-9,0,102653,KIOSCO KM 1 (Kiosco/Maxikiosco_P),20-39647768-9,0,MOVER A MASTER Y MARCAR DELETED
GEO_0202,826,EL PROGRESO (Almacen/Despensa_C),20-42849425-4,0,5889,EL PROGRESO (Almacen/Despensa_C),20-42849425-4,0,MOVER A MASTER Y MARCAR DELETED
GEO_0202,826,EL PROGRESO (Almacen/Despensa_C),20-42849425-4,0,102415,EL PROGRESO (Almacen/Despensa_C),20-42849425-4,0,MOVER A MASTER Y MARCAR DELETED
GEO_0203,628,Carniceria del Barrio (Carniceria/Granja_P),30-71686397-9,0,5494,Carniceria del Barrio (Carniceria/Granja_P),30-71686397-9,0,MOVER A MASTER Y MARCAR DELETED
GEO_0203,628,Carniceria del Barrio (Carniceria/Granja_P),30-71686397-9,0,102156,Carniceria del Barrio (Carniceria/Granja_P),30-71686397-9,0,MOVER A MASTER Y MARCAR DELETED
GEO_0204,478,SUPER CITY (Kiosco/Maxikiosco_B),20-27255297-6,0,5524,SUPER CITY (Kiosco/Maxikiosco_B),20-27255297-6,0,MOVER A MASTER Y MARCAR DELETED
GEO_0204,478,SUPER CITY (Kiosco/Maxikiosco_B),20-27255297-6,0,102001,SUPER CITY (Kiosco/Maxikiosco_B),20-27255297-6,0,MOVER A MASTER Y MARCAR DELETED
GEO_0205,1822,SEÑOR PICHE (Almacen/Despensa_C),20402097222,0,6909,SEÑOR PICHE (Almacen/Despensa_C),20402097222,0,MOVER A MASTER Y MARCAR DELETED
GEO_0205,1822,SEÑOR PICHE (Almacen/Despensa_C),20402097222,0,103330,SEÑOR PICHE (Almacen/Despensa_C),20402097222,0,MOVER A MASTER Y MARCAR DELETED
GEO_0206,430,MULTIRRUBRO LULAN (Almacen/Despensa_P),27401014263,0,5282,MULTIRRUBRO LULAN (Almacen/Despensa_P),27401014263,0,MOVER A MASTER Y MARCAR DELETED
GEO_0206,430,MULTIRRUBRO LULAN (Almacen/Despensa_P),27401014263,0,102049,MULTIRRUBRO LULAN (Almacen/Despensa_P),27401014263,0,MOVER A MASTER Y MARCAR DELETED
GEO_0207,448,MULTIRUBRO LA BALIZA (Almacen/Despensa_C),27-25599833-7,0,5377,MULTIRUBRO LA BALIZA (Almacen/Despensa_C),27-25599833-7,0,MOVER A MASTER Y MARCAR DELETED
GEO_0207,448,MULTIRUBRO LA BALIZA (Almacen/Despensa_C),27-25599833-7,0,102034,MULTIRUBRO LA BALIZA (Almacen/Despensa_C),27-25599833-7,0,MOVER A MASTER Y MARCAR DELETED
GEO_0208,591,NARANJO EN FLOR (Almacen/Despensa_C),20-35168734-8,0,5425,NARANJO EN FLOR (Almacen/Despensa_C),20-35168734-8,0,MOVER A MASTER Y MARCAR DELETED
GEO_0208,591,NARANJO EN FLOR (Almacen/Despensa_C),20-35168734-8,0,102199,NARANJO EN FLOR (Almacen/Despensa_C),20-35168734-8,0,MOVER A MASTER Y MARCAR DELETED
GEO_0209,443,DESPENSA LOS ABUELOS (Almacen/Despensa_C),20-14090717-1,0,5381,DESPENSA LOS ABUELOS (Almacen/Despensa_C),20-14090717-1,0,MOVER A MASTER Y MARCAR DELETED
GEO_0209,443,DESPENSA LOS ABUELOS (Almacen/Despensa_C),20-14090717-1,0,102038,DESPENSA LOS ABUELOS (Almacen/Despensa_C),20-14090717-1,0,MOVER A MASTER Y MARCAR DELETED
GEO_0210,1007,HOLLYWOOD (Kiosco/Maxikiosco_P),20-34548703-5,0,6134,HOLLYWOOD (Kiosco/Maxikiosco_P),20-34548703-5,0,MOVER A MASTER Y MARCAR DELETED
GEO_0210,1007,HOLLYWOOD (Kiosco/Maxikiosco_P),20-34548703-5,0,102546,HOLLYWOOD (Kiosco/Maxikiosco_P),20-34548703-5,0,MOVER A MASTER Y MARCAR DELETED
GEO_0211,467,DESPENSA J Y J (Almacen/Despensa_P),20363526137,0,5637,DESPENSA J Y J (Almacen/Despensa_P),20363526137,0,MOVER A MASTER Y MARCAR DELETED
GEO_0211,467,DESPENSA J Y J (Almacen/Despensa_P),20363526137,0,102014,DESPENSA J Y J (Almacen/Despensa_P),20363526137,0,MOVER A MASTER Y MARCAR DELETED
GEO_0212,1666,BARBERS AND WINE (Vinoteca_B),20396818435,0,6576,BARBERS AND WINE (Vinoteca_B),20396818435,0,MOVER A MASTER Y MARCAR DELETED
GEO_0212,1666,BARBERS AND WINE (Vinoteca_B),20396818435,0,103270,BARBERS AND WINE (Vinoteca_B),20396818435,0,MOVER A MASTER Y MARCAR DELETED
GEO_0213,861,KIOSCO lA POLI (Kiosco/Maxikiosco_P),27245844811,0,5826,KIOSCO lA POLI (Kiosco/Maxikiosco_P),27245844811,0,MOVER A MASTER Y MARCAR DELETED
GEO_0213,861,KIOSCO lA POLI (Kiosco/Maxikiosco_P),27245844811,0,102466,KIOSCO lA POLI (Kiosco/Maxikiosco_P),27245844811,0,MOVER A MASTER Y MARCAR DELETED
GEO_0214,4452,DEL VIGO CARLOS EDUARDO  (PARTICULAR_C),20-25294632-3,0,9502,DEL VIGO CARLOS EDUARDO  (PARTICULAR_C),20-25294632-3,0,MOVER A MASTER Y MARCAR DELETED
GEO_0215,3118,GABRIEL JUVENAL SAN MARTIN PEREZ (Carniceria/Granja_C),20-93655411-4,0,8491,GABRIEL JUVENAL SAN MARTIN PEREZ (Carniceria/Granja_C),20-93655411-4,0,MOVER A MASTER Y MARCAR DELETED
GEO_0216,2043,GAMBELLA MARIA RITA  (Cadena Regional_B),27-14370094-7,0,7198,GAMBELLA MARIA RITA  (Cadena Regional_B),27-14370094-7,0,MOVER A MASTER Y MARCAR DELETED
GEO_0217,3754,ANDRES ALEJANDRA ESTELA (Mayoristas_C),27-22354269-2,0,8925,ANDRES ALEJANDRA ESTELA (Mayoristas_C),27-22354269-2,0,MOVER A MASTER Y MARCAR DELETED
GEO_0218,3275,IACOPONI DANIEL EDUARDO (Kiosco/Maxikiosco_C),23-14076589-9,0,8340,IACOPONI DANIEL EDUARDO (Kiosco/Maxikiosco_B),23-14076589-9,0,MOVER A MASTER Y MARCAR DELETED
GEO_0219,1157,Despensa y Fiambreria Roxi (Almacen/Despensa_A),27-20370667-2,0,6114,Despensa y Fiambreria Roxi (Almacen/Despensa_A),27-20370667-2,0,MOVER A MASTER Y MARCAR DELETED
GEO_0219,1157,Despensa y Fiambreria Roxi (Almacen/Despensa_A),27-20370667-2,0,102702,Despensa y Fiambreria Roxi (Almacen/Despensa_A),27-20370667-2,0,MOVER A MASTER Y MARCAR DELETED
GEO_0220,243,Desp Luna  (Almacen/Despensa_C),27-37364600-3,0,5660,Desp Luna  (Almacen/Despensa_C),27-37364600-3,0,MOVER A MASTER Y MARCAR DELETED
GEO_0220,243,Desp Luna  (Almacen/Despensa_C),27-37364600-3,0,101907,Desp Luna  (Almacen/Despensa_C),27-37364600-3,0,MOVER A MASTER Y MARCAR DELETED
GEO_0221,895,PATAGONIA DRUGSTORE (Kiosco/Maxikiosco_P),20-28508008-9,0,5827,PATAGONIA DRUGSTORE (Kiosco/Maxikiosco_P),20-28508008-9,0,MOVER A MASTER Y MARCAR DELETED
GEO_0221,895,PATAGONIA DRUGSTORE (Kiosco/Maxikiosco_P),20-28508008-9,0,102467,PATAGONIA DRUGSTORE (Kiosco/Maxikiosco_P),20-28508008-9,0,MOVER A MASTER Y MARCAR DELETED
GEO_0222,1134,desp mariana  (Almacen/Despensa_B),27373548022,0,6096,desp mariana  (Almacen/Despensa_B),27373548022,0,MOVER A MASTER Y MARCAR DELETED
GEO_0222,1134,desp mariana  (Almacen/Despensa_B),27373548022,0,102724,desp mariana  (Almacen/Despensa_B),27373548022,0,MOVER A MASTER Y MARCAR DELETED
GEO_0223,2101,BENDATI ESTEFANIA (Almacen/Despensa_B),27-40794978-7,0,7098,BENDATI ESTEFANIA (Almacen/Despensa_B),27-40794978-7,0,MOVER A MASTER Y MARCAR DELETED
GEO_0224,687,El Boyero (Carniceria/Granja_A),30-71484316-4,0,5473,El Boyero (Carniceria/Granja_A),30-71484316-4,0,MOVER A MASTER Y MARCAR DELETED
GEO_0224,687,El Boyero (Carniceria/Granja_A),30-71484316-4,0,102251,El Boyero (Carniceria/Granja_A),30-71484316-4,0,MOVER A MASTER Y MARCAR DELETED
GEO_0225,472,KIOSCO STELLA (Kiosco/Maxikiosco_C),27218485923,0,5530,KIOSCO STELLA (Kiosco/Maxikiosco_C),27218485923,0,MOVER A MASTER Y MARCAR DELETED
GEO_0225,472,KIOSCO STELLA (Kiosco/Maxikiosco_C),27218485923,0,102007,KIOSCO STELLA (Kiosco/Maxikiosco_C),27218485923,0,MOVER A MASTER Y MARCAR DELETED
GEO_0226,1725,BELLES MINIMERCADO (Almacen/Despensa_P),20413588643,0,6954,BELLES MINIMERCADO (Almacen/Despensa_P),20413588643,0,MOVER A MASTER Y MARCAR DELETED
GEO_0226,1725,BELLES MINIMERCADO (Almacen/Despensa_P),20413588643,0,102100,BELLES MINIMERCADO (Almacen/Despensa_P),20413588643,0,MOVER A MASTER Y MARCAR DELETED
GEO_0227,757,-SUPERMERCADO TODO- (Cadena Regional_B),30-58348266-7,0,5944,-SUPERMERCADO TODO- (Cadena Regional_B),30-58348266-7,0,MOVER A MASTER Y MARCAR DELETED
GEO_0227,757,-SUPERMERCADO TODO- (Cadena Regional_B),30-58348266-7,0,102336,-SUPERMERCADO TODO- (Cadena Regional_B),30-58348266-7,0,MOVER A MASTER Y MARCAR DELETED
GEO_0228,603,SOLAR (Almacen/Despensa_C),20-28148801-6,0,5413,SOLAR (Almacen/Despensa_C),20-28148801-6,0,MOVER A MASTER Y MARCAR DELETED
GEO_0228,603,SOLAR (Almacen/Despensa_C),20-28148801-6,0,102187,SOLAR (Almacen/Despensa_C),20-28148801-6,0,MOVER A MASTER Y MARCAR DELETED
GEO_0229,1039,MERCADO LAS LENGAS (Almacen/Despensa_B),20-42421189-4,0,6253,MERCADO LAS LENGAS (Almacen/Despensa_B),20-42421189-4,0,MOVER A MASTER Y MARCAR DELETED
GEO_0229,1039,MERCADO LAS LENGAS (Almacen/Despensa_B),20-42421189-4,0,102669,MERCADO LAS LENGAS (Almacen/Despensa_B),20-42421189-4,0,MOVER A MASTER Y MARCAR DELETED
GEO_0230,3173,AUTOSERVICIO PACO (Almacen/Despensa_P),23-12349786-4,0,8062,AUTOSERVICIO PACO (Almacen/Despensa_B),23-12349786-4,0,MOVER A MASTER Y MARCAR DELETED
GEO_0231,4945,MEDINA MARIA LAURA (Almacen/Despensa_C),29574681,0,9865,MEDINA MARIA LAURA (Almacen/Despensa_C),29574681,0,MOVER A MASTER Y MARCAR DELETED
GEO_0232,4945,MEDINA MARIA LAURA (Almacen/Despensa_C),29574681,0,9865,MEDINA MARIA LAURA (Almacen/Despensa_C),29574681,0,MOVER A MASTER Y MARCAR DELETED
GEO_0233,1025,ROCIO (Almacen/Despensa_C),27358179504,0,6149,ROCIO (Almacen/Despensa_C),27358179504,0,MOVER A MASTER Y MARCAR DELETED
GEO_0233,1025,ROCIO (Almacen/Despensa_C),27358179504,0,102687,ROCIO (Almacen/Despensa_C),27358179504,0,MOVER A MASTER Y MARCAR DELETED
GEO_0234,2160,DIMARCO FEDERICO LUCIANO (Almacen/Despensa_B),20-27776449-1,0,7491,DIMARCO FEDERICO LUCIANO (Almacen/Despensa_B),20-27776449-1,0,MOVER A MASTER Y MARCAR DELETED
GEO_0235,4309,GIANELLI LEANDRO (Almacen/Despensa_C),36036283,0,9352,GIANELLI LEANDRO (Almacen/Despensa_C),36036283,0,MOVER A MASTER Y MARCAR DELETED
GEO_0236,3880,LAHURCADA MARINA BEATRIZ  (Almacen/Despensa_C),27-38926063-6,0,8869,LAHURCADA MARINA BEATRIZ  (Almacen/Despensa_B),27-38926063-6,0,MOVER A MASTER Y MARCAR DELETED
GEO_0237,350,KIOSCO DE LA CUADRA (Kiosco/Maxikiosco_C),20-28950473-8,0,5728,KIOSCO DE LA CUADRA (Kiosco/Maxikiosco_C),20-28950473-8,0,MOVER A MASTER Y MARCAR DELETED
GEO_0237,350,KIOSCO DE LA CUADRA (Kiosco/Maxikiosco_C),20-28950473-8,0,101975,KIOSCO DE LA CUADRA (Kiosco/Maxikiosco_C),20-28950473-8,0,MOVER A MASTER Y MARCAR DELETED
GEO_0238,2419,ROBERTO RONGVAUX (Almacen/Despensa_P),20-44698141-3,0,7280,ROBERTO RONGVAUX (Almacen/Despensa_P),20-44698141-3,0,MOVER A MASTER Y MARCAR DELETED
GEO_0239,532,DESPENSA CHOCOMAR (Almacen/Despensa_A),27-23883817-2,0,5324,DESPENSA CHOCOMAR (Almacen/Despensa_A),27-23883817-2,0,MOVER A MASTER Y MARCAR DELETED
GEO_0239,532,DESPENSA CHOCOMAR (Almacen/Despensa_A),27-23883817-2,0,102094,DESPENSA CHOCOMAR (Almacen/Despensa_A),27-23883817-2,0,MOVER A MASTER Y MARCAR DELETED
GEO_0240,846,VERDULERIA ELOY (Almacen/Despensa_A),27-26372736-9,0,5993,VERDULERIA ELOY (Almacen/Despensa_A),27-26372736-9,0,MOVER A MASTER Y MARCAR DELETED
GEO_0240,846,VERDULERIA ELOY (Almacen/Despensa_A),27-26372736-9,0,102399,VERDULERIA ELOY (Almacen/Despensa_A),27-26372736-9,0,MOVER A MASTER Y MARCAR DELETED
GEO_0241,897,GOLAZO II (Almacen/Despensa_P),20-17576398-9,0,5829,GOLAZO II (Almacen/Despensa_P),20-17576398-9,0,MOVER A MASTER Y MARCAR DELETED
GEO_0241,897,GOLAZO II (Almacen/Despensa_P),20-17576398-9,0,102469,GOLAZO II (Almacen/Despensa_P),20-17576398-9,0,MOVER A MASTER Y MARCAR DELETED
GEO_0242,373,FIAMBRERIA MEME (Almacen/Despensa_P),20-21141560-7,0,5703,FIAMBRERIA MEME (Almacen/Despensa_P),20-21141560-7,0,MOVER A MASTER Y MARCAR DELETED
GEO_0242,373,FIAMBRERIA MEME (Almacen/Despensa_P),20-21141560-7,0,101950,FIAMBRERIA MEME (Almacen/Despensa_P),20-21141560-7,0,MOVER A MASTER Y MARCAR DELETED
GEO_0243,752,-DESPENSA LEO- (Almacen/Despensa_C),20-23017048-8,0,5951,-DESPENSA LEO- (Almacen/Despensa_C),20-23017048-8,0,MOVER A MASTER Y MARCAR DELETED
GEO_0243,752,-DESPENSA LEO- (Almacen/Despensa_C),20-23017048-8,0,102343,-DESPENSA LEO- (Almacen/Despensa_C),20-23017048-8,0,MOVER A MASTER Y MARCAR DELETED
GEO_0244,501,LA CRIOLLA (Autoservicio Tradicional_B),20-24723454-4,0,5359,LA CRIOLLA (Autoservicio Tradicional_B),20-24723454-4,0,MOVER A MASTER Y MARCAR DELETED
GEO_0244,501,LA CRIOLLA (Autoservicio Tradicional_B),20-24723454-4,0,102131,LA CRIOLLA (Autoservicio Tradicional_B),20-24723454-4,0,MOVER A MASTER Y MARCAR DELETED
GEO_0245,780,EL BOLSON 24 (Almacen/Despensa_B),27432175400,0,5965,EL BOLSON 24 (Almacen/Despensa_B),27432175400,0,MOVER A MASTER Y MARCAR DELETED
GEO_0245,780,EL BOLSON 24 (Almacen/Despensa_B),27432175400,0,102317,EL BOLSON 24 (Almacen/Despensa_B),27432175400,0,MOVER A MASTER Y MARCAR DELETED
GEO_0246,920,ALMACEN GOURMET (Almacen/Despensa_B),27-36860268-5,0,5803,ALMACEN GOURMET (Almacen/Despensa_B),27-36860268-5,0,MOVER A MASTER Y MARCAR DELETED
GEO_0246,920,ALMACEN GOURMET (Almacen/Despensa_B),27-36860268-5,0,102484,ALMACEN GOURMET (Almacen/Despensa_B),27-36860268-5,0,MOVER A MASTER Y MARCAR DELETED
GEO_0247,1796,-AUTOSERVICIO ÑORQUINCO- (Autoservicio Tradicional_B),20249120503,0,6918,-AUTOSERVICIO ÑORQUINCO- (Autoservicio Tradicional_B),20249120503,0,MOVER A MASTER Y MARCAR DELETED
GEO_0247,1796,-AUTOSERVICIO ÑORQUINCO- (Autoservicio Tradicional_B),20249120503,0,103154,-AUTOSERVICIO ÑORQUINCO- (Autoservicio Tradicional_B),20249120503,0,MOVER A MASTER Y MARCAR DELETED
GEO_0248,1676,FULL FRESH CARNES (Carniceria/Granja_B),20947563239,0,6588,FULL FRESH CARNES (Carniceria/Granja_B),20947563239,0,MOVER A MASTER Y MARCAR DELETED
GEO_0248,1676,FULL FRESH CARNES (Carniceria/Granja_B),20947563239,0,103261,FULL FRESH CARNES (Carniceria/Granja_B),20947563239,0,MOVER A MASTER Y MARCAR DELETED
GEO_0249,1755,DESPENSA M&M (Almacen/Despensa_A),27-33280329-3,0,6957,DESPENSA M&M (Almacen/Despensa_A),27-33280329-3,0,MOVER A MASTER Y MARCAR DELETED
GEO_0249,1755,DESPENSA M&M (Almacen/Despensa_A),27-33280329-3,0,102177,DESPENSA M&M (Almacen/Despensa_A),27-33280329-3,0,MOVER A MASTER Y MARCAR DELETED
GEO_0250,1079,POPURRI (Almacen/Despensa_C),27-30688645-8,0,6185,POPURRI (Almacen/Despensa_C),27-30688645-8,0,MOVER A MASTER Y MARCAR DELETED
GEO_0250,1079,POPURRI (Almacen/Despensa_C),27-30688645-8,0,102630,POPURRI (Almacen/Despensa_C),27-30688645-8,0,MOVER A MASTER Y MARCAR DELETED
GEO_0251,1453,EXPRESS CENTER (Kiosco/Maxikiosco_A),20329663257,0,6376,EXPRESS CENTER (Kiosco/Maxikiosco_A),20329663257,0,MOVER A MASTER Y MARCAR DELETED
GEO_0251,1453,EXPRESS CENTER (Kiosco/Maxikiosco_A),20329663257,0,103046,EXPRESS CENTER (Kiosco/Maxikiosco_A),20329663257,0,MOVER A MASTER Y MARCAR DELETED
GEO_0252,3641,SOSA GABRIEL (Almacen/Despensa_C),26318281,0,8978,SOSA GABRIEL (Almacen/Despensa_C),26318281,0,MOVER A MASTER Y MARCAR DELETED
GEO_0253,3641,SOSA GABRIEL (Almacen/Despensa_C),26318281,0,8978,SOSA GABRIEL (Almacen/Despensa_C),26318281,0,MOVER A MASTER Y MARCAR DELETED
GEO_0254,1993,QUEVEDO CLARA VALERIA (Almacen/Despensa_A),27-25035459-8,0,7240,QUEVEDO CLARA VALERIA (Almacen/Despensa_A),27-25035459-8,0,MOVER A MASTER Y MARCAR DELETED
GEO_0255,1983,MARANESI MARIA PAOLA (Almacen/Despensa_A),27-23779291-8,0,7056,MARANESI MARIA PAOLA (Almacen/Despensa_A),27-23779291-8,0,MOVER A MASTER Y MARCAR DELETED
GEO_0256,276,GONZALO SEBASTIAN SANCHEZ (Empleados_C),37099702,0,5537,GONZALO SEBASTIAN SANCHEZ (Empleados_C),37099702,0,MOVER A MASTER Y MARCAR DELETED
GEO_0256,276,GONZALO SEBASTIAN SANCHEZ (Empleados_C),37099702,0,101782,GONZALO SEBASTIAN SANCHEZ (Empleados_C),37099702,0,MOVER A MASTER Y MARCAR DELETED
GEO_0257,4780,GONZALEZ YOLANDA (Almacen/Despensa_C),11221122,0,9859,GONZALEZ YOLANDA (Almacen/Despensa_C),11221122,0,MOVER A MASTER Y MARCAR DELETED
GEO_0258,2991,BIFFANI HECTOR RUBEN (Almacen/Despensa_B),20-20016349-5,0,8186,BIFFANI HECTOR RUBEN (Almacen/Despensa_B),20-20016349-5,0,MOVER A MASTER Y MARCAR DELETED
GEO_0259,1074,Morita (Almacen/Despensa_B),20-17995353-7,0,6172,Morita (Almacen/Despensa_B),20-17995353-7,0,MOVER A MASTER Y MARCAR DELETED
GEO_0259,1074,Morita (Almacen/Despensa_B),20-17995353-7,0,102638,Morita (Almacen/Despensa_B),20-17995353-7,0,MOVER A MASTER Y MARCAR DELETED
GEO_0260,4296,DRAFTING ARGENTINA SA (Carniceria/Granja_B),30-71559709-4,0,9425,DRAFTING ARGENTINA SA (Carniceria/Granja_P),30-71559709-4,0,MOVER A MASTER Y MARCAR DELETED
GEO_0261,646,DESPENSA ADONAY (Almacen/Despensa_B),23-29313365-4,0,6009,DESPENSA ADONAY (Almacen/Despensa_B),23-29313365-4,0,MOVER A MASTER Y MARCAR DELETED
GEO_0261,646,DESPENSA ADONAY (Almacen/Despensa_B),23-29313365-4,0,102291,DESPENSA ADONAY (Almacen/Despensa_B),23-29313365-4,0,MOVER A MASTER Y MARCAR DELETED
GEO_0262,487,olivero elisabeth (Almacen/Despensa_B),27-35045985-0,0,5369,olivero elisabeth (Almacen/Despensa_B),27-35045985-0,0,MOVER A MASTER Y MARCAR DELETED
GEO_0262,487,olivero elisabeth (Almacen/Despensa_B),27-35045985-0,0,102141,olivero elisabeth (Almacen/Despensa_B),27-35045985-0,0,MOVER A MASTER Y MARCAR DELETED
GEO_0263,1035,LA FAMILIA (Almacen/Despensa_A),27-21806952-0,0,6261,LA FAMILIA (Almacen/Despensa_A),27-21806952-0,0,MOVER A MASTER Y MARCAR DELETED
GEO_0263,1035,LA FAMILIA (Almacen/Despensa_A),27-21806952-0,0,102678,LA FAMILIA (Almacen/Despensa_A),27-21806952-0,0,MOVER A MASTER Y MARCAR DELETED
GEO_0264,699,Polleria Belgrano (Carniceria/Granja_B),27-31939270-5,0,5461,Polleria Belgrano (Carniceria/Granja_B),27-31939270-5,0,MOVER A MASTER Y MARCAR DELETED
GEO_0264,699,Polleria Belgrano (Carniceria/Granja_B),27-31939270-5,0,102238,Polleria Belgrano (Carniceria/Granja_B),27-31939270-5,0,MOVER A MASTER Y MARCAR DELETED
GEO_0265,1103,-VERDULERIA YOEL 1- (Resto de Tradicionales_A),27-32537118-3,0,6065,-VERDULERIA YOEL 1- (Resto de Tradicionales_A),27-32537118-3,0,MOVER A MASTER Y MARCAR DELETED
GEO_0265,1103,-VERDULERIA YOEL 1- (Resto de Tradicionales_A),27-32537118-3,0,102755,-VERDULERIA YOEL 1- (Resto de Tradicionales_A),27-32537118-3,0,MOVER A MASTER Y MARCAR DELETED
GEO_0266,928,SUPERKIOSCO AVENIDA (Resto de Tradicionales_B),23415973454,0,5813,SUPERKIOSCO AVENIDA (Resto de Tradicionales_B),23415973454,0,MOVER A MASTER Y MARCAR DELETED
GEO_0266,928,SUPERKIOSCO AVENIDA (Resto de Tradicionales_B),23415973454,0,102474,SUPERKIOSCO AVENIDA (Resto de Tradicionales_B),23415973454,0,MOVER A MASTER Y MARCAR DELETED
GEO_0267,543,KIOSCO AMANCAY 1 (Kiosco/Maxikiosco_P),33-71474252-9,0,5317,KIOSCO AMANCAY 1 (Kiosco/Maxikiosco_P),33-71474252-9,0,MOVER A MASTER Y MARCAR DELETED
GEO_0267,543,KIOSCO AMANCAY 1 (Kiosco/Maxikiosco_P),33-71474252-9,0,102085,KIOSCO AMANCAY 1 (Kiosco/Maxikiosco_P),33-71474252-9,0,MOVER A MASTER Y MARCAR DELETED
GEO_0268,1881,YAN XIAOHUA (Autoservicio Tradicional_P),23-96120201-9,0,6811,YAN XIAOHUA (Autoservicio Tradicional_P),23-96120201-9,0,MOVER A MASTER Y MARCAR DELETED
GEO_0269,2817,VALLE DE UCO (Fiambreria_P),20-16301001-2,0,7780,VALLE DE UCO (Fiambreria_P),20-16301001-2,0,MOVER A MASTER Y MARCAR DELETED
GEO_0270,297,DESPENSA VEINTIDOS (Almacen/Despensa_P),20-22362607-7,0,5597,DESPENSA VEINTIDOS (Almacen/Despensa_P),20-22362607-7,0,MOVER A MASTER Y MARCAR DELETED
GEO_0270,297,DESPENSA VEINTIDOS (Almacen/Despensa_P),20-22362607-7,0,101843,DESPENSA VEINTIDOS (Almacen/Despensa_P),20-22362607-7,0,MOVER A MASTER Y MARCAR DELETED
GEO_0271,3403,AHUMADA JUAN RAMON (Kiosco/Maxikiosco_C),20-25936525-3,0,8293,AHUMADA JUAN RAMON (Kiosco/Maxikiosco_C),20-25936525-3,0,MOVER A MASTER Y MARCAR DELETED
GEO_0272,996,KIOSCO PIPA (Kiosco/Maxikiosco_P),27-36600654-6,0,6024,KIOSCO PIPA (Kiosco/Maxikiosco_P),27-36600654-6,0,MOVER A MASTER Y MARCAR DELETED
GEO_0272,996,KIOSCO PIPA (Kiosco/Maxikiosco_P),27-36600654-6,0,102556,KIOSCO PIPA (Kiosco/Maxikiosco_P),27-36600654-6,0,MOVER A MASTER Y MARCAR DELETED
GEO_0273,4848,WENRONG LIN (Autoservicio Tradicional_C),20-95064998-5,0,9773,WENRONG LIN (Autoservicio Tradicional_C),20-95064998-5,0,MOVER A MASTER Y MARCAR DELETED
GEO_0274,198,KIOSKO ICARE (Almacen/Despensa_C),27-16392071-4,0,5615,KIOSKO ICARE (Almacen/Despensa_C),27-16392071-4,0,MOVER A MASTER Y MARCAR DELETED
GEO_0274,198,KIOSKO ICARE (Almacen/Despensa_C),27-16392071-4,0,101862,KIOSKO ICARE (Almacen/Despensa_C),27-16392071-4,0,MOVER A MASTER Y MARCAR DELETED
GEO_0275,2016,ARRIZABALAGA SUSANA (Almacen/Despensa_P),23-16603314-4,0,7248,ARRIZABALAGA SUSANA (Almacen/Despensa_P),23-16603314-4,0,MOVER A MASTER Y MARCAR DELETED
GEO_0276,470,SAN JOSE (Almacen/Despensa_C),30-71519243-4,0,5634,SAN JOSE (Almacen/Despensa_C),30-71519243-4,0,MOVER A MASTER Y MARCAR DELETED
GEO_0276,470,SAN JOSE (Almacen/Despensa_C),30-71519243-4,0,102011,SAN JOSE (Almacen/Despensa_C),30-71519243-4,0,MOVER A MASTER Y MARCAR DELETED
GEO_0277,611,KIOSCO QUIYEN (Kiosco/Maxikiosco_B),20-07601666-7,0,5403,KIOSCO QUIYEN (Kiosco/Maxikiosco_B),20-07601666-7,0,MOVER A MASTER Y MARCAR DELETED
GEO_0277,611,KIOSCO QUIYEN (Kiosco/Maxikiosco_B),20-07601666-7,0,102175,KIOSCO QUIYEN (Kiosco/Maxikiosco_B),20-07601666-7,0,MOVER A MASTER Y MARCAR DELETED
GEO_0278,455,PARQUE NAHUELITO (Instituciones_P),30-71408264-3,0,5519,PARQUE NAHUELITO (Instituciones_P),30-71408264-3,0,MOVER A MASTER Y MARCAR DELETED
GEO_0278,455,PARQUE NAHUELITO (Instituciones_P),30-71408264-3,0,102026,PARQUE NAHUELITO (Instituciones_P),30-71408264-3,0,MOVER A MASTER Y MARCAR DELETED
GEO_0279,896,RUMBO (Autoservicio Tradicional_C),30-70781441-8,0,5828,RUMBO (Autoservicio Tradicional_C),30-70781441-8,0,MOVER A MASTER Y MARCAR DELETED
GEO_0279,896,RUMBO (Autoservicio Tradicional_C),30-70781441-8,0,102468,RUMBO (Autoservicio Tradicional_C),30-70781441-8,0,MOVER A MASTER Y MARCAR DELETED
GEO_0280,1307,DESPENSA LEOMAR (Almacen/Despensa_B),20369039475,0,6444,DESPENSA LEOMAR (Almacen/Despensa_B),20369039475,0,MOVER A MASTER Y MARCAR DELETED
GEO_0280,1307,DESPENSA LEOMAR (Almacen/Despensa_B),20369039475,0,102857,DESPENSA LEOMAR (Almacen/Despensa_B),20369039475,0,MOVER A MASTER Y MARCAR DELETED
GEO_0281,1568,EL PAJARO LOCO (Almacen/Despensa_P),27206790968,0,6593,EL PAJARO LOCO (Almacen/Despensa_P),27206790968,0,MOVER A MASTER Y MARCAR DELETED
GEO_0281,1568,EL PAJARO LOCO (Almacen/Despensa_P),27206790968,0,103246,EL PAJARO LOCO (Almacen/Despensa_P),27206790968,0,MOVER A MASTER Y MARCAR DELETED
GEO_0282,891,VERDURERIA LA NUEVA (Resto de Tradicionales_C),20-35381427-4,0,5775,VERDURERIA LA NUEVA (Resto de Tradicionales_C),20-35381427-4,0,MOVER A MASTER Y MARCAR DELETED
GEO_0282,891,VERDURERIA LA NUEVA (Resto de Tradicionales_C),20-35381427-4,0,102517,VERDURERIA LA NUEVA (Resto de Tradicionales_C),20-35381427-4,0,MOVER A MASTER Y MARCAR DELETED
GEO_0283,838,ABUELO CALFU (Kiosco/Maxikiosco_C),27-35381321-3,0,5997,ABUELO CALFU (Kiosco/Maxikiosco_C),27-35381321-3,0,MOVER A MASTER Y MARCAR DELETED
GEO_0283,838,ABUELO CALFU (Kiosco/Maxikiosco_C),27-35381321-3,0,102403,ABUELO CALFU (Kiosco/Maxikiosco_C),27-35381321-3,0,MOVER A MASTER Y MARCAR DELETED
GEO_0284,1037,La varense (Autoservicio Tradicional_C),20-31515284-5,0,6257,La varense (Autoservicio Tradicional_C),20-31515284-5,0,MOVER A MASTER Y MARCAR DELETED
GEO_0284,1037,La varense (Autoservicio Tradicional_C),20-31515284-5,0,102673,La varense (Autoservicio Tradicional_C),20-31515284-5,0,MOVER A MASTER Y MARCAR DELETED
GEO_0285,319,ALPACHIRI DESPENSA (Almacen/Despensa_C),27-10640046-1,0,5580,ALPACHIRI DESPENSA (Almacen/Despensa_C),27-10640046-1,0,MOVER A MASTER Y MARCAR DELETED
GEO_0286,1612,FENIX (Kiosco/Maxikiosco_B),20295456877,0,6581,FENIX (Kiosco/Maxikiosco_B),20295456877,0,MOVER A MASTER Y MARCAR DELETED
GEO_0286,1612,FENIX (Kiosco/Maxikiosco_B),20295456877,0,103254,FENIX (Kiosco/Maxikiosco_B),20295456877,0,MOVER A MASTER Y MARCAR DELETED
GEO_0287,813,AUTOSERVICIO FENIX  (Almacen/Despensa_C),20-31780112-3,0,5856,AUTOSERVICIO FENIX  (Almacen/Despensa_C),20-31780112-3,0,MOVER A MASTER Y MARCAR DELETED
GEO_0287,813,AUTOSERVICIO FENIX  (Almacen/Despensa_C),20-31780112-3,0,102433,AUTOSERVICIO FENIX  (Almacen/Despensa_C),20-31780112-3,0,MOVER A MASTER Y MARCAR DELETED
GEO_0288,296,DESPENSA CHALO (Almacen/Despensa_P),27-35817817-6,0,5596,DESPENSA CHALO (Almacen/Despensa_P),27-35817817-6,0,MOVER A MASTER Y MARCAR DELETED
GEO_0288,296,DESPENSA CHALO (Almacen/Despensa_P),27-35817817-6,0,101842,DESPENSA CHALO (Almacen/Despensa_P),27-35817817-6,0,MOVER A MASTER Y MARCAR DELETED
GEO_0289,2559,BADINO CLAUDIA VERONICA C/A (Almacen/Despensa_C),23-16980712-4,0,7658,BADINO CLAUDIA VERONICA C/A (Almacen/Despensa_C),23-16980712-4,0,MOVER A MASTER Y MARCAR DELETED
GEO_0290,4064,COMERCIAL OBRIEN S. R. L. (Resto de On Premise_C),30-71759645-1,0,9151,COMERCIAL OBRIEN S. R. L. (Resto de On Premise_C),30-71759645-1,0,MOVER A MASTER Y MARCAR DELETED
GEO_0291,227,LA PLAZA BELGRANO MULTIRUBRO (Kiosco/Maxikiosco_A),27-24743413-0,0,5754,LA PLAZA BELGRANO MULTIRUBRO (Kiosco/Maxikiosco_A),27-24743413-0,0,MOVER A MASTER Y MARCAR DELETED
GEO_0291,227,LA PLAZA BELGRANO MULTIRUBRO (Kiosco/Maxikiosco_A),27-24743413-0,0,101891,LA PLAZA BELGRANO MULTIRUBRO (Kiosco/Maxikiosco_A),27-24743413-0,0,MOVER A MASTER Y MARCAR DELETED
GEO_0292,2850,SOCOMA SOCIEDAD ANONIMA (Kiosco/Maxikiosco_C),33-53674744-9,0,7827,SOCOMA SOCIEDAD ANONIMA (Kiosco/Maxikiosco_C),33-53674744-9,0,MOVER A MASTER Y MARCAR DELETED
GEO_0293,3884,BACCI MELISA EMILIANA (Almacen/Despensa_B),27-35063342-7,0,8861,BACCI MELISA EMILIANA (Almacen/Despensa_B),27-35063342-7,0,MOVER A MASTER Y MARCAR DELETED
GEO_0294,1142,Auto servicio Arias (Almacen/Despensa_A),27294570883,0,6106,Auto servicio Arias (Almacen/Despensa_A),27294570883,0,MOVER A MASTER Y MARCAR DELETED
GEO_0294,1142,Auto servicio Arias (Almacen/Despensa_A),27294570883,0,102714,Auto servicio Arias (Almacen/Despensa_A),27294570883,0,MOVER A MASTER Y MARCAR DELETED
GEO_0295,3288,NICODEMO MARCOS (Almacen/Despensa_C),23-27112394-9,0,8379,NICODEMO MARCOS (Almacen/Despensa_B),23-27112394-9,0,MOVER A MASTER Y MARCAR DELETED
GEO_0296,4995,BAIS SERGIO DAVID (Mayoristas_A),20-32101745-3,0,10146,BAIS SERGIO DAVID (Mayoristas_B),20-32101745-3,0,MOVER A MASTER Y MARCAR DELETED
GEO_0297,5031,GAO LINWEN     EX-LIN ZUYAO (Autoservicio Tradicional_C),20-93908664-2,0,10170,GAO LINWEN     EX-LIN ZUYAO (Autoservicio Tradicional_C),20-93908664-2,0,MOVER A MASTER Y MARCAR DELETED
GEO_0298,3569,GOMEZ OSVALDO (Almacen/Despensa_C),20016298,0,8566,GOMEZ OSVALDO (Almacen/Despensa_C),20016298,0,MOVER A MASTER Y MARCAR DELETED
GEO_0299,599,EL CHUKY (Almacen/Despensa_A),27-92868586-7,0,5418,EL CHUKY (Almacen/Despensa_A),27-92868586-7,0,MOVER A MASTER Y MARCAR DELETED
GEO_0299,599,EL CHUKY (Almacen/Despensa_A),27-92868586-7,0,102192,EL CHUKY (Almacen/Despensa_A),27-92868586-7,0,MOVER A MASTER Y MARCAR DELETED
GEO_0300,5208,RONGVAUX ROBERTO (Almacen/Despensa_A),20-44698141-3,0,10275,RONGVAUX ROBERTO (Almacen/Despensa_B),20-44698141-3,0,MOVER A MASTER Y MARCAR DELETED
GEO_0301,1891,ILARI JUANA SILVIA (Kiosco/Maxikiosco_A),27-14323076-2,0,6823,ILARI JUANA SILVIA (Kiosco/Maxikiosco_A),27-14323076-2,0,MOVER A MASTER Y MARCAR DELETED
GEO_0302,3549,CENTRO VASCO CHACABUCO (Resto de On Premise_B),33-66501680-9,0,8692,CENTRO VASCO CHACABUCO (Resto de On Premise_B),33-66501680-9,0,MOVER A MASTER Y MARCAR DELETED
GEO_0303,2910,DISTRICONSUMOS S.A. (Almacen/Despensa_P),30-71114987-9,0,8121,DISTRICONSUMOS S.A. (Almacen/Despensa_P),30-71114987-9,0,MOVER A MASTER Y MARCAR DELETED
GEO_0304,3708,MARTIN JOSE LUIS (Almacen/Despensa_C),23-23417965-9,0,8951,MARTIN JOSE LUIS (Almacen/Despensa_C),23-23417965-9,0,MOVER A MASTER Y MARCAR DELETED
GEO_0305,5020,SHI AIXIN (Autoservicio Tradicional_C),20-95537095-4,0,10166,SHI AIXIN (Autoservicio Tradicional_C),20-95537095-4,0,MOVER A MASTER Y MARCAR DELETED
GEO_0306,2280,GOMEZ MARIA EMILIA (Almacen/Despensa_B),27-29736621-7,0,7410,GOMEZ MARIA EMILIA (Almacen/Despensa_B),27-29736621-7,0,MOVER A MASTER Y MARCAR DELETED
GEO_0307,2131,LEI GUOPEI (Almacen/Despensa_B),23-95386691-9,0,7081,LEI GUOPEI (Almacen/Despensa_B),23-95386691-9,0,MOVER A MASTER Y MARCAR DELETED
GEO_0308,2131,LEI GUOPEI (Almacen/Despensa_B),23-95386691-9,0,7081,LEI GUOPEI (Almacen/Despensa_B),23-95386691-9,0,MOVER A MASTER Y MARCAR DELETED
GEO_0309,2131,LEI GUOPEI (Almacen/Despensa_B),23-95386691-9,0,7081,LEI GUOPEI (Almacen/Despensa_B),23-95386691-9,0,MOVER A MASTER Y MARCAR DELETED
GEO_0310,4774,DE VEGA MARISA (Resto de On Premise_B),27-16624769-7,0,9845,DE VEGA MARISA (Resto de On Premise_B),27-16624769-7,0,MOVER A MASTER Y MARCAR DELETED
GEO_0311,534,Kiosco Arroyo Lopez (Resto de On Premise_C),20-32299660-9,0,5326,Kiosco Arroyo Lopez (Resto de On Premise_C),20-32299660-9,0,MOVER A MASTER Y MARCAR DELETED
GEO_0311,534,Kiosco Arroyo Lopez (Resto de On Premise_C),20-32299660-9,0,102096,Kiosco Arroyo Lopez (Resto de On Premise_C),20-32299660-9,0,MOVER A MASTER Y MARCAR DELETED
GEO_0312,3924,DESPENSA EL TITI (Almacen/Despensa_C),40300608,0,8793,DESPENSA EL TITI (Almacen/Despensa_C),40300608,0,MOVER A MASTER Y MARCAR DELETED
GEO_0313,3933,STEFANO EVANGELINA (Almacen/Despensa_C),27-29416187-8,0,9106,STEFANO EVANGELINA (Almacen/Despensa_C),27-29416187-8,0,MOVER A MASTER Y MARCAR DELETED
GEO_0314,2505,PASTORINO AGUSTINA (Almacen/Despensa_B),27-36818850-1,0,3075,AUTOSERVICIO LINCOLN (Kiosco/Maxikiosco_C),27-36818850-1,0,MOVER A MASTER Y MARCAR DELETED
GEO_0314,2505,PASTORINO AGUSTINA (Almacen/Despensa_B),27-36818850-1,0,7629,PASTORINO AGUSTINA (Almacen/Despensa_B),27-36818850-1,0,MOVER A MASTER Y MARCAR DELETED
GEO_0314,2505,PASTORINO AGUSTINA (Almacen/Despensa_B),27-36818850-1,0,8136,AUTOSERVICIO LINCOLN (Kiosco/Maxikiosco_B),27-36818850-1,0,MOVER A MASTER Y MARCAR DELETED
GEO_0315,4315,ACOSTA JUAN MATIAS  (Kiosco/Maxikiosco_C),20-39310077-0,0,9284,ACOSTA JUAN MATIAS  (Kiosco/Maxikiosco_C),20-39310077-0,0,MOVER A MASTER Y MARCAR DELETED
GEO_0316,3869,DELLE DONE ARIEL RICARDO (Almacen/Despensa_C),20-22149268-5,0,9006,DELLE DONE ARIEL RICARDO (Almacen/Despensa_B),20-22149268-5,0,MOVER A MASTER Y MARCAR DELETED
GEO_0317,2566,FIGLIUOLO DIEGO VICTOR (Kiosco/Maxikiosco_C),20-27776398-3,0,7653,FIGLIUOLO DIEGO VICTOR (Kiosco/Maxikiosco_C),20-27776398-3,0,MOVER A MASTER Y MARCAR DELETED
GEO_0318,2785,LIN YI (Autoservicio Tradicional_P),27-94061399-5,0,7918,LIN YI (Autoservicio Tradicional_P),27-94061399-5,0,MOVER A MASTER Y MARCAR DELETED
GEO_0319,2980,RIVERO MARIA ELISABETH (Kiosco/Maxikiosco_C),27-27507860-9,0,8179,RIVERO MARIA ELISABETH (Kiosco/Maxikiosco_C),27-27507860-9,0,MOVER A MASTER Y MARCAR DELETED
GEO_0320,1733,PUERTO ARTURO EXPRESS (Autoservicio Tradicional_C),20404431642,0,6964,PUERTO ARTURO EXPRESS (Autoservicio Tradicional_C),20404431642,0,MOVER A MASTER Y MARCAR DELETED
GEO_0320,1733,PUERTO ARTURO EXPRESS (Autoservicio Tradicional_C),20404431642,0,103352,PUERTO ARTURO EXPRESS (Autoservicio Tradicional_C),20404431642,0,MOVER A MASTER Y MARCAR DELETED
GEO_0321,1990,KIOSCO LILIANA (Kiosco/Maxikiosco_B),27-12014685-3,0,7243,KIOSCO LILIANA (Kiosco/Maxikiosco_B),27-12014685-3,0,MOVER A MASTER Y MARCAR DELETED
GEO_0322,2731,LUJAN MARIA DE LOS ANGELES (Almacen/Despensa_B),27-27635061-2,0,7961,LUJAN MARIA DE LOS ANGELES (Almacen/Despensa_B),27-27635061-2,0,MOVER A MASTER Y MARCAR DELETED
GEO_0323,2766,GONZALEZ SOFIA YANEL (Kiosco/Maxikiosco_A),1111111,0,7878,GONZALEZ SOFIA YANEL (Kiosco/Maxikiosco_A),1111111,0,MOVER A MASTER Y MARCAR DELETED
GEO_0324,3675,SOSA JOSE CARLOS (Kiosco/Maxikiosco_A),20-20484768-2,0,8526,SOSA JOSE CARLOS (Kiosco/Maxikiosco_B),20-20484768-2,0,MOVER A MASTER Y MARCAR DELETED
GEO_0325,299,DESPENSA EL TURCO (Almacen/Despensa_C),27-17139770-2,0,5557,DESPENSA EL TURCO (Almacen/Despensa_C),27-17139770-2,0,MOVER A MASTER Y MARCAR DELETED
GEO_0325,299,DESPENSA EL TURCO (Almacen/Despensa_C),27-17139770-2,0,101804,DESPENSA EL TURCO (Almacen/Despensa_C),27-17139770-2,0,MOVER A MASTER Y MARCAR DELETED
GEO_0326,299,DESPENSA EL TURCO (Almacen/Despensa_C),27-17139770-2,0,5557,DESPENSA EL TURCO (Almacen/Despensa_C),27-17139770-2,0,MOVER A MASTER Y MARCAR DELETED
GEO_0326,299,DESPENSA EL TURCO (Almacen/Despensa_C),27-17139770-2,0,101804,DESPENSA EL TURCO (Almacen/Despensa_C),27-17139770-2,0,MOVER A MASTER Y MARCAR DELETED
GEO_0327,3885,CLUB ATLETICO RIVER PLATE (Instituciones_C),30-70884300-4,0,8862,CLUB ATLETICO RIVER PLATE (Instituciones_B),30-70884300-4,0,MOVER A MASTER Y MARCAR DELETED
GEO_0328,3885,CLUB ATLETICO RIVER PLATE (Instituciones_C),30-70884300-4,0,8862,CLUB ATLETICO RIVER PLATE (Instituciones_B),30-70884300-4,0,MOVER A MASTER Y MARCAR DELETED
GEO_0329,3885,CLUB ATLETICO RIVER PLATE (Instituciones_C),30-70884300-4,0,8862,CLUB ATLETICO RIVER PLATE (Instituciones_B),30-70884300-4,0,MOVER A MASTER Y MARCAR DELETED
GEO_0330,2552,HANSEN BRAIAN (Almacen/Despensa_P),20-36537501-2,0,7643,HANSEN BRAIAN (Almacen/Despensa_P),20-36537501-2,0,MOVER A MASTER Y MARCAR DELETED
GEO_0331,3464,LAGRUTTA GASTON LUIS (Fiambreria_C),20-25936523-7,0,8621,LAGRUTTA GASTON LUIS (Fiambreria_B),20-25936523-7,0,MOVER A MASTER Y MARCAR DELETED
GEO_0332,2113,POLIRUBRO VIOLETH (Kiosco/Maxikiosco_A),27-27167467-3,0,7106,POLIRUBRO VIOLETH (Kiosco/Maxikiosco_A),27-27167467-3,0,MOVER A MASTER Y MARCAR DELETED
GEO_0333,2226,CABALLINI GUILLERMO GERMAN (Kiosco/Maxikiosco_B),20-30530159-1,0,7391,CABALLINI GUILLERMO GERMAN (Kiosco/Maxikiosco_B),20-30530159-1,0,MOVER A MASTER Y MARCAR DELETED
GEO_0334,2226,CABALLINI GUILLERMO GERMAN (Kiosco/Maxikiosco_B),20-30530159-1,0,7391,CABALLINI GUILLERMO GERMAN (Kiosco/Maxikiosco_B),20-30530159-1,0,MOVER A MASTER Y MARCAR DELETED
GEO_0335,3251,ASSALI CRISTIAN CESAR (Almacen/Despensa_C),20-23405566-7,0,8441,ASSALI CRISTIAN CESAR (Almacen/Despensa_C),20-23405566-7,0,MOVER A MASTER Y MARCAR DELETED
GEO_0336,2025,CALI GASTON DOMINGO (Carniceria/Granja_B),20-23215968-6,0,7176,CALI GASTON DOMINGO (Carniceria/Granja_B),20-23215968-6,0,MOVER A MASTER Y MARCAR DELETED
GEO_0337,3657,DE 9:30 A 12:30 (Almacen/Despensa_C),30918800,0,8994,DE 9:30 A 12:30 (Almacen/Despensa_A),30918800,0,MOVER A MASTER Y MARCAR DELETED
GEO_0338,3657,DE 9:30 A 12:30 (Almacen/Despensa_C),30918800,0,8994,DE 9:30 A 12:30 (Almacen/Despensa_A),30918800,0,MOVER A MASTER Y MARCAR DELETED
GEO_0339,5046,DELGADO JORGE (Resto de On Premise_C),20-17820804-8,0,10195,DELGADO JORGE (Resto de On Premise_C),20-17820804-8,0,MOVER A MASTER Y MARCAR DELETED
GEO_0340,3542,ROBERTO ADAN SANGIACOMO E HIJO SRL (Instituciones_C),30-51434304-3,0,8697,ROBERTO ADAN SANGIACOMO E HIJO SRL (Instituciones_C),30-51434304-3,0,MOVER A MASTER Y MARCAR DELETED
GEO_0341,2261,MERCADO CHACO (Almacen/Despensa_P),20-35892980-0,0,7434,MERCADO CHACO (Almacen/Despensa_P),20-35892980-0,0,MOVER A MASTER Y MARCAR DELETED
GEO_0342,2053,LABORET ALBERTO HORACIO (Kiosco/Maxikiosco_B),20-08365973-5,0,7163,LABORET ALBERTO HORACIO (Kiosco/Maxikiosco_B),20-08365973-5,0,MOVER A MASTER Y MARCAR DELETED
GEO_0343,2067,CORVALAN NATALIA PAOLA (Kiosco/Maxikiosco_B),27-24477463-1,0,7050,CORVALAN NATALIA PAOLA (Kiosco/Maxikiosco_B),27-24477463-1,0,MOVER A MASTER Y MARCAR DELETED
GEO_0344,4274,HEBER DAVID SOSA (Autoservicio Tradicional_C),20-37791319-2,0,9405,HEBER DAVID SOSA (Autoservicio Tradicional_C),20-37791319-2,0,MOVER A MASTER Y MARCAR DELETED
GEO_0345,3145,PALOMINO NOEMI DEL VALLE (Almacen/Despensa_C),27-13787322-8,0,8075,PALOMINO NOEMI DEL VALLE (Almacen/Despensa_C),27-13787322-8,0,MOVER A MASTER Y MARCAR DELETED
GEO_0346,2689,RIVERI BRAIAN  (Kiosco/Maxikiosco_B),20-35218056-5,0,7950,RIVERI BRAIAN  (Kiosco/Maxikiosco_B),20-35218056-5,0,MOVER A MASTER Y MARCAR DELETED
GEO_0347,3259,VALGUARNERA JUAN MANUEL (Almacen/Despensa_C),30553260,0,8402,VALGUARNERA JUAN MANUEL (Almacen/Despensa_C),30553260,0,MOVER A MASTER Y MARCAR DELETED
GEO_0348,2021,FU AIZHU (Autoservicio Tradicional_P),27-94021899-9,0,7178,FU AIZHU (Autoservicio Tradicional_P),27-94021899-9,0,MOVER A MASTER Y MARCAR DELETED
GEO_0349,3969,PETRAGLIA MARCELO (Kiosco/Maxikiosco_C),20-20914628-3,0,9215,PETRAGLIA MARCELO (Kiosco/Maxikiosco_B),20-20914628-3,0,MOVER A MASTER Y MARCAR DELETED
GEO_0350,2640,PESCE MARIA EUGENIA (Almacen/Despensa_P),28972804,0,7581,PESCE MARIA EUGENIA (Almacen/Despensa_P),28972804,0,MOVER A MASTER Y MARCAR DELETED
GEO_0351,3372,KRIVOKAPICH ANA MARIA (Kiosco/Maxikiosco_B),27-11523792-1,0,8309,KRIVOKAPICH ANA MARIA (Kiosco/Maxikiosco_B),27-11523792-1,0,MOVER A MASTER Y MARCAR DELETED
GEO_0352,3253,SILVA RUBEN (Almacen/Despensa_A),20-36050784-0,0,8443,SILVA RUBEN (Almacen/Despensa_A),20-36050784-0,0,MOVER A MASTER Y MARCAR DELETED
GEO_0353,3293,RODRIGUEZ CLAUDIA SONIA (Almacen/Despensa_C),27-17760179-4,0,8403,RODRIGUEZ CLAUDIA SONIA (Almacen/Despensa_C),27-17760179-4,0,MOVER A MASTER Y MARCAR DELETED
GEO_0354,3295,CARNICERIA PERINASSO (Carniceria/Granja_P),33-70885538-9,0,8405,CARNICERIA PERINASSO (Carniceria/Granja_A),33-70885538-9,0,MOVER A MASTER Y MARCAR DELETED
GEO_0355,2077,CARABAJAL MARCELA ALEJANDRA (Kiosco/Maxikiosco_P),23-17818285-4,0,7062,CARABAJAL MARCELA ALEJANDRA (Kiosco/Maxikiosco_P),23-17818285-4,0,MOVER A MASTER Y MARCAR DELETED
GEO_0356,633,EL HADA (Kiosco/Maxikiosco_B),27-20888549-4,0,5416,EL HADA (Kiosco/Maxikiosco_B),27-20888549-4,0,MOVER A MASTER Y MARCAR DELETED
GEO_0356,633,EL HADA (Kiosco/Maxikiosco_B),27-20888549-4,0,102190,EL HADA (Kiosco/Maxikiosco_B),27-20888549-4,0,MOVER A MASTER Y MARCAR DELETED
GEO_0357,4073,PAZ MAGALI (Almacen/Despensa_C),27-39981148-7,0,9162,PAZ MAGALI (Almacen/Despensa_B),27-39981148-7,0,MOVER A MASTER Y MARCAR DELETED
GEO_0358,2506,TODINO PAOLA  (Almacen/Despensa_B),27-27623383-7,0,3156,TODINO PAROLA (Almacen/Despensa_C),27-27623383-7,0,MOVER A MASTER Y MARCAR DELETED
GEO_0358,2506,TODINO PAOLA  (Almacen/Despensa_B),27-27623383-7,0,7510,TODINO PAOLA  (Almacen/Despensa_B),27-27623383-7,0,MOVER A MASTER Y MARCAR DELETED
GEO_0358,2506,TODINO PAOLA  (Almacen/Despensa_B),27-27623383-7,0,8041,TODINO PAROLA (Almacen/Despensa_B),27-27623383-7,0,MOVER A MASTER Y MARCAR DELETED
GEO_0359,2936,FERRARI JORGE OMAR (Almacen/Despensa_C),20-13545516-5,0,7763,FERRARI JORGE OMAR (Almacen/Despensa_C),20-13545516-5,0,MOVER A MASTER Y MARCAR DELETED
GEO_0360,2186,LUENGO JORGE MAURICIO (Almacen/Despensa_B),20-22013648-6,0,7033,LUENGO JORGE MAURICIO (Almacen/Despensa_B),20-22013648-6,0,MOVER A MASTER Y MARCAR DELETED
GEO_0361,2186,LUENGO JORGE MAURICIO (Almacen/Despensa_B),20-22013648-6,0,7033,LUENGO JORGE MAURICIO (Almacen/Despensa_B),20-22013648-6,0,MOVER A MASTER Y MARCAR DELETED
GEO_0362,4661,PP 31 (LA PLACETE) (Instituciones_C),30-63874048-2,0,9554,PP 31 (LA PLACETE) (Instituciones_C),30-63874048-2,0,MOVER A MASTER Y MARCAR DELETED
GEO_0362,4661,PP 31 (LA PLACETE) (Instituciones_C),30-63874048-2,0,10013,JIRMM3 /PP31  (LAPLACETE) (Instituciones_C),30-63874048-2,0,MOVER A MASTER Y MARCAR DELETED
GEO_0362,4661,PP 31 (LA PLACETE) (Instituciones_C),30-63874048-2,0,4952,JIRMM3 /PP31  (LAPLACETE) (Instituciones_C),30-63874048-2,0,MOVER A MASTER Y MARCAR DELETED
GEO_0363,2675,GUARINO ZULMA S. (Almacen/Despensa_C),11000000,0,7940,GUARINO ZULMA S. (Almacen/Despensa_B),11000000,0,MOVER A MASTER Y MARCAR DELETED
GEO_0364,2675,GUARINO ZULMA S. (Almacen/Despensa_C),11000000,0,7940,GUARINO ZULMA S. (Almacen/Despensa_B),11000000,0,MOVER A MASTER Y MARCAR DELETED
GEO_0365,3775,ROMEOU PATRICIA VERONICA (Kiosco/Maxikiosco_C),27-29654896-6,0,8944,ROMEOU PATRICIA VERONICA (Kiosco/Maxikiosco_C),27-29654896-6,0,MOVER A MASTER Y MARCAR DELETED
GEO_0366,3229,SORIA FABIANA FERNANDA (Almacen/Despensa_C),27-21676457-4,0,8454,SORIA FABIANA FERNANDA (Almacen/Despensa_C),27-21676457-4,0,MOVER A MASTER Y MARCAR DELETED
GEO_0367,1760,Nueva esperanza (Almacen/Despensa_C),20051609919,0,6915,Nueva esperanza (Almacen/Despensa_C),20051609919,0,MOVER A MASTER Y MARCAR DELETED
GEO_0367,1760,Nueva esperanza (Almacen/Despensa_C),20051609919,0,103049,Nueva esperanza (Almacen/Despensa_C),20051609919,0,MOVER A MASTER Y MARCAR DELETED
GEO_0368,1760,Nueva esperanza (Almacen/Despensa_C),20051609919,0,6915,Nueva esperanza (Almacen/Despensa_C),20051609919,0,MOVER A MASTER Y MARCAR DELETED
GEO_0368,1760,Nueva esperanza (Almacen/Despensa_C),20051609919,0,103049,Nueva esperanza (Almacen/Despensa_C),20051609919,0,MOVER A MASTER Y MARCAR DELETED
GEO_0369,3856,BONANNO FERRARO LUCAS OSCAR (Almacen/Despensa_C),20-27563702-6,0,8980,BONANNO FERRARO LUCAS OSCAR (Almacen/Despensa_C),20-27563702-6,0,MOVER A MASTER Y MARCAR DELETED
GEO_0370,2924,GATTI JAVIER GASTON  (Almacen/Despensa_P),23-24550269-9,0,7865,GATTI JAVIER GASTON  (Almacen/Despensa_B),23-24550269-9,0,MOVER A MASTER Y MARCAR DELETED
GEO_0371,3217,ALVAREZ GABRIELA (Almacen/Despensa_C),25042202,0,8419,ALVAREZ GABRIELA (Almacen/Despensa_C),25042202,0,MOVER A MASTER Y MARCAR DELETED
GEO_0372,1882,CITTATI YANINA (Almacen/Despensa_B),27-21443610-3,0,6812,CITTATI YANINA (Almacen/Despensa_B),27-21443610-3,0,MOVER A MASTER Y MARCAR DELETED
GEO_0373,3979,MARTINEZ DANIELA (Kiosco/Maxikiosco_C),24291730,0,9224,MARTINEZ DANIELA (Kiosco/Maxikiosco_B),24291730,0,MOVER A MASTER Y MARCAR DELETED
GEO_0374,2324,PEREZ RICARDO ABEL (Kiosco/Maxikiosco_A),20-13945090-7,0,7355,PEREZ RICARDO ABEL (Kiosco/Maxikiosco_A),20-13945090-7,0,MOVER A MASTER Y MARCAR DELETED
GEO_0375,1807,VILLEGAS GLADYS OFELIA (Almacen/Despensa_B),27-14311907-1,0,6980,VILLEGAS GLADYS OFELIA (Almacen/Despensa_B),27-14311907-1,0,MOVER A MASTER Y MARCAR DELETED
GEO_0376,696,LASARAH (Autoservicio Tradicional_A),20-21141560-7,0,5464,LASARAH (Autoservicio Tradicional_A),20-21141560-7,0,MOVER A MASTER Y MARCAR DELETED
GEO_0376,696,LASARAH (Autoservicio Tradicional_A),20-21141560-7,0,102241,LASARAH (Autoservicio Tradicional_A),20-21141560-7,0,MOVER A MASTER Y MARCAR DELETED
GEO_0377,435,KIOSCO SHOP (Kiosco - Open 25_A),30-71128927-1,0,5281,KIOSCO SHOP (Kiosco - Open 25_A),30-71128927-1,0,MOVER A MASTER Y MARCAR DELETED
GEO_0377,435,KIOSCO SHOP (Kiosco - Open 25_A),30-71128927-1,0,102048,KIOSCO SHOP (Kiosco - Open 25_A),30-71128927-1,0,MOVER A MASTER Y MARCAR DELETED
GEO_0378,4795,IBAÑEZ ANA MARIA (EXPRENDES) (Almacen/Despensa_C),27-12165810-6,0,9905,IBAÑEZ ANA MARIA (EXPRENDES) (Almacen/Despensa_C),27-12165810-6,0,MOVER A MASTER Y MARCAR DELETED
GEO_0379,3593,MADARE SOCIEDAD SIMPLE (Resto de On Premise_C),30-71695010-3,0,8633,MADARE SOCIEDAD SIMPLE (Resto de On Premise_C),30-71695010-3,0,MOVER A MASTER Y MARCAR DELETED
GEO_0380,2577,CIRULLI MARIA JOSEFA (Almacen/Despensa_B),23-23053333-4,0,7660,CIRULLI MARIA JOSEFA (Almacen/Despensa_B),23-23053333-4,0,MOVER A MASTER Y MARCAR DELETED
GEO_0381,3559,GONZALEZ SANDRA BEATRIZ (Kiosco/Maxikiosco_B),27-22396720-0,0,8632,GONZALEZ SANDRA BEATRIZ (Kiosco/Maxikiosco_B),27-22396720-0,0,MOVER A MASTER Y MARCAR DELETED
GEO_0382,4260,PORRAZO CAMILA (Almacen/Despensa_B),44487612,0,9381,PORRAZO CAMILA (Almacen/Despensa_B),44487612,0,MOVER A MASTER Y MARCAR DELETED
GEO_0383,2825,SAMA JOSE MANUEL (Kiosco/Maxikiosco_B),20-32527226-1,0,7790,SAMA JOSE MANUEL (Kiosco/Maxikiosco_B),20-32527226-1,0,MOVER A MASTER Y MARCAR DELETED
GEO_0384,3953,LOPEZ VANESA (Almacen/Despensa_C),32209772,0,9206,LOPEZ VANESA (Almacen/Despensa_C),32209772,0,MOVER A MASTER Y MARCAR DELETED
GEO_0385,2937,VILLALBA DIEGO ALBERTO (Almacen/Despensa_B),20-31195849-7,0,7764,VILLALBA DIEGO ALBERTO (Almacen/Despensa_B),20-31195849-7,0,MOVER A MASTER Y MARCAR DELETED
GEO_0386,4256,YC MERCADERIA MINORISTA (Almacen/Despensa_C),27-32923786-4,0,9383,YC MERCADERIA MINORISTA (Almacen/Despensa_A),27-32923786-4,0,MOVER A MASTER Y MARCAR DELETED
GEO_0387,2844,ADAMO GRACIELA ROSA (Almacen/Despensa_C),27-17528271-3,0,7854,ADAMO GRACIELA ROSA (Almacen/Despensa_C),27-17528271-3,0,MOVER A MASTER Y MARCAR DELETED
GEO_0388,4742,LAGUZZI RAUL HORACIO (Almacen/Despensa_C),20-11896851-5,0,9977,LAGUZZI RAUL HORACIO (Almacen/Despensa_C),20-11896851-5,0,MOVER A MASTER Y MARCAR DELETED
GEO_0389,81768,SIRIA,20065187818,0,100209,SIRIA,20065187818,0,MOVER A MASTER Y MARCAR DELETED
GEO_0389,81768,SIRIA,20065187818,0,90803,SIRIA,20065187818,0,MOVER A MASTER Y MARCAR DELETED
GEO_0390,3495,IRUSTA HILDA ROSA (Almacen/Despensa_C),12815644,0,8646,IRUSTA HILDA ROSA (Almacen/Despensa_P),12815644,0,MOVER A MASTER Y MARCAR DELETED
GEO_0391,3495,IRUSTA HILDA ROSA (Almacen/Despensa_C),12815644,0,8646,IRUSTA HILDA ROSA (Almacen/Despensa_P),12815644,0,MOVER A MASTER Y MARCAR DELETED
GEO_0392,4251,LACREY (Fiambreria_B),20-33355608-2,0,9480,LACREY (Fiambreria_B),20-33355608-2,0,MOVER A MASTER Y MARCAR DELETED
GEO_0393,4251,LACREY (Fiambreria_B),20-33355608-2,0,9480,LACREY (Fiambreria_B),20-33355608-2,0,MOVER A MASTER Y MARCAR DELETED
GEO_0394,4940,REYNOSO JUAN MANUEL  (Almacen/Despensa_P),20-29387953-3,0,10235,REYNOSO JUAN MANUEL  (Almacen/Despensa_B),20-29387953-3,0,MOVER A MASTER Y MARCAR DELETED
GEO_0395,81786,SAN MARTIN,20069786074,0,100223,SAN MARTIN,20069786074,0,MOVER A MASTER Y MARCAR DELETED
GEO_0395,81786,SAN MARTIN,20069786074,0,90821,SAN MARTIN,20069786074,0,MOVER A MASTER Y MARCAR DELETED
GEO_0396,81788,KENNEDY,20070802431,0,90823,KENNEDY,20070802431,0,MOVER A MASTER Y MARCAR DELETED
GEO_0396,81788,KENNEDY,20070802431,0,100381,KENNEDY,20070802431,0,MOVER A MASTER Y MARCAR DELETED
GEO_0397,81791,MEBYR,20070906997,0,100327,MEBYR,20070906997,0,MOVER A MASTER Y MARCAR DELETED
GEO_0397,81791,MEBYR,20070906997,0,90826,MEBYR,20070906997,0,MOVER A MASTER Y MARCAR DELETED
GEO_0398,3703,NEIBER HEBER MITRE (Resto de Tradicionales_C),20-25509202-3,0,8253,NEIBER HEBER MITRE (Resto de Tradicionales_C),20-25509202-3,0,MOVER A MASTER Y MARCAR DELETED
GEO_0399,2353,CINE (Resto de Tradicionales_B),33-71472923-9,0,7343,CINE (Resto de Tradicionales_B),33-71472923-9,0,MOVER A MASTER Y MARCAR DELETED
GEO_0400,644,KIOSCO PITOY S (Kiosco/Maxikiosco_B),20-34403187-9,0,5983,KIOSCO PITOY S (Kiosco/Maxikiosco_B),20-34403187-9,0,MOVER A MASTER Y MARCAR DELETED
GEO_0400,644,KIOSCO PITOY S (Kiosco/Maxikiosco_B),20-34403187-9,0,102295,KIOSCO PITOY S (Kiosco/Maxikiosco_B),20-34403187-9,0,MOVER A MASTER Y MARCAR DELETED
GEO_0401,792,EL CERRO SRL (Cadena Regional_C),30716125072,0,5837,EL CERRO SRL (Cadena Regional_C),30716125072,0,MOVER A MASTER Y MARCAR DELETED
GEO_0401,792,EL CERRO SRL (Cadena Regional_C),30716125072,0,102456,EL CERRO SRL (Cadena Regional_C),30716125072,0,MOVER A MASTER Y MARCAR DELETED
GEO_0402,3719,BERENGUER JULIO ALBERTO (Almacen/Despensa_C),20-20034011-7,0,8896,BERENGUER JULIO ALBERTO (Almacen/Despensa_C),20-20034011-7,0,MOVER A MASTER Y MARCAR DELETED
GEO_0403,3006,COLZANI PAOLA (Almacen/Despensa_B),24291688,0,8191,COLZANI PAOLA (Almacen/Despensa_B),24291688,0,MOVER A MASTER Y MARCAR DELETED
GEO_0404,3006,COLZANI PAOLA (Almacen/Despensa_B),24291688,0,8191,COLZANI PAOLA (Almacen/Despensa_B),24291688,0,MOVER A MASTER Y MARCAR DELETED
GEO_0405,81806,CALCAGNO,20079102386,0,100613,CALCAGNO,20079102386,0,MOVER A MASTER Y MARCAR DELETED
GEO_0405,81806,CALCAGNO,20079102386,0,90841,CALCAGNO,20079102386,0,MOVER A MASTER Y MARCAR DELETED
GEO_0406,81806,CALCAGNO,20079102386,0,100613,CALCAGNO,20079102386,0,MOVER A MASTER Y MARCAR DELETED
GEO_0406,81806,CALCAGNO,20079102386,0,90841,CALCAGNO,20079102386,0,MOVER A MASTER Y MARCAR DELETED
GEO_0407,81813,LAMADRID  VILLALBA ALFREDO,20079641287,0,90848,LAMADRID  VILLALBA ALFREDO,20079641287,0,MOVER A MASTER Y MARCAR DELETED
GEO_0407,81813,LAMADRID  VILLALBA ALFREDO,20079641287,0,100374,LAMADRID,20079641287,0,MOVER A MASTER Y MARCAR DELETED
GEO_0408,853,DULCE MANA (Kiosco/Maxikiosco_C),20-37763665-2,0,5865,DULCE MANA (Kiosco/Maxikiosco_C),20-37763665-2,0,MOVER A MASTER Y MARCAR DELETED
GEO_0408,853,DULCE MANA (Kiosco/Maxikiosco_C),20-37763665-2,0,102421,DULCE MANA (Kiosco/Maxikiosco_C),20-37763665-2,0,MOVER A MASTER Y MARCAR DELETED
GEO_0409,4939,LOIS SERGIO MANUEL (PARTICULAR_C),20-12929118-5,0,10220,LOIS SERGIO MANUEL (PARTICULAR_C),20-12929118-5,0,MOVER A MASTER Y MARCAR DELETED
GEO_0410,4939,LOIS SERGIO MANUEL (PARTICULAR_C),20-12929118-5,0,10220,LOIS SERGIO MANUEL (PARTICULAR_C),20-12929118-5,0,MOVER A MASTER Y MARCAR DELETED
GEO_0411,2119,ZHENG JINPING (Autoservicio Tradicional_P),27-94827610-6,0,7100,ZHENG JINPING (Autoservicio Tradicional_P),27-94827610-6,0,MOVER A MASTER Y MARCAR DELETED
GEO_0412,2420,CARBONELLI JUAN (Vinoteca_A),20-41466009-7,0,7295,CARBONELLI JUAN (Vinoteca_A),20-41466009-7,0,MOVER A MASTER Y MARCAR DELETED
GEO_0413,3591,VERASALUCE NELSON ORESTE  (Almacen/Despensa_P),20-22077678-7,0,8586,VERASALUCE NELSON ORESTE  (Almacen/Despensa_P),20-22077678-7,0,MOVER A MASTER Y MARCAR DELETED
GEO_0414,729,SUPER FANTASTICO (Autoservicio Tradicional_A),20-95914199-2,0,5916,SUPER FANTASTICO (Autoservicio Tradicional_A),20-95914199-2,0,MOVER A MASTER Y MARCAR DELETED
GEO_0414,729,SUPER FANTASTICO (Autoservicio Tradicional_A),20-95914199-2,0,102369,SUPER FANTASTICO (Autoservicio Tradicional_A),20-95914199-2,0,MOVER A MASTER Y MARCAR DELETED
GEO_0415,1708,AUTOSERVICIO EL CHAQUEÑO PUELO (Autoservicio Tradicional_P),27-37663744-7,0,6947,AUTOSERVICIO EL CHAQUEÑO PUELO (Autoservicio Tradicional_P),27-37663744-7,0,MOVER A MASTER Y MARCAR DELETED
GEO_0415,1708,AUTOSERVICIO EL CHAQUEÑO PUELO (Autoservicio Tradicional_P),27-37663744-7,0,102384,AUTOSERVICIO EL CHAQUEÑO PUELO (Autoservicio Tradicional_P),27-37663744-7,0,MOVER A MASTER Y MARCAR DELETED
GEO_0416,3720,SARALEGUI YOLANDA BEATRIZ (Almacen/Despensa_C),27-33348845-6,0,8897,SARALEGUI YOLANDA BEATRIZ (Almacen/Despensa_B),27-33348845-6,0,MOVER A MASTER Y MARCAR DELETED
GEO_0417,2259,DIAZ MIRTA RAQUEL (Almacen/Despensa_B),27-18006345-0,0,7438,DIAZ MIRTA RAQUEL (Almacen/Despensa_B),27-18006345-0,0,MOVER A MASTER Y MARCAR DELETED
GEO_0418,2999,F.Q.U.S.A. (Almacen/Despensa_P),30-71117235-8,0,8196,F.Q.U.S.A. (Almacen/Despensa_B),30-71117235-8,0,MOVER A MASTER Y MARCAR DELETED
GEO_0419,4492,SANCHEZ CARLOS IRINEO (Almacen/Despensa_P),24-39755751-7,0,9687,SANCHEZ CARLOS IRINEO (Almacen/Despensa_P),24-39755751-7,0,MOVER A MASTER Y MARCAR DELETED
GEO_0420,3663,LA KARAUNA SRL (Resto de Tradicionales_P),30-71826913-6,0,8258,LA KARAUNA SRL (Resto de Tradicionales_P),30-71826913-6,0,MOVER A MASTER Y MARCAR DELETED
GEO_0421,81852,RAMON A. KRUK,20085611713,0,90888,RAMON A. KRUK,20085611713,0,MOVER A MASTER Y MARCAR DELETED
GEO_0422,81835,MIGUEL ANGEL TRUCCO,20082818902,0,90870,MIGUEL ANGEL TRUCCO,20082818902,0,MOVER A MASTER Y MARCAR DELETED
GEO_0423,90281,FARMACIA RAWSON,30718100670,0,99322,FARMACIA RAWSON,30718100670,0,MOVER A MASTER Y MARCAR DELETED
GEO_0424,885,LOCOMANIA (Kiosco/Maxikiosco_P),27-29772292-7,0,5781,LOCOMANIA (Kiosco/Maxikiosco_P),27-29772292-7,0,MOVER A MASTER Y MARCAR DELETED
GEO_0424,885,LOCOMANIA (Kiosco/Maxikiosco_P),27-29772292-7,0,102523,LOCOMANIA (Kiosco/Maxikiosco_P),27-29772292-7,0,MOVER A MASTER Y MARCAR DELETED
GEO_0425,87703,FARMA WORK S.C.S.,27413067877,0,96740,FARMA WORK S.C.S.,27413067877,0,MOVER A MASTER Y MARCAR DELETED
GEO_0426,4823,GONINO (Almacen/Despensa_C),11111111,0,9892,GONINO (Almacen/Despensa_C),11111111,0,MOVER A MASTER Y MARCAR DELETED
GEO_0427,2277,BENITO MARIA DE LOS ANGELES (Almacen/Despensa_P),27-23486178-1,0,7440,BENITO MARIA DE LOS ANGELES (Almacen/Despensa_P),27-23486178-1,0,MOVER A MASTER Y MARCAR DELETED
GEO_0428,2277,BENITO MARIA DE LOS ANGELES (Almacen/Despensa_P),27-23486178-1,0,7440,BENITO MARIA DE LOS ANGELES (Almacen/Despensa_P),27-23486178-1,0,MOVER A MASTER Y MARCAR DELETED
GEO_0429,90477,FARMA 24 COIRO  SEBASTIAN ROSARIO,33708388829,0,99518,FARMA 24 COIRO  SEBASTIAN ROSARIO,33708388829,0,MOVER A MASTER Y MARCAR DELETED
GEO_0430,90518,NUEVA PASCUAL,33711201349,0,99559,NUEVA PASCUAL,33711201349,0,MOVER A MASTER Y MARCAR DELETED
GEO_0431,90562,ESTILO SALUD ESTUDIANTIL,33716039329,0,99603,ESTILO SALUD ESTUDIANTIL,33716039329,0,MOVER A MASTER Y MARCAR DELETED
GEO_0432,2278,PETRACCARO DINO (Almacen/Despensa_A),20-31530535-8,0,7441,PETRACCARO DINO (Almacen/Despensa_A),20-31530535-8,0,MOVER A MASTER Y MARCAR DELETED
GEO_0433,81880,CAVALLERI RODOLFO O.  ANA,20105943467,0,90916,CAVALLERI RODOLFO O.  ANA,20105943467,0,MOVER A MASTER Y MARCAR DELETED
GEO_0434,1489,MARINAS ALTO MANZANO (Resto de Tradicionales_C),30682678581,0,6693,MARINAS ALTO MANZANO (Resto de Tradicionales_C),30682678581,0,MOVER A MASTER Y MARCAR DELETED
GEO_0434,1489,MARINAS ALTO MANZANO (Resto de Tradicionales_C),30682678581,0,103136,MARINAS ALTO MANZANO (Resto de Tradicionales_C),30682678581,0,MOVER A MASTER Y MARCAR DELETED
GEO_0435,3638,MARRANO JULIO CESAR (Almacen/Despensa_C),20-36076453-3,0,8961,MARRANO JULIO CESAR (Almacen/Despensa_C),20-36076453-3,0,MOVER A MASTER Y MARCAR DELETED
GEO_0436,81718,DANESA,20044482151,0,90753,DANESA,20044482151,0,MOVER A MASTER Y MARCAR DELETED
GEO_0437,2396,LOS OJEDA (Carniceria/Granja_B),27-30422417-2,0,7262,LOS OJEDA (Carniceria/Granja_B),27-30422417-2,0,MOVER A MASTER Y MARCAR DELETED
GEO_0438,81905,CASTELLI LEOPOLDO M  LEOPOLDO,20112708147,0,90941,CASTELLI LEOPOLDO M  LEOPOLDO,20112708147,0,MOVER A MASTER Y MARCAR DELETED
GEO_0439,165,farmacia los hornos,30-57919962-4,102,97015,LOS HORNOS,30579199624,0,MOVER A MASTER Y MARCAR DELETED
GEO_0439,165,farmacia los hornos,30-57919962-4,102,100665,LOS HORNOS,30579199624,0,MOVER A MASTER Y MARCAR DELETED
GEO_0440,84361,RABITO ROSA MIRTA  FARMACIA RABITO,27066518103,0,93398,RABITO ROSA MIRTA  FARMACIA RABITO,27066518103,0,MOVER A MASTER Y MARCAR DELETED
GEO_0441,87660,*DIDY PERFUMERIA  MARIA,27386470028,0,96697,*DIDY PERFUMERIA  MARIA,27386470028,0,MOVER A MASTER Y MARCAR DELETED
GEO_0442,986,LA TARTERIA (Carniceria/Granja_C),27-29497346-5,0,6242,LA TARTERIA (Carniceria/Granja_C),27-29497346-5,0,MOVER A MASTER Y MARCAR DELETED
GEO_0442,986,LA TARTERIA (Carniceria/Granja_C),27-29497346-5,0,102564,LA TARTERIA (Carniceria/Granja_C),27-29497346-5,0,MOVER A MASTER Y MARCAR DELETED
GEO_0443,1893,RAMOS DORA ELENA (Kiosco/Maxikiosco_C),27-14187491-3,0,6839,RAMOS DORA ELENA (Kiosco/Maxikiosco_C),27-14187491-3,0,MOVER A MASTER Y MARCAR DELETED
GEO_0444,3640,KHAMPHONG HYMATOLINE (Kiosco/Maxikiosco_P),19028967,0,8963,KHAMPHONG HYMATOLINE (Kiosco/Maxikiosco_P),19028967,0,MOVER A MASTER Y MARCAR DELETED
GEO_0445,86440,2655 MAURO VERONICA FABIANA  FCIA. VIDA,27233861494,0,95478,"2655 MAURO, VERONICA FABIANA  FCIA. VIDA",27233861494,0,MOVER A MASTER Y MARCAR DELETED
GEO_0446,88842,SANTIAGO  PABLO PRIETO,30708518871,0,150,Farmacia Santiago,30-70851887-1,0,MOVER A MASTER Y MARCAR DELETED
GEO_0446,88842,SANTIAGO  PABLO PRIETO,30708518871,0,101150,Farmacia Prieto ,30-70851887-1,3,MOVER A MASTER Y MARCAR DELETED
GEO_0446,88842,SANTIAGO  PABLO PRIETO,30708518871,0,97882,SANTIAGO  PABLO PRIETO,30708518871,0,MOVER A MASTER Y MARCAR DELETED
GEO_0447,83848,SANTIAGO REARTES  GERMAN,23184407159,0,92885,SANTIAGO REARTES  GERMAN,23184407159,0,MOVER A MASTER Y MARCAR DELETED
GEO_0448,367,MULTIRUBRO ESCORPION (Kiosco/Maxikiosco_C),27-17336717-7,0,5742,MULTIRUBRO ESCORPION (Kiosco/Maxikiosco_C),27-17336717-7,0,MOVER A MASTER Y MARCAR DELETED
GEO_0448,367,MULTIRUBRO ESCORPION (Kiosco/Maxikiosco_C),27-17336717-7,0,101989,MULTIRUBRO ESCORPION (Kiosco/Maxikiosco_C),27-17336717-7,0,MOVER A MASTER Y MARCAR DELETED
GEO_0449,4016,BAZAN JOSE ALBERTO (Almacen/Despensa_C),20-23901770-4,0,9119,BAZAN JOSE ALBERTO (Almacen/Despensa_C),20-23901770-4,0,MOVER A MASTER Y MARCAR DELETED
GEO_0450,85549,NORMA S. SOLARI  NORMA,27181133185,0,94587,NORMA S. SOLARI  NORMA,27181133185,0,MOVER A MASTER Y MARCAR DELETED
GEO_0451,87739,ZALBIDEA NAVARRO  FARMACIA NAVARRO,27930974914,68,96776,ZALBIDEA NAVARRO  FARMACIA NAVARRO,27930974914,0,MOVER A MASTER Y MARCAR DELETED
GEO_0452,1050,LAGO ROCA SA (Resto de On Premise_C),30-71538482-1,0,6159,LAGO ROCA SA (Resto de On Premise_C),30-71538482-1,0,MOVER A MASTER Y MARCAR DELETED
GEO_0452,1050,LAGO ROCA SA (Resto de On Premise_C),30-71538482-1,0,102665,LAGO ROCA SA (Resto de On Premise_C),30-71538482-1,0,MOVER A MASTER Y MARCAR DELETED
GEO_0453,2047,FIGUEROA CECILIA ANDREA (Almacen/Despensa_B),27-28562981-6,0,7196,FIGUEROA CECILIA ANDREA (Almacen/Despensa_B),27-28562981-6,0,MOVER A MASTER Y MARCAR DELETED
GEO_0454,82016,DE LA RUTA  HUGO FISSOLO,20128113887,0,91052,DE LA RUTA  HUGO FISSOLO,20128113887,0,MOVER A MASTER Y MARCAR DELETED
GEO_0455,88909,SANCHEZ ANTONIOLLI NORTE 3,30708822260,0,97949,SANCHEZ ANTONIOLLI NORTE 3,30708822260,0,MOVER A MASTER Y MARCAR DELETED
GEO_0456,85856,DI MARCO,27206439322,0,94894,DI MARCO,27206439322,0,MOVER A MASTER Y MARCAR DELETED
GEO_0457,86647,LOS LIRIOS - TUCUMAN  GONZALEZ NILDA  LORENA,27246715063,0,95685,LOS LIRIOS - TUCUMAN  GONZALEZ NILDA  LORENA,27246715063,0,MOVER A MASTER Y MARCAR DELETED
GEO_0458,692,Lo Mas (Almacen/Despensa_P),27285888595,0,5466,Lo Mas (Almacen/Despensa_P),27285888595,0,MOVER A MASTER Y MARCAR DELETED
GEO_0458,692,Lo Mas (Almacen/Despensa_P),27285888595,0,102243,Lo Mas (Almacen/Despensa_P),27285888595,0,MOVER A MASTER Y MARCAR DELETED
GEO_0459,84851,CORSI CECILIA B.  FARMACIA CORSI,27140874219,0,100605,CORSI CECILIA B.,27140874219,0,MOVER A MASTER Y MARCAR DELETED
GEO_0459,84851,CORSI CECILIA B.  FARMACIA CORSI,27140874219,0,93889,CORSI CECILIA B.  FARMACIA CORSI,27140874219,0,MOVER A MASTER Y MARCAR DELETED
GEO_0460,2105,ROJAS GNC SRL (SUC. LINCOLN) (Estacion de Servicio - NO OFICIALES_A),30-66562887-2,0,7090,ROJAS GNC SRL (SUC. LINCOLN) (Estacion de Servicio - NO OFICIALES_A),30-66562887-2,0,MOVER A MASTER Y MARCAR DELETED
GEO_0461,2125,LA ESPERANZA (Almacen/Despensa_P),20-26729235-4,0,7114,LA ESPERANZA (Almacen/Despensa_P),20-26729235-4,0,MOVER A MASTER Y MARCAR DELETED
GEO_0462,83946,ORION,23222636604,0,92983,ORION,23222636604,0,MOVER A MASTER Y MARCAR DELETED
GEO_0462,83946,ORION,23222636604,0,100297,ORION,23222636604,0,MOVER A MASTER Y MARCAR DELETED
GEO_0463,559,CASCARA ROJA (Fiambreria_P),27-31070064-4,0,5385,CASCARA ROJA (Fiambreria_P),27-31070064-4,0,MOVER A MASTER Y MARCAR DELETED
GEO_0463,559,CASCARA ROJA (Fiambreria_P),27-31070064-4,0,102147,CASCARA ROJA (Fiambreria_P),27-31070064-4,0,MOVER A MASTER Y MARCAR DELETED
GEO_0464,2092,CASTILLO LORENA (Almacen/Despensa_B),27-24305781-2,0,7087,CASTILLO LORENA (Almacen/Despensa_B),27-24305781-2,0,MOVER A MASTER Y MARCAR DELETED
GEO_0465,82050,DARUICH,20133397486,0,91086,DARUICH,20133397486,0,MOVER A MASTER Y MARCAR DELETED
GEO_0465,82050,DARUICH,20133397486,0,100601,DARUICH,20133397486,0,MOVER A MASTER Y MARCAR DELETED
GEO_0466,82037,1418 OLMOS MANUEL ENRIQUE  SANTA ELVIRA,20131777605,0,91073,"1418 OLMOS, MANUEL ENRIQUE  SANTA ELVIRA",20131777605,0,MOVER A MASTER Y MARCAR DELETED
GEO_0467,303,AL ALBA DESPENSA (Almacen/Despensa_B),20-07398127-2,0,5564,AL ALBA DESPENSA (Almacen/Despensa_B),20-07398127-2,0,MOVER A MASTER Y MARCAR DELETED
GEO_0467,303,AL ALBA DESPENSA (Almacen/Despensa_B),20-07398127-2,0,101811,AL ALBA DESPENSA (Almacen/Despensa_B),20-07398127-2,0,MOVER A MASTER Y MARCAR DELETED
GEO_0468,1602,POLLERIA BARILOCHE 2 (Carniceria/Granja_C),27346666396,0,6668,POLLERIA BARILOCHE 2 (Carniceria/Granja_C),27346666396,0,MOVER A MASTER Y MARCAR DELETED
GEO_0468,1602,POLLERIA BARILOCHE 2 (Carniceria/Granja_C),27346666396,0,103176,POLLERIA BARILOCHE 2 (Carniceria/Granja_C),27346666396,0,MOVER A MASTER Y MARCAR DELETED
GEO_0469,84251,ATENAS  VALERIA,27047075683,0,93288,ATENAS  VALERIA,27047075683,0,MOVER A MASTER Y MARCAR DELETED
GEO_0470,84922,MARKS CLAUDIA  CLAUDIA ALEJANDRA,27144445541,0,93960,MARKS CLAUDIA  CLAUDIA ALEJANDRA,27144445541,0,MOVER A MASTER Y MARCAR DELETED
GEO_0471,81836,MAZZALI SILVIA ALEJANDRA,20082818902,0,90871,MAZZALI SILVIA ALEJANDRA,20082818902,0,MOVER A MASTER Y MARCAR DELETED
GEO_0472,86478,NUEVA PUEYRREDON  CRISTIAN,27236108940,0,95516,NUEVA PUEYRREDON  CRISTIAN,27236108940,0,MOVER A MASTER Y MARCAR DELETED
GEO_0473,83651,LAUXMANN GERARDO,23063044059,0,92688,LAUXMANN GERARDO,23063044059,0,MOVER A MASTER Y MARCAR DELETED
GEO_0474,84738,ELI-SA  CARRETERO HILDA,27132168178,0,93776,ELI-SA  CARRETERO HILDA,27132168178,0,MOVER A MASTER Y MARCAR DELETED
GEO_0475,90470,SELMA2,33708176139,0,99511,SELMA2,33708176139,0,MOVER A MASTER Y MARCAR DELETED
GEO_0476,1288,ROTISERIA SYT (Resto de Tradicionales_B),27-22292345-5,0,6438,ROTISERIA SYT (Resto de Tradicionales_B),27-22292345-5,0,MOVER A MASTER Y MARCAR DELETED
GEO_0476,1288,ROTISERIA SYT (Resto de Tradicionales_B),27-22292345-5,0,102872,ROTISERIA SYT (Resto de Tradicionales_B),27-22292345-5,0,MOVER A MASTER Y MARCAR DELETED
GEO_0477,82860,GASPARIN,20224061715,17,91896,GASPARIN,20224061715,0,MOVER A MASTER Y MARCAR DELETED
GEO_0478,82094,459 FRASSON ANTONIO HUMBERTO  FCIA SAN PEDRO,20140021718,0,91130,459 FRASSON ANTONIO HUMBERTO  FCIA SAN PEDRO,20140021718,0,MOVER A MASTER Y MARCAR DELETED
GEO_0479,85119,PANACEA  LILIA ITURRE,27165418781,0,100295,PANACEA,27165418781,0,MOVER A MASTER Y MARCAR DELETED
GEO_0479,85119,PANACEA  LILIA ITURRE,27165418781,0,94157,PANACEA  LILIA ITURRE,27165418781,0,MOVER A MASTER Y MARCAR DELETED
GEO_0480,87922,LA UNION - CASA CENTRAL,30562486433,0,96960,LA UNION - CASA CENTRAL,30562486433,0,MOVER A MASTER Y MARCAR DELETED
GEO_0481,89729,NTRA SRA DE ITATI,30715026631,0,98770,NTRA SRA DE ITATI,30715026631,0,MOVER A MASTER Y MARCAR DELETED
GEO_0482,86447,ARIES I  WALTER,27234593175,0,95485,ARIES I  WALTER,27234593175,0,MOVER A MASTER Y MARCAR DELETED
GEO_0483,89740,ARTIGAS - PARANA,30715049984,0,98781,ARTIGAS - PARANA,30715049984,0,MOVER A MASTER Y MARCAR DELETED
GEO_0484,89799,PILARFARMA,30715325957,0,98840,PILARFARMA,30715325957,0,MOVER A MASTER Y MARCAR DELETED
GEO_0485,82209,VILLA LAVALLE,20160745232,0,100178,VILLA LAVALLE,20160745232,0,MOVER A MASTER Y MARCAR DELETED
GEO_0485,82209,VILLA LAVALLE,20160745232,0,91245,VILLA LAVALLE,20160745232,0,MOVER A MASTER Y MARCAR DELETED
GEO_0486,82211,AGUSTIN GARZON  CLAUDIO,20160836432,0,91247,AGUSTIN GARZON  CLAUDIO,20160836432,0,MOVER A MASTER Y MARCAR DELETED
GEO_0487,87041,RUANI CAROLINA  RUANI CAROLINA,27284998508,0,96078,RUANI CAROLINA  RUANI CAROLINA,27284998508,0,MOVER A MASTER Y MARCAR DELETED
GEO_0488,101436,Manes,30-53213693-4,1,87824,FERRERE Y DROGUERIA MA,30532136934,0,MOVER A MASTER Y MARCAR DELETED
GEO_0488,101436,Manes,30-53213693-4,1,96861,FERRERE Y DROGUERIA MA,30532136934,0,MOVER A MASTER Y MARCAR DELETED
GEO_0489,87832,GRAN FARMACIA DEL SUD (RUCAFALEN SOCIEDAD EN COMAN,30534009018,0,96869,GRAN FARMACIA DEL SUD (RUCAFALEN SOCIEDAD EN COMAN,30534009018,0,MOVER A MASTER Y MARCAR DELETED
GEO_0490,87845,CENTRO DE EMPLEADOS DE COMERCIO DE,30539019615,0,96883,CENTRO DE EMPLEADOS DE COMERCIO DE,30539019615,0,MOVER A MASTER Y MARCAR DELETED
GEO_0491,87846,SOESGPYLA FARMACIA SIND,30539793132,0,96884,SOESGPYLA FARMACIA SIND,30539793132,0,MOVER A MASTER Y MARCAR DELETED
GEO_0492,83507,2628 DEL PUENTE S.A. CITY,20355120253,0,92544,2628 DEL PUENTE S.A. CITY,20355120253,0,MOVER A MASTER Y MARCAR DELETED
GEO_0493,82298,KOKETTE 11,20167458174,0,100702,KOKETTE 11,20167458174,0,MOVER A MASTER Y MARCAR DELETED
GEO_0493,82298,KOKETTE 11,20167458174,0,91334,KOKETTE 11,20167458174,0,MOVER A MASTER Y MARCAR DELETED
GEO_0494,88898,SANCHEZ ANTONIOLLI SUR 3,30708822260,0,97938,SANCHEZ ANTONIOLLI SUR 3,30708822260,0,MOVER A MASTER Y MARCAR DELETED
GEO_0495,84815,OUTON GLORIA MARINA,27137423176,0,93853,OUTON GLORIA MARINA,27137423176,0,MOVER A MASTER Y MARCAR DELETED
GEO_0496,87894,RAFAEL CASTILLO,30548578120,0,96932,RAFAEL CASTILLO,30548578120,0,MOVER A MASTER Y MARCAR DELETED
GEO_0497,82304,13 DE FEBRERO- TUCUMAN  MOLINA BLASCO ALFREDO ROGELIO,20167845194,0,91340,13 DE FEBRERO- TUCUMAN  MOLINA BLASCO ALFREDO ROGELIO,20167845194,0,MOVER A MASTER Y MARCAR DELETED
GEO_0498,84561,FCIA.FARMA & CIA.(GARFINK,27121123105,0,93598,FCIA.FARMA & CIA.(GARFINK,27121123105,0,MOVER A MASTER Y MARCAR DELETED
GEO_0499,88942,NUEVA FARMACIA BADRA  NORA,30708865415,0,97982,NUEVA FARMACIA BADRA  NORA,30708865415,0,MOVER A MASTER Y MARCAR DELETED
GEO_0500,82324,EDUARDO FLORES  NORA,20169041602,0,91360,EDUARDO FLORES  NORA,20169041602,0,MOVER A MASTER Y MARCAR DELETED
GEO_0501,1441,Pandi (Almacen/Despensa_C),27379494019,0,6285,Pandi (Almacen/Despensa_C),27379494019,0,MOVER A MASTER Y MARCAR DELETED
GEO_0501,1441,Pandi (Almacen/Despensa_C),27379494019,0,103024,Pandi (Almacen/Despensa_C),27379494019,0,MOVER A MASTER Y MARCAR DELETED
GEO_0502,82344,GUSTAVO N.MORENO,20170349378,0,91380,GUSTAVO N.MORENO,20170349378,0,MOVER A MASTER Y MARCAR DELETED
GEO_0503,87912,FARMACIA SUPER ALMAGRO,30558389598,2,96950,FARMACIA SUPER ALMAGRO,30558389598,0,MOVER A MASTER Y MARCAR DELETED
GEO_0504,87913,SINDICAL ASTEOM,30559828617,0,96951,SINDICAL ASTEOM,30559828617,0,MOVER A MASTER Y MARCAR DELETED
GEO_0505,87904,PARIS,30552806200,0,96942,PARIS,30552806200,0,MOVER A MASTER Y MARCAR DELETED
GEO_0506,87902,ROLIRIA,30551826127,0,96940,ROLIRIA,30551826127,0,MOVER A MASTER Y MARCAR DELETED
GEO_0507,100879,Farmacia Mendoza,30-55458236-9,3,87905,349 FCIA MENDOZA S.A,30554582369,0,MOVER A MASTER Y MARCAR DELETED
GEO_0507,100879,Farmacia Mendoza,30-55458236-9,3,96943,349 FCIA MENDOZA S.A,30554582369,0,MOVER A MASTER Y MARCAR DELETED
GEO_0508,87909,FARMACIA SAN JUAN S.C.S.,30555987877,0,96947,FARMACIA SAN JUAN S.C.S.,30555987877,0,MOVER A MASTER Y MARCAR DELETED
GEO_0509,87924,FARMACIA PRIMERA JUNTA,30562688818,0,96962,FARMACIA PRIMERA JUNTA,30562688818,0,MOVER A MASTER Y MARCAR DELETED
GEO_0510,82358,RYGUES II  JUAN ALBERTO,20171811652,0,91394,RYGUES II  JUAN ALBERTO,20171811652,0,MOVER A MASTER Y MARCAR DELETED
GEO_0511,87925,2725 CHESTER S.R.L.,30563418164,0,96963,2725 CHESTER S.R.L.,30563418164,0,MOVER A MASTER Y MARCAR DELETED
GEO_0512,87921,DE LA ESTACION,30562082987,0,96959,DE LA ESTACION,30562082987,0,MOVER A MASTER Y MARCAR DELETED
GEO_0513,87921,DE LA ESTACION,30562082987,0,96959,DE LA ESTACION,30562082987,0,MOVER A MASTER Y MARCAR DELETED
GEO_0514,87923,LA UNION - BARRIO NORTE,30562486433,0,96961,LA UNION - BARRIO NORTE,30562486433,0,MOVER A MASTER Y MARCAR DELETED
GEO_0515,81810,GIMENEZ JOSE ANGEL,20079414450,0,90845,GIMENEZ JOSE ANGEL,20079414450,0,MOVER A MASTER Y MARCAR DELETED
GEO_0516,81847,260 FARA DANIEL  FARMACIA JUJUY,20084571750,0,90883,"260 FARA, DANIEL  FARMACIA JUJUY",20084571750,0,MOVER A MASTER Y MARCAR DELETED
GEO_0517,81920,CASA CLAUDIO,20115368827,23,90956,CASA CLAUDIO,20115368827,0,MOVER A MASTER Y MARCAR DELETED
GEO_0518,90023,2527 DEL CASTILLO S.R.L  GIL 4,30716523329,0,99064,2527 DEL CASTILLO S.R.L  GIL 4,30716523329,0,MOVER A MASTER Y MARCAR DELETED
GEO_0519,1540,DESPENSA SAN JOSE (Almacen/Despensa_C),20958387602,0,6606,DESPENSA SAN JOSE (Almacen/Despensa_C),20958387602,0,MOVER A MASTER Y MARCAR DELETED
GEO_0519,1540,DESPENSA SAN JOSE (Almacen/Despensa_C),20958387602,0,103238,DESPENSA SAN JOSE (Almacen/Despensa_C),20958387602,0,MOVER A MASTER Y MARCAR DELETED
GEO_0520,87938,SUR  CAMPERO ROMANO KARINA ALICIA,30564319593,0,96976,SUR  CAMPERO ROMANO KARINA ALICIA,30564319593,0,MOVER A MASTER Y MARCAR DELETED
GEO_0521,87942,ANSOLDI YAEL ANABEL,30566663194,0,96980,ANSOLDI YAEL ANABEL,30566663194,0,MOVER A MASTER Y MARCAR DELETED
GEO_0522,88600,FCIA.SOCIAL LURO S.C.S.  SOCIAL LURO BAUZA,30700656752,0,101125,Bauza Social Luro,30-70065675-2,22,MOVER A MASTER Y MARCAR DELETED
GEO_0522,88600,FCIA.SOCIAL LURO S.C.S.  SOCIAL LURO BAUZA,30700656752,0,97640,FCIA.SOCIAL LURO S.C.S.  SOCIAL LURO BAUZA,30700656752,0,MOVER A MASTER Y MARCAR DELETED
GEO_0523,84879,CLAUDIA  JURI DE METTOLA MARIA CLAUDIA,27142251138,0,100607,CLAUDIA,27142251138,0,MOVER A MASTER Y MARCAR DELETED
GEO_0523,84879,CLAUDIA  JURI DE METTOLA MARIA CLAUDIA,27142251138,0,93917,CLAUDIA  JURI DE METTOLA MARIA CLAUDIA,27142251138,0,MOVER A MASTER Y MARCAR DELETED
GEO_0524,87933,1988 CHESTER S.R.L. (SHOPPING)  CHESTER SHOPPING,30563418164,0,96971,1988 CHESTER S.R.L. (SHOPPING)  CHESTER SHOPPING,30563418164,0,MOVER A MASTER Y MARCAR DELETED
GEO_0525,87793,FARMACIA SUR NUEVA LATINA,30523201294,0,96830,FARMACIA SUR NUEVA LATINA,30523201294,0,MOVER A MASTER Y MARCAR DELETED
GEO_0526,512,Frutas y verduras (Almacen/Despensa_P),20-24580820-9,0,5346,Frutas y verduras (Almacen/Despensa_P),20-24580820-9,0,MOVER A MASTER Y MARCAR DELETED
GEO_0526,512,Frutas y verduras (Almacen/Despensa_P),20-24580820-9,0,102117,Frutas y verduras (Almacen/Despensa_P),20-24580820-9,0,MOVER A MASTER Y MARCAR DELETED
GEO_0527,82471,INDEPENDENCIA,20177927822,0,91507,INDEPENDENCIA,20177927822,0,MOVER A MASTER Y MARCAR DELETED
GEO_0527,82471,INDEPENDENCIA,20177927822,0,100388,INDEPENDENCIA,20177927822,0,MOVER A MASTER Y MARCAR DELETED
GEO_0528,81956,JACOBO  VALENTINA,20120783719,1,90992,JACOBO  VALENTINA,20120783719,0,MOVER A MASTER Y MARCAR DELETED
GEO_0529,82479,GOMEZ VALLE FABIO  FARMACIA GOMEZ,20178195493,0,91515,GOMEZ VALLE FABIO  FARMACIA GOMEZ,20178195493,0,MOVER A MASTER Y MARCAR DELETED
GEO_0530,1638,EL OSO VLA 2 (Almacen/Despensa_B),30718141784,0,6548,EL OSO VLA 2 (Almacen/Despensa_B),30718141784,0,MOVER A MASTER Y MARCAR DELETED
GEO_0530,1638,EL OSO VLA 2 (Almacen/Despensa_B),30718141784,0,103303,EL OSO VLA 2 (Almacen/Despensa_B),30718141784,0,MOVER A MASTER Y MARCAR DELETED
GEO_0531,89994,PERFUMERIA JACQ CAR,30716343436,0,99035,PERFUMERIA JACQ CAR,30716343436,0,MOVER A MASTER Y MARCAR DELETED
GEO_0532,101475,FARMACIA TONANI,20-18062683-3,1,82509,TONANI MARIANO DAVID,20180626833,0,MOVER A MASTER Y MARCAR DELETED
GEO_0532,101475,FARMACIA TONANI,20-18062683-3,1,91545,TONANI MARIANO DAVID,20180626833,0,MOVER A MASTER Y MARCAR DELETED
GEO_0533,87969,OJEDA,30577004583,0,97007,OJEDA,30577004583,0,MOVER A MASTER Y MARCAR DELETED
GEO_0534,88676,OPEN MERCADO,30707399119,0,100694,OPEN MERCADO,30707399119,0,MOVER A MASTER Y MARCAR DELETED
GEO_0534,88676,OPEN MERCADO,30707399119,0,97716,OPEN MERCADO,30707399119,0,MOVER A MASTER Y MARCAR DELETED
GEO_0535,82740,ROSALES LEONARDO,20211385430,0,91776,ROSALES LEONARDO,20211385430,0,MOVER A MASTER Y MARCAR DELETED
GEO_0536,87970,MAGA SHOP DOMINICO,30577478429,0,97008,MAGA SHOP DOMINICO,30577478429,0,MOVER A MASTER Y MARCAR DELETED
GEO_0537,88927,MALU FARMACEUTICA SRL,30708845503,0,97967,MALU FARMACEUTICA SRL,30708845503,0,MOVER A MASTER Y MARCAR DELETED
GEO_0538,1702,PATO PATAGÓNICO (Kiosco/Maxikiosco_P),20169594415,0,6933,PATO PATAGÓNICO (Kiosco/Maxikiosco_P),20169594415,0,MOVER A MASTER Y MARCAR DELETED
GEO_0538,1702,PATO PATAGÓNICO (Kiosco/Maxikiosco_P),20169594415,0,102459,PATO PATAGÓNICO (Kiosco/Maxikiosco_P),20169594415,0,MOVER A MASTER Y MARCAR DELETED
GEO_0539,82564,NERJA  TORRES JOSE FRANCISCO,20184712386,0,91600,NERJA  TORRES JOSE FRANCISCO,20184712386,0,MOVER A MASTER Y MARCAR DELETED
GEO_0539,82564,NERJA  TORRES JOSE FRANCISCO,20184712386,0,100312,NERJA,20184712386,0,MOVER A MASTER Y MARCAR DELETED
GEO_0540,82573,CRISOSTOMO  BOSSARD GUILLERMO AUGUSTO,20185045642,0,91609,CRISOSTOMO  BOSSARD GUILLERMO AUGUSTO,20185045642,0,MOVER A MASTER Y MARCAR DELETED
GEO_0540,82573,CRISOSTOMO  BOSSARD GUILLERMO AUGUSTO,20185045642,0,100604,CRISOSTOMO,20185045642,0,MOVER A MASTER Y MARCAR DELETED
GEO_0541,82596,JUAN C.MELUCCI  MELUCCI,20200400195,0,91632,JUAN C.MELUCCI  MELUCCI,20200400195,0,MOVER A MASTER Y MARCAR DELETED
GEO_0542,82606,MORERO ARIEL GASTON,20201065713,0,91642,MORERO ARIEL GASTON,20201065713,0,MOVER A MASTER Y MARCAR DELETED
GEO_0543,3685,RODRIGUEZ FRANCO EZEQUIEL  (Autoservicio Tradicional_C),20-30511732-4,0,8538,RODRIGUEZ FRANCO EZEQUIEL  (Autoservicio Tradicional_C),20-30511732-4,0,MOVER A MASTER Y MARCAR DELETED
GEO_0544,2539,AMODEO MIGUEL ANDRES (Almacen/Despensa_C),20-38420452-0,0,7630,AMODEO MIGUEL ANDRES (Almacen/Despensa_C),20-38420452-0,0,MOVER A MASTER Y MARCAR DELETED
GEO_0545,2144,DORTONA FABIAN HORACIO (Almacen/Despensa_B),20-21986922-4,0,7475,DORTONA FABIAN HORACIO (Almacen/Despensa_B),20-21986922-4,0,MOVER A MASTER Y MARCAR DELETED
GEO_0546,83876,DIVINA GRACIA,23204334854,0,100571,DIVINA GRACIA,23204334854,0,MOVER A MASTER Y MARCAR DELETED
GEO_0546,83876,DIVINA GRACIA,23204334854,0,92913,DIVINA GRACIA,23204334854,0,MOVER A MASTER Y MARCAR DELETED
GEO_0547,83876,DIVINA GRACIA,23204334854,0,100571,DIVINA GRACIA,23204334854,0,MOVER A MASTER Y MARCAR DELETED
GEO_0547,83876,DIVINA GRACIA,23204334854,0,92913,DIVINA GRACIA,23204334854,0,MOVER A MASTER Y MARCAR DELETED
GEO_0548,85755,DEL SENOR JESUS - TUC  DAUD ADRIANA,27202852500,0,94793,DEL SENOR JESUS - TUC  DAUD ADRIANA,27202852500,0,MOVER A MASTER Y MARCAR DELETED
GEO_0549,82718,RICHIERI  EDUARDO,20208732960,0,91754,RICHIERI  EDUARDO,20208732960,0,MOVER A MASTER Y MARCAR DELETED
GEO_0550,85062,FARMACIA ARAUJO,27162721181,0,100728,FARMACIA ARAUJO,27162721181,0,MOVER A MASTER Y MARCAR DELETED
GEO_0550,85062,FARMACIA ARAUJO,27162721181,0,94100,FARMACIA ARAUJO,27162721181,0,MOVER A MASTER Y MARCAR DELETED
GEO_0551,82719,HORIZONTE  CLAUDIO DONET,20208745124,0,91755,HORIZONTE  CLAUDIO DONET,20208745124,0,MOVER A MASTER Y MARCAR DELETED
GEO_0552,82746,SAN AGUSTIN  MARCELO,20213920023,0,91782,SAN AGUSTIN  MARCELO,20213920023,0,MOVER A MASTER Y MARCAR DELETED
GEO_0553,82767,FARMACIA VENUS,20215403638,0,91803,FARMACIA VENUS,20215403638,0,MOVER A MASTER Y MARCAR DELETED
GEO_0554,2854,QUETGLAS HERNAN EZEQUIEL (Kiosco/Maxikiosco_C),20-35099066-7,0,7825,QUETGLAS HERNAN EZEQUIEL (Kiosco/Maxikiosco_C),20-35099066-7,0,MOVER A MASTER Y MARCAR DELETED
GEO_0555,1887,GELTOKIA S.A.S. (Estacion de Servicio - SHELL_B),30-71680009-8,0,6825,GELTOKIA S.A.S. (Estacion de Servicio - SHELL_B),30-71680009-8,0,MOVER A MASTER Y MARCAR DELETED
GEO_0556,82807,DONADO DE GELABERT JOSE MA  JOSE MARIA,20219329122,0,91843,DONADO DE GELABERT JOSE MA  JOSE MARIA,20219329122,0,MOVER A MASTER Y MARCAR DELETED
GEO_0557,85325,CALCHAQUI II,27173084272,0,100612,CALCHAQUI II,27173084272,0,MOVER A MASTER Y MARCAR DELETED
GEO_0557,85325,CALCHAQUI II,27173084272,0,94363,CALCHAQUI II,27173084272,0,MOVER A MASTER Y MARCAR DELETED
GEO_0558,85459,DEL CERRO,27177925727,0,100588,DEL CERRO,27177925727,0,MOVER A MASTER Y MARCAR DELETED
GEO_0558,85459,DEL CERRO,27177925727,0,94497,DEL CERRO,27177925727,0,MOVER A MASTER Y MARCAR DELETED
GEO_0559,1987,ROMANO MARIA ALICIA (Almacen/Despensa_B),27-21785729-0,0,7246,ROMANO MARIA ALICIA (Almacen/Despensa_B),27-21785729-0,0,MOVER A MASTER Y MARCAR DELETED
GEO_0560,84190,DEL BOSQUE,27023862609,0,100589,DEL BOSQUE,27023862609,0,MOVER A MASTER Y MARCAR DELETED
GEO_0560,84190,DEL BOSQUE,27023862609,0,93227,DEL BOSQUE,27023862609,0,MOVER A MASTER Y MARCAR DELETED
GEO_0561,82870,STRIEBECK GUILLERMO G  GUILLERMO,20225413771,8,91906,STRIEBECK GUILLERMO G  GUILLERMO,20225413771,0,MOVER A MASTER Y MARCAR DELETED
GEO_0562,82898,CINGOLANI CESAR OMAR,20227985837,0,91934,CINGOLANI CESAR OMAR,20227985837,0,MOVER A MASTER Y MARCAR DELETED
GEO_0563,82894,MORA  GUSTAVO,20227766779,0,91930,MORA  GUSTAVO,20227766779,0,MOVER A MASTER Y MARCAR DELETED
GEO_0565,3241,BARBERO JORGELINA (Almacen/Despensa_C),12570020,0,8462,BARBERO JORGELINA (Almacen/Despensa_B),12570020,0,MOVER A MASTER Y MARCAR DELETED
GEO_0566,82951,DIAZ MAURO FERNANDO,20233396053,0,91987,DIAZ MAURO FERNANDO,20233396053,0,MOVER A MASTER Y MARCAR DELETED
GEO_0567,82924,DEL SOL-TAFI VIEJO,20231167057,0,91960,DEL SOL-TAFI VIEJO,20231167057,0,MOVER A MASTER Y MARCAR DELETED
GEO_0568,82974,GALENICA  JOSE,20235372445,0,92010,GALENICA  JOSE,20235372445,0,MOVER A MASTER Y MARCAR DELETED
GEO_0569,82956,HAURESZ,20233749851,0,91992,HAURESZ,20233749851,0,MOVER A MASTER Y MARCAR DELETED
GEO_0570,82986,ARTIGAS  CARLA,20236363989,0,92022,ARTIGAS  CARLA,20236363989,0,MOVER A MASTER Y MARCAR DELETED
GEO_0571,2183,ARIAS PABLO CESAR (Almacen/Despensa_B),20-22536790-7,0,7036,ARIAS PABLO CESAR (Almacen/Despensa_B),20-22536790-7,0,MOVER A MASTER Y MARCAR DELETED
GEO_0572,83019,ALEJANDRO SENN,20240551609,0,92055,ALEJANDRO SENN,20240551609,0,MOVER A MASTER Y MARCAR DELETED
GEO_0573,84375,SARME,27099988539,0,93412,SARME,27099988539,0,MOVER A MASTER Y MARCAR DELETED
GEO_0574,84375,SARME,27099988539,0,93412,SARME,27099988539,0,MOVER A MASTER Y MARCAR DELETED
GEO_0575,83067,FARMATEO 2  GUSTAVO,20248847418,1,92103,FARMATEO 2  GUSTAVO,20248847418,0,MOVER A MASTER Y MARCAR DELETED
GEO_0576,83659,ALBERDI,23070921189,0,100645,ALBERDI,23070921189,0,MOVER A MASTER Y MARCAR DELETED
GEO_0576,83659,ALBERDI,23070921189,0,92696,ALBERDI,23070921189,0,MOVER A MASTER Y MARCAR DELETED
GEO_0577,83063,MIXTURA,20248027402,0,92099,MIXTURA,20248027402,0,MOVER A MASTER Y MARCAR DELETED
GEO_0577,83063,MIXTURA,20248027402,0,100322,MIXTURA,20248027402,0,MOVER A MASTER Y MARCAR DELETED
GEO_0578,83066,FARMATEO 1  GUSTAVO,20248847418,0,92102,FARMATEO 1  GUSTAVO,20248847418,0,MOVER A MASTER Y MARCAR DELETED
GEO_0579,83069,FARMATEO 3  GUSTAVO,20248847418,0,92105,FARMATEO 3  GUSTAVO,20248847418,0,MOVER A MASTER Y MARCAR DELETED
GEO_0580,83056,VERSALLES  MARIANO,20247090798,3,92092,VERSALLES  MARIANO,20247090798,0,MOVER A MASTER Y MARCAR DELETED
GEO_0581,3491,GARCIA ARACEDY AMALIA (Kiosco/Maxikiosco_C),27-20078363-3,0,8648,GARCIA ARACEDY AMALIA (Kiosco/Maxikiosco_C),27-20078363-3,0,MOVER A MASTER Y MARCAR DELETED
GEO_0582,2317,CABRAL LEANDRO MIGUEL (Almacen/Despensa_A),20-38925972-2,0,7319,CABRAL LEANDRO MIGUEL (Almacen/Despensa_A),20-38925972-2,0,MOVER A MASTER Y MARCAR DELETED
GEO_0583,83104,GUSTAVO FERNANDEZ,20255692365,0,92140,GUSTAVO FERNANDEZ,20255692365,0,MOVER A MASTER Y MARCAR DELETED
GEO_0584,83131,FARMACIA VIDA,20259045976,0,92167,FARMACIA VIDA,20259045976,0,MOVER A MASTER Y MARCAR DELETED
GEO_0585,83132,IRALE,20259163898,0,92168,IRALE,20259163898,0,MOVER A MASTER Y MARCAR DELETED
GEO_0586,83153,CRUZ VERDE  DANIEL,20264136998,0,92189,CRUZ VERDE  DANIEL,20264136998,0,MOVER A MASTER Y MARCAR DELETED
GEO_0587,83153,CRUZ VERDE  DANIEL,20264136998,0,92189,CRUZ VERDE  DANIEL,20264136998,0,MOVER A MASTER Y MARCAR DELETED
GEO_0588,83164,TRAIBER,20264700257,0,92200,TRAIBER,20264700257,0,MOVER A MASTER Y MARCAR DELETED
GEO_0589,2374,BARREIRO MARIA LAURA (Almacen/Despensa_B),27-24402391-1,0,7505,BARREIRO MARIA LAURA (Almacen/Despensa_B),27-24402391-1,0,MOVER A MASTER Y MARCAR DELETED
GEO_0590,90019,EDDA (FARMAVENT/ EX FARMACIA EUROPEA),30716513404,0,99060,EDDA (FARMAVENT/ EX FARMACIA EUROPEA),30716513404,0,MOVER A MASTER Y MARCAR DELETED
GEO_0591,85958,MAIDANA RABE  KARINA,27210225132,0,94996,MAIDANA RABE  KARINA,27210225132,0,MOVER A MASTER Y MARCAR DELETED
GEO_0592,83221,CERRITO DE FEDERICO MENDOZA  LUCIANA ORIETA,20275251691,0,92258,CERRITO DE FEDERICO MENDOZA  LUCIANA ORIETA,20275251691,0,MOVER A MASTER Y MARCAR DELETED
GEO_0593,2816,FREDA ERNESTO FABIAN (Kiosco/Maxikiosco_P),23-17466054-9,0,7799,FREDA ERNESTO FABIAN (Kiosco/Maxikiosco_P),23-17466054-9,0,MOVER A MASTER Y MARCAR DELETED
GEO_0594,83271,RASPANTI  GABRIEL,20286536744,0,92308,RASPANTI  GABRIEL,20286536744,0,MOVER A MASTER Y MARCAR DELETED
GEO_0595,83270,EMANUELLI  CARLOS,20286529942,0,92307,EMANUELLI  CARLOS,20286529942,0,MOVER A MASTER Y MARCAR DELETED
GEO_0596,81879,ALEJANDRO P. FRONTINI,20105913010,0,90915,ALEJANDRO P. FRONTINI,20105913010,0,MOVER A MASTER Y MARCAR DELETED
GEO_0597,83295,ROMA  RODRIGO,20291893601,0,101058,Farmacia Roma,20-29189360-1,2,MOVER A MASTER Y MARCAR DELETED
GEO_0597,83295,ROMA  RODRIGO,20291893601,0,92332,ROMA  RODRIGO,20291893601,0,MOVER A MASTER Y MARCAR DELETED
GEO_0598,83300,PUYMALIE  CARLA,20292535733,0,92337,PUYMALIE  CARLA,20292535733,0,MOVER A MASTER Y MARCAR DELETED
GEO_0599,3454,CENZORIO WALTER ADRIAN (Almacen/Despensa_B),20-30948682-0,0,8515,CENZORIO WALTER ADRIAN (Almacen/Despensa_B),20-30948682-0,0,MOVER A MASTER Y MARCAR DELETED
GEO_0600,83311,BOLOGNESI LEONEL GUSTAVO,20296187802,0,92348,BOLOGNESI LEONEL GUSTAVO,20296187802,0,MOVER A MASTER Y MARCAR DELETED
GEO_0601,89395,FARMA BANFIELD  ZONA FARMA PASTEUR - GRACIELA,30711798567,0,98436,FARMA BANFIELD  ZONA FARMA PASTEUR - GRACIELA,30711798567,0,MOVER A MASTER Y MARCAR DELETED
GEO_0602,2498,ROMERO FLORENCIA (Almacen/Despensa_B),27-38282731-2,0,7511,ROMERO FLORENCIA (Almacen/Despensa_B),27-38282731-2,0,MOVER A MASTER Y MARCAR DELETED
GEO_0603,83341,MARCOS PAZ  PALOMEQUE MIGUEL FLORENCIO,20302602167,0,92378,MARCOS PAZ  PALOMEQUE MIGUEL FLORENCIO,20302602167,0,MOVER A MASTER Y MARCAR DELETED
GEO_0604,83365,*EL PROGRESO  MARIO,20309679939,0,92402,*EL PROGRESO  MARIO,20309679939,0,MOVER A MASTER Y MARCAR DELETED
GEO_0605,2563,CECCHI MICAELA ALEJANDRA (Almacen/Despensa_A),27-29147088-8,0,7656,CECCHI MICAELA ALEJANDRA (Almacen/Despensa_A),27-29147088-8,0,MOVER A MASTER Y MARCAR DELETED
GEO_0606,83460,DE LA CIUDAD II,20333617618,0,92497,DE LA CIUDAD II,20333617618,0,MOVER A MASTER Y MARCAR DELETED
GEO_0607,83402,FCIA.ROUVIERE,20319316737,0,92439,FCIA.ROUVIERE,20319316737,0,MOVER A MASTER Y MARCAR DELETED
GEO_0608,83402,FCIA.ROUVIERE,20319316737,0,92439,FCIA.ROUVIERE,20319316737,0,MOVER A MASTER Y MARCAR DELETED
GEO_0609,83432,DON BOSCO CORDOBA  EMANUEL,20326232506,0,92469,DON BOSCO CORDOBA  EMANUEL,20326232506,0,MOVER A MASTER Y MARCAR DELETED
GEO_0610,83459,FARMACIA DE LA CIUDAD,20333617618,0,92496,DE LA CIUDAD  JUAN JOSE,20333617618,0,MOVER A MASTER Y MARCAR DELETED
GEO_0611,88544,MINUZZI  DANIEL,30694306280,109,97583,MINUZZI  DANIEL,30694306280,0,MOVER A MASTER Y MARCAR DELETED
GEO_0612,88544,MINUZZI  DANIEL,30694306280,109,97583,MINUZZI  DANIEL,30694306280,0,MOVER A MASTER Y MARCAR DELETED
GEO_0613,86560,ALICIA BASILE / FARMACIA MARTIN RODRIGUEZ,27241295902,0,95598,ALICIA BASILE / FARMACIA MARTIN RODRIGUEZ,27241295902,0,MOVER A MASTER Y MARCAR DELETED
GEO_0614,1772,GONZALEZ GONZALO MANUEL (Almacen/Despensa_B),31265814,0,6858,GONZALEZ GONZALO MANUEL (Almacen/Despensa_B),31265814,0,MOVER A MASTER Y MARCAR DELETED
GEO_0615,3176,ALMIRON SEBASTIAN DANIEL (Resto de Tradicionales_C),20-36524157-1,0,8079,ALMIRON SEBASTIAN DANIEL (Resto de Tradicionales_C),20-36524157-1,0,MOVER A MASTER Y MARCAR DELETED
GEO_0616,2734,ABDALA LIDIA CARMEN (Kiosco/Maxikiosco_C),23-05487186-4,0,7787,ABDALA LIDIA CARMEN (Kiosco/Maxikiosco_C),23-05487186-4,0,MOVER A MASTER Y MARCAR DELETED
GEO_0617,85060,ZAETA ROSANA SILVIA  ROXANA,27162672784,0,94098,ZAETA ROSANA SILVIA  ROXANA,27162672784,0,MOVER A MASTER Y MARCAR DELETED
GEO_0618,2750,ROJAS ULISES GABRIEL (Almacen/Despensa_A),20-26492231-4,0,7889,ROJAS ULISES GABRIEL (Almacen/Despensa_A),20-26492231-4,0,MOVER A MASTER Y MARCAR DELETED
GEO_0619,88469,LOTTERSBERGER  MARIA ANGELICA,30689764351,0,97508,LOTTERSBERGER  MARIA ANGELICA,30689764351,0,MOVER A MASTER Y MARCAR DELETED
GEO_0620,83588,FARMACIA PAZ  ALEJANDRA Y GULIANO,20401071424,0,92625,FARMACIA PAZ  ALEJANDRA Y GULIANO,20401071424,0,MOVER A MASTER Y MARCAR DELETED
GEO_0621,83606,*CARMA ABDUL MASSIH,20924081091,0,92643,*CARMA ABDUL MASSIH,20924081091,0,MOVER A MASTER Y MARCAR DELETED
GEO_0622,83608,*PAZ CASTILLO LUCIO  LUCIO,20925741702,0,92645,*PAZ CASTILLO LUCIO  LUCIO,20925741702,0,MOVER A MASTER Y MARCAR DELETED
GEO_0623,83608,*PAZ CASTILLO LUCIO  LUCIO,20925741702,0,92645,*PAZ CASTILLO LUCIO  LUCIO,20925741702,0,MOVER A MASTER Y MARCAR DELETED
GEO_0624,83638,IDA M.MANEGLIA,23045082784,0,92675,IDA M.MANEGLIA,23045082784,0,MOVER A MASTER Y MARCAR DELETED
GEO_0625,83617,BELGAUSS,20934469144,0,92654,BELGAUSS,20934469144,0,MOVER A MASTER Y MARCAR DELETED
GEO_0626,83640,NETHOL OSVALDO N.,23046462939,0,92677,NETHOL OSVALDO N.,23046462939,0,MOVER A MASTER Y MARCAR DELETED
GEO_0627,88748,FARMACIA LIDER,30707942297,0,97788,FARMACIA LIDER,30707942297,0,MOVER A MASTER Y MARCAR DELETED
GEO_0628,88748,FARMACIA LIDER,30707942297,0,97788,FARMACIA LIDER,30707942297,0,MOVER A MASTER Y MARCAR DELETED
GEO_0629,83643,285 ULAGNERO JORGE RAUL,23049794509,0,92680,"285 ULAGNERO, JORGE RAUL",23049794509,0,MOVER A MASTER Y MARCAR DELETED
GEO_0630,83644,NARANJA G  MARIA TERESA SANTILLE,23052158214,0,92681,NARANJA G  MARIA TERESA SANTILLE,23052158214,0,MOVER A MASTER Y MARCAR DELETED
GEO_0631,83664,FARMACIAS FARIAS I,23083803029,0,92701,FARMACIAS FARIAS I,23083803029,0,MOVER A MASTER Y MARCAR DELETED
GEO_0632,83672,GEREMIA SUSANA LILIANA,23114416274,0,92709,GEREMIA SUSANA LILIANA,23114416274,0,MOVER A MASTER Y MARCAR DELETED
GEO_0633,83674,VILLAFA#E-MANANTIAL  VILLAFAñE MERCEDES DEL CARMEN,23114680354,0,100177,VILLAFA#E-MANANTIAL,23114680354,0,MOVER A MASTER Y MARCAR DELETED
GEO_0633,83674,VILLAFA#E-MANANTIAL  VILLAFAñE MERCEDES DEL CARMEN,23114680354,0,92711,VILLAFA#E-MANANTIAL  VILLAFAñE MERCEDES DEL CARMEN,23114680354,0,MOVER A MASTER Y MARCAR DELETED
GEO_0634,100759,MONREAL GRACIELA LILIANA,27-16454120-2,9,94132,MONREAL GRACIELA LILIANA,27164541202,0,MOVER A MASTER Y MARCAR DELETED
GEO_0634,100759,MONREAL GRACIELA LILIANA,27-16454120-2,9,85094,MONREAL GRACIELA LILIANA,27164541202,0,MOVER A MASTER Y MARCAR DELETED
GEO_0635,84205,*AGUIRRE NORMA LETICIA  NORMA,27037033265,0,93242,*AGUIRRE NORMA LETICIA  NORMA,27037033265,0,MOVER A MASTER Y MARCAR DELETED
GEO_0636,83707,TREU  RINA,23133717234,0,92744,TREU  RINA,23133717234,0,MOVER A MASTER Y MARCAR DELETED
GEO_0637,83707,TREU  RINA,23133717234,0,92744,TREU  RINA,23133717234,0,MOVER A MASTER Y MARCAR DELETED
GEO_0638,83734,SCOZZIERO CARLOS A.  SCOZZIERO CARLOS,23143286819,0,92771,SCOZZIERO CARLOS A.  SCOZZIERO CARLOS,23143286819,0,MOVER A MASTER Y MARCAR DELETED
GEO_0639,83748,FARMA NORTE  SONIS,23148398054,0,92785,FARMA NORTE  SONIS,23148398054,0,MOVER A MASTER Y MARCAR DELETED
GEO_0640,83753,BERNY-Y.BUENA  CARLOS GABRIEL GONZALEZ,23160395869,0,100624,BERNY-Y.BUENA,23160395869,0,MOVER A MASTER Y MARCAR DELETED
GEO_0640,83753,BERNY-Y.BUENA  CARLOS GABRIEL GONZALEZ,23160395869,0,92790,BERNY-Y.BUENA  CARLOS GABRIEL GONZALEZ,23160395869,0,MOVER A MASTER Y MARCAR DELETED
GEO_0641,83759,FARMACIA CENTRO II,23162498274,0,92797,FARMACIA CENTRO II,23162498274,0,MOVER A MASTER Y MARCAR DELETED
GEO_0642,87978,FARMACIA PRESIDENTE QUINTANA S.,30580708753,0,97017,FARMACIA PRESIDENTE QUINTANA S.,30580708753,0,MOVER A MASTER Y MARCAR DELETED
GEO_0643,87981,FARMAFE FATIMA,30582664257,0,97020,FARMAFE FATIMA,30582664257,0,MOVER A MASTER Y MARCAR DELETED
GEO_0644,83764,VIGLIONE  FABIAN Y ANGELO,23164471969,0,92802,VIGLIONE  FABIAN Y ANGELO,23164471969,0,MOVER A MASTER Y MARCAR DELETED
GEO_0645,82743,DEL JARDIN,20213280474,0,91779,DEL JARDIN,20213280474,0,MOVER A MASTER Y MARCAR DELETED
GEO_0646,83791,FCIA.MOROSINI  FARMACIA MOROSINI,23172760694,0,92829,FCIA.MOROSINI  FARMACIA MOROSINI,23172760694,0,MOVER A MASTER Y MARCAR DELETED
GEO_0647,83858,ARIES II  MARCELO MARUCCI,23200171799,0,92895,ARIES II  MARCELO MARUCCI,23200171799,0,MOVER A MASTER Y MARCAR DELETED
GEO_0648,83860,YULN,23200340574,0,92897,YULN,23200340574,0,MOVER A MASTER Y MARCAR DELETED
GEO_0649,2123,JALIL JOSE (Autoservicio Tradicional_B),20-05034107-1,0,7112,JALIL JOSE (Autoservicio Tradicional_B),20-05034107-1,0,MOVER A MASTER Y MARCAR DELETED
GEO_0650,83897,FARMACIA SAN BENITO,23209409259,0,92934,FARMACIA SAN BENITO,23209409259,0,MOVER A MASTER Y MARCAR DELETED
GEO_0651,3143,ESNAOLA CAROLINA ROSANA (Almacen/Despensa_B),27-28933543-4,0,8073,ESNAOLA CAROLINA ROSANA (Almacen/Despensa_B),27-28933543-4,0,MOVER A MASTER Y MARCAR DELETED
GEO_0652,84714,SALTA,27130674734,0,100225,SALTA,27130674734,0,MOVER A MASTER Y MARCAR DELETED
GEO_0652,84714,SALTA,27130674734,0,93752,SALTA,27130674734,0,MOVER A MASTER Y MARCAR DELETED
GEO_0653,83918,SPINELLA MARIA RITA,23216062264,0,92955,SPINELLA MARIA RITA,23216062264,0,MOVER A MASTER Y MARCAR DELETED
GEO_0654,88633,FARMACIA LE SANTE,30707100776,0,97673,FARMACIA LE SANTE,30707100776,0,MOVER A MASTER Y MARCAR DELETED
GEO_0655,3175,ANDURELL LIGIA (Autoservicio Tradicional_C),22259398,0,8064,ANDURELL LIGIA (Autoservicio Tradicional_A),22259398,0,MOVER A MASTER Y MARCAR DELETED
GEO_0656,83945,FCIA.ARIAS(PASTEUR)  MACARENA DE 8 A 12,23222441544,0,92982,FCIA.ARIAS(PASTEUR)  MACARENA DE 8 A 12,23222441544,0,MOVER A MASTER Y MARCAR DELETED
GEO_0657,87811,FARMACIA LE SANTE,30529508723,0,96848,FARMACIA LE SANTE,30529508723,0,MOVER A MASTER Y MARCAR DELETED
GEO_0658,2194,GALLARDO GONZALO (Kiosco/Maxikiosco_A),20-35893553-3,0,7049,GALLARDO GONZALO (Kiosco/Maxikiosco_A),20-35893553-3,0,MOVER A MASTER Y MARCAR DELETED
GEO_0659,3239,ZHENG JINHUI (Autoservicio Tradicional_A),20-95292322-7,0,8460,ZHENG JINHUI (Autoservicio Tradicional_P),20-95292322-7,0,MOVER A MASTER Y MARCAR DELETED
GEO_0660,3177,MATIAS NAHUEL (Kiosco/Maxikiosco_P),20-41309131-5,0,8060,MATIAS NAHUEL (Kiosco/Maxikiosco_A),20-41309131-5,0,MOVER A MASTER Y MARCAR DELETED
GEO_0661,84017,*LUISA ROMAN PERFUMERIA  MAURICIO,23251793484,0,93054,*LUISA ROMAN PERFUMERIA  MAURICIO,23251793484,0,MOVER A MASTER Y MARCAR DELETED
GEO_0662,84021,PUERTO DE PALOS  MERIANA,23253363304,0,93058,PUERTO DE PALOS  MERIANA,23253363304,0,MOVER A MASTER Y MARCAR DELETED
GEO_0663,84024,GUADALUPE 2  JOSE,23254329584,0,93061,GUADALUPE 2  JOSE,23254329584,0,MOVER A MASTER Y MARCAR DELETED
GEO_0664,84027,ACOSTA MARCELO FABIAN,23255845209,0,93064,ACOSTA MARCELO FABIAN,23255845209,0,MOVER A MASTER Y MARCAR DELETED
GEO_0664,84027,ACOSTA MARCELO FABIAN,23255845209,0,101494,farmacia acosta,23-25584520-9,0,MOVER A MASTER Y MARCAR DELETED
GEO_0665,4938,AGUIAR MARCOS JAVIER (Almacen/Despensa_A),20-33348753-6,0,10239,AGUIAR MARCOS JAVIER (Almacen/Despensa_B),20-33348753-6,0,MOVER A MASTER Y MARCAR DELETED
GEO_0666,88724,MODERNA,30707810218,0,97764,MODERNA,30707810218,0,MOVER A MASTER Y MARCAR DELETED
GEO_0667,3303,CUELLO NORA ELISABET  (Almacen/Despensa_B),23-17466115-4,0,8484,CUELLO NORA ELISABET  (Almacen/Despensa_B),23-17466115-4,0,MOVER A MASTER Y MARCAR DELETED
GEO_0668,84068,SANTA ISABEL  FLORENCIA O CLAUDIA,23291038794,0,93105,SANTA ISABEL  FLORENCIA O CLAUDIA,23291038794,0,MOVER A MASTER Y MARCAR DELETED
GEO_0669,2345,PHILIPPE SOUCHAY------LENISA V. (Almacen/Despensa_B),20-94734967-9,0,7484,PHILIPPE SOUCHAY------LENISA V. (Almacen/Despensa_B),20-94734967-9,0,MOVER A MASTER Y MARCAR DELETED
GEO_0670,2139,LA PAMPA 3 SH (Resto de On Premise_A),30-71713314-1,0,7462,LA PAMPA 3 SH (Resto de On Premise_A),30-71713314-1,0,MOVER A MASTER Y MARCAR DELETED
GEO_0671,89455,FARMABELEN,30712214976,0,98496,FARMABELEN,30712214976,0,MOVER A MASTER Y MARCAR DELETED
GEO_0672,84399,MUÑECAS  PAZ MARTHA ROSA,27104559366,0,100317,MU�ECAS,27104559366,0,MOVER A MASTER Y MARCAR DELETED
GEO_0672,84399,MUÑECAS  PAZ MARTHA ROSA,27104559366,0,93436,MUÑECAS  PAZ MARTHA ROSA,27104559366,0,MOVER A MASTER Y MARCAR DELETED
GEO_0673,84191,VENETO,27025275891,0,100183,VENETO,27025275891,0,MOVER A MASTER Y MARCAR DELETED
GEO_0673,84191,VENETO,27025275891,0,93228,VENETO,27025275891,0,MOVER A MASTER Y MARCAR DELETED
GEO_0674,89005,DI FARMA SALUD 1,30709152137,0,183,Difarma 1,30-70915213-7,0,MOVER A MASTER Y MARCAR DELETED
GEO_0674,89005,DI FARMA SALUD 1,30709152137,0,98045,DI FARMA SALUD 1,30709152137,0,MOVER A MASTER Y MARCAR DELETED
GEO_0675,83905,LA VIEJA BOTICA  WALTER,23213980939,0,92942,LA VIEJA BOTICA  WALTER,23213980939,0,MOVER A MASTER Y MARCAR DELETED
GEO_0676,84250,ASUNCION,27047062859,0,93287,ASUNCION,27047062859,0,MOVER A MASTER Y MARCAR DELETED
GEO_0676,84250,ASUNCION,27047062859,0,100630,ASUNCION,27047062859,0,MOVER A MASTER Y MARCAR DELETED
GEO_0677,84040,PERFUMERIA MARY SANT,23265887619,0,93077,PERFUMERIA MARY SANT,23265887619,0,MOVER A MASTER Y MARCAR DELETED
GEO_0678,84268,SAENZ PE#A  ALICIA LETTIER,27050005610,0,93305,SAENZ PE#A  ALICIA LETTIER,27050005610,0,MOVER A MASTER Y MARCAR DELETED
GEO_0678,84268,SAENZ PE#A  ALICIA LETTIER,27050005610,0,100228,SAENZ PE#A,27050005610,0,MOVER A MASTER Y MARCAR DELETED
GEO_0679,84280,DELVECCHIO MARIA B.  GABRIEL,27052572768,0,93317,DELVECCHIO MARIA B.  GABRIEL,27052572768,0,MOVER A MASTER Y MARCAR DELETED
GEO_0680,3428,DISTRIBUIDORA ARRIBEÑOS (SUBDISTRIBUIDOR_C),93529746,0,8727,DISTRIBUIDORA ARRIBEÑOS (SUBDISTRIBUIDOR_C),93529746,0,MOVER A MASTER Y MARCAR DELETED
GEO_0681,84298,NTRA.SRA.DEL VALLE-BR,27056095964,0,93335,NTRA.SRA.DEL VALLE-BR,27056095964,0,MOVER A MASTER Y MARCAR DELETED
GEO_0681,84298,NTRA.SRA.DEL VALLE-BR,27056095964,0,100306,NTRA.SRA.DEL VALLE-BR,27056095964,0,MOVER A MASTER Y MARCAR DELETED
GEO_0682,84300,NAMUNCURA,27056255171,0,93337,NAMUNCURA,27056255171,0,MOVER A MASTER Y MARCAR DELETED
GEO_0682,84300,NAMUNCURA,27056255171,0,100315,NAMUNCURA,27056255171,0,MOVER A MASTER Y MARCAR DELETED
GEO_0683,86410,LA PAZ  DEL TOSO SILVINA MARCELA,27232383882,0,100377,LA PAZ,27232383882,0,MOVER A MASTER Y MARCAR DELETED
GEO_0683,86410,LA PAZ  DEL TOSO SILVINA MARCELA,27232383882,0,95448,LA PAZ  DEL TOSO SILVINA MARCELA,27232383882,0,MOVER A MASTER Y MARCAR DELETED
GEO_0684,86410,LA PAZ  DEL TOSO SILVINA MARCELA,27232383882,0,100377,LA PAZ,27232383882,0,MOVER A MASTER Y MARCAR DELETED
GEO_0684,86410,LA PAZ  DEL TOSO SILVINA MARCELA,27232383882,0,95448,LA PAZ  DEL TOSO SILVINA MARCELA,27232383882,0,MOVER A MASTER Y MARCAR DELETED
GEO_0685,2260,SOSA ROSANA EDITH (Almacen/Despensa_A),27-18011524-8,0,7439,SOSA ROSANA EDITH (Almacen/Despensa_A),27-18011524-8,0,MOVER A MASTER Y MARCAR DELETED
GEO_0686,84323,SAGITARIO,27059971331,0,93360,SAGITARIO,27059971331,0,MOVER A MASTER Y MARCAR DELETED
GEO_0686,84323,SAGITARIO,27059971331,0,100227,SAGITARIO,27059971331,0,MOVER A MASTER Y MARCAR DELETED
GEO_0687,84335,LIBERTAD,27061840287,0,93372,LIBERTAD,27061840287,0,MOVER A MASTER Y MARCAR DELETED
GEO_0687,84335,LIBERTAD,27061840287,0,100367,LIBERTAD,27061840287,0,MOVER A MASTER Y MARCAR DELETED
GEO_0688,4425,"FUNDACION COOPERADORA DE LA NUTRICION INFANTIL, FU (Instituciones_C)",30-68418454-3,0,9366,"FUNDACION COOPERADORA DE LA NUTRICION INFANTIL, FU (Instituciones_C)",30-68418454-3,0,MOVER A MASTER Y MARCAR DELETED
GEO_0689,3623,GRUPO COLOME S A. (Instituciones_C),30-70741358-8,0,8612,GRUPO COLOME S A. (Instituciones_C),30-70741358-8,0,MOVER A MASTER Y MARCAR DELETED
GEO_0690,84369,GUIDI,27067156191,0,93406,GUIDI,27067156191,0,MOVER A MASTER Y MARCAR DELETED
GEO_0691,82359,FAVALORO  CARLOS HERMANSON,20171829748,0,91395,FAVALORO  CARLOS HERMANSON,20171829748,0,MOVER A MASTER Y MARCAR DELETED
GEO_0692,84402,*ORGANSA PERFUMERIA  DELIA,27105012778,0,93439,*ORGANSA PERFUMERIA  DELIA,27105012778,0,MOVER A MASTER Y MARCAR DELETED
GEO_0693,88170,FCIA.MEJORANDO,30643859781,0,97210,FCIA.MEJORANDO,30643859781,0,MOVER A MASTER Y MARCAR DELETED
GEO_0694,3718,NEGRI SANDRA VERONICA  (Almacen/Despensa_C),27-23053226-0,0,8881,NEGRI SANDRA VERONICA  (Almacen/Despensa_C),27-23053226-0,0,MOVER A MASTER Y MARCAR DELETED
GEO_0695,84439,SUPPO NORA RITA,27109579047,0,93476,SUPPO NORA RITA,27109579047,0,MOVER A MASTER Y MARCAR DELETED
GEO_0696,3750,ADROVER JOSE (Almacen/Despensa_C),11391010,0,8927,ADROVER JOSE (Almacen/Despensa_C),11391010,0,MOVER A MASTER Y MARCAR DELETED
GEO_0697,3751,BOTTA ALICIA MARIA (Almacen/Despensa_B),23-29098649-4,0,8928,BOTTA ALICIA MARIA (Almacen/Despensa_B),23-29098649-4,0,MOVER A MASTER Y MARCAR DELETED
GEO_0698,84467,LISTER - TUCUMAN  HERRERA LIDIA ISABEL,27112390761,0,93504,LISTER - TUCUMAN  HERRERA LIDIA ISABEL,27112390761,0,MOVER A MASTER Y MARCAR DELETED
GEO_0699,81725,EDUARDO H.FOGLIA,20046337507,0,90760,EDUARDO H.FOGLIA,20046337507,0,MOVER A MASTER Y MARCAR DELETED
GEO_0700,84494,VIDAL NILDA  FARMACIA VIDAL DANA,27116729623,0,93531,VIDAL NILDA  FARMACIA VIDAL DANA,27116729623,0,MOVER A MASTER Y MARCAR DELETED
GEO_0701,84508,SAN ROQUE,27117640448,0,93545,SAN ROQUE,27117640448,0,MOVER A MASTER Y MARCAR DELETED
GEO_0701,84508,SAN ROQUE,27117640448,0,100219,SAN ROQUE,27117640448,0,MOVER A MASTER Y MARCAR DELETED
GEO_0702,84496,FELISA I.DEL PINO,27116780092,0,93533,FELISA I.DEL PINO,27116780092,0,MOVER A MASTER Y MARCAR DELETED
GEO_0703,84510,MORIGI ELENA,27117762918,0,93547,MORIGI ELENA,27117762918,0,MOVER A MASTER Y MARCAR DELETED
GEO_0704,84538,BARBADO  GONZALEZ GRACIELA RAMONA,27119097857,0,100627,BARBADO,27119097857,0,MOVER A MASTER Y MARCAR DELETED
GEO_0704,84538,BARBADO  GONZALEZ GRACIELA RAMONA,27119097857,0,93575,BARBADO  GONZALEZ GRACIELA RAMONA,27119097857,0,MOVER A MASTER Y MARCAR DELETED
GEO_0705,81728,JUAN C. RICCI,20046436777,0,90763,JUAN C. RICCI,20046436777,0,MOVER A MASTER Y MARCAR DELETED
GEO_0706,100786,farmacia filgueira,20-05255910-4,127,81739,OSCAR R.FILGUEIRA  FARMACIA FILGUEIRA,20052559104,0,MOVER A MASTER Y MARCAR DELETED
GEO_0706,100786,farmacia filgueira,20-05255910-4,127,90774,OSCAR R.FILGUEIRA  FARMACIA FILGUEIRA,20052559104,0,MOVER A MASTER Y MARCAR DELETED
GEO_0707,101090,FARMACIA UNIMEV,27-12287179-2,63,84583,495 AVECILLA NANCY ALICIA  UNIMEV,27122871792,0,MOVER A MASTER Y MARCAR DELETED
GEO_0707,101090,FARMACIA UNIMEV,27-12287179-2,63,93620,"495 AVECILLA, NANCY ALICIA  UNIMEV",27122871792,0,MOVER A MASTER Y MARCAR DELETED
GEO_0708,84582,BASUALDO  ORTIZ BASUALDO LILIANA DEL ROSARIO,27122720247,0,100626,BASUALDO,27122720247,0,MOVER A MASTER Y MARCAR DELETED
GEO_0708,84582,BASUALDO  ORTIZ BASUALDO LILIANA DEL ROSARIO,27122720247,0,93619,BASUALDO  ORTIZ BASUALDO LILIANA DEL ROSARIO,27122720247,0,MOVER A MASTER Y MARCAR DELETED
GEO_0709,84615,FCIA.SCARPIGNATO MARIA  MARIA DEL CARMEN,27125211572,0,93652,FCIA.SCARPIGNATO MARIA  MARIA DEL CARMEN,27125211572,0,MOVER A MASTER Y MARCAR DELETED
GEO_0710,84193,EDA N.ANDRES,27027383012,0,93230,EDA N.ANDRES,27027383012,0,MOVER A MASTER Y MARCAR DELETED
GEO_0711,3976,FERRERO GASTON LEANDRO (Almacen/Despensa_C),20-24652631-2,0,9227,FERRERO GASTON LEANDRO (Almacen/Despensa_C),20-24652631-2,0,MOVER A MASTER Y MARCAR DELETED
GEO_0712,88257,FARMACIA SAN BERNARDO S.C.S.,30667825489,0,97296,FARMACIA SAN BERNARDO S.C.S.,30667825489,0,MOVER A MASTER Y MARCAR DELETED
GEO_0713,4008,DE CAMILIS LUCILA (Almacen/Despensa_A),27-37812874-4,0,9171,DE CAMILIS LUCILA (Almacen/Despensa_A),27-37812874-4,0,MOVER A MASTER Y MARCAR DELETED
GEO_0714,100837,Farmacia Martinez,20-17815186-0,24,100836,farmacia martinez scs,20-17815186-0,7,MOVER A MASTER Y MARCAR DELETED
GEO_0715,86163,DEL SOL,27220954671,0,100580,DEL SOL,27220954671,0,MOVER A MASTER Y MARCAR DELETED
GEO_0715,86163,DEL SOL,27220954671,0,95201,DEL SOL,27220954671,0,MOVER A MASTER Y MARCAR DELETED
GEO_0716,90031,SERRAT PRE 91 S.C.S  PREVILEY,30716567385,0,100814,Farmacias Previley,30-71656738-5,13,MOVER A MASTER Y MARCAR DELETED
GEO_0716,90031,SERRAT PRE 91 S.C.S  PREVILEY,30716567385,0,99072,SERRAT PRE 91 S.C.S  PREVILEY,30716567385,0,MOVER A MASTER Y MARCAR DELETED
GEO_0717,100818,farmacia filgueira fernandez ,30-71013521-1,18,89150,FARMACIA FILGUEIRA-FERNANDEZ S.C.S  FILGUEIRA,30710135211,0,MOVER A MASTER Y MARCAR DELETED
GEO_0717,100818,farmacia filgueira fernandez ,30-71013521-1,18,98191,FARMACIA FILGUEIRA-FERNANDEZ S.C.S  FILGUEIRA,30710135211,0,MOVER A MASTER Y MARCAR DELETED
GEO_0718,4040,CONDORI ROMERO DENISE (Kiosco/Maxikiosco_C),40548502,0,9245,CONDORI ROMERO DENISE (Kiosco/Maxikiosco_C),40548502,0,MOVER A MASTER Y MARCAR DELETED
GEO_0719,82965,BLANCO,20234771079,0,100830,DE LA BARCA,20-23477107-9,0,MOVER A MASTER Y MARCAR DELETED
GEO_0719,82965,BLANCO,20234771079,0,92001,BLANCO,20234771079,0,MOVER A MASTER Y MARCAR DELETED
GEO_0720,4072,MIGLIAVACCA MANUEL (Resto de On Premise_C),39764766,0,9167,MIGLIAVACCA MANUEL (Resto de On Premise_C),39764766,0,MOVER A MASTER Y MARCAR DELETED
GEO_0721,4072,MIGLIAVACCA MANUEL (Resto de On Premise_C),39764766,0,9167,MIGLIAVACCA MANUEL (Resto de On Premise_C),39764766,0,MOVER A MASTER Y MARCAR DELETED
GEO_0722,88647,FARMACIA DEL CENTRO MDQ S.C.S  BAUZA,30707218874,0,100817,Bauza II,30-70721887-4,166,MOVER A MASTER Y MARCAR DELETED
GEO_0722,88647,FARMACIA DEL CENTRO MDQ S.C.S  BAUZA,30707218874,0,97687,FARMACIA DEL CENTRO MDQ S.C.S  BAUZA,30707218874,0,MOVER A MASTER Y MARCAR DELETED
GEO_0723,100851,FARMACIA LA PLAZA,27-18443218-3,61,100820,farmacia la plaza,27-18443218-3,0,MOVER A MASTER Y MARCAR DELETED
GEO_0724,84792,PASCUAL LAURA A.,27135880634,0,93830,PASCUAL LAURA A.,27135880634,0,MOVER A MASTER Y MARCAR DELETED
GEO_0725,84792,PASCUAL LAURA A.,27135880634,0,93830,PASCUAL LAURA A.,27135880634,0,MOVER A MASTER Y MARCAR DELETED
GEO_0726,86242,FCIA.CENTENARIO  VANESA SUAREZ,27223877848,0,95280,FCIA.CENTENARIO  VANESA SUAREZ,27223877848,0,MOVER A MASTER Y MARCAR DELETED
GEO_0726,86242,FCIA.CENTENARIO  VANESA SUAREZ,27223877848,0,101288,Farmacia Centenario,27-22387784-8,5,MOVER A MASTER Y MARCAR DELETED
GEO_0727,84794,LUCARELLI NORMA  NORMA,27135905300,0,93832,LUCARELLI NORMA  NORMA,27135905300,0,MOVER A MASTER Y MARCAR DELETED
GEO_0728,100791,farmacia lourdes,27-22634444-1,5,101275,farmacia lourdes,27-22634444-1,3,MOVER A MASTER Y MARCAR DELETED
GEO_0729,84817,FCIA.LUCHETTA LILIANA  LUCHETTA,27137485872,0,93855,FCIA.LUCHETTA LILIANA  LUCHETTA,27137485872,0,MOVER A MASTER Y MARCAR DELETED
GEO_0730,87227,VILETTO ALEJANDRA  ALEJADRA,27312152458,0,100841,Famacia Viletto,27-31215245-8,4,MOVER A MASTER Y MARCAR DELETED
GEO_0730,87227,VILETTO ALEJANDRA  ALEJADRA,27312152458,0,96264,VILETTO ALEJANDRA  ALEJADRA,27312152458,0,MOVER A MASTER Y MARCAR DELETED
GEO_0731,84822,NIDIA N.BERTINETTI,27138067772,14,93860,NIDIA N.BERTINETTI,27138067772,0,MOVER A MASTER Y MARCAR DELETED
GEO_0732,82109,PAÑALERA CENTRAL SAN JUSTO,20141165861,13,91145,PAÑALERA CENTRAL SAN JUSTO,20141165861,0,MOVER A MASTER Y MARCAR DELETED
GEO_0733,87991,ARALDI (LA PLATA),30585495227,0,97030,ARALDI (LA PLATA),30585495227,0,MOVER A MASTER Y MARCAR DELETED
GEO_0734,3361,VELOSO ALEJANDRO ALBERTO (Carniceria/Granja_B),20-21826852-9,0,8282,VELOSO ALEJANDRO ALBERTO (Carniceria/Granja_B),20-21826852-9,0,MOVER A MASTER Y MARCAR DELETED
GEO_0735,81729,FARMACIA BAUER,20046860463,0,90764,FARMACIA BAUER,20046860463,0,MOVER A MASTER Y MARCAR DELETED
GEO_0736,85724,FCIA.GRANDOLI  MIERCOLES A LAS 16,27201736760,0,94762,FCIA.GRANDOLI  MIERCOLES A LAS 16,27201736760,0,MOVER A MASTER Y MARCAR DELETED
GEO_0737,86176,SOTOMAYOR ANDREA  SAN ANDRES,27221542784,0,95214,"SOTOMAYOR, ANDREA  SAN ANDRES",27221542784,0,MOVER A MASTER Y MARCAR DELETED
GEO_0738,86069,FCIA.PELOSINORA LUJAN  FARMACIA PELOSI,27216925411,0,95107,"FCIA.PELOSI,NORA LUJAN  FARMACIA PELOSI",27216925411,0,MOVER A MASTER Y MARCAR DELETED
GEO_0739,86069,FCIA.PELOSINORA LUJAN  FARMACIA PELOSI,27216925411,0,95107,"FCIA.PELOSI,NORA LUJAN  FARMACIA PELOSI",27216925411,0,MOVER A MASTER Y MARCAR DELETED
GEO_0740,89775,RED MAS FARMACIAS Y PERFUMERIA S.C.S.  GOMEZ,30715252909,0,98816,RED MAS FARMACIAS Y PERFUMERIA S.C.S.  GOMEZ,30715252909,0,MOVER A MASTER Y MARCAR DELETED
GEO_0741,84881,JULIETA - YERBA BUENA  BAJON LEONOR CRISTINA,27142267018,0,93919,JULIETA - YERBA BUENA  BAJON LEONOR CRISTINA,27142267018,0,MOVER A MASTER Y MARCAR DELETED
GEO_0742,84881,JULIETA - YERBA BUENA  BAJON LEONOR CRISTINA,27142267018,0,93919,JULIETA - YERBA BUENA  BAJON LEONOR CRISTINA,27142267018,0,MOVER A MASTER Y MARCAR DELETED
GEO_0743,4180,LIBRERIA BRICOLAGE (Kiosco/Maxikiosco_P),27-39164155-8,0,9459,LIBRERIA BRICOLAGE (Kiosco/Maxikiosco_B),27-39164155-8,0,MOVER A MASTER Y MARCAR DELETED
GEO_0744,81731,AMANATTO,20048484914,0,90766,AMANATTO,20048484914,0,MOVER A MASTER Y MARCAR DELETED
GEO_0745,81733,BELGRANO,20049287268,0,90768,BELGRANO,20049287268,0,MOVER A MASTER Y MARCAR DELETED
GEO_0746,81736,FARMACIA GALICIA,20050982328,0,90771,FARMACIA GALICIA,20050982328,0,MOVER A MASTER Y MARCAR DELETED
GEO_0747,89760,PROTEGER SALUD DEL PROVINCIA,30715182870,0,98801,PROTEGER SALUD DEL PROVINCIA,30715182870,0,MOVER A MASTER Y MARCAR DELETED
GEO_0748,100825,Perfumeria Nazaret,20-16645421-3,57,101669,Farmacia Nazaret,20-16645421-3,0,MOVER A MASTER Y MARCAR DELETED
GEO_0749,81730,LORENZETTI ALBERTO E.  ALEBERTO,20047070385,0,90765,LORENZETTI ALBERTO E.  ALEBERTO,20047070385,0,MOVER A MASTER Y MARCAR DELETED
GEO_0750,81750,FARMACIA OLAZABAL,20056132040,0,90785,FARMACIA OLAZABAL,20056132040,0,MOVER A MASTER Y MARCAR DELETED
GEO_0751,86618,MARKETING FARM 1  MICHELLE Y EVANGELINA,27244442019,0,100845,Farmacia Avellaneda,27-24444201-9,14,MOVER A MASTER Y MARCAR DELETED
GEO_0751,86618,MARKETING FARM 1  MICHELLE Y EVANGELINA,27244442019,0,95656,MARKETING FARM 1  MICHELLE Y EVANGELINA,27244442019,0,MOVER A MASTER Y MARCAR DELETED
GEO_0752,81747,283 JAKUBSON JORGE RUBEN  FCIA. COQUIMBITO,20055422142,0,90782,"283 JAKUBSON, JORGE RUBEN  FCIA. COQUIMBITO",20055422142,0,MOVER A MASTER Y MARCAR DELETED
GEO_0753,81749,SANTA RITA - LASTENIA,20055995827,0,90784,SANTA RITA - LASTENIA,20055995827,0,MOVER A MASTER Y MARCAR DELETED
GEO_0754,81743,MILANI DANIEL MARIO R.  DANIEL,20053951555,0,90778,MILANI DANIEL MARIO R.  DANIEL,20053951555,0,MOVER A MASTER Y MARCAR DELETED
GEO_0755,81743,MILANI DANIEL MARIO R.  DANIEL,20053951555,0,90778,MILANI DANIEL MARIO R.  DANIEL,20053951555,0,MOVER A MASTER Y MARCAR DELETED
GEO_0756,81758,DEL SARTO ORFILIO  GUSTAVO,20061053655,7,90793,DEL SARTO ORFILIO  GUSTAVO,20061053655,0,MOVER A MASTER Y MARCAR DELETED
GEO_0757,88328,2207 FCIA.REGIONAL SRL  SANTA ANA ESQUINA 25 DE MAYO,30676365784,0,97367,2207 FCIA.REGIONAL SRL  SANTA ANA ESQUINA 25 DE MAYO,30676365784,0,MOVER A MASTER Y MARCAR DELETED
GEO_0758,81780,RODOLFO D.MARCHETTO,20066915787,0,90815,RODOLFO D.MARCHETTO,20066915787,0,MOVER A MASTER Y MARCAR DELETED
GEO_0759,85930,A GRANEL,27208543054,0,94968,A GRANEL,27208543054,0,MOVER A MASTER Y MARCAR DELETED
GEO_0760,19178,Prisma Perfumerias,30-71522234-1,0,89769,ALGAZE J. A.-BREA SEB.SOC.LEY 19550 CQAP.1SECC.IV,30715222341,0,MOVER A MASTER Y MARCAR DELETED
GEO_0760,19178,Prisma Perfumerias,30-71522234-1,0,161,Prisma Perfumerias,30-71522234-1,0,MOVER A MASTER Y MARCAR DELETED
GEO_0760,19178,Prisma Perfumerias,30-71522234-1,0,98810,ALGAZE J. A.-BREA SEB.SOC.LEY 19550 CQAP.1SECC.IV,30715222341,0,MOVER A MASTER Y MARCAR DELETED
GEO_0761,100795,farmacia yanni,30-71685737-5,34,101181,farmacia yanni,30-71685737-5,1,MOVER A MASTER Y MARCAR DELETED
GEO_0761,100795,farmacia yanni,30-71685737-5,34,99140,FARMACIA YANNI /,30716857375,0,MOVER A MASTER Y MARCAR DELETED
GEO_0761,100795,farmacia yanni,30-71685737-5,34,90099,FARMACIA YANNI /,30716857375,0,MOVER A MASTER Y MARCAR DELETED
GEO_0762,89790,DEL AGUILA POLVORINES,30715272632,0,98831,DEL AGUILA POLVORINES,30715272632,0,MOVER A MASTER Y MARCAR DELETED
GEO_0763,85020,FASANO  EDELVEY,27160459870,0,94058,FASANO  EDELVEY,27160459870,0,MOVER A MASTER Y MARCAR DELETED
GEO_0764,88310,881 FCIA. DEL SIGLO S.A.,30672113209,0,97349,881 FCIA. DEL SIGLO S.A.,30672113209,0,MOVER A MASTER Y MARCAR DELETED
GEO_0765,88406,FARMACIA MAR Y SIERRA S.C.S.  SANTICH,30685586912,0,97445,FARMACIA MAR Y SIERRA S.C.S.  SANTICH,30685586912,0,MOVER A MASTER Y MARCAR DELETED
GEO_0765,88406,FARMACIA MAR Y SIERRA S.C.S.  SANTICH,30685586912,0,100847,farmacia santich,30-68558691-2,3,MOVER A MASTER Y MARCAR DELETED
GEO_0766,81790,SAN PABLO - SAN PABLO  LAURA BECHARA,20070862051,0,90825,SAN PABLO - SAN PABLO  LAURA BECHARA,20070862051,0,MOVER A MASTER Y MARCAR DELETED
GEO_0767,89793,PHARMA 1492 S.C.S.  FARMACIA COLON,30715288083,0,98834,PHARMA 1492 S.C.S.  FARMACIA COLON,30715288083,0,MOVER A MASTER Y MARCAR DELETED
GEO_0768,81796,SOLIDARIA V,20076545686,0,90831,SOLIDARIA V,20076545686,0,MOVER A MASTER Y MARCAR DELETED
GEO_0769,85038,BALI  ELIAS Y BALI,27161570074,0,94076,BALI  ELIAS Y BALI,27161570074,0,MOVER A MASTER Y MARCAR DELETED
GEO_0770,5154,SUMMIT AGRO ARGENTINA SA (Particular_A),30-70778322-9,0,10026,SUMMIT AGRO ARGENTINA SA (Particular_A),30-70778322-9,0,MOVER A MASTER Y MARCAR DELETED
GEO_0771,85666,GALENICA - YERBA BUENA,27185899352,0,94704,GALENICA - YERBA BUENA,27185899352,0,MOVER A MASTER Y MARCAR DELETED
GEO_0772,85064,INMACULADA CONCEPCION  MARCELA,27162924554,0,94102,INMACULADA CONCEPCION  MARCELA,27162924554,0,MOVER A MASTER Y MARCAR DELETED
GEO_0773,89850,FARMACIA DASIV  PAMELA,30715685392,0,98891,FARMACIA DASIV  PAMELA,30715685392,0,MOVER A MASTER Y MARCAR DELETED
GEO_0774,81803,CADELLI,20078299909,0,90838,CADELLI,20078299909,0,MOVER A MASTER Y MARCAR DELETED
GEO_0775,81800,POSTERARO OSCAR LUIS,20077190989,0,90835,POSTERARO OSCAR LUIS,20077190989,0,MOVER A MASTER Y MARCAR DELETED
GEO_0776,81800,POSTERARO OSCAR LUIS,20077190989,0,90835,POSTERARO OSCAR LUIS,20077190989,0,MOVER A MASTER Y MARCAR DELETED
GEO_0777,82494,PERFUMERIA ROCIO S.A,20179456851,3,91530,PERFUMERIA ROCIO S.A,20179456851,0,MOVER A MASTER Y MARCAR DELETED
GEO_0778,2470,CAGLIANI MACARENA GISELA (Kiosco/Maxikiosco_B),27-32527842-6,0,7716,CAGLIANI MACARENA GISELA (Kiosco/Maxikiosco_B),27-32527842-6,0,MOVER A MASTER Y MARCAR DELETED
GEO_0779,85088,CAVIGLIASSO  DANIELA,27164104767,0,94126,CAVIGLIASSO  DANIELA,27164104767,0,MOVER A MASTER Y MARCAR DELETED
GEO_0780,85099,SILVIA V.BUO,27164635525,0,94137,SILVIA V.BUO,27164635525,0,MOVER A MASTER Y MARCAR DELETED
GEO_0781,85349,FCIA.BONDIEUANDREA,27174134893,9,100798,farmacia bondieu ,27-17413489-3,7,MOVER A MASTER Y MARCAR DELETED
GEO_0781,85349,FCIA.BONDIEUANDREA,27174134893,9,94387,"FCIA.BONDIEU,ANDREA",27174134893,0,MOVER A MASTER Y MARCAR DELETED
GEO_0782,81826,261        BERDUCCI HECTOR MIGUEL,20081420859,0,90861,"261        BERDUCCI, HECTOR MIGUEL",20081420859,0,MOVER A MASTER Y MARCAR DELETED
GEO_0783,85096,NORA TAVELLA,27164553553,0,94134,NORA TAVELLA,27164553553,0,MOVER A MASTER Y MARCAR DELETED
GEO_0784,81833,MARTINIANO - B.RIO SALI  SORIA JUAN CARLOS,20082709399,0,90868,MARTINIANO - B.RIO SALI  SORIA JUAN CARLOS,20082709399,0,MOVER A MASTER Y MARCAR DELETED
GEO_0785,81834,*PERFUMERIA LOS ABUELOS  VICTOR HUGO,20082773011,0,90869,*PERFUMERIA LOS ABUELOS  VICTOR HUGO,20082773011,0,MOVER A MASTER Y MARCAR DELETED
GEO_0786,81829,336 PEREZ EDUARDO CARLOS  FCIA. HORIZONTE,20081494569,0,90864,"336 PEREZ, EDUARDO CARLOS  FCIA. HORIZONTE",20081494569,0,MOVER A MASTER Y MARCAR DELETED
GEO_0787,81858,SANTA LUCIA,20100365783,0,90894,SANTA LUCIA,20100365783,0,MOVER A MASTER Y MARCAR DELETED
GEO_0788,85147,PATRICIA G.BUSTOS,27166332058,0,94185,PATRICIA G.BUSTOS,27166332058,0,MOVER A MASTER Y MARCAR DELETED
GEO_0789,81843,LERANA,20083452820,0,90878,LERANA,20083452820,0,MOVER A MASTER Y MARCAR DELETED
GEO_0790,81841,353 FLORES SILVIO,20083113848,0,90876,"353 FLORES, SILVIO",20083113848,0,MOVER A MASTER Y MARCAR DELETED
GEO_0791,85175,JUAN CANALS DE BERINO C.  NOEMI,27167704544,0,94213,JUAN CANALS DE BERINO C.  NOEMI,27167704544,0,MOVER A MASTER Y MARCAR DELETED
GEO_0792,81867,MARKETING FARM 8  BELEN,20102465394,0,90903,MARKETING FARM 8  BELEN,20102465394,0,MOVER A MASTER Y MARCAR DELETED
GEO_0793,81862,PEREZ FLORENCIO VARELA,20101564364,0,90898,PEREZ FLORENCIO VARELA,20101564364,0,MOVER A MASTER Y MARCAR DELETED
GEO_0794,88758,FCIA NUEVA ARGENTINA 2,30708043504,0,97798,FCIA NUEVA ARGENTINA 2,30708043504,0,MOVER A MASTER Y MARCAR DELETED
GEO_0795,81865,RUIZ ANIBAL CESAR,20102019440,0,90901,RUIZ ANIBAL CESAR,20102019440,0,MOVER A MASTER Y MARCAR DELETED
GEO_0796,81868,RAUL E. PEREDA,20102624395,0,90904,RAUL E. PEREDA,20102624395,0,MOVER A MASTER Y MARCAR DELETED
GEO_0797,88445,FARMACIA SOCIAL FLORES / FLORES,30687638448,0,100801,Farmacia social Flores ,30-68763844-8,0,MOVER A MASTER Y MARCAR DELETED
GEO_0797,88445,FARMACIA SOCIAL FLORES / FLORES,30687638448,0,97484,FARMACIA SOCIAL FLORES / FLORES,30687638448,0,MOVER A MASTER Y MARCAR DELETED
GEO_0797,88445,FARMACIA SOCIAL FLORES / FLORES,30687638448,0,88444,FARMACIA SOCIAL FLORES,30687638448,9,MOVER A MASTER Y MARCAR DELETED
GEO_0798,81861,FCIA.AURORA  SILVINA,20100691494,0,90897,FCIA.AURORA  SILVINA,20100691494,0,MOVER A MASTER Y MARCAR DELETED
GEO_0799,81861,FCIA.AURORA  SILVINA,20100691494,0,90897,FCIA.AURORA  SILVINA,20100691494,0,MOVER A MASTER Y MARCAR DELETED
GEO_0800,81872,NOBILE ADELQUI R.  ADELQUI RENE,20103975701,0,90908,NOBILE ADELQUI R.  ADELQUI RENE,20103975701,0,MOVER A MASTER Y MARCAR DELETED
GEO_0801,81873,RAPAN1,20104337954,0,90909,RAPAN1,20104337954,0,MOVER A MASTER Y MARCAR DELETED
GEO_0802,81895,FCIA.BERTERODANIEL R.W.  BERTERO,20108664712,0,90931,"FCIA.BERTERO,DANIEL R.W.  BERTERO",20108664712,0,MOVER A MASTER Y MARCAR DELETED
GEO_0803,81874,3164 GARCIA RICARDO DANIEL  FARMACIA CRISTO,20104568387,16,90910,"3164 GARCIA, RICARDO DANIEL  FARMACIA CRISTO",20104568387,0,MOVER A MASTER Y MARCAR DELETED
GEO_0804,82805,SHINE,20219182830,0,91841,SHINE,20219182830,0,MOVER A MASTER Y MARCAR DELETED
GEO_0805,81904,ORIOL CARLOS M.  CARLOS,20112700022,0,90940,ORIOL CARLOS M.  CARLOS,20112700022,0,MOVER A MASTER Y MARCAR DELETED
GEO_0806,86239,COCOFA,30-65185034-3,0,100803,cocofa,30-65185034-3,0,MOVER A MASTER Y MARCAR DELETED
GEO_0806,86239,COCOFA,30-65185034-3,0,88184,COCOFA,30651850343,0,MOVER A MASTER Y MARCAR DELETED
GEO_0807,81913,SUCESION DE HIPOLITO JOSE FERNANDO  CRISTINA,20114481506,0,90949,SUCESION DE HIPOLITO JOSE FERNANDO  CRISTINA,20114481506,0,MOVER A MASTER Y MARCAR DELETED
GEO_0808,85284,RAFAEL  SANTUCHO DELIA,27171823000,0,94322,RAFAEL  SANTUCHO DELIA,27171823000,0,MOVER A MASTER Y MARCAR DELETED
GEO_0808,85284,RAFAEL  SANTUCHO DELIA,27171823000,0,100240,RAFAEL,27171823000,0,MOVER A MASTER Y MARCAR DELETED
GEO_0809,88473,GENERAL PAZ CENTRAL,30689783011,0,100854,Farmacias General Paz ,30-68978301-1,31,MOVER A MASTER Y MARCAR DELETED
GEO_0809,88473,GENERAL PAZ CENTRAL,30689783011,0,97512,GENERAL PAZ CENTRAL,30689783011,0,MOVER A MASTER Y MARCAR DELETED
GEO_0810,81929,NOVAFARM (MAESTRE ANTONIO)  SUSANA,20117444555,0,90965,NOVAFARM (MAESTRE ANTONIO)  SUSANA,20117444555,0,MOVER A MASTER Y MARCAR DELETED
GEO_0811,81931,ESTRADA DE MISISCHIA LUIS DANIEL  MAGALI,20117535119,0,90967,ESTRADA DE MISISCHIA LUIS DANIEL  MAGALI,20117535119,0,MOVER A MASTER Y MARCAR DELETED
GEO_0812,81943,FARMACIA DEL BARRIO S.C.S  ALEJANDRO,20119019657,0,90979,FARMACIA DEL BARRIO S.C.S  ALEJANDRO,20119019657,0,MOVER A MASTER Y MARCAR DELETED
GEO_0813,81940,ROSALES,20118855699,0,90976,ROSALES,20118855699,0,MOVER A MASTER Y MARCAR DELETED
GEO_0814,81954,STELLA MARIS,20120583477,1,90990,STELLA MARIS,20120583477,0,MOVER A MASTER Y MARCAR DELETED
GEO_0815,85190,TEJERA ALICIA NOEMI,27168518833,0,94228,TEJERA ALICIA NOEMI,27168518833,0,MOVER A MASTER Y MARCAR DELETED
GEO_0816,81955,MOLINA ROBERTO CARLOS  MOLINA,20120697332,0,90991,MOLINA ROBERTO CARLOS  MOLINA,20120697332,0,MOVER A MASTER Y MARCAR DELETED
GEO_0817,85308,SILVIA G.SIANO,27172633205,0,94346,SILVIA G.SIANO,27172633205,0,MOVER A MASTER Y MARCAR DELETED
GEO_0818,81946,DEL PUEBLO TIGRE,20119282633,7,101103,PERFUMERIA DEL PUEBLO,20-11928263-3,0,MOVER A MASTER Y MARCAR DELETED
GEO_0818,81946,DEL PUEBLO TIGRE,20119282633,7,90982,MARTI DEL PUEBLO,20119282633,0,MOVER A MASTER Y MARCAR DELETED
GEO_0818,81946,DEL PUEBLO TIGRE,20119282633,7,101701,FARMACIA DEL PUEBLO TIGRE,20-11928263-3,0,MOVER A MASTER Y MARCAR DELETED
GEO_0819,85327,VITAL,27173085805,0,94365,VITAL,27173085805,0,MOVER A MASTER Y MARCAR DELETED
GEO_0820,81950,ROBERTO VAREA  GLADYS,20119754799,0,90986,ROBERTO VAREA  GLADYS,20119754799,0,MOVER A MASTER Y MARCAR DELETED
GEO_0821,81958,DE GRACIELA,20120878108,0,90994,DE GRACIELA,20120878108,0,MOVER A MASTER Y MARCAR DELETED
GEO_0822,81963,GABY,20121214017,0,90999,GABY,20121214017,0,MOVER A MASTER Y MARCAR DELETED
GEO_0823,100886,FARMACIA SANTA RITA,27-23946762-3,8,100884,FARMACIA SANTA RITA,27-23946762-3,0,MOVER A MASTER Y MARCAR DELETED
GEO_0823,100886,FARMACIA SANTA RITA,27-23946762-3,8,86531,3409 URTUBEY MONICA GRISELDA  FCIA SANTA RITA,27239467623,0,MOVER A MASTER Y MARCAR DELETED
GEO_0823,100886,FARMACIA SANTA RITA,27-23946762-3,8,95569,"3409 URTUBEY, MONICA GRISELDA  FCIA SANTA RITA",27239467623,0,MOVER A MASTER Y MARCAR DELETED
GEO_0824,81986,AGOTEGARAY MANUEL,20125288414,0,91022,AGOTEGARAY MANUEL,20125288414,0,MOVER A MASTER Y MARCAR DELETED
GEO_0825,81988,MARIO L.DELLA MAGGIORA  DELLA MAGGIORA,20125442499,0,91024,MARIO L.DELLA MAGGIORA  DELLA MAGGIORA,20125442499,0,MOVER A MASTER Y MARCAR DELETED
GEO_0826,85382,FCIA.IRIQUINMONICA  MONICA,27175101093,0,94420,"FCIA.IRIQUIN,MONICA  MONICA",27175101093,0,MOVER A MASTER Y MARCAR DELETED
GEO_0827,85449,EL RINCON DE LOS AROMAS,27177739168,0,94487,EL RINCON DE LOS AROMAS,27177739168,0,MOVER A MASTER Y MARCAR DELETED
GEO_0828,4866,RASPO ADRIAN CRISTIAN (Autoservicio Tradicional_C),20-17520599-4,0,9768,RASPO ADRIAN CRISTIAN (Autoservicio Tradicional_C),20-17520599-4,0,MOVER A MASTER Y MARCAR DELETED
GEO_0829,81998,GUIDA JOSE LUIS,20126345268,0,91034,GUIDA JOSE LUIS,20126345268,0,MOVER A MASTER Y MARCAR DELETED
GEO_0830,85476,CASTINI NORMA BEATRIZ  LISANDRO,27178816174,6,94514,CASTINI NORMA BEATRIZ  LISANDRO,27178816174,0,MOVER A MASTER Y MARCAR DELETED
GEO_0831,100808,FARMACIA BIRRECI,30-70722004-6,52,88648,OLGA PEREZ S.C.S.,30707220046,0,MOVER A MASTER Y MARCAR DELETED
GEO_0831,100808,FARMACIA BIRRECI,30-70722004-6,52,97688,OLGA PEREZ S.C.S.,30707220046,0,MOVER A MASTER Y MARCAR DELETED
GEO_0832,87733,LA CRUZ ISABEL  LA CRUZ ISABEL,27924950558,0,96770,LA CRUZ ISABEL  LA CRUZ ISABEL,27924950558,0,MOVER A MASTER Y MARCAR DELETED
GEO_0833,82013,LA CASA DE PLASTICO,20127664596,0,91049,LA CASA DE PLASTICO,20127664596,0,MOVER A MASTER Y MARCAR DELETED
GEO_0833,82013,LA CASA DE PLASTICO,20127664596,0,101513,Koch Roberto,20-12766459-6,0,MOVER A MASTER Y MARCAR DELETED
GEO_0833,82013,LA CASA DE PLASTICO,20127664596,0,101514,Koch Roberto,20-12766459-6,0,MOVER A MASTER Y MARCAR DELETED
GEO_0833,82013,LA CASA DE PLASTICO,20127664596,0,101543,KOCH Roberto,20-12766459-6,3,MOVER A MASTER Y MARCAR DELETED
GEO_0834,82001,WAGNER BURGUES,20126621788,0,91037,WAGNER BURGUES,20126621788,0,MOVER A MASTER Y MARCAR DELETED
GEO_0835,87999,SANTA TERESITA,30589411680,0,97038,SANTA TERESITA,30589411680,0,MOVER A MASTER Y MARCAR DELETED
GEO_0836,82004,280 DE SIMONE EDUARDO DANIEL  POPULAR,20126811242,0,91040,"280 DE SIMONE, EDUARDO DANIEL  POPULAR",20126811242,0,MOVER A MASTER Y MARCAR DELETED
GEO_0837,82009,FLORIDA,20127334677,0,91045,FLORIDA,20127334677,0,MOVER A MASTER Y MARCAR DELETED
GEO_0838,85469,WESOLOWSKI  NANCY,27178451680,0,94507,WESOLOWSKI  NANCY,27178451680,0,MOVER A MASTER Y MARCAR DELETED
GEO_0839,85505,GHERARDI MARISA ALEJANDRA,27179827374,0,94543,GHERARDI MARISA ALEJANDRA,27179827374,0,MOVER A MASTER Y MARCAR DELETED
GEO_0840,89829,FARMACIA FARMAFILSB S.C.S  FARMAFILSB,30715562509,0,98870,FARMACIA FARMAFILSB S.C.S  FARMAFILSB,30715562509,0,MOVER A MASTER Y MARCAR DELETED
GEO_0840,89829,FARMACIA FARMAFILSB S.C.S  FARMAFILSB,30715562509,0,100811,FARMACIA FARMAFIL SB ,30-71556250-9,37,MOVER A MASTER Y MARCAR DELETED
GEO_0841,89829,FARMACIA FARMAFILSB S.C.S  FARMAFILSB,30715562509,0,98870,FARMACIA FARMAFILSB S.C.S  FARMAFILSB,30715562509,0,MOVER A MASTER Y MARCAR DELETED
GEO_0841,89829,FARMACIA FARMAFILSB S.C.S  FARMAFILSB,30715562509,0,100811,FARMACIA FARMAFIL SB ,30-71556250-9,37,MOVER A MASTER Y MARCAR DELETED
GEO_0842,85522,GABRIELA F.CARELLI,27180299128,0,94560,GABRIELA F.CARELLI,27180299128,0,MOVER A MASTER Y MARCAR DELETED
GEO_0843,85447,NIDIA DEL C.ACOSTA,27177685181,0,94485,NIDIA DEL C.ACOSTA,27177685181,0,MOVER A MASTER Y MARCAR DELETED
GEO_0844,100866,farmacia central adelina,30-70840309-8,6,97863,24 HS CENTRAL ADELINA,30708403098,0,MOVER A MASTER Y MARCAR DELETED
GEO_0844,100866,farmacia central adelina,30-70840309-8,6,88823,24 HS CENTRAL ADELINA,30708403098,0,MOVER A MASTER Y MARCAR DELETED
GEO_0845,101297,Aladin,20-36067385-6,12,100881,Aladdin,20-36067385-6,0,MOVER A MASTER Y MARCAR DELETED
GEO_0846,82073,2276 DEL CENTRO S.A.,20135694143,0,91109,2276 DEL CENTRO S.A.,20135694143,0,MOVER A MASTER Y MARCAR DELETED
GEO_0847,85594,*STYLE  PERFUMERIA  MARCELA,27184084967,0,94632,*STYLE  PERFUMERIA  MARCELA,27184084967,0,MOVER A MASTER Y MARCAR DELETED
GEO_0848,100813,Farmasalud,27-33092850-1,0,101717,FARMASALUD,27-33092850-1,0,MOVER A MASTER Y MARCAR DELETED
GEO_0849,84346,MARKETING FARM 5  RAMIREZ GISEL DEVORA 13 A 21,27063786956,0,100868,Farmacia Oeste,27-06378695-6,0,MOVER A MASTER Y MARCAR DELETED
GEO_0849,84346,MARKETING FARM 5  RAMIREZ GISEL DEVORA 13 A 21,27063786956,0,93383,MARKETING FARM 5  RAMIREZ GISEL DEVORA 13 A 21,27063786956,0,MOVER A MASTER Y MARCAR DELETED
GEO_0850,85626,AYELÉN  OSCAR Y ROXI,27184778845,0,94664,AYELÉN  OSCAR Y ROXI,27184778845,0,MOVER A MASTER Y MARCAR DELETED
GEO_0851,85624,LAS MARIAS  PLIZZO MARIA JULIA,27184689400,0,94662,LAS MARIAS  PLIZZO MARIA JULIA,27184689400,0,MOVER A MASTER Y MARCAR DELETED
GEO_0851,85624,LAS MARIAS  PLIZZO MARIA JULIA,27184689400,0,100370,LAS MARIAS,27184689400,0,MOVER A MASTER Y MARCAR DELETED
GEO_0852,85621,3156 CEPPI SILVIA LILIANA  FARMACIA INDEPENDENCIA,27184571051,0,94659,"3156 CEPPI, SILVIA LILIANA  FARMACIA INDEPENDENCIA",27184571051,0,MOVER A MASTER Y MARCAR DELETED
GEO_0853,85650,CELIA N.MANGIANTE,27185517433,0,94688,CELIA N.MANGIANTE,27185517433,0,MOVER A MASTER Y MARCAR DELETED
GEO_0854,100932,HANONO PAULA ,23-17773168-4,33,182,Punto de venta 20 de Junio,23-17773168-4,3,MOVER A MASTER Y MARCAR DELETED
GEO_0855,100873,Riadigos Guemes Boutique,30-71882635-3,27,100870,Riadigos Guemes Boutique,30-71882635-3,0,MOVER A MASTER Y MARCAR DELETED
GEO_0855,100873,Riadigos Guemes Boutique,30-71882635-3,27,100872,Riadigos Guemes Boutique,30-71882635-3,0,MOVER A MASTER Y MARCAR DELETED
GEO_0855,100873,Riadigos Guemes Boutique,30-71882635-3,27,100871,Riadigos Guemes Boutique,30-71882635-3,0,MOVER A MASTER Y MARCAR DELETED
GEO_0856,85682,VALINOTI,27200335959,0,94720,VALINOTI,27200335959,0,MOVER A MASTER Y MARCAR DELETED
GEO_0857,85682,VALINOTI,27200335959,0,94720,VALINOTI,27200335959,0,MOVER A MASTER Y MARCAR DELETED
GEO_0858,82119,FCIA.MUSIGUILLERMO O.,20142413877,0,91155,"FCIA.MUSI,GUILLERMO O.",20142413877,0,MOVER A MASTER Y MARCAR DELETED
GEO_0859,89655,DEL PUEBLO VAD,30714643386,0,98696,DEL PUEBLO VAD,30714643386,0,MOVER A MASTER Y MARCAR DELETED
GEO_0860,85741,*FARMASAN I (PERFUMERIA)  PATRICIA,27202247275,0,85742,FARMASAN I  PATRICIA,27202247275,0,MOVER A MASTER Y MARCAR DELETED
GEO_0860,85741,*FARMASAN I (PERFUMERIA)  PATRICIA,27202247275,0,94779,*FARMASAN I (PERFUMERIA)  PATRICIA,27202247275,0,MOVER A MASTER Y MARCAR DELETED
GEO_0860,85741,*FARMASAN I (PERFUMERIA)  PATRICIA,27202247275,0,94780,FARMASAN I  PATRICIA,27202247275,0,MOVER A MASTER Y MARCAR DELETED
GEO_0861,100901,Brufal,23-10371407-9,9,100900,Brufal,23-10371407-9,0,MOVER A MASTER Y MARCAR DELETED
GEO_0862,4144,RAMUNDO RAMIRO (Kiosco/Maxikiosco_P),23-39346893-9,0,9099,RAMUNDO RAMIRO (Kiosco/Maxikiosco_P),23-39346893-9,0,MOVER A MASTER Y MARCAR DELETED
GEO_0863,82174,FCIA.ROQUETTAJUAN C.  FARMACIA ROQUETTA,20147204389,0,91210,"FCIA.ROQUETTA,JUAN C.  FARMACIA ROQUETTA",20147204389,0,MOVER A MASTER Y MARCAR DELETED
GEO_0864,85771,RENATA A.LLAMBIAS,27203268411,0,94809,RENATA A.LLAMBIAS,27203268411,0,MOVER A MASTER Y MARCAR DELETED
GEO_0865,85272,FARMACIA 24  CLAUDIA,27171562819,0,94310,FARMACIA 24  CLAUDIA,27171562819,0,MOVER A MASTER Y MARCAR DELETED
GEO_0866,85805,FARMACIA ALEXIS,27204242424,0,94843,FARMACIA ALEXIS,27204242424,0,MOVER A MASTER Y MARCAR DELETED
GEO_0867,82200,FCIA.GIUDICIGUILLERMO  ORNELA,20149819925,0,91236,"FCIA.GIUDICI,GUILLERMO  ORNELA",20149819925,0,MOVER A MASTER Y MARCAR DELETED
GEO_0868,82214,AGO BEBE- PERFUMERIA  CABBAD ELIAS,20161320847,0,91250,AGO BEBE- PERFUMERIA  CABBAD ELIAS,20161320847,0,MOVER A MASTER Y MARCAR DELETED
GEO_0869,85799,CATIVIELA MARTA VIVIANA  MARTA CATIVIELA,27204086074,0,94837,CATIVIELA MARTA VIVIANA  MARTA CATIVIELA,27204086074,0,MOVER A MASTER Y MARCAR DELETED
GEO_0870,89159,SOY LOLA PARAGUAY,30710238363,0,98200,SOY LOLA PARAGUAY,30710238363,0,MOVER A MASTER Y MARCAR DELETED
GEO_0871,82212,NUEVA ALMAGRO,20161261964,0,91248,NUEVA ALMAGRO,20161261964,0,MOVER A MASTER Y MARCAR DELETED
GEO_0872,82224,MILAZZO JOSE A.,20162492366,0,91260,MILAZZO JOSE A.,20162492366,0,MOVER A MASTER Y MARCAR DELETED
GEO_0873,85835,*ARCO IRIS  MARCELA,27205432626,0,94873,*ARCO IRIS  MARCELA,27205432626,0,MOVER A MASTER Y MARCAR DELETED
GEO_0874,82248,CHAGALJ MARCELO DANIEL  MARCELO,20164905161,0,91284,CHAGALJ MARCELO DANIEL  MARCELO,20164905161,0,MOVER A MASTER Y MARCAR DELETED
GEO_0875,85862,*LILIAN DEL VALLE LOPEZ PERFUMERIA  LILIAN,27206494595,0,94900,*LILIAN DEL VALLE LOPEZ PERFUMERIA  LILIAN,27206494595,0,MOVER A MASTER Y MARCAR DELETED
GEO_0876,82227,PERFUMERIA LAURA,20162634349,0,91263,PERFUMERIA LAURA,20162634349,0,MOVER A MASTER Y MARCAR DELETED
GEO_0877,82228,WAEYENBERGH,20162641612,0,91264,WAEYENBERGH,20162641612,0,MOVER A MASTER Y MARCAR DELETED
GEO_0878,82234,509 BRONT JOSE LUIS,20163307074,0,91270,"509 BRONT, JOSE LUIS",20163307074,0,MOVER A MASTER Y MARCAR DELETED
GEO_0879,82245,TARTARELLI CLAUDIO OMAR  FARMACIA TARTARELLI,20164391680,3,91281,TARTARELLI CLAUDIO OMAR  FARMACIA TARTARELLI,20164391680,0,MOVER A MASTER Y MARCAR DELETED
GEO_0880,82241,3171 URTUBEY ENRIQUE EDGARDO  FARMACIA AMERICANA,20163625270,49,91277,3171 URTUBEY ENRIQUE EDGARDO  FARMACIA AMERICANA,20163625270,0,MOVER A MASTER Y MARCAR DELETED
GEO_0881,85893,2198 FARES CECILIA  FCIA. GLOBO,27207091583,0,94931,"2198 FARES, CECILIA  FCIA. GLOBO",27207091583,0,MOVER A MASTER Y MARCAR DELETED
GEO_0882,82253,PERFUMERIA MITRE  RUBEN,20165334036,0,91289,PERFUMERIA MITRE  RUBEN,20165334036,0,MOVER A MASTER Y MARCAR DELETED
GEO_0882,82253,PERFUMERIA MITRE  RUBEN,20165334036,0,101521,Dussaubat Ruben ,20-16533403-6,1,MOVER A MASTER Y MARCAR DELETED
GEO_0883,85905,BELLA VISTA  MARIANL,27207835981,0,94943,BELLA VISTA  MARIANL,27207835981,0,MOVER A MASTER Y MARCAR DELETED
GEO_0884,82251,OSCAR D.RIQUELME  RIQUELME,20165169906,0,91287,OSCAR D.RIQUELME  RIQUELME,20165169906,0,MOVER A MASTER Y MARCAR DELETED
GEO_0885,82262,ECONOFARMA LOMAS,20165713436,0,91298,ECONOFARMA LOMAS,20165713436,0,MOVER A MASTER Y MARCAR DELETED
GEO_0886,85947,DEL CHATEAU  MARIA FERNANDA,27209374159,0,94985,DEL CHATEAU  MARIA FERNANDA,27209374159,0,MOVER A MASTER Y MARCAR DELETED
GEO_0887,85947,DEL CHATEAU  MARIA FERNANDA,27209374159,0,94985,DEL CHATEAU  MARIA FERNANDA,27209374159,0,MOVER A MASTER Y MARCAR DELETED
GEO_0888,82282,155 ALAZALLER JOSE ROLANDO  LA PURISIMA,20167200967,0,91318,"155 ALAZALLER, JOSE ROLANDO  LA PURISIMA",20167200967,0,MOVER A MASTER Y MARCAR DELETED
GEO_0889,82287,OLMOS CIUDAD DE CORDOBA  CONSUELO,20167400095,0,91323,OLMOS CIUDAD DE CORDOBA  CONSUELO,20167400095,0,MOVER A MASTER Y MARCAR DELETED
GEO_0890,82285,FCIA.LA SALUD,20167286020,0,91321,FCIA.LA SALUD,20167286020,0,MOVER A MASTER Y MARCAR DELETED
GEO_0891,85955,SALA GABRIELA ANDREA  SALA NATALIA,27210082102,0,94993,SALA GABRIELA ANDREA  SALA NATALIA,27210082102,0,MOVER A MASTER Y MARCAR DELETED
GEO_0892,82311,TOMBESI PABLO JAVIER,20168355476,0,91347,TOMBESI PABLO JAVIER,20168355476,0,MOVER A MASTER Y MARCAR DELETED
GEO_0893,82312,FCIA.SUC.CALZIA JAVIER A.  FARMACIA CALSIA,20168378859,0,91348,FCIA.SUC.CALZIA JAVIER A.  FARMACIA CALSIA,20168378859,0,MOVER A MASTER Y MARCAR DELETED
GEO_0894,86928,FARMATINA  VICTORIA,27272467167,0,95965,FARMATINA  VICTORIA,27272467167,0,MOVER A MASTER Y MARCAR DELETED
GEO_0895,616,ROTISERIA Y DESPENSA (Resto de On Premise_C),23-20679358-9,0,5396,ROTISERIA Y DESPENSA (Resto de On Premise_C),23-20679358-9,0,MOVER A MASTER Y MARCAR DELETED
GEO_0895,616,ROTISERIA Y DESPENSA (Resto de On Premise_C),23-20679358-9,0,102168,ROTISERIA Y DESPENSA (Resto de On Premise_C),23-20679358-9,0,MOVER A MASTER Y MARCAR DELETED
GEO_0896,82302,COLLOMB MARCELO A.  COLLOMB,20167777032,42,91338,COLLOMB MARCELO A.  COLLOMB,20167777032,0,MOVER A MASTER Y MARCAR DELETED
GEO_0897,82071,LUIS M.JACOBO,20135465616,0,91107,LUIS M.JACOBO,20135465616,0,MOVER A MASTER Y MARCAR DELETED
GEO_0898,82071,LUIS M.JACOBO,20135465616,0,91107,LUIS M.JACOBO,20135465616,0,MOVER A MASTER Y MARCAR DELETED
GEO_0899,82317,YATCHE DIEGO DAVID,20168475803,0,91353,YATCHE DIEGO DAVID,20168475803,0,MOVER A MASTER Y MARCAR DELETED
GEO_0900,87382,LA NUBE BLANCA,27330216048,0,96419,LA NUBE BLANCA,27330216048,0,MOVER A MASTER Y MARCAR DELETED
GEO_0901,86046,FARMACIA DE LA MERCED  GABRIELA,27216275077,0,95084,FARMACIA DE LA MERCED  GABRIELA,27216275077,0,MOVER A MASTER Y MARCAR DELETED
GEO_0902,82325,FCIA.BUSALACCHI GERARDO  GERARDO,20169115517,0,91361,FCIA.BUSALACCHI GERARDO  GERARDO,20169115517,0,MOVER A MASTER Y MARCAR DELETED
GEO_0903,86075,LUMAHE,27216999008,0,95113,LUMAHE,27216999008,0,MOVER A MASTER Y MARCAR DELETED
GEO_0903,86075,LUMAHE,27216999008,0,100350,LUMAHE,27216999008,0,MOVER A MASTER Y MARCAR DELETED
GEO_0904,82326,GUIDA,20169173568,0,91362,GUIDA,20169173568,0,MOVER A MASTER Y MARCAR DELETED
GEO_0905,1132,Lo de Willy (Resto de On Premise_C),27-27283800-9,0,6094,Lo de Willy (Resto de On Premise_C),27-27283800-9,0,MOVER A MASTER Y MARCAR DELETED
GEO_0905,1132,Lo de Willy (Resto de On Premise_C),27-27283800-9,0,102722,Lo de Willy (Resto de On Premise_C),27-27283800-9,0,MOVER A MASTER Y MARCAR DELETED
GEO_0906,86085,FARMACIA ALARCON,27217234242,0,95123,FARMACIA ALARCON,27217234242,0,MOVER A MASTER Y MARCAR DELETED
GEO_0907,86089,DEL JARDIN,27217450077,0,95127,DEL JARDIN,27217450077,0,MOVER A MASTER Y MARCAR DELETED
GEO_0907,86089,DEL JARDIN,27217450077,0,100586,DEL JARDIN,27217450077,0,MOVER A MASTER Y MARCAR DELETED
GEO_0908,86089,DEL JARDIN,27217450077,0,95127,DEL JARDIN,27217450077,0,MOVER A MASTER Y MARCAR DELETED
GEO_0908,86089,DEL JARDIN,27217450077,0,100586,DEL JARDIN,27217450077,0,MOVER A MASTER Y MARCAR DELETED
GEO_0909,82329,ROMANO FLAVIO OSCAR  FARMACIA ROMANO,20169438340,0,91365,ROMANO FLAVIO OSCAR  FARMACIA ROMANO,20169438340,0,MOVER A MASTER Y MARCAR DELETED
GEO_0910,86078,ANGIOLINI,27217147331,0,95116,ANGIOLINI,27217147331,0,MOVER A MASTER Y MARCAR DELETED
GEO_0911,86094,PARRAVICINI  ANALIA,27217564056,0,95132,PARRAVICINI  ANALIA,27217564056,0,MOVER A MASTER Y MARCAR DELETED
GEO_0912,82332,2365 GALDAMEZ SERGIO E  FARMACIA SANTA MONICA,20169633941,0,91368,2365 GALDAMEZ SERGIO E  FARMACIA SANTA MONICA,20169633941,0,MOVER A MASTER Y MARCAR DELETED
GEO_0913,82335,FARMACIA NUEVA VIELS,20169850632,0,91371,FARMACIA NUEVA VIELS,20169850632,0,MOVER A MASTER Y MARCAR DELETED
GEO_0914,82327,LEIDI,20169414859,0,91363,LEIDI,20169414859,0,MOVER A MASTER Y MARCAR DELETED
GEO_0915,507,Desp. patagonia (Almacen/Despensa_P),23-35045904-9,0,5353,Desp. patagonia (Almacen/Despensa_P),23-35045904-9,0,MOVER A MASTER Y MARCAR DELETED
GEO_0915,507,Desp. patagonia (Almacen/Despensa_P),23-35045904-9,0,102125,Desp. patagonia (Almacen/Despensa_P),23-35045904-9,0,MOVER A MASTER Y MARCAR DELETED
GEO_0916,82346,GIUDICI,20170505515,0,91382,GIUDICI,20170505515,0,MOVER A MASTER Y MARCAR DELETED
GEO_0917,86127,LOS TILOS,27218970481,0,95165,LOS TILOS,27218970481,0,MOVER A MASTER Y MARCAR DELETED
GEO_0917,86127,LOS TILOS,27218970481,0,100357,LOS TILOS,27218970481,0,MOVER A MASTER Y MARCAR DELETED
GEO_0918,82353,SALTA,20171313660,0,91389,SALTA,20171313660,0,MOVER A MASTER Y MARCAR DELETED
GEO_0919,90386,LOS MELLI,33708019939,0,99427,LOS MELLI,33708019939,0,MOVER A MASTER Y MARCAR DELETED
GEO_0920,82366,PIERISTEI  LUISINA,20172294783,0,100894,FARMACIA PIERISTEI,20-17229478-3,15,MOVER A MASTER Y MARCAR DELETED
GEO_0920,82366,PIERISTEI  LUISINA,20172294783,0,91402,PIERISTEI  LUISINA,20172294783,0,MOVER A MASTER Y MARCAR DELETED
GEO_0921,86114,MARIA A.LARRIVEY,27218354497,0,95152,MARIA A.LARRIVEY,27218354497,0,MOVER A MASTER Y MARCAR DELETED
GEO_0922,575,M. CITY (Almacen/Despensa_B),27-42317889-8,0,5439,M. CITY (Almacen/Despensa_B),27-42317889-8,0,MOVER A MASTER Y MARCAR DELETED
GEO_0922,575,M. CITY (Almacen/Despensa_B),27-42317889-8,0,102215,M. CITY (Almacen/Despensa_B),27-42317889-8,0,MOVER A MASTER Y MARCAR DELETED
GEO_0923,86137,NUEVA ENTRE RIOS,27219492494,0,95175,NUEVA ENTRE RIOS,27219492494,0,MOVER A MASTER Y MARCAR DELETED
GEO_0924,89301,FARMACIA SIMBAD EL MARINO S.C.S.,30711269289,0,98342,FARMACIA SIMBAD EL MARINO S.C.S.,30711269289,0,MOVER A MASTER Y MARCAR DELETED
GEO_0925,89301,FARMACIA SIMBAD EL MARINO S.C.S.,30711269289,0,98342,FARMACIA SIMBAD EL MARINO S.C.S.,30711269289,0,MOVER A MASTER Y MARCAR DELETED
GEO_0926,82356,PLACENTI NESTOR SALVADOR  PLACENTI NESTOR,20171606447,0,91392,PLACENTI NESTOR SALVADOR  PLACENTI NESTOR,20171606447,0,MOVER A MASTER Y MARCAR DELETED
GEO_0927,85225,PATRIA  MARISA,27170010774,0,94263,PATRIA  MARISA,27170010774,0,MOVER A MASTER Y MARCAR DELETED
GEO_0928,85225,PATRIA  MARISA,27170010774,0,94263,PATRIA  MARISA,27170010774,0,MOVER A MASTER Y MARCAR DELETED
GEO_0929,82355,ROSSI  FLAVIO ROSSI,20171523118,0,91391,ROSSI  FLAVIO ROSSI,20171523118,0,MOVER A MASTER Y MARCAR DELETED
GEO_0930,82360,BRUNIS ARTURO LUIS,20171842442,15,91396,BRUNIS ARTURO LUIS,20171842442,0,MOVER A MASTER Y MARCAR DELETED
GEO_0931,82382,VICTORIA DE SPEERLI HORACIO  HORACIO  JORGELINA,20173505389,2,91418,VICTORIA DE SPEERLI HORACIO  HORACIO  JORGELINA,20173505389,0,MOVER A MASTER Y MARCAR DELETED
GEO_0932,82364,BACLINI GERARDO CARLOS  LUJAN,20172291199,0,91400,BACLINI GERARDO CARLOS  LUJAN,20172291199,0,MOVER A MASTER Y MARCAR DELETED
GEO_0933,82364,BACLINI GERARDO CARLOS  LUJAN,20172291199,0,91400,BACLINI GERARDO CARLOS  LUJAN,20172291199,0,MOVER A MASTER Y MARCAR DELETED
GEO_0934,82370,OSCAR A.GARCIA  SAN RAFAEL,20172464344,0,91406,OSCAR A.GARCIA  SAN RAFAEL,20172464344,0,MOVER A MASTER Y MARCAR DELETED
GEO_0935,82375,MARCUCCI DANIEL OSCAR,20172948147,0,91411,MARCUCCI DANIEL OSCAR,20172948147,0,MOVER A MASTER Y MARCAR DELETED
GEO_0936,88659,PORTOFARMA S.C.S.  FARMACIA DEL PUERTO,30707242333,0,100917,FARMACIA DEL PUERTO,30-70724233-3,6,MOVER A MASTER Y MARCAR DELETED
GEO_0936,88659,PORTOFARMA S.C.S.  FARMACIA DEL PUERTO,30707242333,0,97699,PORTOFARMA S.C.S.  FARMACIA DEL PUERTO,30707242333,0,MOVER A MASTER Y MARCAR DELETED
GEO_0937,82377,LAGUARDIA MARCELO,20173053658,0,91413,LAGUARDIA MARCELO,20173053658,0,MOVER A MASTER Y MARCAR DELETED
GEO_0938,594,EL ARRAYAN (Instituciones_B),27-38091587-7,0,5422,EL ARRAYAN (Instituciones_B),27-38091587-7,0,MOVER A MASTER Y MARCAR DELETED
GEO_0938,594,EL ARRAYAN (Instituciones_B),27-38091587-7,0,102196,EL ARRAYAN (Instituciones_B),27-38091587-7,0,MOVER A MASTER Y MARCAR DELETED
GEO_0939,86195,LA VILLA  ALEJANDRA ROCABADO,27222230700,0,101739,"Farmacia ""LA VILLA""",27-22223070-0,0,MOVER A MASTER Y MARCAR DELETED
GEO_0939,86195,LA VILLA  ALEJANDRA ROCABADO,27222230700,0,103380,farmacia la villa,27-22223070-0,0,MOVER A MASTER Y MARCAR DELETED
GEO_0939,86195,LA VILLA  ALEJANDRA ROCABADO,27222230700,0,95233,LA VILLA  ALEJANDRA ROCABADO,27222230700,0,MOVER A MASTER Y MARCAR DELETED
GEO_0940,86450,FARMACIA DEL PLATA,27234633649,0,95488,FARMACIA DEL PLATA,27234633649,0,MOVER A MASTER Y MARCAR DELETED
GEO_0941,82385,RAMIS  RAMIS LUIS ANGEL,20173768711,0,91421,RAMIS  RAMIS LUIS ANGEL,20173768711,0,MOVER A MASTER Y MARCAR DELETED
GEO_0942,82389,PESCETTI RODOLFO ADRIAN,20173857935,0,91425,PESCETTI RODOLFO ADRIAN,20173857935,0,MOVER A MASTER Y MARCAR DELETED
GEO_0943,86229,URIEN  SANDRA,27223701162,0,95267,URIEN  SANDRA,27223701162,0,MOVER A MASTER Y MARCAR DELETED
GEO_0944,86229,URIEN  SANDRA,27223701162,0,95267,URIEN  SANDRA,27223701162,0,MOVER A MASTER Y MARCAR DELETED
GEO_0945,89226,VILLEGAS ZANNI,30710873034,0,98267,VILLEGAS ZANNI,30710873034,0,MOVER A MASTER Y MARCAR DELETED
GEO_0946,82401,CLEMENTE RUBEN SERGIO,20174737461,0,91437,CLEMENTE RUBEN SERGIO,20174737461,0,MOVER A MASTER Y MARCAR DELETED
GEO_0947,82398,LA FE DE OSCAR SVATETZ,20174621951,0,91434,LA FE DE OSCAR SVATETZ,20174621951,0,MOVER A MASTER Y MARCAR DELETED
GEO_0948,85936,ROSSO  SILVINA,27208961158,0,94974,ROSSO  SILVINA,27208961158,0,MOVER A MASTER Y MARCAR DELETED
GEO_0949,100911,farmacia santa teresita,30-68558349-2,6,97444,FCIA.SANTA TERESITA S.C.S.,30685583492,0,MOVER A MASTER Y MARCAR DELETED
GEO_0949,100911,farmacia santa teresita,30-68558349-2,6,88405,FCIA.SANTA TERESITA S.C.S.,30685583492,0,MOVER A MASTER Y MARCAR DELETED
GEO_0950,449,POLLERIA ONELLI (Carniceria/Granja_A),20-34347059-3,0,5378,POLLERIA ONELLI (Carniceria/Granja_A),20-34347059-3,0,MOVER A MASTER Y MARCAR DELETED
GEO_0950,449,POLLERIA ONELLI (Carniceria/Granja_A),20-34347059-3,0,102035,POLLERIA ONELLI (Carniceria/Granja_A),20-34347059-3,0,MOVER A MASTER Y MARCAR DELETED
GEO_0951,82415,CHELINI HUGO DANIEL,20175219057,0,91451,CHELINI HUGO DANIEL,20175219057,0,MOVER A MASTER Y MARCAR DELETED
GEO_0952,659,SATOR (Almacen/Despensa_B),27241009640,0,5509,SATOR (Almacen/Despensa_B),27241009640,0,MOVER A MASTER Y MARCAR DELETED
GEO_0952,659,SATOR (Almacen/Despensa_B),27241009640,0,102279,SATOR (Almacen/Despensa_B),27241009640,0,MOVER A MASTER Y MARCAR DELETED
GEO_0953,89225,VILLEGAS AMERICA,30710873034,0,98266,VILLEGAS AMERICA,30710873034,0,MOVER A MASTER Y MARCAR DELETED
GEO_0954,100923,Perfumeria Mon reve,27-05930387-8,5,84315,MON-REVE,27059303878,0,MOVER A MASTER Y MARCAR DELETED
GEO_0954,100923,Perfumeria Mon reve,27-05930387-8,5,93352,MON-REVE,27059303878,0,MOVER A MASTER Y MARCAR DELETED
GEO_0955,86518,FARBER DE PEREZ  MARCELA,27238242202,0,95556,FARBER DE PEREZ  MARCELA,27238242202,0,MOVER A MASTER Y MARCAR DELETED
GEO_0956,82421,FCIA.EXPRESS  FARMACIA EXPRESS,20175916327,0,91457,FCIA.EXPRESS  FARMACIA EXPRESS,20175916327,0,MOVER A MASTER Y MARCAR DELETED
GEO_0957,1057,Despensa S&L  (Almacen/Despensa_B),27-35818593-8,0,6165,Despensa S&L  (Almacen/Despensa_B),27-35818593-8,0,MOVER A MASTER Y MARCAR DELETED
GEO_0957,1057,Despensa S&L  (Almacen/Despensa_B),27-35818593-8,0,102651,Despensa S&L  (Almacen/Despensa_B),27-35818593-8,0,MOVER A MASTER Y MARCAR DELETED
GEO_0958,451,EL PRINCIPITO (Kiosco/Maxikiosco_A),20-11548825-3,0,5521,EL PRINCIPITO (Kiosco/Maxikiosco_A),20-11548825-3,0,MOVER A MASTER Y MARCAR DELETED
GEO_0958,451,EL PRINCIPITO (Kiosco/Maxikiosco_A),20-11548825-3,0,102028,EL PRINCIPITO (Kiosco/Maxikiosco_A),20-11548825-3,0,MOVER A MASTER Y MARCAR DELETED
GEO_0959,88001,ROMY,30591468452,0,97040,ROMY,30591468452,0,MOVER A MASTER Y MARCAR DELETED
GEO_0960,88595,EL INDIO,30699977361,0,97635,EL INDIO,30699977361,0,MOVER A MASTER Y MARCAR DELETED
GEO_0961,82450,FCIA LAVALLOL,20176491125,0,91486,FCIA LAVALLOL,20176491125,0,MOVER A MASTER Y MARCAR DELETED
GEO_0962,86339,ROCIO-T.VIEJO-,27228993978,0,100235,ROCIO-T.VIEJO-,27228993978,0,MOVER A MASTER Y MARCAR DELETED
GEO_0962,86339,ROCIO-T.VIEJO-,27228993978,0,95377,ROCIO-T.VIEJO-,27228993978,0,MOVER A MASTER Y MARCAR DELETED
GEO_0963,84430,FARMACIA FRANCHI  ELBA,27109061188,0,93467,FARMACIA FRANCHI  ELBA,27109061188,0,MOVER A MASTER Y MARCAR DELETED
GEO_0964,82449,MORANTE HUGO R.,20176487306,0,91485,MORANTE HUGO R.,20176487306,0,MOVER A MASTER Y MARCAR DELETED
GEO_0965,1714,GRANJA SAN IGNACIO (Carniceria/Granja_C),20-20983739-1,0,6941,GRANJA SAN IGNACIO (Carniceria/Granja_C),20-20983739-1,0,MOVER A MASTER Y MARCAR DELETED
GEO_0965,1714,GRANJA SAN IGNACIO (Carniceria/Granja_C),20-20983739-1,0,102229,GRANJA SAN IGNACIO (Carniceria/Granja_C),20-20983739-1,0,MOVER A MASTER Y MARCAR DELETED
GEO_0966,86347,ILEANA S.MARTI,27229340293,0,95385,ILEANA S.MARTI,27229340293,0,MOVER A MASTER Y MARCAR DELETED
GEO_0967,82459,FARMACIA GONZALEZ,20177093069,0,91495,FARMACIA GONZALEZ,20177093069,0,MOVER A MASTER Y MARCAR DELETED
GEO_0968,82461,HERBAS NORBERTO  NORBERTO,20177290425,0,91497,HERBAS NORBERTO  NORBERTO,20177290425,0,MOVER A MASTER Y MARCAR DELETED
GEO_0969,88596,LUJAN,30700014009,0,97636,LUJAN,30700014009,0,MOVER A MASTER Y MARCAR DELETED
GEO_0970,82462,LAMARCA  JORGE,20177304132,0,91498,LAMARCA  JORGE,20177304132,0,MOVER A MASTER Y MARCAR DELETED
GEO_0971,82465,AUTHIER DIEGO LEONARDO,20177435067,0,91501,AUTHIER DIEGO LEONARDO,20177435067,0,MOVER A MASTER Y MARCAR DELETED
GEO_0972,86375,DEL CERRO  ADRIANA,27231004950,0,95413,DEL CERRO  ADRIANA,27231004950,0,MOVER A MASTER Y MARCAR DELETED
GEO_0973,82474,MARCONI KARPYSZYN G.C.  FARMACIA MARCONI,20178036557,0,91510,MARCONI KARPYSZYN G.C.  FARMACIA MARCONI,20178036557,0,MOVER A MASTER Y MARCAR DELETED
GEO_0974,302,MULTIRRUBRO LUVA (Almacen/Despensa_C),27-10442006-6,0,5563,MULTIRRUBRO LUVA (Almacen/Despensa_C),27-10442006-6,0,MOVER A MASTER Y MARCAR DELETED
GEO_0974,302,MULTIRRUBRO LUVA (Almacen/Despensa_C),27-10442006-6,0,101810,MULTIRRUBRO LUVA (Almacen/Despensa_C),27-10442006-6,0,MOVER A MASTER Y MARCAR DELETED
GEO_0975,1053,FORTALEZA II (Fiambreria_B),23-26817312-9,0,6153,FORTALEZA II (Fiambreria_B),23-26817312-9,0,MOVER A MASTER Y MARCAR DELETED
GEO_0975,1053,FORTALEZA II (Fiambreria_B),23-26817312-9,0,102659,FORTALEZA II (Fiambreria_B),23-26817312-9,0,MOVER A MASTER Y MARCAR DELETED
GEO_0976,90332,FCIA LAS FLORES,33581297829,0,99373,FCIA LAS FLORES,33581297829,0,MOVER A MASTER Y MARCAR DELETED
GEO_0977,87985,SELMA5,30583047278,0,97024,SELMA5,30583047278,0,MOVER A MASTER Y MARCAR DELETED
GEO_0978,82505,DONADIO DANIEL,20180432060,0,91541,DONADIO DANIEL,20180432060,0,MOVER A MASTER Y MARCAR DELETED
GEO_0979,82511,MARTINEZ JUAN JOSE,20180937154,0,91547,MARTINEZ JUAN JOSE,20180937154,0,MOVER A MASTER Y MARCAR DELETED
GEO_0980,86405,O HIGGINS  MERCEDES,27232127207,0,95443,O HIGGINS  MERCEDES,27232127207,0,MOVER A MASTER Y MARCAR DELETED
GEO_0981,82488,GUTVAY MARIO JAVIER / FARMACIA URBANA,20178686845,0,91524,GUTVAY MARIO JAVIER / FARMACIA URBANA,20178686845,0,MOVER A MASTER Y MARCAR DELETED
GEO_0982,395,YPF MELIPAL (Estacion de Servicio - YPF_C),30-59483278-3,0,5683,YPF MELIPAL (Estacion de Servicio - YPF_C),30-59483278-3,0,MOVER A MASTER Y MARCAR DELETED
GEO_0982,395,YPF MELIPAL (Estacion de Servicio - YPF_C),30-59483278-3,0,101930,YPF MELIPAL (Estacion de Servicio - YPF_C),30-59483278-3,0,MOVER A MASTER Y MARCAR DELETED
GEO_0983,82528,JORGE L.RODRIGUEZ  EL GROSELLAR,20181975297,0,91564,JORGE L.RODRIGUEZ  EL GROSELLAR,20181975297,0,MOVER A MASTER Y MARCAR DELETED
GEO_0984,82512,TANTERA CELESTINO RAUL  FARMACIA TANTERA,20180978527,0,91548,TANTERA CELESTINO RAUL  FARMACIA TANTERA,20180978527,0,MOVER A MASTER Y MARCAR DELETED
GEO_0985,82523,JUNGES GUILLERMO,20181639831,0,91559,JUNGES GUILLERMO,20181639831,0,MOVER A MASTER Y MARCAR DELETED
GEO_0986,84449,DEL SOL DE D ANGELO GRACIELA  CECILIA,27111013476,0,93486,DEL SOL DE D ANGELO GRACIELA  CECILIA,27111013476,0,MOVER A MASTER Y MARCAR DELETED
GEO_0987,84449,DEL SOL DE D ANGELO GRACIELA  CECILIA,27111013476,0,93486,DEL SOL DE D ANGELO GRACIELA  CECILIA,27111013476,0,MOVER A MASTER Y MARCAR DELETED
GEO_0988,86436,MACKINTOSH,27233493002,0,95474,MACKINTOSH,27233493002,0,MOVER A MASTER Y MARCAR DELETED
GEO_0989,82526,AMERICANA- TUCUMAN,20181877325,0,91562,AMERICANA- TUCUMAN,20181877325,0,MOVER A MASTER Y MARCAR DELETED
GEO_0990,352,ALENKA DESPENSA (Almacen/Despensa_C),27-39404384-8,0,5724,ALENKA DESPENSA (Almacen/Despensa_C),27-39404384-8,0,MOVER A MASTER Y MARCAR DELETED
GEO_0990,352,ALENKA DESPENSA (Almacen/Despensa_C),27-39404384-8,0,101971,ALENKA DESPENSA (Almacen/Despensa_C),27-39404384-8,0,MOVER A MASTER Y MARCAR DELETED
GEO_0991,468,"DESPENSA ""EMANUEL"" (Almacen/Despensa_B)",27-92835463-1,0,5638,"DESPENSA ""EMANUEL"" (Almacen/Despensa_B)",27-92835463-1,0,MOVER A MASTER Y MARCAR DELETED
GEO_0991,468,"DESPENSA ""EMANUEL"" (Almacen/Despensa_B)",27-92835463-1,0,102015,"DESPENSA ""EMANUEL"" (Almacen/Despensa_B)",27-92835463-1,0,MOVER A MASTER Y MARCAR DELETED
GEO_0992,82529,DEL PIAMONTE,20182031446,0,91565,DEL PIAMONTE,20182031446,0,MOVER A MASTER Y MARCAR DELETED
GEO_0993,82530,ABRIL DE SAMOJEDEN ALSINA GUSTAVO ANIBAL,20182055019,0,91566,ABRIL DE SAMOJEDEN ALSINA GUSTAVO ANIBAL,20182055019,0,MOVER A MASTER Y MARCAR DELETED
GEO_0994,82550,FCIA.CARNEVALE JOSE D.  CARNEVALE MAHUE,20184016444,0,91586,FCIA.CARNEVALE JOSE D.  CARNEVALE MAHUE,20184016444,0,MOVER A MASTER Y MARCAR DELETED
GEO_0995,82532,BELEN - SALTA,20182307638,0,91568,BELEN - SALTA,20182307638,0,MOVER A MASTER Y MARCAR DELETED
GEO_0996,82551,FCIA.ALVAREZ LOIZA  MARIA LAURA,20184068266,0,91587,FCIA.ALVAREZ LOIZA  MARIA LAURA,20184068266,0,MOVER A MASTER Y MARCAR DELETED
GEO_0997,82531,MENDILAHARZU,20182211673,0,91567,MENDILAHARZU,20182211673,0,MOVER A MASTER Y MARCAR DELETED
GEO_0998,86524,PERFUMERIA CARLA,27238881582,0,95562,PERFUMERIA CARLA,27238881582,0,MOVER A MASTER Y MARCAR DELETED
GEO_0999,629,Desp. Yazmin (Almacen/Despensa_C),20-22743913-1,0,5495,Desp. Yazmin (Almacen/Despensa_C),20-22743913-1,0,MOVER A MASTER Y MARCAR DELETED
GEO_0999,629,Desp. Yazmin (Almacen/Despensa_C),20-22743913-1,0,102157,Desp. Yazmin (Almacen/Despensa_C),20-22743913-1,0,MOVER A MASTER Y MARCAR DELETED
GEO_1000,86507,NATALIA S.DURET,27237636363,0,95545,NATALIA S.DURET,27237636363,0,MOVER A MASTER Y MARCAR DELETED
GEO_1001,82561,DANIEL LAGGER,20184417279,0,91597,DANIEL LAGGER,20184417279,0,MOVER A MASTER Y MARCAR DELETED
GEO_1002,82565,CARLOS A.ABALLAY,20184719240,0,91601,CARLOS A.ABALLAY,20184719240,0,MOVER A MASTER Y MARCAR DELETED
GEO_1003,82556,PIGHIN CARLOS F.,20184284333,0,91592,PIGHIN CARLOS F.,20184284333,0,MOVER A MASTER Y MARCAR DELETED
GEO_1004,82563,SAMBAN,20184501571,0,91599,SAMBAN,20184501571,0,MOVER A MASTER Y MARCAR DELETED
GEO_1005,893,DON FACUNDO (Carniceria/Granja_B),30-71549710-3,0,5790,DON FACUNDO (Carniceria/Granja_B),30-71549710-3,0,MOVER A MASTER Y MARCAR DELETED
GEO_1005,893,DON FACUNDO (Carniceria/Granja_B),30-71549710-3,0,102513,DON FACUNDO (Carniceria/Granja_B),30-71549710-3,0,MOVER A MASTER Y MARCAR DELETED
GEO_1006,82580,RICCA HORACIO  FARMACIA RICCA,20185735819,0,91616,RICCA HORACIO  FARMACIA RICCA,20185735819,0,MOVER A MASTER Y MARCAR DELETED
GEO_1007,86544,DEL CARMEN SUC. 1  MARIA DEL CARMEN,27239945770,0,95582,DEL CARMEN SUC. 1  MARIA DEL CARMEN,27239945770,0,MOVER A MASTER Y MARCAR DELETED
GEO_1008,82577,FCIA.BARATTO MARIO  FARMACIA BARATTO,20185196535,0,91613,FCIA.BARATTO MARIO  FARMACIA BARATTO,20185196535,0,MOVER A MASTER Y MARCAR DELETED
GEO_1009,82590,MARIA LUJAN,20200056648,0,91626,MARIA LUJAN,20200056648,0,MOVER A MASTER Y MARCAR DELETED
GEO_1010,89112,MURO,30709784451,0,98153,MURO,30709784451,0,MOVER A MASTER Y MARCAR DELETED
GEO_1011,919,LOS TREBOLES (Almacen/Despensa_A),27-23642635-7,0,5802,LOS TREBOLES (Almacen/Despensa_A),27-23642635-7,0,MOVER A MASTER Y MARCAR DELETED
GEO_1011,919,LOS TREBOLES (Almacen/Despensa_A),27-23642635-7,0,102483,LOS TREBOLES (Almacen/Despensa_A),27-23642635-7,0,MOVER A MASTER Y MARCAR DELETED
GEO_1012,82603,JORGE F.BULLON,20200906382,0,91639,JORGE F.BULLON,20200906382,0,MOVER A MASTER Y MARCAR DELETED
GEO_1013,86557,3360 PACHECO ERICA PAOLA,27241163313,0,95595,"3360 PACHECO, ERICA PAOLA",27241163313,0,MOVER A MASTER Y MARCAR DELETED
GEO_1014,84528,FARMACOM II  CAROLINA,27118538469,0,93565,FARMACOM II  CAROLINA,27118538469,0,MOVER A MASTER Y MARCAR DELETED
GEO_1015,801,CARNICERIA LA PRIMERA (Carniceria/Granja_B),20356040350,0,5848,CARNICERIA LA PRIMERA (Carniceria/Granja_B),20356040350,0,MOVER A MASTER Y MARCAR DELETED
GEO_1015,801,CARNICERIA LA PRIMERA (Carniceria/Granja_B),20356040350,0,102447,CARNICERIA LA PRIMERA (Carniceria/Granja_B),20356040350,0,MOVER A MASTER Y MARCAR DELETED
GEO_1016,801,CARNICERIA LA PRIMERA (Carniceria/Granja_B),20356040350,0,5848,CARNICERIA LA PRIMERA (Carniceria/Granja_B),20356040350,0,MOVER A MASTER Y MARCAR DELETED
GEO_1016,801,CARNICERIA LA PRIMERA (Carniceria/Granja_B),20356040350,0,102447,CARNICERIA LA PRIMERA (Carniceria/Granja_B),20356040350,0,MOVER A MASTER Y MARCAR DELETED
GEO_1017,1002,DESPENZA AZUL (Almacen/Despensa_C),23-16317382-4,0,6138,DESPENZA AZUL (Almacen/Despensa_C),23-16317382-4,0,MOVER A MASTER Y MARCAR DELETED
GEO_1017,1002,DESPENZA AZUL (Almacen/Despensa_C),23-16317382-4,0,102550,DESPENZA AZUL (Almacen/Despensa_C),23-16317382-4,0,MOVER A MASTER Y MARCAR DELETED
GEO_1018,86579,BERTOLIN FLAVIA,27242146404,0,95617,BERTOLIN FLAVIA,27242146404,0,MOVER A MASTER Y MARCAR DELETED
GEO_1019,82611,LUNA,20201469229,0,91647,LUNA,20201469229,0,MOVER A MASTER Y MARCAR DELETED
GEO_1020,84742,SAN MARON - B.RIO SALI  SUR SILVIA,27132798511,0,93780,SAN MARON - B.RIO SALI  SUR SILVIA,27132798511,0,MOVER A MASTER Y MARCAR DELETED
GEO_1021,82615,FCIA.IVARZ HERNAN.  IVARZ,20201751293,0,91651,FCIA.IVARZ HERNAN.  IVARZ,20201751293,0,MOVER A MASTER Y MARCAR DELETED
GEO_1022,82616,DROGUERIA ARIES - TUC,20201785880,0,91652,DROGUERIA ARIES - TUC,20201785880,0,MOVER A MASTER Y MARCAR DELETED
GEO_1023,82607,1554 CHIARANDINI JOSE H.  UNIVERSAL,20201152578,0,91643,"1554 CHIARANDINI, JOSE H.  UNIVERSAL",20201152578,0,MOVER A MASTER Y MARCAR DELETED
GEO_1024,1236,KIOSCO LA ISLA (Kiosco/Maxikiosco_A),20268103539,0,6292,KIOSCO LA ISLA (Kiosco/Maxikiosco_A),20268103539,0,MOVER A MASTER Y MARCAR DELETED
GEO_1024,1236,KIOSCO LA ISLA (Kiosco/Maxikiosco_A),20268103539,0,103011,KIOSCO LA ISLA (Kiosco/Maxikiosco_A),20268103539,0,MOVER A MASTER Y MARCAR DELETED
GEO_1025,82637,IMPERIAL -B.R.S.  CARRILLO EDUARDO,20202858644,0,91673,IMPERIAL -B.R.S.  CARRILLO EDUARDO,20202858644,0,MOVER A MASTER Y MARCAR DELETED
GEO_1026,852,VERDULERIA +X- NORTE (Resto de Tradicionales_B),20-21377985-1,0,5897,VERDULERIA +X- NORTE (Resto de Tradicionales_B),20-21377985-1,0,MOVER A MASTER Y MARCAR DELETED
GEO_1026,852,VERDULERIA +X- NORTE (Resto de Tradicionales_B),20-21377985-1,0,102391,VERDULERIA +X- NORTE (Resto de Tradicionales_B),20-21377985-1,0,MOVER A MASTER Y MARCAR DELETED
GEO_1027,86655,*CASAS VALERIA (PERFUMERIA)  VALERIA,27247035740,0,95693,*CASAS VALERIA (PERFUMERIA)  VALERIA,27247035740,0,MOVER A MASTER Y MARCAR DELETED
GEO_1028,86657,PATRICIA LEILA MUNAR,27247089794,0,95695,PATRICIA LEILA MUNAR,27247089794,0,MOVER A MASTER Y MARCAR DELETED
GEO_1029,82641,VINDEROLA MARCELO PABLO,20203200162,0,91677,VINDEROLA MARCELO PABLO,20203200162,0,MOVER A MASTER Y MARCAR DELETED
GEO_1030,86401,AVC FARMA  ANDREA,27231952050,0,95439,AVC FARMA  ANDREA,27231952050,0,MOVER A MASTER Y MARCAR DELETED
GEO_1030,86401,AVC FARMA  ANDREA,27231952050,0,100929,AVCFarma,27-23195205-0,11,MOVER A MASTER Y MARCAR DELETED
GEO_1031,82655,CEBALLOS GABRIEL  CEBALLOS GABRIEL,20204610844,0,91691,CEBALLOS GABRIEL  CEBALLOS GABRIEL,20204610844,0,MOVER A MASTER Y MARCAR DELETED
GEO_1032,762,-DON MIGUEL FRUTAS Y VERDURAS- (Resto de Tradicionales_A),20946498034,0,5943,-DON MIGUEL FRUTAS Y VERDURAS- (Resto de Tradicionales_A),20946498034,0,MOVER A MASTER Y MARCAR DELETED
GEO_1032,762,-DON MIGUEL FRUTAS Y VERDURAS- (Resto de Tradicionales_A),20946498034,0,102335,-DON MIGUEL FRUTAS Y VERDURAS- (Resto de Tradicionales_A),20946498034,0,MOVER A MASTER Y MARCAR DELETED
GEO_1033,82657,CRUZ DEL SUR DE JURADO LEONARDO  LEO,20204617806,1,91693,CRUZ DEL SUR DE JURADO LEONARDO  LEO,20204617806,0,MOVER A MASTER Y MARCAR DELETED
GEO_1034,86675,FARMACIA DEL NI?O,27248013872,0,95713,FARMACIA DEL NI?O,27248013872,0,MOVER A MASTER Y MARCAR DELETED
GEO_1035,86695,LASTENIA-LASTENIA,27249821344,0,95733,LASTENIA-LASTENIA,27249821344,0,MOVER A MASTER Y MARCAR DELETED
GEO_1035,86695,LASTENIA-LASTENIA,27249821344,0,100369,LASTENIA-LASTENIA,27249821344,0,MOVER A MASTER Y MARCAR DELETED
GEO_1036,82679,ALPHA NEO-SALTA,20206097087,0,91715,ALPHA NEO-SALTA,20206097087,0,MOVER A MASTER Y MARCAR DELETED
GEO_1037,873,CARNICERIA DEL CAMPO (Carniceria/Granja_A),27232869564,0,6013,CARNICERIA DEL CAMPO (Carniceria/Granja_A),27232869564,0,MOVER A MASTER Y MARCAR DELETED
GEO_1037,873,CARNICERIA DEL CAMPO (Carniceria/Granja_A),27232869564,0,102535,CARNICERIA DEL CAMPO (Carniceria/Granja_A),27232869564,0,MOVER A MASTER Y MARCAR DELETED
GEO_1038,85661,1209 PERELLO CRISTINA SANDRA  FCIA. PALMA,27185777125,0,100933,palma,27-18577712-5,2,MOVER A MASTER Y MARCAR DELETED
GEO_1038,85661,1209 PERELLO CRISTINA SANDRA  FCIA. PALMA,27185777125,0,94699,1209 PERELLO CRISTINA SANDRA  FCIA. PALMA,27185777125,0,MOVER A MASTER Y MARCAR DELETED
GEO_1039,100924,FARMACIA OLDANI,27-17819493-9,0,100943,FARMACIA OLDANI,27-17819493-9,0,MOVER A MASTER Y MARCAR DELETED
GEO_1039,100924,FARMACIA OLDANI,27-17819493-9,0,100941,FARMACIA OLDANI,27-17819493-9,0,MOVER A MASTER Y MARCAR DELETED
GEO_1039,100924,FARMACIA OLDANI,27-17819493-9,0,100957,FARMACIA OLDANI,27-17819493-9,0,MOVER A MASTER Y MARCAR DELETED
GEO_1039,100924,FARMACIA OLDANI,27-17819493-9,0,100959,OLDANI MIRIAN NOEMI ,27-17819493-9,0,MOVER A MASTER Y MARCAR DELETED
GEO_1040,82692,MARIELA,20206921367,0,91728,MARIELA,20206921367,0,MOVER A MASTER Y MARCAR DELETED
GEO_1041,82712,2486 MILLAN DANIEL HECTOR  FARMACIA DON ORIONE,20208105982,0,91748,2486 MILLAN DANIEL HECTOR  FARMACIA DON ORIONE,20208105982,0,MOVER A MASTER Y MARCAR DELETED
GEO_1042,86761,TORGE,27254585519,0,95798,TORGE,27254585519,0,MOVER A MASTER Y MARCAR DELETED
GEO_1042,86761,TORGE,27254585519,0,101500,Farmacia Torge,27-25458551-9,6,MOVER A MASTER Y MARCAR DELETED
GEO_1043,84701,SALOMON  KARINA,27129949940,0,93739,SALOMON  KARINA,27129949940,0,MOVER A MASTER Y MARCAR DELETED
GEO_1044,82708,FARMACIA GALILEA,20208001494,0,91744,FARMACIA GALILEA,20208001494,0,MOVER A MASTER Y MARCAR DELETED
GEO_1045,694,FIAMBRERIA Y POLLERIA BARILOCHE (Almacen/Despensa_C),27-34666639-6,0,5462,FIAMBRERIA Y POLLERIA BARILOCHE (Almacen/Despensa_C),27-34666639-6,0,MOVER A MASTER Y MARCAR DELETED
GEO_1045,694,FIAMBRERIA Y POLLERIA BARILOCHE (Almacen/Despensa_C),27-34666639-6,0,102239,FIAMBRERIA Y POLLERIA BARILOCHE (Almacen/Despensa_C),27-34666639-6,0,MOVER A MASTER Y MARCAR DELETED
GEO_1046,86789,OLAVARRIA II,27258296058,0,95826,OLAVARRIA II,27258296058,0,MOVER A MASTER Y MARCAR DELETED
GEO_1047,86804,LIBERTAD 2 CORDOBA  ANALIA DUBIOS,27259204378,0,95841,LIBERTAD 2 CORDOBA  ANALIA DUBIOS,27259204378,0,MOVER A MASTER Y MARCAR DELETED
GEO_1048,82731,FCIA.BIANCHI  FARMACIA BIANCHI,20210356828,0,91767,FCIA.BIANCHI  FARMACIA BIANCHI,20210356828,0,MOVER A MASTER Y MARCAR DELETED
GEO_1049,82720,FERNANDEZ GABRIEL CRISTIA  GABRIELA,20209042003,6,91756,FERNANDEZ GABRIEL CRISTIA  GABRIELA,20209042003,0,MOVER A MASTER Y MARCAR DELETED
GEO_1050,232,KIOSCO LOS PRIMOS (Almacen/Despensa_C),20-30479924-3,0,5759,KIOSCO LOS PRIMOS (Almacen/Despensa_C),20-30479924-3,0,MOVER A MASTER Y MARCAR DELETED
GEO_1050,232,KIOSCO LOS PRIMOS (Almacen/Despensa_C),20-30479924-3,0,101896,KIOSCO LOS PRIMOS (Almacen/Despensa_C),20-30479924-3,0,MOVER A MASTER Y MARCAR DELETED
GEO_1051,81761,MATER,20062480441,0,90796,MATER,20062480441,0,MOVER A MASTER Y MARCAR DELETED
GEO_1052,81761,MATER,20062480441,0,90796,MATER,20062480441,0,MOVER A MASTER Y MARCAR DELETED
GEO_1053,81922,EL FENIX,20115547179,0,100938,FARMACIA EL FENIX MARTINEZ,20-11554717-9,16,MOVER A MASTER Y MARCAR DELETED
GEO_1053,81922,EL FENIX,20115547179,0,90958,EL FENIX,20115547179,0,MOVER A MASTER Y MARCAR DELETED
GEO_1054,82738,SAN FELIPE,20211125900,0,91774,SAN FELIPE,20211125900,0,MOVER A MASTER Y MARCAR DELETED
GEO_1055,86830,PERFU NOELIA G ALVAREZ,27261562265,0,95867,PERFU NOELIA G ALVAREZ,27261562265,0,MOVER A MASTER Y MARCAR DELETED
GEO_1056,1048,LOS PICHONES (Almacen/Despensa_C),20-30134157-2,0,6157,LOS PICHONES (Almacen/Despensa_C),20-30134157-2,0,MOVER A MASTER Y MARCAR DELETED
GEO_1056,1048,LOS PICHONES (Almacen/Despensa_C),20-30134157-2,0,102663,LOS PICHONES (Almacen/Despensa_C),20-30134157-2,0,MOVER A MASTER Y MARCAR DELETED
GEO_1057,1422,HABITO (Almacen/Despensa_C),20315520232,0,6381,HABITO (Almacen/Despensa_C),20315520232,0,MOVER A MASTER Y MARCAR DELETED
GEO_1057,1422,HABITO (Almacen/Despensa_C),20315520232,0,103052,HABITO (Almacen/Despensa_C),20315520232,0,MOVER A MASTER Y MARCAR DELETED
GEO_1058,1422,HABITO (Almacen/Despensa_C),20315520232,0,6381,HABITO (Almacen/Despensa_C),20315520232,0,MOVER A MASTER Y MARCAR DELETED
GEO_1058,1422,HABITO (Almacen/Despensa_C),20315520232,0,103052,HABITO (Almacen/Despensa_C),20315520232,0,MOVER A MASTER Y MARCAR DELETED
GEO_1059,88683,FARMACIA ASE NUEVA CACHEUTA SRL,30707461272,0,97723,FARMACIA ASE NUEVA CACHEUTA SRL,30707461272,0,MOVER A MASTER Y MARCAR DELETED
GEO_1059,88683,FARMACIA ASE NUEVA CACHEUTA SRL,30707461272,0,101524,Nueva Cacheuta  SRL,30-70746127-2,1,MOVER A MASTER Y MARCAR DELETED
GEO_1060,86844,PERFUMERIA LAS TORRES,27263374776,0,95881,PERFUMERIA LAS TORRES,27263374776,0,MOVER A MASTER Y MARCAR DELETED
GEO_1061,86844,PERFUMERIA LAS TORRES,27263374776,0,95881,PERFUMERIA LAS TORRES,27263374776,0,MOVER A MASTER Y MARCAR DELETED
GEO_1062,88833,FERNANDEZ GUSTAVO FERNANDEZ CLAUDIA S.H,30708477458,0,97873,"FERNANDEZ GUSTAVO, FERNANDEZ CLAUDIA S.H",30708477458,0,MOVER A MASTER Y MARCAR DELETED
GEO_1063,82745,DEL SUR  ADRIAN,20213895649,0,91781,DEL SUR  ADRIAN,20213895649,0,MOVER A MASTER Y MARCAR DELETED
GEO_1064,82751,CORTE CARLOS GABRIEL  ANTARTIDA,20214184630,0,91787,CORTE CARLOS GABRIEL  ANTARTIDA,20214184630,0,MOVER A MASTER Y MARCAR DELETED
GEO_1065,89828,ORTEGA FARMACEUTICA S.C.S  RIADIGOS,30715536346,0,100939,ortega farmaceutica scs,30-71553634-6,12,MOVER A MASTER Y MARCAR DELETED
GEO_1065,89828,ORTEGA FARMACEUTICA S.C.S  RIADIGOS,30715536346,0,98869,ORTEGA FARMACEUTICA S.C.S  RIADIGOS,30715536346,0,MOVER A MASTER Y MARCAR DELETED
GEO_1066,84229,FCIA.GIMENEZ  ROSARIO DEL PILAR,27044379401,0,93266,FCIA.GIMENEZ  ROSARIO DEL PILAR,27044379401,0,MOVER A MASTER Y MARCAR DELETED
GEO_1067,82744,MARTINEZ,20213581059,0,91780,MARTINEZ,20213581059,0,MOVER A MASTER Y MARCAR DELETED
GEO_1068,1062,Almacen Campanario (Almacen/Despensa_P),20-26466864-7,0,6164,Almacen Campanario (Almacen/Despensa_P),20-26466864-7,0,MOVER A MASTER Y MARCAR DELETED
GEO_1068,1062,Almacen Campanario (Almacen/Despensa_P),20-26466864-7,0,102650,Almacen Campanario (Almacen/Despensa_P),20-26466864-7,0,MOVER A MASTER Y MARCAR DELETED
GEO_1069,86875,MORENO,27266830071,0,95912,MORENO,27266830071,0,MOVER A MASTER Y MARCAR DELETED
GEO_1070,100960,OLDANI MIRIAN NOEMI ,27-17819493-9,10,100940,FARMACIA OLDANI,27-17819493-9,0,MOVER A MASTER Y MARCAR DELETED
GEO_1071,82774,CORTES,20215954936,0,91810,CORTES,20215954936,0,MOVER A MASTER Y MARCAR DELETED
GEO_1072,88466,FARMABELEN,30689692040,0,97505,FARMABELEN,30689692040,0,MOVER A MASTER Y MARCAR DELETED
GEO_1073,294,QUITO DESPENSA (Almacen/Despensa_C),27-14759974-4,0,5555,QUITO DESPENSA (Almacen/Despensa_C),27-14759974-4,0,MOVER A MASTER Y MARCAR DELETED
GEO_1073,294,QUITO DESPENSA (Almacen/Despensa_C),27-14759974-4,0,101802,QUITO DESPENSA (Almacen/Despensa_C),27-14759974-4,0,MOVER A MASTER Y MARCAR DELETED
GEO_1074,82798,ARENA DANTE FABIAN,20218300066,0,91834,ARENA DANTE FABIAN,20218300066,0,MOVER A MASTER Y MARCAR DELETED
GEO_1075,101737,Farmacia Estrella 1,27-11806170-0,1,101736,Estrella Chacabuco,27-11806170-0,0,MOVER A MASTER Y MARCAR DELETED
GEO_1076,101737,Farmacia Estrella 1,27-11806170-0,1,101736,Estrella Chacabuco,27-11806170-0,0,MOVER A MASTER Y MARCAR DELETED
GEO_1077,84707,OROÑO DE ZUCCHINO MARIA LUISA  MARIA LUIZA,27130571021,0,93745,OROÑO DE ZUCCHINO MARIA LUISA  MARIA LUIZA,27130571021,0,MOVER A MASTER Y MARCAR DELETED
GEO_1078,82790,CIUDADELA,20217452172,0,91826,CIUDADELA,20217452172,0,MOVER A MASTER Y MARCAR DELETED
GEO_1079,82789,BERARDI,20217342385,0,91825,BERARDI,20217342385,0,MOVER A MASTER Y MARCAR DELETED
GEO_1080,970,MERCADO EL CEFE (Almacen/Despensa_C),20361813562,0,6239,MERCADO EL CEFE (Almacen/Despensa_C),20361813562,0,MOVER A MASTER Y MARCAR DELETED
GEO_1080,970,MERCADO EL CEFE (Almacen/Despensa_C),20361813562,0,102581,MERCADO EL CEFE (Almacen/Despensa_C),20361813562,0,MOVER A MASTER Y MARCAR DELETED
GEO_1081,82799,ARENA DANTE FABIAN,20218300066,0,91835,ARENA DANTE FABIAN,20218300066,0,MOVER A MASTER Y MARCAR DELETED
GEO_1082,86952,FARMACIA SOL,27275534205,0,95989,FARMACIA SOL,27275534205,0,MOVER A MASTER Y MARCAR DELETED
GEO_1083,86962,FARMACIA CLAUDIA  CLAUDIA,27276575401,0,95999,FARMACIA CLAUDIA  CLAUDIA,27276575401,0,MOVER A MASTER Y MARCAR DELETED
GEO_1084,100955,farmacia libertad,27-21833451-8,2,101008,FARMACIA LIBERTAD,27-21833451-8,2,MOVER A MASTER Y MARCAR DELETED
GEO_1085,100955,farmacia libertad,27-21833451-8,2,101008,FARMACIA LIBERTAD,27-21833451-8,2,MOVER A MASTER Y MARCAR DELETED
GEO_1086,1427,El Ranchito (Almacen/Despensa_B),27255127999,0,6281,El Ranchito (Almacen/Despensa_B),27255127999,0,MOVER A MASTER Y MARCAR DELETED
GEO_1086,1427,El Ranchito (Almacen/Despensa_B),27255127999,0,103040,El Ranchito (Almacen/Despensa_B),27255127999,0,MOVER A MASTER Y MARCAR DELETED
GEO_1087,1427,El Ranchito (Almacen/Despensa_B),27255127999,0,6281,El Ranchito (Almacen/Despensa_B),27255127999,0,MOVER A MASTER Y MARCAR DELETED
GEO_1087,1427,El Ranchito (Almacen/Despensa_B),27255127999,0,103040,El Ranchito (Almacen/Despensa_B),27255127999,0,MOVER A MASTER Y MARCAR DELETED
GEO_1088,1434,-KIOSKO JIREH- (Kiosco/Maxikiosco_A),27254147325,0,6276,-KIOSKO JIREH- (Kiosco/Maxikiosco_A),27254147325,0,MOVER A MASTER Y MARCAR DELETED
GEO_1088,1434,-KIOSKO JIREH- (Kiosco/Maxikiosco_A),27254147325,0,103035,-KIOSKO JIREH- (Kiosco/Maxikiosco_A),27254147325,0,MOVER A MASTER Y MARCAR DELETED
GEO_1089,82810,UNO III,20219470763,0,91846,UNO III,20219470763,0,MOVER A MASTER Y MARCAR DELETED
GEO_1090,82819,PASSARELLI FERNANDO / FARMASALUD,20220241867,0,91855,PASSARELLI FERNANDO / FARMASALUD,20220241867,0,MOVER A MASTER Y MARCAR DELETED
GEO_1091,87531,MENENDEZ CAMILA  FARMACIA MENENDEZ,27353989656,0,96568,MENENDEZ CAMILA  FARMACIA MENENDEZ,27353989656,0,MOVER A MASTER Y MARCAR DELETED
GEO_1092,87498,NUEVA FARMA  MAURO VOLONDI,27348556830,0,96535,NUEVA FARMA  MAURO VOLONDI,27348556830,0,MOVER A MASTER Y MARCAR DELETED
GEO_1093,614,La pata negra (Fiambreria_B),33-71707515-9,0,5400,La pata negra (Fiambreria_B),33-71707515-9,0,MOVER A MASTER Y MARCAR DELETED
GEO_1093,614,La pata negra (Fiambreria_B),33-71707515-9,0,102172,La pata negra (Fiambreria_B),33-71707515-9,0,MOVER A MASTER Y MARCAR DELETED
GEO_1094,82831,SOICH FERNANDO RENE,20221324847,5,91867,SOICH FERNANDO RENE,20221324847,0,MOVER A MASTER Y MARCAR DELETED
GEO_1095,82804,MATER II,20219121890,0,91840,MATER II,20219121890,0,MOVER A MASTER Y MARCAR DELETED
GEO_1096,82829,GERMAN LOPEZ,20220871135,0,91865,GERMAN LOPEZ,20220871135,0,MOVER A MASTER Y MARCAR DELETED
GEO_1097,1360,CET 2 (Kiosco/Maxikiosco_C),27929037583,0,6342,CET 2 (Kiosco/Maxikiosco_C),27929037583,0,MOVER A MASTER Y MARCAR DELETED
GEO_1097,1360,CET 2 (Kiosco/Maxikiosco_C),27929037583,0,102960,CET 2 (Kiosco/Maxikiosco_C),27929037583,0,MOVER A MASTER Y MARCAR DELETED
GEO_1098,82842,RUGGERI  FARMACIA RUGGERI,20222103127,64,91878,RUGGERI  FARMACIA RUGGERI,20222103127,0,MOVER A MASTER Y MARCAR DELETED
GEO_1099,83168,FIRMANI TEDDY L,20265097279,0,92204,FIRMANI TEDDY L,20265097279,0,MOVER A MASTER Y MARCAR DELETED
GEO_1100,82849,PERFUMERIAS DARY,20223141731,0,91885,PERFUMERIAS DARY,20223141731,0,MOVER A MASTER Y MARCAR DELETED
GEO_1101,82841,FARMAVITAL  MARTINO DAVID F4 MARISA,20222066094,0,91877,FARMAVITAL  MARTINO DAVID F4 MARISA,20222066094,0,MOVER A MASTER Y MARCAR DELETED
GEO_1102,87058,GENERAL PAZ   AV PATRIA,27286582120,0,96095,GENERAL PAZ   AV PATRIA,27286582120,0,MOVER A MASTER Y MARCAR DELETED
GEO_1103,87066,CARINA CALLE  CARINA,27288493419,7,96103,CARINA CALLE  CARINA,27288493419,0,MOVER A MASTER Y MARCAR DELETED
GEO_1104,87066,CARINA CALLE  CARINA,27288493419,7,96103,CARINA CALLE  CARINA,27288493419,0,MOVER A MASTER Y MARCAR DELETED
GEO_1105,82872,CARDINALI JUAN IGNACIO  SOL  ADRIAN,20225450448,2,91908,"CARDINALI JUAN IGNACIO  SOL , ADRIAN",20225450448,0,MOVER A MASTER Y MARCAR DELETED
GEO_1106,82852,MATHEU,20223369635,0,91888,MATHEU,20223369635,0,MOVER A MASTER Y MARCAR DELETED
GEO_1107,82852,MATHEU,20223369635,0,91888,MATHEU,20223369635,0,MOVER A MASTER Y MARCAR DELETED
GEO_1108,82859,NACIF  WALTER,20223720227,0,91895,NACIF  WALTER,20223720227,0,MOVER A MASTER Y MARCAR DELETED
GEO_1109,101367,ECOFARMA II,30-71597381-9,2,100963,ECOFARMA VILLA NUEVA,30-71597381-9,1,MOVER A MASTER Y MARCAR DELETED
GEO_1110,82869,LATINA,20225231851,0,91905,LATINA,20225231851,0,MOVER A MASTER Y MARCAR DELETED
GEO_1111,1264,DESPENSA LOS TANITOS (Almacen/Despensa_B),23344032289,0,6402,DESPENSA LOS TANITOS (Almacen/Despensa_B),23344032289,0,MOVER A MASTER Y MARCAR DELETED
GEO_1111,1264,DESPENSA LOS TANITOS (Almacen/Despensa_B),23344032289,0,102897,DESPENSA LOS TANITOS (Almacen/Despensa_B),23344032289,0,MOVER A MASTER Y MARCAR DELETED
GEO_1112,82878,KORNIJUK PEDRO A.,20226205870,0,91914,KORNIJUK PEDRO A.,20226205870,0,MOVER A MASTER Y MARCAR DELETED
GEO_1113,82874,SANTA FE  PATRICIO,20225826049,0,91910,SANTA FE  PATRICIO,20225826049,0,MOVER A MASTER Y MARCAR DELETED
GEO_1114,82887,AYOLAS DE NOGUERO SERGIO  SERGIO,20227279010,3,91923,AYOLAS DE NOGUERO SERGIO  SERGIO,20227279010,0,MOVER A MASTER Y MARCAR DELETED
GEO_1115,87160,PARQUE 2  JUAN PABLO Y EMILIA TRONADOR 2023,27301262847,0,96197,PARQUE 2  JUAN PABLO Y EMILIA TRONADOR 2023,27301262847,0,MOVER A MASTER Y MARCAR DELETED
GEO_1116,82901,2646 FAZZIO FABIAN FRANCISCO  FCIA FAZZIO,20228210146,0,91937,"2646 FAZZIO, FABIAN FRANCISCO  FCIA FAZZIO",20228210146,0,MOVER A MASTER Y MARCAR DELETED
GEO_1117,88509,PERFUMERIA GUCCI  GUSTAVO,30690920421,0,97548,PERFUMERIA GUCCI  GUSTAVO,30690920421,0,MOVER A MASTER Y MARCAR DELETED
GEO_1118,84652,ROTGER NORA PATRICIA  FARMACIA ROTGER,27127009290,0,93689,ROTGER NORA PATRICIA  FARMACIA ROTGER,27127009290,0,MOVER A MASTER Y MARCAR DELETED
GEO_1119,84652,ROTGER NORA PATRICIA  FARMACIA ROTGER,27127009290,0,93689,ROTGER NORA PATRICIA  FARMACIA ROTGER,27127009290,0,MOVER A MASTER Y MARCAR DELETED
GEO_1120,82919,BASANO FERNANDO  BASANO FERNANDO,20230808989,0,91955,BASANO FERNANDO  BASANO FERNANDO,20230808989,0,MOVER A MASTER Y MARCAR DELETED
GEO_1121,82917,FARMACIA OESTE,20230704482,0,91953,FARMACIA OESTE,20230704482,0,MOVER A MASTER Y MARCAR DELETED
GEO_1122,82936,ARIAS SUC SEGURA,20231803220,0,91972,ARIAS SUC SEGURA,20231803220,0,MOVER A MASTER Y MARCAR DELETED
GEO_1123,83805,PERFUSHOP,23175576819,9,92843,PERFUSHOP,23175576819,0,MOVER A MASTER Y MARCAR DELETED
GEO_1124,82933,ALTIERI LEONARDO JAVIER / NUEVA SAN PABLO,20231795570,0,91969,ALTIERI LEONARDO JAVIER / NUEVA SAN PABLO,20231795570,0,MOVER A MASTER Y MARCAR DELETED
GEO_1125,82935,ARIAS SUC BURGOS,20231803220,0,91971,ARIAS SUC BURGOS,20231803220,0,MOVER A MASTER Y MARCAR DELETED
GEO_1126,82938,VAZQUEZ CLAUDIO RAUL,20231805223,0,91974,VAZQUEZ CLAUDIO RAUL,20231805223,0,MOVER A MASTER Y MARCAR DELETED
GEO_1127,82938,VAZQUEZ CLAUDIO RAUL,20231805223,0,91974,VAZQUEZ CLAUDIO RAUL,20231805223,0,MOVER A MASTER Y MARCAR DELETED
GEO_1128,87234,FARMA.COM  ALEXANDRA COMITO,27313558733,0,96271,FARMA.COM  ALEXANDRA COMITO,27313558733,0,MOVER A MASTER Y MARCAR DELETED
GEO_1129,82941,CASELLA,20232512106,0,91977,CASELLA,20232512106,0,MOVER A MASTER Y MARCAR DELETED
GEO_1130,1383,CAMBALACHE (Almacen/Despensa_C),27104422840,0,6336,CAMBALACHE (Almacen/Despensa_C),27104422840,0,MOVER A MASTER Y MARCAR DELETED
GEO_1130,1383,CAMBALACHE (Almacen/Despensa_C),27104422840,0,102975,CAMBALACHE (Almacen/Despensa_C),27104422840,0,MOVER A MASTER Y MARCAR DELETED
GEO_1131,101334,SILVANA MARTINEZ II,23-22036601-4,15,101077,SILVANA MARTINEZ II,23-22036601-4,0,MOVER A MASTER Y MARCAR DELETED
GEO_1132,82945,PASCHETTA ORLANDO DAVID,20232884542,0,91981,PASCHETTA ORLANDO DAVID,20232884542,0,MOVER A MASTER Y MARCAR DELETED
GEO_1133,82955,GARAVAGLIA  GABRIEL,20233667979,0,91991,GARAVAGLIA  GABRIEL,20233667979,0,MOVER A MASTER Y MARCAR DELETED
GEO_1134,82950,LENOIER,20233087506,0,91986,LENOIER,20233087506,0,MOVER A MASTER Y MARCAR DELETED
GEO_1135,82962,FRECH,20234655419,11,91998,FRECH,20234655419,0,MOVER A MASTER Y MARCAR DELETED
GEO_1136,88882,VIAFAR SA,30708775793,0,97922,VIAFAR SA,30708775793,0,MOVER A MASTER Y MARCAR DELETED
GEO_1137,82982,3067 ESTRELLA ALEJANDRO (VIAMONTE),20235895693,0,92018,"3067 ESTRELLA, ALEJANDRO (VIAMONTE)",20235895693,0,MOVER A MASTER Y MARCAR DELETED
GEO_1138,82980,2869 ESTRELLA ALEJANDRO  DEL PINO,20235895693,0,92016,"2869 ESTRELLA, ALEJANDRO  DEL PINO",20235895693,0,MOVER A MASTER Y MARCAR DELETED
GEO_1139,82983,PROXI  ALMA BONITA AVELLANEDA,20236082734,0,92019,PROXI  ALMA BONITA AVELLANEDA,20236082734,0,MOVER A MASTER Y MARCAR DELETED
GEO_1140,82964,IVITZ,20234718410,0,92000,IVITZ,20234718410,0,MOVER A MASTER Y MARCAR DELETED
GEO_1141,82988,FORZANI  GUSTVO,20236830382,5,92024,FORZANI  GUSTVO,20236830382,0,MOVER A MASTER Y MARCAR DELETED
GEO_1142,87335,ROIGE,27324870399,0,96372,ROIGE,27324870399,0,MOVER A MASTER Y MARCAR DELETED
GEO_1143,82987,CENTRAL ORO VERDE - ORO VERDE,20236611206,0,92023,CENTRAL ORO VERDE - ORO VERDE,20236611206,0,MOVER A MASTER Y MARCAR DELETED
GEO_1144,84070,*PINTADO SARA ELIZABETH  ROBERTO,23292085559,0,93107,*PINTADO SARA ELIZABETH  ROBERTO,23292085559,0,MOVER A MASTER Y MARCAR DELETED
GEO_1145,87340,*PERFUMERIA PANDORA  SALOME,27325415733,0,96377,*PERFUMERIA PANDORA  SALOME,27325415733,0,MOVER A MASTER Y MARCAR DELETED
GEO_1146,87325,CENTENARIO,27323755359,18,96362,CENTENARIO,27323755359,0,MOVER A MASTER Y MARCAR DELETED
GEO_1147,1490,DON RODOLFO (Resto de Tradicionales_A),20243373396,0,6694,DON RODOLFO (Resto de Tradicionales_A),20243373396,0,MOVER A MASTER Y MARCAR DELETED
GEO_1147,1490,DON RODOLFO (Resto de Tradicionales_A),20243373396,0,103137,DON RODOLFO (Resto de Tradicionales_A),20243373396,0,MOVER A MASTER Y MARCAR DELETED
GEO_1148,1532,OPEN 25 (Kiosco - Open 25_A),30716616262,0,6705,OPEN 25 (Kiosco - Open 25_A),30716616262,0,MOVER A MASTER Y MARCAR DELETED
GEO_1148,1532,OPEN 25 (Kiosco - Open 25_A),30716616262,0,103128,OPEN 25 (Kiosco - Open 25_A),30716616262,0,MOVER A MASTER Y MARCAR DELETED
GEO_1149,82991,488 ELST ROBERTO MAURICIO,20237345615,0,92027,488 ELST ROBERTO MAURICIO,20237345615,0,MOVER A MASTER Y MARCAR DELETED
GEO_1150,87386,FARMA LAU  MARIA LAURA,27331176538,0,96423,FARMA LAU  MARIA LAURA,27331176538,0,MOVER A MASTER Y MARCAR DELETED
GEO_1151,87416,ALTOS DE ARGUELLO  ELIDA,27336007319,0,96453,ALTOS DE ARGUELLO  ELIDA,27336007319,0,MOVER A MASTER Y MARCAR DELETED
GEO_1152,2170,GUAZZARONI GRACIELA (Almacen/Despensa_B),13195263,0,6767,GUAZZARONI GRACIELA (Almacen/Despensa_B),13195263,0,MOVER A MASTER Y MARCAR DELETED
GEO_1153,83012,LA FARMACIA-CERRIL.SALTA,20239599517,0,92048,LA FARMACIA-CERRIL.SALTA,20239599517,0,MOVER A MASTER Y MARCAR DELETED
GEO_1154,87412,OJI,27335383740,9,96449,OJI,27335383740,0,MOVER A MASTER Y MARCAR DELETED
GEO_1155,83010,FARMACIA LUCAS MONTTI,20239266534,0,103500,Montti,20-23926653-4,2,MOVER A MASTER Y MARCAR DELETED
GEO_1155,83010,FARMACIA LUCAS MONTTI,20239266534,0,92046,FARMACIA LUCAS MONTTI,20239266534,0,MOVER A MASTER Y MARCAR DELETED
GEO_1156,87433,MUÑOZ  ROMINA,27338947815,0,96470,MUÑOZ  ROMINA,27338947815,0,MOVER A MASTER Y MARCAR DELETED
GEO_1157,88092,LAS MARGARITAS MORON I,30622404482,0,97131,LAS MARGARITAS MORON I,30622404482,0,MOVER A MASTER Y MARCAR DELETED
GEO_1158,83034,GALLARINO,20243316961,0,92070,GALLARINO,20243316961,0,MOVER A MASTER Y MARCAR DELETED
GEO_1159,87444,PUNTO FARMA  VERONICA,27339946375,4,96481,PUNTO FARMA  VERONICA,27339946375,0,MOVER A MASTER Y MARCAR DELETED
GEO_1160,87444,PUNTO FARMA  VERONICA,27339946375,4,96481,PUNTO FARMA  VERONICA,27339946375,0,MOVER A MASTER Y MARCAR DELETED
GEO_1161,3965,COPPOLA JORGE ARIEL  (PARTICULAR_C),16415418,0,9187,COPPOLA JORGE ARIEL  (PARTICULAR_C),16415418,0,MOVER A MASTER Y MARCAR DELETED
GEO_1162,2084,CARUS GISELA (Almacen/Despensa_A),30918506,0,7071,CARUS GISELA (Almacen/Despensa_A),30918506,0,MOVER A MASTER Y MARCAR DELETED
GEO_1163,2084,CARUS GISELA (Almacen/Despensa_A),30918506,0,7071,CARUS GISELA (Almacen/Despensa_A),30918506,0,MOVER A MASTER Y MARCAR DELETED
GEO_1164,83039,MALAGA,20244099581,0,92075,MALAGA,20244099581,0,MOVER A MASTER Y MARCAR DELETED
GEO_1165,87474,NOVA FARMA,27344629531,0,96511,NOVA FARMA,27344629531,0,MOVER A MASTER Y MARCAR DELETED
GEO_1166,1783,GAO LIZHU (Autoservicio Tradicional_P),27-95619250-7,0,6865,GAO LIZHU (Autoservicio Tradicional_P),27-95619250-7,0,MOVER A MASTER Y MARCAR DELETED
GEO_1167,1783,GAO LIZHU (Autoservicio Tradicional_P),27-95619250-7,0,6865,GAO LIZHU (Autoservicio Tradicional_P),27-95619250-7,0,MOVER A MASTER Y MARCAR DELETED
GEO_1168,83844,BUSSE GRAWITZ  CARINA,23183857134,0,92881,BUSSE GRAWITZ  CARINA,23183857134,0,MOVER A MASTER Y MARCAR DELETED
GEO_1169,83844,BUSSE GRAWITZ  CARINA,23183857134,0,92881,BUSSE GRAWITZ  CARINA,23183857134,0,MOVER A MASTER Y MARCAR DELETED
GEO_1170,87506,LANDIVAR,27349613447,0,96543,LANDIVAR,27349613447,0,MOVER A MASTER Y MARCAR DELETED
GEO_1171,87527,PERRONE  MARIANGEL,27352836791,0,96564,PERRONE  MARIANGEL,27352836791,0,MOVER A MASTER Y MARCAR DELETED
GEO_1172,87546,AEFE  BELEN,27356671681,0,96583,AEFE  BELEN,27356671681,0,MOVER A MASTER Y MARCAR DELETED
GEO_1173,83065,KILOMETRO CERO,20248671964,0,92101,KILOMETRO CERO,20248671964,0,MOVER A MASTER Y MARCAR DELETED
GEO_1174,83061,MONSERRAT  SILVINA,20247930737,0,92097,MONSERRAT  SILVINA,20247930737,0,MOVER A MASTER Y MARCAR DELETED
GEO_1175,82847,FCIA.VIA CORDOBA  MARINA VIA CORDOBA,20223001727,0,91883,FCIA.VIA CORDOBA  MARINA VIA CORDOBA,20223001727,0,MOVER A MASTER Y MARCAR DELETED
GEO_1176,87567,FARMACIA GUIMERANS,27360546980,90,96604,FARMACIA GUIMERANS,27360546980,0,MOVER A MASTER Y MARCAR DELETED
GEO_1177,83085,DEL ESTE,20252557815,0,92121,DEL ESTE,20252557815,0,MOVER A MASTER Y MARCAR DELETED
GEO_1178,83086,PENNISI FORELL RICARDO M.  RICARDO/FABIANA,20252659529,1,92122,PENNISI FORELL RICARDO M.  RICARDO/FABIANA,20252659529,0,MOVER A MASTER Y MARCAR DELETED
GEO_1179,83086,PENNISI FORELL RICARDO M.  RICARDO/FABIANA,20252659529,1,92122,PENNISI FORELL RICARDO M.  RICARDO/FABIANA,20252659529,0,MOVER A MASTER Y MARCAR DELETED
GEO_1180,83099,JAUREGUI GABRIEL,20255467795,0,92135,JAUREGUI GABRIEL,20255467795,0,MOVER A MASTER Y MARCAR DELETED
GEO_1181,83105,SAN MIGUEL DE DEOTO NELSON,20255891589,0,92141,SAN MIGUEL DE DEOTO NELSON,20255891589,0,MOVER A MASTER Y MARCAR DELETED
GEO_1182,83098,2534 ORIHUELA GUSTAVO DANIEL  PARQUE 5,20255364066,0,92134,"2534 ORIHUELA, GUSTAVO DANIEL  PARQUE 5",20255364066,0,MOVER A MASTER Y MARCAR DELETED
GEO_1183,3977,GECELETE DISTRIBUCION S.A.S (Almacen/Despensa_C),30-71724350-8,0,9222,GECELETE DISTRIBUCION S.A.S (Almacen/Despensa_C),30-71724350-8,0,MOVER A MASTER Y MARCAR DELETED
GEO_1184,1978,JORJUA (Almacen/Despensa_B),27-25233541-8,0,7001,JORJUA (Almacen/Despensa_B),27-25233541-8,0,MOVER A MASTER Y MARCAR DELETED
GEO_1185,83109,2583 BURGOA JAVIER ALEJANDRO  FARMACIA RUSSELL,20256202019,0,92145,"2583 BURGOA, JAVIER ALEJANDRO  FARMACIA RUSSELL",20256202019,0,MOVER A MASTER Y MARCAR DELETED
GEO_1186,87642,FLOR PERFUMERIA  FLOR,27381066644,0,96679,FLOR PERFUMERIA  FLOR,27381066644,0,MOVER A MASTER Y MARCAR DELETED
GEO_1187,2184,NUÑEZ GONZALO MATIAS (Almacen/Despensa_B),32195603,0,7037,NUÑEZ GONZALO MATIAS (Almacen/Despensa_B),32195603,0,MOVER A MASTER Y MARCAR DELETED
GEO_1188,2188,SANCHEZ LEONEL ALFREDO  (Carniceria/Granja_B),20-34006001-7,0,7035,SANCHEZ LEONEL ALFREDO  (Carniceria/Granja_B),20-34006001-7,0,MOVER A MASTER Y MARCAR DELETED
GEO_1189,2177,MANGO VIVIANA (Almacen/Despensa_B),20377082,0,7022,MANGO VIVIANA (Almacen/Despensa_B),20377082,0,MOVER A MASTER Y MARCAR DELETED
GEO_1190,83113,ATLANTICA DE GIAMMINOLA HERNAN J.  HERNAN,20256487854,0,92149,ATLANTICA DE GIAMMINOLA HERNAN J.  HERNAN,20256487854,0,MOVER A MASTER Y MARCAR DELETED
GEO_1191,3230,BALBIDARES ANIBAL RICARDO (Carniceria/Granja_C),20-26863084-9,0,8469,BALBIDARES ANIBAL RICARDO (Carniceria/Granja_C),20-26863084-9,0,MOVER A MASTER Y MARCAR DELETED
GEO_1192,2073,EL YACARE SRL (Estacion de Servicio - SHELL_P),30-66590259-1,0,7064,EL YACARE SRL (Estacion de Servicio - SHELL_P),30-66590259-1,0,MOVER A MASTER Y MARCAR DELETED
GEO_1193,2319,BOGARIN RODRIGO (Almacen/Despensa_P),20-38676490-6,0,7345,BOGARIN RODRIGO (Almacen/Despensa_P),20-38676490-6,0,MOVER A MASTER Y MARCAR DELETED
GEO_1194,87722,LEON,27920560593,0,96759,LEON,27920560593,0,MOVER A MASTER Y MARCAR DELETED
GEO_1194,87722,LEON,27920560593,0,100368,LEON,27920560593,0,MOVER A MASTER Y MARCAR DELETED
GEO_1195,4005,CUELLO NICOLAS - LINQUEÑO (Kiosco/Maxikiosco_P),20-29263043-4,0,9129,CUELLO NICOLAS - LINQUEÑO (Kiosco/Maxikiosco_P),20-29263043-4,0,MOVER A MASTER Y MARCAR DELETED
GEO_1196,3139,LIN YONGFEI (Autoservicio Tradicional_C),20-95823098-3,0,8020,LIN YONGFEI (Autoservicio Tradicional_B),20-95823098-3,0,MOVER A MASTER Y MARCAR DELETED
GEO_1197,3139,LIN YONGFEI (Autoservicio Tradicional_C),20-95823098-3,0,8020,LIN YONGFEI (Autoservicio Tradicional_B),20-95823098-3,0,MOVER A MASTER Y MARCAR DELETED
GEO_1198,3139,LIN YONGFEI (Autoservicio Tradicional_C),20-95823098-3,0,8020,LIN YONGFEI (Autoservicio Tradicional_B),20-95823098-3,0,MOVER A MASTER Y MARCAR DELETED
GEO_1199,3823,DI VINCENSI KARINA ELIZABETH (Almacen/Despensa_C),27-23391097-5,0,8840,DI VINCENSI KARINA ELIZABETH (Almacen/Despensa_C),27-23391097-5,0,MOVER A MASTER Y MARCAR DELETED
GEO_1200,83162,FEIJOO ARIEL MARIO,20264659788,0,92198,FEIJOO ARIEL MARIO,20264659788,0,MOVER A MASTER Y MARCAR DELETED
GEO_1201,83174,SALUD Y BELLEZA FARMACIA  VALERIA,20265636110,0,92210,SALUD Y BELLEZA FARMACIA  VALERIA,20265636110,0,MOVER A MASTER Y MARCAR DELETED
GEO_1202,83150,MAESTRO VIDAL  ANIBAL MARIANO,20262914640,0,92186,MAESTRO VIDAL  ANIBAL MARIANO,20262914640,0,MOVER A MASTER Y MARCAR DELETED
GEO_1203,83172,SIGLO XXI,20265423648,0,92208,SIGLO XXI,20265423648,0,MOVER A MASTER Y MARCAR DELETED
GEO_1204,83154,MEDINA EMANUEL MARTIN,20264194416,0,92190,MEDINA EMANUEL MARTIN,20264194416,0,MOVER A MASTER Y MARCAR DELETED
GEO_1205,83159,ENTIO,20264285721,0,92195,ENTIO,20264285721,0,MOVER A MASTER Y MARCAR DELETED
GEO_1206,83159,ENTIO,20264285721,0,92195,ENTIO,20264285721,0,MOVER A MASTER Y MARCAR DELETED
GEO_1207,2039,NABIL JOSE HUSSEIN (Almacen/Despensa_A),20-37980192-8,0,7180,NABIL JOSE HUSSEIN (Almacen/Despensa_A),20-37980192-8,0,MOVER A MASTER Y MARCAR DELETED
GEO_1208,2034,ALOHA (Autoservicio Tradicional_P),23-94056471-9,0,7187,ALOHA (Autoservicio Tradicional_P),23-94056471-9,0,MOVER A MASTER Y MARCAR DELETED
GEO_1209,83195,BLAS PARERA,20270444912,0,92232,BLAS PARERA,20270444912,0,MOVER A MASTER Y MARCAR DELETED
GEO_1210,83198,3363 VICINO CARLOS ALBERTO  FARMACIA SAN MIGUEL,20271376465,0,92235,"3363 VICINO, CARLOS ALBERTO  FARMACIA SAN MIGUEL",20271376465,0,MOVER A MASTER Y MARCAR DELETED
GEO_1211,83211,IBATIN  SARME ASSIF GABRIEL,20273655485,0,92248,IBATIN  SARME ASSIF GABRIEL,20273655485,0,MOVER A MASTER Y MARCAR DELETED
GEO_1212,83192,AIRES DE LORENZETTI MAURICIO  MARIANELA,20269124211,0,92229,AIRES DE LORENZETTI MAURICIO  MARIANELA,20269124211,0,MOVER A MASTER Y MARCAR DELETED
GEO_1213,87820,MUTUAL,30530979276,0,96857,MUTUAL,30530979276,0,MOVER A MASTER Y MARCAR DELETED
GEO_1214,87837,U.E.P.C.  JOSE,30535506201,0,96874,U.E.P.C.  JOSE,30535506201,0,MOVER A MASTER Y MARCAR DELETED
GEO_1215,2246,BASTONI ANTONELA GISEL (Kiosco/Maxikiosco_B),27-35031621-9,0,7412,BASTONI ANTONELA GISEL (Kiosco/Maxikiosco_B),27-35031621-9,0,MOVER A MASTER Y MARCAR DELETED
GEO_1216,3866,LA DULCERIA (Kiosco/Maxikiosco_P),20-35791962-3,0,9009,LA DULCERIA (Kiosco/Maxikiosco_P),20-35791962-3,0,MOVER A MASTER Y MARCAR DELETED
GEO_1217,1919,CARDENAS MARIA BEATRIZ (Almacen/Despensa_B),27-18638472-0,0,7216,CARDENAS MARIA BEATRIZ (Almacen/Despensa_B),27-18638472-0,0,MOVER A MASTER Y MARCAR DELETED
GEO_1218,83220,3135 MARTIN GONZALO,20275193314,0,92257,"3135 MARTIN, GONZALO",20275193314,0,MOVER A MASTER Y MARCAR DELETED
GEO_1219,83230,3263 URETA GUILLERMO EDUARDO,20276470656,0,92267,"3263 URETA, GUILLERMO EDUARDO",20276470656,0,MOVER A MASTER Y MARCAR DELETED
GEO_1220,87826,SIND EMP DE COMERCIO,30532238613,0,96863,SIND EMP DE COMERCIO,30532238613,0,MOVER A MASTER Y MARCAR DELETED
GEO_1221,87849,SINDICAL SUTIAGA 4  ORNELLS,30540004451,0,96887,SINDICAL SUTIAGA 4  ORNELLS,30540004451,0,MOVER A MASTER Y MARCAR DELETED
GEO_1222,83215,JOSUE (SELECT),20274749424,0,92252,JOSUE (SELECT),20274749424,0,MOVER A MASTER Y MARCAR DELETED
GEO_1223,2397,RUFINA SS (Almacen/Despensa_A),30-71805466-0,0,7263,RUFINA SS (Almacen/Despensa_A),30-71805466-0,0,MOVER A MASTER Y MARCAR DELETED
GEO_1224,83237,PARQUE REPUBLICA  CARLOS,20279595743,0,92274,PARQUE REPUBLICA  CARLOS,20279595743,0,MOVER A MASTER Y MARCAR DELETED
GEO_1225,87852,MUTUALIDAD DUCILO,30540394764,0,96890,MUTUALIDAD DUCILO,30540394764,0,MOVER A MASTER Y MARCAR DELETED
GEO_1226,83261,FARMACIA SANTA LAURA - SALTA,20284411235,0,92298,FARMACIA SANTA LAURA - SALTA,20284411235,0,MOVER A MASTER Y MARCAR DELETED
GEO_1227,83254,AGOSTINO,20284148860,0,92291,AGOSTINO,20284148860,0,MOVER A MASTER Y MARCAR DELETED
GEO_1228,85920,ASINARI MONICA ALICIA,27208220107,0,94958,ASINARI MONICA ALICIA,27208220107,0,MOVER A MASTER Y MARCAR DELETED
GEO_1229,83273,PERFUMERIA ANTUR,20286971807,9,92310,PERFUMERIA ANTUR,20286971807,0,MOVER A MASTER Y MARCAR DELETED
GEO_1230,2412,Despensa Nina (Almacen/Despensa_B),20-34356125-4,0,7285,Despensa Nina (Almacen/Despensa_B),20-34356125-4,0,MOVER A MASTER Y MARCAR DELETED
GEO_1231,2409,LA ESQUINA KIOSCO (Kiosco/Maxikiosco_P),44418348,0,7288,LA ESQUINA KIOSCO (Kiosco/Maxikiosco_P),44418348,0,MOVER A MASTER Y MARCAR DELETED
GEO_1232,87903,MUTUAL SUBOFICIALES CIRCULO POLICIAL  ETEL,30552669858,0,96941,MUTUAL SUBOFICIALES CIRCULO POLICIAL  ETEL,30552669858,0,MOVER A MASTER Y MARCAR DELETED
GEO_1233,83284,CHEMES PABLO,20289356437,0,92321,CHEMES PABLO,20289356437,0,MOVER A MASTER Y MARCAR DELETED
GEO_1234,87888,HP FARMA HOSPITAL PRIVADO,30546022524,0,96926,HP FARMA HOSPITAL PRIVADO,30546022524,0,MOVER A MASTER Y MARCAR DELETED
GEO_1235,3089,KIOSCO EMA (Almacen/Despensa_C),0,0,8240,KIOSCO EMA (Almacen/Despensa_C),0,0,MOVER A MASTER Y MARCAR DELETED
GEO_1236,83325,IMOBERDORF ARACELI E.,20298417333,0,92362,IMOBERDORF ARACELI E.,20298417333,0,MOVER A MASTER Y MARCAR DELETED
GEO_1237,83310,STAMBULI LEANDRO JOSE,20295916649,0,92347,STAMBULI LEANDRO JOSE,20295916649,0,MOVER A MASTER Y MARCAR DELETED
GEO_1238,83323,SANTIAGO MARISA O.,20298062314,0,92360,SANTIAGO MARISA O.,20298062314,0,MOVER A MASTER Y MARCAR DELETED
GEO_1239,83331,NOVISKI MARCOS A,20299263623,0,92368,NOVISKI MARCOS A,20299263623,0,MOVER A MASTER Y MARCAR DELETED
GEO_1240,1842,RAINERI ALEJANDRO SERGIO (Almacen/Despensa_B),20-14018605-9,0,6790,RAINERI ALEJANDRO SERGIO (Almacen/Despensa_B),20-14018605-9,0,MOVER A MASTER Y MARCAR DELETED
GEO_1241,83350,MERCADO CENTRAL DE ZENTNER GERARDO,20305016056,0,92387,MERCADO CENTRAL DE ZENTNER GERARDO,20305016056,0,MOVER A MASTER Y MARCAR DELETED
GEO_1242,87935,158 FCIA ROMA S.C.S.  ROMA,30563607927,0,96973,158 FCIA ROMA S.C.S.  ROMA,30563607927,0,MOVER A MASTER Y MARCAR DELETED
GEO_1243,87959,AMANCIO A.FERNANDEZ S.C.S.,30572290871,0,96997,AMANCIO A.FERNANDEZ S.C.S.,30572290871,0,MOVER A MASTER Y MARCAR DELETED
GEO_1244,83417,GUACURARI II  GUACURARI,20323300713,0,101006,Farmacia Guacurari Suc 2,20-32330071-3,0,MOVER A MASTER Y MARCAR DELETED
GEO_1244,83417,GUACURARI II  GUACURARI,20323300713,0,92454,GUACURARI II  GUACURARI,20323300713,0,MOVER A MASTER Y MARCAR DELETED
GEO_1245,2225,VALLEJOS LUCAS (Almacen/Despensa_A),20-31062029-8,0,7390,VALLEJOS LUCAS (Almacen/Despensa_A),20-31062029-8,0,MOVER A MASTER Y MARCAR DELETED
GEO_1246,101542,Farmacia San Antonio,20-31682441-3,3,83398,9 GOÑI FLORES JOSE IGNACIO  FCIA. SAN ANTONIO,20316824413,0,MOVER A MASTER Y MARCAR DELETED
GEO_1246,101542,Farmacia San Antonio,20-31682441-3,3,92435,9 GOÑI FLORES JOSE IGNACIO  FCIA. SAN ANTONIO,20316824413,0,MOVER A MASTER Y MARCAR DELETED
GEO_1247,83407,FARMACIA FARMATICA,20319639714,0,92444,FARMACIA FARMATICA,20319639714,0,MOVER A MASTER Y MARCAR DELETED
GEO_1248,101493,Perfu mauri,27-17224888-3,8,85295,PERFUMERIA MAURI,27172248883,0,MOVER A MASTER Y MARCAR DELETED
GEO_1248,101493,Perfu mauri,27-17224888-3,8,94333,PERFUMERIA MAURI,27172248883,0,MOVER A MASTER Y MARCAR DELETED
GEO_1249,83427,FARMAPLUS,20325495945,0,92464,FARMAPLUS,20325495945,0,MOVER A MASTER Y MARCAR DELETED
GEO_1250,3802,CABALLERO MARIA SOLEDAD  (Vinoteca_C),27-32591101-3,0,8821,CABALLERO MARIA SOLEDAD  (Vinoteca_C),27-32591101-3,0,MOVER A MASTER Y MARCAR DELETED
GEO_1251,83418,GUACURARI,20323300713,0,92455,GUACURARI,20323300713,0,MOVER A MASTER Y MARCAR DELETED
GEO_1252,83420,CARABALLO ALICIA,20323302406,0,92457,CARABALLO ALICIA,20323302406,0,MOVER A MASTER Y MARCAR DELETED
GEO_1253,2264,CAMACHO SONIA (Almacen/Despensa_B),38879528,0,7431,CAMACHO SONIA (Almacen/Despensa_B),38879528,0,MOVER A MASTER Y MARCAR DELETED
GEO_1254,3741,JORDY LUCAS ALEJANDRO (Almacen/Despensa_C),23-31069786-9,0,8916,JORDY LUCAS ALEJANDRO (Almacen/Despensa_B),23-31069786-9,0,MOVER A MASTER Y MARCAR DELETED
GEO_1255,83467,TRINIDAD I,20334178243,0,92504,TRINIDAD I,20334178243,0,MOVER A MASTER Y MARCAR DELETED
GEO_1256,83467,TRINIDAD I,20334178243,0,92504,TRINIDAD I,20334178243,0,MOVER A MASTER Y MARCAR DELETED
GEO_1257,83486,FCIA.CARFAGNO CAROLINA  CAROLINA,20342089853,0,92523,FCIA.CARFAGNO CAROLINA  CAROLINA,20342089853,0,MOVER A MASTER Y MARCAR DELETED
GEO_1258,83491,BRAICOVICH LUIS ALFREDO,20343606258,0,92528,BRAICOVICH LUIS ALFREDO,20343606258,0,MOVER A MASTER Y MARCAR DELETED
GEO_1259,83468,TRINIDAD II,20334178243,0,92505,TRINIDAD II,20334178243,0,MOVER A MASTER Y MARCAR DELETED
GEO_1260,83554,PERFUMERIA STEPHANIE,20376787657,0,92591,PERFUMERIA STEPHANIE,20376787657,0,MOVER A MASTER Y MARCAR DELETED
GEO_1261,2149,CAIRATTI LILIAN MARCELA (Almacen/Despensa_A),27-18084628-5,0,7474,CAIRATTI LILIAN MARCELA (Almacen/Despensa_A),27-18084628-5,0,MOVER A MASTER Y MARCAR DELETED
GEO_1262,83539,FARMACIA ESTACION,20368736873,0,92576,FARMACIA ESTACION,20368736873,0,MOVER A MASTER Y MARCAR DELETED
GEO_1263,101012,Farmacia del carmen,27-13747980-5,24,93854,"504 SQUARTINI, DORA CRISTINA  DEL CARMEN",27137479805,0,MOVER A MASTER Y MARCAR DELETED
GEO_1263,101012,Farmacia del carmen,27-13747980-5,24,84816,504 SQUARTINI DORA CRISTINA  DEL CARMEN,27137479805,0,MOVER A MASTER Y MARCAR DELETED
GEO_1264,83515,PESCETTI MAXIMILIANO A,20360022634,0,92552,PESCETTI MAXIMILIANO A,20360022634,0,MOVER A MASTER Y MARCAR DELETED
GEO_1265,84890,SANTINI  GUSTAVO,27142925090,0,93928,SANTINI  GUSTAVO,27142925090,0,MOVER A MASTER Y MARCAR DELETED
GEO_1266,88382,TKL GONZALEZ,30682576428,0,97421,TKL GONZALEZ,30682576428,0,MOVER A MASTER Y MARCAR DELETED
GEO_1267,88382,TKL GONZALEZ,30682576428,0,97421,TKL GONZALEZ,30682576428,0,MOVER A MASTER Y MARCAR DELETED
GEO_1268,83591,ARENA ERNESTO JOSE / MONTE CASTRO,20406489885,0,92628,ARENA ERNESTO JOSE / MONTE CASTRO,20406489885,0,MOVER A MASTER Y MARCAR DELETED
GEO_1269,87467,ASTRAL DE BISCARO AYLEN  AYLEN,27343870332,0,96504,ASTRAL DE BISCARO AYLEN  AYLEN,27343870332,0,MOVER A MASTER Y MARCAR DELETED
GEO_1270,87467,ASTRAL DE BISCARO AYLEN  AYLEN,27343870332,0,96504,ASTRAL DE BISCARO AYLEN  AYLEN,27343870332,0,MOVER A MASTER Y MARCAR DELETED
GEO_1271,87467,ASTRAL DE BISCARO AYLEN  AYLEN,27343870332,0,96504,ASTRAL DE BISCARO AYLEN  AYLEN,27343870332,0,MOVER A MASTER Y MARCAR DELETED
GEO_1272,1787,BERRIOS VERONICA ANDREA (Almacen/Despensa_P),23-25592001-4,0,6863,BERRIOS VERONICA ANDREA (Almacen/Despensa_P),23-25592001-4,0,MOVER A MASTER Y MARCAR DELETED
GEO_1273,88151,FARMACIA CERFOGLIO S.C.S.,30638469045,0,97190,FARMACIA CERFOGLIO S.C.S.,30638469045,0,MOVER A MASTER Y MARCAR DELETED
GEO_1274,101015,farmacia delpuerto SCS,30-59517140-3,32,97047,DEL PUERTO,30595171403,0,MOVER A MASTER Y MARCAR DELETED
GEO_1274,101015,farmacia delpuerto SCS,30-59517140-3,32,103376,Farmacia del puerto scs ,30-59517140-3,0,MOVER A MASTER Y MARCAR DELETED
GEO_1274,101015,farmacia delpuerto SCS,30-59517140-3,32,88008,DEL PUERTO,30595171403,0,MOVER A MASTER Y MARCAR DELETED
GEO_1275,81715,TKL AMERICA,20042680274,0,90750,TKL AMERICA,20042680274,0,MOVER A MASTER Y MARCAR DELETED
GEO_1276,83619,PENCI  NOEMI DE ENCIMA,20934992084,0,92656,PENCI  NOEMI DE ENCIMA,20934992084,0,MOVER A MASTER Y MARCAR DELETED
GEO_1277,83615,BLANCO GALVEZ,20932697824,0,92652,BLANCO GALVEZ,20932697824,0,MOVER A MASTER Y MARCAR DELETED
GEO_1278,83614,DUER JACOBO ALFREDO,20929128363,0,92651,DUER JACOBO ALFREDO,20929128363,0,MOVER A MASTER Y MARCAR DELETED
GEO_1279,88169,FARMACIA DEL ROSARIO,30643805770,0,97209,FARMACIA DEL ROSARIO,30643805770,0,MOVER A MASTER Y MARCAR DELETED
GEO_1280,2642,BLANCO ROMINA GISELA (Almacen/Despensa_A),27-28972808-8,0,7597,BLANCO ROMINA GISELA (Almacen/Despensa_A),27-28972808-8,0,MOVER A MASTER Y MARCAR DELETED
GEO_1281,2515,BRAVO LUIS CARLOS (Almacen/Despensa_P),20-06659698-3,0,7604,BRAVO LUIS CARLOS (Almacen/Despensa_P),20-06659698-3,0,MOVER A MASTER Y MARCAR DELETED
GEO_1282,88173,FARMACIA ITATI,30644342677,0,97213,FARMACIA ITATI,30644342677,0,MOVER A MASTER Y MARCAR DELETED
GEO_1283,83642,FARMANELE,23049148569,0,92679,FARMANELE,23049148569,0,MOVER A MASTER Y MARCAR DELETED
GEO_1284,83634,ZINGA OLIVOS,23042621749,0,92671,ZINGA OLIVOS,23042621749,0,MOVER A MASTER Y MARCAR DELETED
GEO_1285,83641,FARMACIA SAN JUAN,23048803644,0,92678,FARMACIA SAN JUAN,23048803644,0,MOVER A MASTER Y MARCAR DELETED
GEO_1286,83641,FARMACIA SAN JUAN,23048803644,0,92678,FARMACIA SAN JUAN,23048803644,0,MOVER A MASTER Y MARCAR DELETED
GEO_1287,83635,ZINGA BECCAR,23042621749,0,92672,ZINGA BECCAR,23042621749,0,MOVER A MASTER Y MARCAR DELETED
GEO_1288,83637,AGRELO,23044798964,0,92674,AGRELO,23044798964,0,MOVER A MASTER Y MARCAR DELETED
GEO_1289,83632,MOUZO MARIA JUSTA,23017511394,0,92669,MOUZO MARIA JUSTA,23017511394,0,MOVER A MASTER Y MARCAR DELETED
GEO_1290,88217,FCIA. ABC MONTES DE OCA,30660373108,0,97256,FCIA. ABC MONTES DE OCA,30660373108,0,MOVER A MASTER Y MARCAR DELETED
GEO_1291,88217,FCIA. ABC MONTES DE OCA,30660373108,0,97256,FCIA. ABC MONTES DE OCA,30660373108,0,MOVER A MASTER Y MARCAR DELETED
GEO_1292,88211,FARMACIA ECHEGARAY II,30660202710,0,97250,FARMACIA ECHEGARAY II,30660202710,0,MOVER A MASTER Y MARCAR DELETED
GEO_1293,90046,2076 PONT MARIA ELENA (TUNUYAN II),30716664356,0,99087,"2076 PONT, MARIA ELENA (TUNUYAN II)",30716664356,0,MOVER A MASTER Y MARCAR DELETED
GEO_1294,83657,288 LANZILLOTTA INES DA DALT DE  CHIMPAY,23067084454,0,92694,"288 LANZILLOTTA, INES DA DALT DE  CHIMPAY",23067084454,0,MOVER A MASTER Y MARCAR DELETED
GEO_1295,83667,LAS COLONIAS,23084929069,0,92704,LAS COLONIAS,23084929069,0,MOVER A MASTER Y MARCAR DELETED
GEO_1296,88591,VASSALLO BELGRANO,30699405872,0,97631,VASSALLO BELGRANO,30699405872,0,MOVER A MASTER Y MARCAR DELETED
GEO_1297,83668,BULNES,23085644769,0,92705,BULNES,23085644769,0,MOVER A MASTER Y MARCAR DELETED
GEO_1298,83684,LENCINAS MARIO,23120649639,0,92721,LENCINAS MARIO,23120649639,0,MOVER A MASTER Y MARCAR DELETED
GEO_1299,2570,MORENO CLAUDIA ALEJANDRA (Resto de Tradicionales_A),27-20046796-0,0,7665,MORENO CLAUDIA ALEJANDRA (Resto de Tradicionales_A),27-20046796-0,0,MOVER A MASTER Y MARCAR DELETED
GEO_1300,2436,YAN AIMING (Autoservicio Tradicional_A),20-95445582-4,0,7685,YAN AIMING (Autoservicio Tradicional_A),20-95445582-4,0,MOVER A MASTER Y MARCAR DELETED
GEO_1301,2436,YAN AIMING (Autoservicio Tradicional_A),20-95445582-4,0,7685,YAN AIMING (Autoservicio Tradicional_A),20-95445582-4,0,MOVER A MASTER Y MARCAR DELETED
GEO_1302,88222,SOCIAL COBO,30661272623,0,97261,SOCIAL COBO,30661272623,0,MOVER A MASTER Y MARCAR DELETED
GEO_1303,83677,POUSSIF MARIA SUSANA,23116683814,0,92714,POUSSIF MARIA SUSANA,23116683814,0,MOVER A MASTER Y MARCAR DELETED
GEO_1304,83689,MANUEL R.ROITMAN  PREVILEY GENOVA,23121624389,0,92726,MANUEL R.ROITMAN  PREVILEY GENOVA,23121624389,0,MOVER A MASTER Y MARCAR DELETED
GEO_1305,83675,PRIMO SUSANA,23114812234,0,92712,PRIMO SUSANA,23114812234,0,MOVER A MASTER Y MARCAR DELETED
GEO_1306,88219,FCIA. ABC GARAY,30660373108,0,97258,FCIA. ABC GARAY,30660373108,0,MOVER A MASTER Y MARCAR DELETED
GEO_1307,88219,FCIA. ABC GARAY,30660373108,0,97258,FCIA. ABC GARAY,30660373108,0,MOVER A MASTER Y MARCAR DELETED
GEO_1308,101391,FARMACIA LA NUEVA CENTENARIO,30-71591628-9,40,101043,farmacia nueva centenario,30-71591628-9,0,MOVER A MASTER Y MARCAR DELETED
GEO_1308,101391,FARMACIA LA NUEVA CENTENARIO,30-71591628-9,40,98946,FARMACIA CENTENARIO  HUGO,30715916289,0,MOVER A MASTER Y MARCAR DELETED
GEO_1308,101391,FARMACIA LA NUEVA CENTENARIO,30-71591628-9,40,89905,FARMACIA CENTENARIO  HUGO,30715916289,0,MOVER A MASTER Y MARCAR DELETED
GEO_1309,82850,*OLIVA SILVERIO ALEJANDRO  ROXANA,20223231714,8,91886,*OLIVA SILVERIO ALEJANDRO  ROXANA,20223231714,0,MOVER A MASTER Y MARCAR DELETED
GEO_1310,83695,PERFUMERIA FLOWERS 2,23126159579,0,92732,PERFUMERIA FLOWERS 2,23126159579,0,MOVER A MASTER Y MARCAR DELETED
GEO_1311,87784,CARUSSO,30519098683,0,96821,CARUSSO,30519098683,0,MOVER A MASTER Y MARCAR DELETED
GEO_1312,84255,ANDREA - (MERCANTIL),27047674056,0,93292,ANDREA - (MERCANTIL),27047674056,0,MOVER A MASTER Y MARCAR DELETED
GEO_1313,101032,farmalike 2,20-31350367-5,13,101489,farmalike 2,20-31350367-5,3,MOVER A MASTER Y MARCAR DELETED
GEO_1314,1848,BORSARELLI LUCIANO (Resto de Tradicionales_B),0,0,6784,BORSARELLI LUCIANO (Resto de Tradicionales_B),0,0,MOVER A MASTER Y MARCAR DELETED
GEO_1315,1848,BORSARELLI LUCIANO (Resto de Tradicionales_B),0,0,6784,BORSARELLI LUCIANO (Resto de Tradicionales_B),0,0,MOVER A MASTER Y MARCAR DELETED
GEO_1316,88313,DEL VIRREY,30673067413,0,97352,DEL VIRREY,30673067413,0,MOVER A MASTER Y MARCAR DELETED
GEO_1316,88313,DEL VIRREY,30673067413,0,100576,DEL VIRREY,30673067413,0,MOVER A MASTER Y MARCAR DELETED
GEO_1317,83701,3063 DE LA RETA ISABEL  EL SAUCE,23127949204,0,92738,"3063 DE LA RETA, ISABEL  EL SAUCE",23127949204,0,MOVER A MASTER Y MARCAR DELETED
GEO_1318,83711,MARIA AUXILIADORA,23134751304,0,92748,MARIA AUXILIADORA,23134751304,0,MOVER A MASTER Y MARCAR DELETED
GEO_1319,83708,FARMACIA HAEDO,23133898484,0,92745,FARMACIA HAEDO,23133898484,0,MOVER A MASTER Y MARCAR DELETED
GEO_1320,83710,MARTA LIDIA ROIG,23134691409,0,92747,MARTA LIDIA ROIG,23134691409,0,MOVER A MASTER Y MARCAR DELETED
GEO_1321,83715,GUIDA GABRIELA JULIA,23135882054,0,92752,GUIDA GABRIELA JULIA,23135882054,0,MOVER A MASTER Y MARCAR DELETED
GEO_1322,84261,CAVATORTA NIDIA R.  MELI,27048501384,1,93298,CAVATORTA NIDIA R.  MELI,27048501384,0,MOVER A MASTER Y MARCAR DELETED
GEO_1323,88337,FARMACIA WALMART,30678138300,0,97376,FARMACIA WALMART,30678138300,0,MOVER A MASTER Y MARCAR DELETED
GEO_1324,88337,FARMACIA WALMART,30678138300,0,97376,FARMACIA WALMART,30678138300,0,MOVER A MASTER Y MARCAR DELETED
GEO_1325,85239,MAIPU (VODANOVICH S.)  ALEJANDRO,27170542202,0,94277,MAIPU (VODANOVICH S.)  ALEJANDRO,27170542202,0,MOVER A MASTER Y MARCAR DELETED
GEO_1326,83726,ANA 4,23141431439,7,92763,ANA 4,23141431439,0,MOVER A MASTER Y MARCAR DELETED
GEO_1327,83720,ADRIANA TABORDA,23138221474,0,92757,ADRIANA TABORDA,23138221474,0,MOVER A MASTER Y MARCAR DELETED
GEO_1328,83717,ESTEVE,23136903284,0,92754,ESTEVE,23136903284,0,MOVER A MASTER Y MARCAR DELETED
GEO_1329,83739,TOKUMOTO,23144825594,0,92776,TOKUMOTO,23144825594,0,MOVER A MASTER Y MARCAR DELETED
GEO_1330,83739,TOKUMOTO,23144825594,0,92776,TOKUMOTO,23144825594,0,MOVER A MASTER Y MARCAR DELETED
GEO_1331,1928,NOLTING HIDA LUISA (Almacen/Despensa_P),23-17398592-4,0,7227,NOLTING HIDA LUISA (Almacen/Despensa_P),23-17398592-4,0,MOVER A MASTER Y MARCAR DELETED
GEO_1332,1928,NOLTING HIDA LUISA (Almacen/Despensa_P),23-17398592-4,0,7227,NOLTING HIDA LUISA (Almacen/Despensa_P),23-17398592-4,0,MOVER A MASTER Y MARCAR DELETED
GEO_1333,83740,ARCO IRIS,23144827244,0,92777,ARCO IRIS,23144827244,0,MOVER A MASTER Y MARCAR DELETED
GEO_1334,85916,ROMANUTTI DE MUSOLINO CORDOBA  MARIA LAURA,27208178968,0,94954,ROMANUTTI DE MUSOLINO CORDOBA  MARIA LAURA,27208178968,0,MOVER A MASTER Y MARCAR DELETED
GEO_1335,88365,FARMACIA RATERIY Y CIA S.C.S.  RATERY,30681391998,0,97404,FARMACIA RATERIY Y CIA S.C.S.  RATERY,30681391998,0,MOVER A MASTER Y MARCAR DELETED
GEO_1336,88365,FARMACIA RATERIY Y CIA S.C.S.  RATERY,30681391998,0,97404,FARMACIA RATERIY Y CIA S.C.S.  RATERY,30681391998,0,MOVER A MASTER Y MARCAR DELETED
GEO_1337,88365,FARMACIA RATERIY Y CIA S.C.S.  RATERY,30681391998,0,97404,FARMACIA RATERIY Y CIA S.C.S.  RATERY,30681391998,0,MOVER A MASTER Y MARCAR DELETED
GEO_1338,83765,GUTIERREZ,23165119169,0,92803,GUTIERREZ,23165119169,0,MOVER A MASTER Y MARCAR DELETED
GEO_1339,87791,OESLELBS,30522844655,0,96828,OESLELBS,30522844655,0,MOVER A MASTER Y MARCAR DELETED
GEO_1340,101420,Nueva Farma ALkorn,30-71787005-7,3,103388,farmacia alkorn,30-71787005-7,1,MOVER A MASTER Y MARCAR DELETED
GEO_1341,83766,RECCHINI,23165189264,0,92804,RECCHINI,23165189264,0,MOVER A MASTER Y MARCAR DELETED
GEO_1342,83769,DEL BARCO HILDA ALICIA  FARMACIA DEL BARCO,23165904524,1,92807,DEL BARCO HILDA ALICIA  FARMACIA DEL BARCO,23165904524,0,MOVER A MASTER Y MARCAR DELETED
GEO_1343,83770,MENDEZ MARCELO HECTOR,23165948629,0,92808,MENDEZ MARCELO HECTOR,23165948629,0,MOVER A MASTER Y MARCAR DELETED
GEO_1344,83762,ALESSANDRINI MARIA T.  FARMACIA ALESSANDRINI,23163876264,0,92800,ALESSANDRINI MARIA T.  FARMACIA ALESSANDRINI,23163876264,0,MOVER A MASTER Y MARCAR DELETED
GEO_1345,83767,RESTA NORA BEATRIZ  FRAN,23165363574,0,92805,RESTA NORA BEATRIZ  FRAN,23165363574,0,MOVER A MASTER Y MARCAR DELETED
GEO_1346,83751,CARLOS O.VILLEGAS  FARMACIA VILLEGAS,23149564519,0,92788,CARLOS O.VILLEGAS  FARMACIA VILLEGAS,23149564519,0,MOVER A MASTER Y MARCAR DELETED
GEO_1347,88421,TANGO S.C.S.,30686628139,0,97460,TANGO S.C.S.,30686628139,0,MOVER A MASTER Y MARCAR DELETED
GEO_1348,2783,DRESTI LEONARDO DAMIAN (Almacen/Despensa_C),23-34589658-9,0,7916,DRESTI LEONARDO DAMIAN (Almacen/Despensa_C),23-34589658-9,0,MOVER A MASTER Y MARCAR DELETED
GEO_1349,3310,BUSTO CLAUDIA ANALIA (Almacen/Despensa_C),27-21950433-6,0,8389,BUSTO CLAUDIA ANALIA (Almacen/Despensa_A),27-21950433-6,0,MOVER A MASTER Y MARCAR DELETED
GEO_1350,83783,FCIA.AMATMARCELA SILVIA  MARCELA,23170794354,0,92821,"FCIA.AMAT,MARCELA SILVIA  MARCELA",23170794354,0,MOVER A MASTER Y MARCAR DELETED
GEO_1351,88415,SOBERANIA,30686022206,0,97454,SOBERANIA,30686022206,0,MOVER A MASTER Y MARCAR DELETED
GEO_1352,83779,FCIA.PUIGDOMENECH MIGUEL  FARMACIA PUGDOMENECH,23169427429,0,92817,FCIA.PUIGDOMENECH MIGUEL  FARMACIA PUGDOMENECH,23169427429,0,MOVER A MASTER Y MARCAR DELETED
GEO_1353,83786,HECTOR E.GUEVARA  GUEVARA,23171248019,0,92824,HECTOR E.GUEVARA  GUEVARA,23171248019,0,MOVER A MASTER Y MARCAR DELETED
GEO_1354,88422,VILLA DEL CENTRO S.C.S.,30686633116,0,97461,VILLA DEL CENTRO S.C.S.,30686633116,0,MOVER A MASTER Y MARCAR DELETED
GEO_1355,83780,HERNANDEZ CASSINI DE MIRIAM HERNANDEZ  MIRIAM,23169854564,0,92818,HERNANDEZ CASSINI DE MIRIAM HERNANDEZ  MIRIAM,23169854564,0,MOVER A MASTER Y MARCAR DELETED
GEO_1356,2584,LLANOS LUCAS (Almacen/Despensa_C),11000000,0,7937,LLANOS LUCAS (Almacen/Despensa_B),11000000,0,MOVER A MASTER Y MARCAR DELETED
GEO_1356,2584,LLANOS LUCAS (Almacen/Despensa_C),11000000,0,2805,DECIMA MARCELO (Almacen/Despensa_C),11000000,0,MOVER A MASTER Y MARCAR DELETED
GEO_1356,2584,LLANOS LUCAS (Almacen/Despensa_C),11000000,0,7939,DECIMA MARCELO (Almacen/Despensa_C),11000000,0,MOVER A MASTER Y MARCAR DELETED
GEO_1357,2584,LLANOS LUCAS (Almacen/Despensa_C),11000000,0,7937,LLANOS LUCAS (Almacen/Despensa_B),11000000,0,MOVER A MASTER Y MARCAR DELETED
GEO_1357,2584,LLANOS LUCAS (Almacen/Despensa_C),11000000,0,2805,DECIMA MARCELO (Almacen/Despensa_C),11000000,0,MOVER A MASTER Y MARCAR DELETED
GEO_1357,2584,LLANOS LUCAS (Almacen/Despensa_C),11000000,0,7939,DECIMA MARCELO (Almacen/Despensa_C),11000000,0,MOVER A MASTER Y MARCAR DELETED
GEO_1358,83788,VIGNOLO INDIANA JORGELINA,23172221114,0,92826,VIGNOLO INDIANA JORGELINA,23172221114,0,MOVER A MASTER Y MARCAR DELETED
GEO_1359,88461,FIALCO SCS,30689386284,0,97500,FIALCO SCS,30689386284,0,MOVER A MASTER Y MARCAR DELETED
GEO_1360,83790,GARCIA MIRIAN  FARMACIA MIRAME GARCIA,23172581994,0,92828,GARCIA MIRIAN  FARMACIA MIRAME GARCIA,23172581994,0,MOVER A MASTER Y MARCAR DELETED
GEO_1361,83792,LA PLAZA  MAGALI,23172810489,0,92830,LA PLAZA  MAGALI,23172810489,0,MOVER A MASTER Y MARCAR DELETED
GEO_1362,4516,OLALDE MIGUEL (Resto de On Premise_C),13666157,0,9703,OLALDE MIGUEL (Resto de On Premise_B),13666157,0,MOVER A MASTER Y MARCAR DELETED
GEO_1363,4516,OLALDE MIGUEL (Resto de On Premise_C),13666157,0,9703,OLALDE MIGUEL (Resto de On Premise_B),13666157,0,MOVER A MASTER Y MARCAR DELETED
GEO_1364,88409,FARMACIA INGLESA DE LUGANO,30685764209,5,97448,INGLESA1,30685764209,0,MOVER A MASTER Y MARCAR DELETED
GEO_1365,88409,FARMACIA INGLESA DE LUGANO,30685764209,5,97448,INGLESA1,30685764209,0,MOVER A MASTER Y MARCAR DELETED
GEO_1366,88868,MAR DEL GOMEZ S.C.S.,30708663758,0,101042,Farmacia Mardel Gomez,30-70866375-8,2,MOVER A MASTER Y MARCAR DELETED
GEO_1366,88868,MAR DEL GOMEZ S.C.S.,30708663758,0,97908,MAR DEL GOMEZ S.C.S.,30708663758,0,MOVER A MASTER Y MARCAR DELETED
GEO_1367,88788,VELVET DISCOUNT,30708237481,0,97828,VELVET DISCOUNT,30708237481,0,MOVER A MASTER Y MARCAR DELETED
GEO_1368,83830,PERDOMO  PERDOMO,23180461019,0,92868,PERDOMO  PERDOMO,23180461019,0,MOVER A MASTER Y MARCAR DELETED
GEO_1369,83839,FACUBEL,23182762474,0,92876,FACUBEL,23182762474,0,MOVER A MASTER Y MARCAR DELETED
GEO_1370,83839,FACUBEL,23182762474,0,92876,FACUBEL,23182762474,0,MOVER A MASTER Y MARCAR DELETED
GEO_1371,83833,FCIA.MIRADRIANA G  NEHUEN,23181637374,1,92871,"FCIA.MIR,ADRIANA G  NEHUEN",23181637374,0,MOVER A MASTER Y MARCAR DELETED
GEO_1372,83812,PAULA G.PAZ  FARMACIA PAZ,23176602074,0,92850,PAULA G.PAZ  FARMACIA PAZ,23176602074,0,MOVER A MASTER Y MARCAR DELETED
GEO_1373,3327,DIZ ADRIAN (Almacen/Despensa_C),16626893,0,8390,DIZ ADRIAN (Almacen/Despensa_C),16626893,0,MOVER A MASTER Y MARCAR DELETED
GEO_1374,83846,DERASH  SILVANA NOGUEIRA,23184103354,0,92883,DERASH  SILVANA NOGUEIRA,23184103354,0,MOVER A MASTER Y MARCAR DELETED
GEO_1375,83856,BOCCHINI MAURICIO A,23186362969,0,92893,"BOCCHINI, MAURICIO A",23186362969,0,MOVER A MASTER Y MARCAR DELETED
GEO_1376,83856,BOCCHINI MAURICIO A,23186362969,0,92893,"BOCCHINI, MAURICIO A",23186362969,0,MOVER A MASTER Y MARCAR DELETED
GEO_1377,83864,DIAMELA DI MAURO  DIAMELA,23201413494,0,92901,DIAMELA DI MAURO  DIAMELA,23201413494,0,MOVER A MASTER Y MARCAR DELETED
GEO_1378,83869,PUEYRREDON  KREISEL CARLOS EDUARDO,23202184529,0,92906,PUEYRREDON  KREISEL CARLOS EDUARDO,23202184529,0,MOVER A MASTER Y MARCAR DELETED
GEO_1379,3170,YPF- ROTONDA LINCOLN (Estacion de Servicio - YPF_P),30-71181591-7,0,8065,YPF- ROTONDA LINCOLN (Estacion de Servicio - YPF_P),30-71181591-7,0,MOVER A MASTER Y MARCAR DELETED
GEO_1380,83881,NUEVO MILENIO  PAOLA,23205328084,0,92918,NUEVO MILENIO  PAOLA,23205328084,0,MOVER A MASTER Y MARCAR DELETED
GEO_1381,83878,PIZZOLATO MONICA  MONICA,23204398364,0,92915,PIZZOLATO MONICA  MONICA,23204398364,0,MOVER A MASTER Y MARCAR DELETED
GEO_1382,3036,BENITEZ MIRIAM (Kiosco/Maxikiosco_C),27-23999797-5,0,8085,BENITEZ MIRIAM (Kiosco/Maxikiosco_C),27-23999797-5,0,MOVER A MASTER Y MARCAR DELETED
GEO_1383,88597,PIEVE SA,30700035367,0,97637,PIEVE SA,30700035367,0,MOVER A MASTER Y MARCAR DELETED
GEO_1383,88597,PIEVE SA,30700035367,0,100250,PIEVE SA,30700035367,0,MOVER A MASTER Y MARCAR DELETED
GEO_1384,83919,D,23216224884,0,92956,D,23216224884,0,MOVER A MASTER Y MARCAR DELETED
GEO_1385,83922,COLUCCI JULIO,23216628969,0,92959,COLUCCI JULIO,23216628969,0,MOVER A MASTER Y MARCAR DELETED
GEO_1386,83923,MARIA F.OLIVERI  OLIVERI,23217866324,0,92960,MARIA F.OLIVERI  OLIVERI,23217866324,0,MOVER A MASTER Y MARCAR DELETED
GEO_1387,88581,LAS TORRES (RUSÑAK),30697763933,0,97621,LAS TORRES (RUSÑAK),30697763933,0,MOVER A MASTER Y MARCAR DELETED
GEO_1388,3062,NIETO PANTALEON LUIS  (Almacen/Despensa_B),20-24677735-8,0,8117,NIETO PANTALEON LUIS  (Almacen/Despensa_B),20-24677735-8,0,MOVER A MASTER Y MARCAR DELETED
GEO_1389,88621,HIDALGO,30707020098,0,97661,HIDALGO,30707020098,0,MOVER A MASTER Y MARCAR DELETED
GEO_1389,88621,HIDALGO,30707020098,0,100390,HIDALGO,30707020098,0,MOVER A MASTER Y MARCAR DELETED
GEO_1390,88621,HIDALGO,30707020098,0,97661,HIDALGO,30707020098,0,MOVER A MASTER Y MARCAR DELETED
GEO_1390,88621,HIDALGO,30707020098,0,100390,HIDALGO,30707020098,0,MOVER A MASTER Y MARCAR DELETED
GEO_1391,88606,NUEVA SOCIAL NAZCA SRL,30702062639,0,97646,NUEVA SOCIAL NAZCA SRL,30702062639,0,MOVER A MASTER Y MARCAR DELETED
GEO_1392,88606,NUEVA SOCIAL NAZCA SRL,30702062639,0,97646,NUEVA SOCIAL NAZCA SRL,30702062639,0,MOVER A MASTER Y MARCAR DELETED
GEO_1393,83975,PINTOS  GABRIEL,23232668784,0,93012,PINTOS  GABRIEL,23232668784,0,MOVER A MASTER Y MARCAR DELETED
GEO_1394,4206,BERTOLOTTI SERGIO (Almacen/Despensa_C),16579249,0,9471,BERTOLOTTI SERGIO (Almacen/Despensa_C),16579249,0,MOVER A MASTER Y MARCAR DELETED
GEO_1395,4206,BERTOLOTTI SERGIO (Almacen/Despensa_C),16579249,0,9471,BERTOLOTTI SERGIO (Almacen/Despensa_C),16579249,0,MOVER A MASTER Y MARCAR DELETED
GEO_1396,83982,RICCI ANALIA VERONICA,23234027654,0,93019,RICCI ANALIA VERONICA,23234027654,0,MOVER A MASTER Y MARCAR DELETED
GEO_1397,83972,FARMACIA JUJUY  MUñOZ CECILIA,23231162054,0,93009,FARMACIA JUJUY  MUñOZ CECILIA,23231162054,0,MOVER A MASTER Y MARCAR DELETED
GEO_1398,83972,FARMACIA JUJUY  MUñOZ CECILIA,23231162054,0,93009,FARMACIA JUJUY  MUñOZ CECILIA,23231162054,0,MOVER A MASTER Y MARCAR DELETED
GEO_1399,88634,PATRET,30707105522,0,97674,PATRET,30707105522,0,MOVER A MASTER Y MARCAR DELETED
GEO_1400,2755,M.R (Almacen/Despensa_B),20202969,0,7888,M.R (Almacen/Despensa_B),20202969,0,MOVER A MASTER Y MARCAR DELETED
GEO_1401,88662,FARMACIA AVENIDA 32 S.C.S.,30707276114,0,97702,FARMACIA AVENIDA 32 S.C.S.,30707276114,0,MOVER A MASTER Y MARCAR DELETED
GEO_1402,88662,FARMACIA AVENIDA 32 S.C.S.,30707276114,0,97702,FARMACIA AVENIDA 32 S.C.S.,30707276114,0,MOVER A MASTER Y MARCAR DELETED
GEO_1403,86670,GUALTIERI GISELA A  GISELA,27247918421,0,95708,GUALTIERI GISELA A  GISELA,27247918421,0,MOVER A MASTER Y MARCAR DELETED
GEO_1404,83993,PERRETTA ELEONORA  FARMACIA PERRETTA,23239644244,0,93030,PERRETTA ELEONORA  FARMACIA PERRETTA,23239644244,0,MOVER A MASTER Y MARCAR DELETED
GEO_1405,83999,2615 NUÑEZ SERGIO GABRIEL  FARMACIA DE LA ROSA,23241542459,0,93036,"2615 NUÑEZ, SERGIO GABRIEL  FARMACIA DE LA ROSA",23241542459,0,MOVER A MASTER Y MARCAR DELETED
GEO_1406,88738,AVENIDA PATRICIOS SRL / PINAL,30707822704,0,97778,AVENIDA PATRICIOS SRL / PINAL,30707822704,0,MOVER A MASTER Y MARCAR DELETED
GEO_1407,3433,GONZALEZ ANA DEL VALLE (Kiosco/Maxikiosco_C),27-23646002-4,0,8726,GONZALEZ ANA DEL VALLE (Kiosco/Maxikiosco_B),27-23646002-4,0,MOVER A MASTER Y MARCAR DELETED
GEO_1408,2962,PETROGUAZZ S A (Estacion de Servicio - YPF_A),30-70783593-8,0,8228,PETROGUAZZ S A (Estacion de Servicio - YPF_A),30-70783593-8,0,MOVER A MASTER Y MARCAR DELETED
GEO_1409,84035,SANTA MARIA- CIUDAD  HECTOR LUIS ESCALANTE,23259222389,0,93072,SANTA MARIA- CIUDAD  HECTOR LUIS ESCALANTE,23259222389,0,MOVER A MASTER Y MARCAR DELETED
GEO_1410,84035,SANTA MARIA- CIUDAD  HECTOR LUIS ESCALANTE,23259222389,0,93072,SANTA MARIA- CIUDAD  HECTOR LUIS ESCALANTE,23259222389,0,MOVER A MASTER Y MARCAR DELETED
GEO_1411,84029,DEL VALLE - YERBA BUENA  GARCIA DORA ELISA DEL VALLE,23257418464,0,93066,DEL VALLE - YERBA BUENA  GARCIA DORA ELISA DEL VALLE,23257418464,0,MOVER A MASTER Y MARCAR DELETED
GEO_1412,84034,FCIA.GONZALEZ LALLONI G.  GEORGINA,23258601114,1,93071,FCIA.GONZALEZ LALLONI G.  GEORGINA,23258601114,0,MOVER A MASTER Y MARCAR DELETED
GEO_1413,84031,PANACEA DE CERA GISELLE  FARMACIA PANACEA,23257517934,0,93068,PANACEA DE CERA GISELLE  FARMACIA PANACEA,23257517934,0,MOVER A MASTER Y MARCAR DELETED
GEO_1414,84018,HELENA N.FLORES PRADO,23251987904,0,93055,HELENA N.FLORES PRADO,23251987904,0,MOVER A MASTER Y MARCAR DELETED
GEO_1415,90034,EL SOL  HUGO,30716582317,0,99075,EL SOL  HUGO,30716582317,0,MOVER A MASTER Y MARCAR DELETED
GEO_1416,84044,PAUWELS,23267352674,0,93081,PAUWELS,23267352674,0,MOVER A MASTER Y MARCAR DELETED
GEO_1417,3093,JORGELINA LOVIZIO (Almacen/Despensa_A),0,0,8148,JORGELINA LOVIZIO (Almacen/Despensa_A),0,0,MOVER A MASTER Y MARCAR DELETED
GEO_1418,84037,RUPPEL MA PAULA  PAULA,23261267764,1,93074,RUPPEL MA PAULA  PAULA,23261267764,0,MOVER A MASTER Y MARCAR DELETED
GEO_1419,84036,FCIA.CULLAREBECA  CULLA,23259592224,0,93073,"FCIA.CULLA,REBECA  CULLA",23259592224,0,MOVER A MASTER Y MARCAR DELETED
GEO_1420,88719,FARMAR S.C.S.,30707753869,0,97759,FARMAR S.C.S.,30707753869,0,MOVER A MASTER Y MARCAR DELETED
GEO_1421,84806,FCIA.S.CAYETANO  SILVIA,27136892296,0,93844,FCIA.S.CAYETANO  SILVIA,27136892296,0,MOVER A MASTER Y MARCAR DELETED
GEO_1422,84064,FARMACIA SANTA CRUZ  GISELA AGUILAR,23284325044,0,93101,FARMACIA SANTA CRUZ  GISELA AGUILAR,23284325044,0,MOVER A MASTER Y MARCAR DELETED
GEO_1423,84064,FARMACIA SANTA CRUZ  GISELA AGUILAR,23284325044,0,93101,FARMACIA SANTA CRUZ  GISELA AGUILAR,23284325044,0,MOVER A MASTER Y MARCAR DELETED
GEO_1424,90335,FHALMARC,33586683069,0,99376,FHALMARC,33586683069,0,MOVER A MASTER Y MARCAR DELETED
GEO_1425,88605,FARMACIA MS RIVADAVIA,30702043979,0,97645,FARMACIA MS RIVADAVIA,30702043979,0,MOVER A MASTER Y MARCAR DELETED
GEO_1426,84067,FARMASUR  GRACIELA,23288897654,0,93104,FARMASUR  GRACIELA,23288897654,0,MOVER A MASTER Y MARCAR DELETED
GEO_1427,85615,PERFUMERIA PAULA,27184392920,0,94653,PERFUMERIA PAULA,27184392920,0,MOVER A MASTER Y MARCAR DELETED
GEO_1428,88770,FARMACIA LAS TONINAS S.C.S.,30708107812,0,97810,FARMACIA LAS TONINAS S.C.S.,30708107812,0,MOVER A MASTER Y MARCAR DELETED
GEO_1429,88770,FARMACIA LAS TONINAS S.C.S.,30708107812,0,97810,FARMACIA LAS TONINAS S.C.S.,30708107812,0,MOVER A MASTER Y MARCAR DELETED
GEO_1430,84085,BALBIANO,23307727129,0,93122,BALBIANO,23307727129,0,MOVER A MASTER Y MARCAR DELETED
GEO_1431,4255,HELADERIA SEI-TU (Kiosco/Maxikiosco_B),27-25406734-8,0,9388,HELADERIA SEI-TU (Kiosco/Maxikiosco_A),27-25406734-8,0,MOVER A MASTER Y MARCAR DELETED
GEO_1432,1994,GARCIA ROBERTO (Autoservicio Tradicional_P),30-70891181-6,0,7145,GARCIA ROBERTO (Autoservicio Tradicional_P),30-70891181-6,0,MOVER A MASTER Y MARCAR DELETED
GEO_1433,88812,PORTEÑA CONGRESO,30708326514,0,97852,PORTEÑA CONGRESO,30708326514,0,MOVER A MASTER Y MARCAR DELETED
GEO_1434,84095,ORSETTI JUAN IGNACIO,23315866219,0,93132,ORSETTI JUAN IGNACIO,23315866219,0,MOVER A MASTER Y MARCAR DELETED
GEO_1435,84116,FCIA.MUGICA MACARENA  FARMACIA MUJICA,23337066739,1,93153,FCIA.MUGICA MACARENA  FARMACIA MUJICA,23337066739,0,MOVER A MASTER Y MARCAR DELETED
GEO_1436,89458,FARMABELEN,30712214976,0,98499,FARMABELEN 4,30712214976,0,MOVER A MASTER Y MARCAR DELETED
GEO_1437,88837,FARMACIA ANTINO,30708517131,0,97877,FARMACIA ANTINO,30708517131,0,MOVER A MASTER Y MARCAR DELETED
GEO_1438,3311,DEL BO MARIA LAURA (Kiosco/Maxikiosco_C),27-25034296-4,0,8384,DEL BO MARIA LAURA (Kiosco/Maxikiosco_C),27-25034296-4,0,MOVER A MASTER Y MARCAR DELETED
GEO_1439,3309,PEREZ SANDRA VERONICA (Almacen/Despensa_C),24027859,0,8388,PEREZ SANDRA VERONICA (Almacen/Despensa_C),24027859,0,MOVER A MASTER Y MARCAR DELETED
GEO_1440,84125,MORALES,23342975984,0,93162,MORALES,23342975984,0,MOVER A MASTER Y MARCAR DELETED
GEO_1441,86724,DISTRIBUIDORA TUCUMAN  MARTINEZ DULOR ANDREA KARINA,27252112893,0,95761,DISTRIBUIDORA TUCUMAN  MARTINEZ DULOR ANDREA KARINA,27252112893,0,MOVER A MASTER Y MARCAR DELETED
GEO_1442,84153,477 MELNICOV NUNCIA PARDO DE,23936707874,0,93190,"477 MELNICOV, NUNCIA PARDO DE",23936707874,0,MOVER A MASTER Y MARCAR DELETED
GEO_1443,85354,CAPERONE MARINA LIDE,27174405765,0,94392,CAPERONE MARINA LIDE,27174405765,0,MOVER A MASTER Y MARCAR DELETED
GEO_1444,3417,DESINANO EDUARDO EMILIO (Almacen/Despensa_C),20-18048796-5,0,8700,DESINANO EDUARDO EMILIO (Almacen/Despensa_C),20-18048796-5,0,MOVER A MASTER Y MARCAR DELETED
GEO_1445,3326,ETCHEVERRY MARCOS GABRIEL (Almacen/Despensa_B),20-40255606-5,0,8409,ETCHEVERRY MARCOS GABRIEL (Almacen/Despensa_B),20-40255606-5,0,MOVER A MASTER Y MARCAR DELETED
GEO_1446,84155,ANNA,23939080864,0,93192,ANNA,23939080864,0,MOVER A MASTER Y MARCAR DELETED
GEO_1447,85363,AVENIDA  FARMACIA AVENIDA,27174605632,0,94401,AVENIDA  FARMACIA AVENIDA,27174605632,0,MOVER A MASTER Y MARCAR DELETED
GEO_1448,88854,GRAN SARMIENTO,30708597631,0,97894,GRAN SARMIENTO,30708597631,0,MOVER A MASTER Y MARCAR DELETED
GEO_1449,84174,FCIA INDIANA- BRITOS GUADALUPE DEL CARMEN,27008278291,0,93211,FCIA INDIANA- BRITOS GUADALUPE DEL CARMEN,27008278291,0,MOVER A MASTER Y MARCAR DELETED
GEO_1450,84177,ARREBOLA,27014109418,0,93214,ARREBOLA,27014109418,0,MOVER A MASTER Y MARCAR DELETED
GEO_1451,84177,ARREBOLA,27014109418,0,93214,ARREBOLA,27014109418,0,MOVER A MASTER Y MARCAR DELETED
GEO_1452,4253,4 SOLES (SUCURSAL 1) (Almacen/Despensa_B),20-24352832-2,0,9386,4 SOLES (SUCURSAL 1) (Almacen/Despensa_A),20-24352832-2,0,MOVER A MASTER Y MARCAR DELETED
GEO_1453,85358,AVENIDA,27174548310,0,94396,AVENIDA,27174548310,0,MOVER A MASTER Y MARCAR DELETED
GEO_1454,84168,FARMACIA CIRIBE,24328511823,0,93205,FARMACIA CIRIBE,24328511823,0,MOVER A MASTER Y MARCAR DELETED
GEO_1455,88870,NUEVA MIGUEL,30708671858,19,97910,NUEVA MIGUEL,30708671858,0,MOVER A MASTER Y MARCAR DELETED
GEO_1456,84157,FCIA.PATRISCLAUDIA  CLAUDIA PATRIS,24225106491,0,93194,"FCIA.PATRIS,CLAUDIA  CLAUDIA PATRIS",24225106491,0,MOVER A MASTER Y MARCAR DELETED
GEO_1457,84171,SANTA MARINA DE ZALBIDEA NAVARRO ANDRES  FARMACIA SANTA MARINA,24930974907,2,93208,SANTA MARINA DE ZALBIDEA NAVARRO ANDRES  FARMACIA SANTA MARINA,24930974907,0,MOVER A MASTER Y MARCAR DELETED
GEO_1458,3304,MIRASU MARCELO LORENZO (Almacen/Despensa_C),20-28759100-5,0,8485,MIRASU MARCELO LORENZO (Almacen/Despensa_C),20-28759100-5,0,MOVER A MASTER Y MARCAR DELETED
GEO_1459,84179,JUAN XXIII  RUBIO ISABEL ZULEMA,27014493617,0,93216,JUAN XXIII  RUBIO ISABEL ZULEMA,27014493617,0,MOVER A MASTER Y MARCAR DELETED
GEO_1460,85365,CAPORIZZO NANCI VIVIANA,27174617320,0,94403,CAPORIZZO NANCI VIVIANA,27174617320,0,MOVER A MASTER Y MARCAR DELETED
GEO_1461,85365,CAPORIZZO NANCI VIVIANA,27174617320,0,94403,CAPORIZZO NANCI VIVIANA,27174617320,0,MOVER A MASTER Y MARCAR DELETED
GEO_1462,3581,GIANINI OLGA SUSANA  (Almacen/Despensa_A),27-06057848-1,0,8574,GIANINI OLGA SUSANA  (Almacen/Despensa_A),27-06057848-1,0,MOVER A MASTER Y MARCAR DELETED
GEO_1463,3256,RODRIGUEZ GLADYS (Almacen/Despensa_B),27-24650630-8,0,8470,RODRIGUEZ GLADYS (Almacen/Despensa_B),27-24650630-8,0,MOVER A MASTER Y MARCAR DELETED
GEO_1464,88912,SANCHEZ ANTONIOLLI OESTE 1,30708822260,0,97952,SANCHEZ ANTONIOLLI OESTE 1,30708822260,0,MOVER A MASTER Y MARCAR DELETED
GEO_1465,87462,*LABIOS  SOLEDAD,27342475545,0,96499,*LABIOS  SOLEDAD,27342475545,0,MOVER A MASTER Y MARCAR DELETED
GEO_1466,84182,SOFI,27017296014,0,93219,SOFI,27017296014,0,MOVER A MASTER Y MARCAR DELETED
GEO_1467,88901,SANCHEZ ANTONIOLLI NORTE 2,30708822260,0,97941,SANCHEZ ANTONIOLLI NORTE 2,30708822260,0,MOVER A MASTER Y MARCAR DELETED
GEO_1468,88913,SANCHEZ ANTONIOLLI,30708822260,0,97953,SANCHEZ ANTONIOLLI,30708822260,0,MOVER A MASTER Y MARCAR DELETED
GEO_1469,87354,BOSQUE  FARMACIA DEL BOSQUE,27326941269,0,162,farmacia del bosque,27-32694126-9,20,MOVER A MASTER Y MARCAR DELETED
GEO_1469,87354,BOSQUE  FARMACIA DEL BOSQUE,27326941269,0,96391,BOSQUE  FARMACIA DEL BOSQUE,27326941269,0,MOVER A MASTER Y MARCAR DELETED
GEO_1470,88917,SANCHEZ ANTONIOLLI SUR 4,30708822260,0,97957,SANCHEZ ANTONIOLLI SUR 4,30708822260,0,MOVER A MASTER Y MARCAR DELETED
GEO_1471,88915,SANCHEZ ANTONIOLLI ESTE 2,30708822260,0,97955,SANCHEZ ANTONIOLLI ESTE 2,30708822260,0,MOVER A MASTER Y MARCAR DELETED
GEO_1472,84189,MARCHETTI BEATRIZ  MARCHETTI JUAN,27023835024,0,93226,MARCHETTI BEATRIZ  MARCHETTI JUAN,27023835024,0,MOVER A MASTER Y MARCAR DELETED
GEO_1473,84192,SANTA FE,27025318051,0,93229,SANTA FE,27025318051,0,MOVER A MASTER Y MARCAR DELETED
GEO_1474,84194,MORONI LYDIA B.  ERNESTO ANDREA,27028195325,0,93231,"MORONI LYDIA B.  ERNESTO, ANDREA",27028195325,0,MOVER A MASTER Y MARCAR DELETED
GEO_1475,85386,FEIOCK LYS IVONNE  EMANUEL,27175192870,0,94424,FEIOCK LYS IVONNE  EMANUEL,27175192870,0,MOVER A MASTER Y MARCAR DELETED
GEO_1476,85391,FARMACIA RICOTTI,27175316154,1,94429,FARMACIA RICOTTI,27175316154,0,MOVER A MASTER Y MARCAR DELETED
GEO_1477,84199,ARCO IRIS DE MANGANI ELDA G  LEDIA,27032291444,0,93236,ARCO IRIS DE MANGANI ELDA G  LEDIA,27032291444,0,MOVER A MASTER Y MARCAR DELETED
GEO_1478,84186,GARCIA  JULI,27017645477,2,93223,GARCIA  JULI,27017645477,0,MOVER A MASTER Y MARCAR DELETED
GEO_1479,88958,MODERNA 5  VALERIA,30708896655,0,97998,MODERNA 5  VALERIA,30708896655,0,MOVER A MASTER Y MARCAR DELETED
GEO_1480,89142,LA BOTICA,30710057911,0,98183,LA BOTICA,30710057911,0,MOVER A MASTER Y MARCAR DELETED
GEO_1481,84212,FARMACIA FULCHI  BERLIN MONICA,27039124330,0,93249,FARMACIA FULCHI  BERLIN MONICA,27039124330,0,MOVER A MASTER Y MARCAR DELETED
GEO_1482,85387,FCIA.MINIELLO NANCI VILMA  FARMACIA MINIELLO,27175230373,0,94425,FCIA.MINIELLO NANCI VILMA  FARMACIA MINIELLO,27175230373,0,MOVER A MASTER Y MARCAR DELETED
GEO_1483,84210,RIBOTTA NELIDA  NELIDA,27038824886,0,93247,RIBOTTA NELIDA  NELIDA,27038824886,0,MOVER A MASTER Y MARCAR DELETED
GEO_1484,3588,JUPABE JUNIN S. A. (Resto de Tradicionales_C),30-71737753-9,0,8589,JUPABE JUNIN S. A. (Resto de Tradicionales_C),30-71737753-9,0,MOVER A MASTER Y MARCAR DELETED
GEO_1485,84227,PAPA (DE BERLEZIERI)  FLAVIA,27042780745,0,93264,PAPA (DE BERLEZIERI)  FLAVIA,27042780745,0,MOVER A MASTER Y MARCAR DELETED
GEO_1486,84215,MALVASO,27039993606,0,93252,MALVASO,27039993606,0,MOVER A MASTER Y MARCAR DELETED
GEO_1487,85392,SALTA  MONICA,27175344050,0,94430,SALTA  MONICA,27175344050,0,MOVER A MASTER Y MARCAR DELETED
GEO_1488,88964,NUEVA FCIA SAN PANTALEON,30708903120,0,98004,NUEVA FCIA SAN PANTALEON,30708903120,0,MOVER A MASTER Y MARCAR DELETED
GEO_1489,84223,VOLPE,27042003390,0,93260,VOLPE,27042003390,0,MOVER A MASTER Y MARCAR DELETED
GEO_1490,84223,VOLPE,27042003390,0,93260,VOLPE,27042003390,0,MOVER A MASTER Y MARCAR DELETED
GEO_1491,84223,VOLPE,27042003390,0,93260,VOLPE,27042003390,0,MOVER A MASTER Y MARCAR DELETED
GEO_1492,85402,THALO FARMACIA,27175622824,0,94440,THALO FARMACIA,27175622824,0,MOVER A MASTER Y MARCAR DELETED
GEO_1493,89022,LIDER O HIGGINS,30709284041,0,98062,LIDER O HIGGINS,30709284041,0,MOVER A MASTER Y MARCAR DELETED
GEO_1494,89012,CARLOS CASARES,30709167010,0,98052,CARLOS CASARES,30709167010,0,MOVER A MASTER Y MARCAR DELETED
GEO_1495,3502,GAGO MAXIMILIANO (Kiosco/Maxikiosco_C),32153489,0,8641,GAGO MAXIMILIANO (Kiosco/Maxikiosco_C),32153489,0,MOVER A MASTER Y MARCAR DELETED
GEO_1496,2532,MATALONI PATRICIA ELIZABET (Almacen/Despensa_C),27-14863749-6,0,7635,MATALONI PATRICIA ELIZABET (Almacen/Despensa_C),27-14863749-6,0,MOVER A MASTER Y MARCAR DELETED
GEO_1497,84269,FERNANDEZ ESTER,27050070781,0,93306,FERNANDEZ ESTER,27050070781,0,MOVER A MASTER Y MARCAR DELETED
GEO_1498,84272,ANTONELLI,27051191264,0,93309,ANTONELLI,27051191264,0,MOVER A MASTER Y MARCAR DELETED
GEO_1499,84253,NUEVA SAN JUAN /ROMANO MARGARITA,27047580442,0,93290,NUEVA SAN JUAN /ROMANO MARGARITA,27047580442,0,MOVER A MASTER Y MARCAR DELETED
GEO_1500,84253,NUEVA SAN JUAN /ROMANO MARGARITA,27047580442,0,93290,NUEVA SAN JUAN /ROMANO MARGARITA,27047580442,0,MOVER A MASTER Y MARCAR DELETED
GEO_1501,84253,NUEVA SAN JUAN /ROMANO MARGARITA,27047580442,0,93290,NUEVA SAN JUAN /ROMANO MARGARITA,27047580442,0,MOVER A MASTER Y MARCAR DELETED
GEO_1502,84266,2169 BERRIOS ADELINA AURELIA,27049749916,0,93303,"2169 BERRIOS, ADELINA AURELIA",27049749916,0,MOVER A MASTER Y MARCAR DELETED
GEO_1503,84266,2169 BERRIOS ADELINA AURELIA,27049749916,0,93303,"2169 BERRIOS, ADELINA AURELIA",27049749916,0,MOVER A MASTER Y MARCAR DELETED
GEO_1504,84263,segreto gazia teresa  ROYAL,27048934620,0,93300,segreto gazia teresa  ROYAL,27048934620,0,MOVER A MASTER Y MARCAR DELETED
GEO_1505,89086,BAHIA BELLEZA,30709542997,0,98126,BAHIA BELLEZA,30709542997,0,MOVER A MASTER Y MARCAR DELETED
GEO_1506,84273,PALADINO,27051213551,0,93310,PALADINO,27051213551,0,MOVER A MASTER Y MARCAR DELETED
GEO_1507,3567,ALFONSO RODOLFO OMAR (Autoservicio Tradicional_C),4696374,0,8550,ALFONSO RODOLFO OMAR (Autoservicio Tradicional_C),4696374,0,MOVER A MASTER Y MARCAR DELETED
GEO_1508,84275,401 CREMASCHI MARTA ESTER,27051404136,0,93312,"401 CREMASCHI, MARTA ESTER",27051404136,0,MOVER A MASTER Y MARCAR DELETED
GEO_1509,84284,PALLIGAS,27053820129,0,93321,PALLIGAS,27053820129,0,MOVER A MASTER Y MARCAR DELETED
GEO_1510,84290,SAN SEBASTIAN -T.VIEJ,27054493970,0,93327,SAN SEBASTIAN -T.VIEJ,27054493970,0,MOVER A MASTER Y MARCAR DELETED
GEO_1511,88910,SANCHEZ ANTONIOLLI NORTE 4,30708822260,0,97950,SANCHEZ ANTONIOLLI NORTE 4,30708822260,0,MOVER A MASTER Y MARCAR DELETED
GEO_1512,4222,MI CUARTITO (Almacen/Despensa_C),27-32773220-5,0,8757,MI CUARTITO (Almacen/Despensa_C),27-32773220-5,0,MOVER A MASTER Y MARCAR DELETED
GEO_1513,84310,TRONCOSO CECILIA NOEMI  CECILIA,27058122314,0,93347,TRONCOSO CECILIA NOEMI  CECILIA,27058122314,0,MOVER A MASTER Y MARCAR DELETED
GEO_1514,84299,SANTA MARIA -LASTENIA  ANA MARIA AMAR,27056095964,0,93336,SANTA MARIA -LASTENIA  ANA MARIA AMAR,27056095964,0,MOVER A MASTER Y MARCAR DELETED
GEO_1515,84301,9 DE JULIO,27056255678,0,93338,9 DE JULIO,27056255678,0,MOVER A MASTER Y MARCAR DELETED
GEO_1516,89784,SV FARMA 1 CASA CENTRAL,30715261347,0,98825,SV FARMA 1 CASA CENTRAL,30715261347,0,MOVER A MASTER Y MARCAR DELETED
GEO_1517,84308,FCIA.LOPEZ SUSANA  FARMACIA LOPEZ,27057516009,0,93345,FCIA.LOPEZ SUSANA  FARMACIA LOPEZ,27057516009,0,MOVER A MASTER Y MARCAR DELETED
GEO_1518,89166,FARMACIA JORDAN,30710351240,0,98207,FARMACIA JORDAN,30710351240,0,MOVER A MASTER Y MARCAR DELETED
GEO_1519,84311,PRIOLO,27058951809,0,93348,PRIOLO,27058951809,0,MOVER A MASTER Y MARCAR DELETED
GEO_1520,101238,tera,30-70975586-9,0,101239,teran,30-70975586-9,0,MOVER A MASTER Y MARCAR DELETED
GEO_1521,101238,tera,30-70975586-9,0,101239,teran,30-70975586-9,0,MOVER A MASTER Y MARCAR DELETED
GEO_1522,84334,*PERFUMERIA ESTELA FORD  SANTIAGO,27061556430,0,93371,*PERFUMERIA ESTELA FORD  SANTIAGO,27061556430,0,MOVER A MASTER Y MARCAR DELETED
GEO_1523,84334,*PERFUMERIA ESTELA FORD  SANTIAGO,27061556430,0,93371,*PERFUMERIA ESTELA FORD  SANTIAGO,27061556430,0,MOVER A MASTER Y MARCAR DELETED
GEO_1524,84336,BERMUDEZ,27061979331,0,93373,BERMUDEZ,27061979331,0,MOVER A MASTER Y MARCAR DELETED
GEO_1525,84347,12 DE OCTUBRE,27063836287,0,93384,12 DE OCTUBRE,27063836287,0,MOVER A MASTER Y MARCAR DELETED
GEO_1526,84340,303 SABBATINI MARIA M. DE  BELGRANO,27062626459,0,93377,"303 SABBATINI, MARIA M. DE  BELGRANO",27062626459,0,MOVER A MASTER Y MARCAR DELETED
GEO_1527,84343,COMATTO,27062926177,0,93380,COMATTO,27062926177,0,MOVER A MASTER Y MARCAR DELETED
GEO_1528,89199,AMSURRBAC  PATRICIA Y GUSTAVO,30710660995,0,98240,AMSURRBAC  PATRICIA Y GUSTAVO,30710660995,0,MOVER A MASTER Y MARCAR DELETED
GEO_1529,89200,FARMACIA LAS HERAS SRL,30710665458,0,98241,FARMACIA LAS HERAS SRL,30710665458,0,MOVER A MASTER Y MARCAR DELETED
GEO_1530,89200,FARMACIA LAS HERAS SRL,30710665458,0,98241,FARMACIA LAS HERAS SRL,30710665458,0,MOVER A MASTER Y MARCAR DELETED
GEO_1531,2005,NONES RICARDO (Almacen/Despensa_B),20-16301377-1,0,7158,NONES RICARDO (Almacen/Despensa_B),20-16301377-1,0,MOVER A MASTER Y MARCAR DELETED
GEO_1532,89202,TKL MUNRO,30710671709,0,98243,TKL MUNRO,30710671709,0,MOVER A MASTER Y MARCAR DELETED
GEO_1533,84373,ANSELMINO,27093089176,0,93410,ANSELMINO,27093089176,0,MOVER A MASTER Y MARCAR DELETED
GEO_1534,84373,ANSELMINO,27093089176,0,93410,ANSELMINO,27093089176,0,MOVER A MASTER Y MARCAR DELETED
GEO_1535,84380,VICINO ANTONIA T. LOPRESTI  FARMACIA  PANQUEHUA,27101519312,0,93417,"VICINO, ANTONIA T. LOPRESTI  FARMACIA  PANQUEHUA",27101519312,0,MOVER A MASTER Y MARCAR DELETED
GEO_1536,84385,ESTELA G.CAFFARATTI,27102526029,0,93422,ESTELA G.CAFFARATTI,27102526029,0,MOVER A MASTER Y MARCAR DELETED
GEO_1537,84387,518 GIL DE VALERO ELIZABETH GLADY,27102713325,0,93424,"518 GIL DE VALERO, ELIZABETH GLADY",27102713325,0,MOVER A MASTER Y MARCAR DELETED
GEO_1538,89256,SANTA ROSA,30711044937,0,98297,SANTA ROSA,30711044937,0,MOVER A MASTER Y MARCAR DELETED
GEO_1539,84392,FCIA.VAZQUEZALICIA  VASQUEZ,27103094831,0,93429,"FCIA.VAZQUEZ,ALICIA  VASQUEZ",27103094831,0,MOVER A MASTER Y MARCAR DELETED
GEO_1540,84378,COSTA ADRIANA,27100657045,0,93415,COSTA ADRIANA,27100657045,0,MOVER A MASTER Y MARCAR DELETED
GEO_1541,3647,DAMASO AGUSTIN (Almacen/Despensa_C),20-36793369-1,0,8972,DAMASO AGUSTIN (Almacen/Despensa_C),20-36793369-1,0,MOVER A MASTER Y MARCAR DELETED
GEO_1542,89289,FARMASUR DE INDOM S.A.  MARIA LAURA,30711218609,0,98330,FARMASUR DE INDOM S.A.  MARIA LAURA,30711218609,0,MOVER A MASTER Y MARCAR DELETED
GEO_1543,84394,ROMANO,27103957732,0,93431,ROMANO,27103957732,0,MOVER A MASTER Y MARCAR DELETED
GEO_1544,84394,ROMANO,27103957732,0,93431,ROMANO,27103957732,0,MOVER A MASTER Y MARCAR DELETED
GEO_1545,89319,FARM-AJO S.C.S.,30711378371,0,98360,FARM-AJO S.C.S.,30711378371,0,MOVER A MASTER Y MARCAR DELETED
GEO_1546,84404,FERREYRA BARRIONUEVO  MABEL (MIRTA FARMACEUTICA),27105448487,0,93441,FERREYRA BARRIONUEVO  MABEL (MIRTA FARMACEUTICA),27105448487,0,MOVER A MASTER Y MARCAR DELETED
GEO_1547,84424,FCIA.GIMENEZ GRACIELA ELS,27108546420,0,93461,FCIA.GIMENEZ GRACIELA ELS,27108546420,0,MOVER A MASTER Y MARCAR DELETED
GEO_1548,89323,ALVEAR GAUSS  ,30711390401,1,98364,ALVEAR GAUSS  FLAVIA,30711390401,0,MOVER A MASTER Y MARCAR DELETED
GEO_1549,84406,FCIA.LAFRANCHILILIANA,27105571998,0,93443,"FCIA.LAFRANCHI,LILIANA",27105571998,0,MOVER A MASTER Y MARCAR DELETED
GEO_1550,84428,501 FERNANDEZ DE HUALPAELSA,27108995306,0,93465,"501 FERNANDEZ DE HUALPA,ELSA",27108995306,0,MOVER A MASTER Y MARCAR DELETED
GEO_1551,84429,XANCO  SILVIA,27109043112,0,93466,XANCO  SILVIA,27109043112,0,MOVER A MASTER Y MARCAR DELETED
GEO_1552,84432,1370 DA DALT SILVANA A.  FARMACIA LEVANTINO,27109076304,0,93469,"1370 DA DALT, SILVANA A.  FARMACIA LEVANTINO",27109076304,0,MOVER A MASTER Y MARCAR DELETED
GEO_1553,4092,MARTINEZ BARRERA AGUSTINA (Carniceria/Granja_P),27-40769061-9,0,9049,MARTINEZ BARRERA AGUSTINA (Carniceria/Granja_B),27-40769061-9,0,MOVER A MASTER Y MARCAR DELETED
GEO_1554,84440,YOCCO MARIA  NILDA,27109860226,0,93477,YOCCO MARIA  NILDA,27109860226,0,MOVER A MASTER Y MARCAR DELETED
GEO_1555,89374,FARMA STORE,30711623953,0,98415,FARMA STORE,30711623953,0,MOVER A MASTER Y MARCAR DELETED
GEO_1556,89371,ESTILO SALUD NUEVO APARICIO,30711600457,0,98412,ESTILO SALUD NUEVO APARICIO,30711600457,0,MOVER A MASTER Y MARCAR DELETED
GEO_1557,84535,FCIA.MOSCATO ALICIA II  FABIANA,27118742651,0,93572,FCIA.MOSCATO ALICIA II  FABIANA,27118742651,0,MOVER A MASTER Y MARCAR DELETED
GEO_1558,84461,NEBIOLO EDITH LAURA,27111925998,0,93498,NEBIOLO EDITH LAURA,27111925998,0,MOVER A MASTER Y MARCAR DELETED
GEO_1559,84455,FCIA.STA.MONICA  MONICA,27111278607,0,93492,FCIA.STA.MONICA  MONICA,27111278607,0,MOVER A MASTER Y MARCAR DELETED
GEO_1560,84453,FCIA.GOMEZNORMA  FARMACIA GOMEZ,27111255690,0,93490,"FCIA.GOMEZ,NORMA  FARMACIA GOMEZ",27111255690,0,MOVER A MASTER Y MARCAR DELETED
GEO_1561,84462,DURINI MARIA ELBA  FARMACIA DURINI,27111965760,0,93499,DURINI MARIA ELBA  FARMACIA DURINI,27111965760,0,MOVER A MASTER Y MARCAR DELETED
GEO_1562,89434,BAUTISTA MAR DEL TUYU S.C.S.,30712031065,0,98475,BAUTISTA MAR DEL TUYU S.C.S.,30712031065,0,MOVER A MASTER Y MARCAR DELETED
GEO_1563,4158,MARQUEZ ELIANA MARISOL (Kiosco/Maxikiosco_C),27-28972506-2,0,9021,MARQUEZ ELIANA MARISOL (Kiosco/Maxikiosco_C),27-28972506-2,0,MOVER A MASTER Y MARCAR DELETED
GEO_1564,4020,CUROTTO ALFREDO (Almacen/Despensa_C),20-12415318-3,0,9117,CUROTTO ALFREDO (Almacen/Despensa_C),20-12415318-3,0,MOVER A MASTER Y MARCAR DELETED
GEO_1565,84465,JACOBO MARIA SUSANA  ARIEL 3 A 9 O JUEVES A PARTIR DE 11,27112296978,7,93502,JACOBO MARIA SUSANA  ARIEL 3 A 9 O JUEVES A PARTIR DE 11,27112296978,0,MOVER A MASTER Y MARCAR DELETED
GEO_1566,84468,FCIA.DELLA LONGA SUSANA N  JORGE,27112723833,0,93505,FCIA.DELLA LONGA SUSANA N  JORGE,27112723833,0,MOVER A MASTER Y MARCAR DELETED
GEO_1567,3296,FIORAMONTI DANIEL HUMBERTO (Kiosco/Maxikiosco_C),20-18159363-7,0,8372,FIORAMONTI DANIEL HUMBERTO (Kiosco/Maxikiosco_C),20-18159363-7,0,MOVER A MASTER Y MARCAR DELETED
GEO_1568,89450,FARMACIA PRAMOS S.C.S.  DEL PUERTO,30712190597,6,98491,FARMACIA PRAMOS S.C.S.  DEL PUERTO,30712190597,0,MOVER A MASTER Y MARCAR DELETED
GEO_1569,89456,FARMABELEN,30712214976,0,98497,FARMABELEN 2,30712214976,0,MOVER A MASTER Y MARCAR DELETED
GEO_1570,89460,FARMABELEN,30712214976,0,98501,FARMABELEN 6,30712214976,0,MOVER A MASTER Y MARCAR DELETED
GEO_1571,84477,LONG LYDIA MARIA,27114134061,0,93514,LONG LYDIA MARIA,27114134061,0,MOVER A MASTER Y MARCAR DELETED
GEO_1572,84488,LURO,27115724466,0,93525,LURO,27115724466,0,MOVER A MASTER Y MARCAR DELETED
GEO_1573,4243,KIOSCO MITRE (Kiosco/Maxikiosco_C),20-35907156-7,0,9370,KIOSCO MITRE (Kiosco/Maxikiosco_C),20-35907156-7,0,MOVER A MASTER Y MARCAR DELETED
GEO_1574,89494,FARMACIA DEL DIVINO NI?O,30712468595,0,98535,FARMACIA DEL DIVINO NI?O,30712468595,0,MOVER A MASTER Y MARCAR DELETED
GEO_1575,85432,FCIA.TAGLIARINOCLAUDIA,27177123507,0,94470,"FCIA.TAGLIARINO,CLAUDIA",27177123507,0,MOVER A MASTER Y MARCAR DELETED
GEO_1576,2964,DAMICO GUILLERMO Y JUAN CARLOS (Autoservicio Tradicional_C),33-71247580-9,0,8153,DAMICO GUILLERMO Y JUAN CARLOS (Autoservicio Tradicional_C),33-71247580-9,0,MOVER A MASTER Y MARCAR DELETED
GEO_1577,3324,DE SAA MALVINA (Almacen/Despensa_C),27-29470501-0,0,8393,DE SAA MALVINA (Almacen/Despensa_B),27-29470501-0,0,MOVER A MASTER Y MARCAR DELETED
GEO_1578,89504,ZUCOLILLO,30712563806,0,98545,ZUCOLILLO,30712563806,0,MOVER A MASTER Y MARCAR DELETED
GEO_1579,87226,CECILIA ROJAS  FARMACIA ROJAS,27312130578,24,96263,CECILIA ROJAS  FARMACIA ROJAS,27312130578,0,MOVER A MASTER Y MARCAR DELETED
GEO_1580,89555,MUTUAL AGEC SUC GUZMAN 65  GEORGINA-AGEC- NUEVA RAZON SOCIAL,30714107859,0,98596,MUTUAL AGEC SUC GUZMAN 65  GEORGINA-AGEC- NUEVA RAZON SOCIAL,30714107859,0,MOVER A MASTER Y MARCAR DELETED
GEO_1580,89555,MUTUAL AGEC SUC GUZMAN 65  GEORGINA-AGEC- NUEVA RAZON SOCIAL,30714107859,0,98598,SINDICAL 26 DE SEPTIEMBRE  GEORGINA-AGEC,30714107859,0,MOVER A MASTER Y MARCAR DELETED
GEO_1580,89555,MUTUAL AGEC SUC GUZMAN 65  GEORGINA-AGEC- NUEVA RAZON SOCIAL,30714107859,0,89557,SINDICAL 26 DE SEPTIEMBRE  GEORGINA-AGEC,30714107859,0,MOVER A MASTER Y MARCAR DELETED
GEO_1581,89555,MUTUAL AGEC SUC GUZMAN 65  GEORGINA-AGEC- NUEVA RAZON SOCIAL,30714107859,0,98596,MUTUAL AGEC SUC GUZMAN 65  GEORGINA-AGEC- NUEVA RAZON SOCIAL,30714107859,0,MOVER A MASTER Y MARCAR DELETED
GEO_1581,89555,MUTUAL AGEC SUC GUZMAN 65  GEORGINA-AGEC- NUEVA RAZON SOCIAL,30714107859,0,98598,SINDICAL 26 DE SEPTIEMBRE  GEORGINA-AGEC,30714107859,0,MOVER A MASTER Y MARCAR DELETED
GEO_1581,89555,MUTUAL AGEC SUC GUZMAN 65  GEORGINA-AGEC- NUEVA RAZON SOCIAL,30714107859,0,89557,SINDICAL 26 DE SEPTIEMBRE  GEORGINA-AGEC,30714107859,0,MOVER A MASTER Y MARCAR DELETED
GEO_1582,89555,MUTUAL AGEC SUC GUZMAN 65  GEORGINA-AGEC- NUEVA RAZON SOCIAL,30714107859,0,98596,MUTUAL AGEC SUC GUZMAN 65  GEORGINA-AGEC- NUEVA RAZON SOCIAL,30714107859,0,MOVER A MASTER Y MARCAR DELETED
GEO_1582,89555,MUTUAL AGEC SUC GUZMAN 65  GEORGINA-AGEC- NUEVA RAZON SOCIAL,30714107859,0,98598,SINDICAL 26 DE SEPTIEMBRE  GEORGINA-AGEC,30714107859,0,MOVER A MASTER Y MARCAR DELETED
GEO_1582,89555,MUTUAL AGEC SUC GUZMAN 65  GEORGINA-AGEC- NUEVA RAZON SOCIAL,30714107859,0,89557,SINDICAL 26 DE SEPTIEMBRE  GEORGINA-AGEC,30714107859,0,MOVER A MASTER Y MARCAR DELETED
GEO_1583,84527,514 BERTAGNO RAQUEL ANTONIA  LAS CAñAS,27118468738,0,93564,"514 BERTAGNO, RAQUEL ANTONIA  LAS CAñAS",27118468738,0,MOVER A MASTER Y MARCAR DELETED
GEO_1584,89536,RED MIGUEL LANUS,30714053392,0,98577,RED MIGUEL LANUS,30714053392,0,MOVER A MASTER Y MARCAR DELETED
GEO_1585,84534,KOWALCZUK MARIA CRISTINA,27118733199,0,93571,KOWALCZUK MARIA CRISTINA,27118733199,0,MOVER A MASTER Y MARCAR DELETED
GEO_1586,84529,FARMACOM I  ESTEBAN,27118538469,0,93566,FARMACOM I  ESTEBAN,27118538469,0,MOVER A MASTER Y MARCAR DELETED
GEO_1587,84513,2853 HINOJOSA ELVIRA INES,27117972416,0,93550,"2853 HINOJOSA, ELVIRA INES",27117972416,0,MOVER A MASTER Y MARCAR DELETED
GEO_1588,84513,2853 HINOJOSA ELVIRA INES,27117972416,0,93550,"2853 HINOJOSA, ELVIRA INES",27117972416,0,MOVER A MASTER Y MARCAR DELETED
GEO_1589,89558,MUTUAL AGEC SUC JUAN B JUSTO  VALERIA,30714107859,0,98599,MUTUAL AGEC SUC JUAN B JUSTO  VALERIA,30714107859,0,MOVER A MASTER Y MARCAR DELETED
GEO_1590,84544,284 MARIN TERESA MAGDALENA  FARMACIA MODELO,27119251678,0,93581,"284 MARIN, TERESA MAGDALENA  FARMACIA MODELO",27119251678,0,MOVER A MASTER Y MARCAR DELETED
GEO_1591,84537,SAN SALVADOR  LUQUE DELIA DEL VALLE,27119006959,0,93574,"SAN SALVADOR  LUQUE, DELIA DEL VALLE",27119006959,0,MOVER A MASTER Y MARCAR DELETED
GEO_1592,89070,24HS  ARON,30709404713,0,98110,24HS  ARON,30709404713,0,MOVER A MASTER Y MARCAR DELETED
GEO_1593,84545,SAUCO LIDIA E.,27119332147,0,93582,SAUCO LIDIA E.,27119332147,0,MOVER A MASTER Y MARCAR DELETED
GEO_1594,84536,FCIA.BERNAUSB.  FARMACIA BERNAUS,27118996653,0,93573,"FCIA.BERNAUS,B.  FARMACIA BERNAUS",27118996653,0,MOVER A MASTER Y MARCAR DELETED
GEO_1595,84555,1776       LUCERO MARINA L. (S.J.),27120490775,0,93592,"1776       LUCERO, MARINA L. (S.J.)",27120490775,0,MOVER A MASTER Y MARCAR DELETED
GEO_1596,2058,BOQUITAS PINTADAS (Kiosco/Maxikiosco_A),27-03287392-3,0,7131,BOQUITAS PINTADAS (Kiosco/Maxikiosco_A),27-03287392-3,0,MOVER A MASTER Y MARCAR DELETED
GEO_1597,2058,BOQUITAS PINTADAS (Kiosco/Maxikiosco_A),27-03287392-3,0,7131,BOQUITAS PINTADAS (Kiosco/Maxikiosco_A),27-03287392-3,0,MOVER A MASTER Y MARCAR DELETED
GEO_1598,89596,FARMACIA FLORMADEL S.C.S,30714396737,0,98637,FARMACIA FLORMADEL S.C.S,30714396737,0,MOVER A MASTER Y MARCAR DELETED
GEO_1599,84562,411 FCIA ARBOIT,27121289763,0,93599,411 FCIA ARBOIT,27121289763,0,MOVER A MASTER Y MARCAR DELETED
GEO_1600,84559,TROILO,27120775079,0,93596,TROILO,27120775079,0,MOVER A MASTER Y MARCAR DELETED
GEO_1601,4239,ALMACEN PANTERA (Almacen/Despensa_C),36106311,0,9372,ALMACEN PANTERA (Almacen/Despensa_C),36106311,0,MOVER A MASTER Y MARCAR DELETED
GEO_1602,4239,ALMACEN PANTERA (Almacen/Despensa_C),36106311,0,9372,ALMACEN PANTERA (Almacen/Despensa_C),36106311,0,MOVER A MASTER Y MARCAR DELETED
GEO_1603,89616,PLAZOLETA EL CRISTO,30714445185,0,98657,PLAZOLETA EL CRISTO,30714445185,0,MOVER A MASTER Y MARCAR DELETED
GEO_1604,89623,ME.DICARLO ONCATIVO,30714473642,0,98664,ME.DICARLO ONCATIVO,30714473642,0,MOVER A MASTER Y MARCAR DELETED
GEO_1605,89653,SELMA1,30714623806,0,98694,SELMA1,30714623806,0,MOVER A MASTER Y MARCAR DELETED
GEO_1606,84600,NORA RITA RODRIGUEZ  NORA ROSRIGUEZ,27124044273,0,93637,NORA RITA RODRIGUEZ  NORA ROSRIGUEZ,27124044273,0,MOVER A MASTER Y MARCAR DELETED
GEO_1607,84660,RIDAO LAURA BEATRIZ  LAURS,27127255844,0,93698,RIDAO LAURA BEATRIZ  LAURS,27127255844,0,MOVER A MASTER Y MARCAR DELETED
GEO_1608,84581,FCIA.CUEL NOEMI GRACIELA  MARI ELVIRA FERNANDO,27122662131,0,93618,FCIA.CUEL NOEMI GRACIELA  MARI ELVIRA FERNANDO,27122662131,0,MOVER A MASTER Y MARCAR DELETED
GEO_1609,84579,FARMACIA MATIAS,27122657421,5,93616,FARMACIA MATIAS,27122657421,0,MOVER A MASTER Y MARCAR DELETED
GEO_1610,84592,RUPIL  DARIO ANDRE,27123348775,0,93629,RUPIL  DARIO ANDRE,27123348775,0,MOVER A MASTER Y MARCAR DELETED
GEO_1611,84594,BOIANO MARIA ROSA,27123552828,0,93631,BOIANO MARIA ROSA,27123552828,0,MOVER A MASTER Y MARCAR DELETED
GEO_1612,3116,CAMARERO RICARDO JOSE (Almacen/Despensa_C),20-18198082-7,0,7759,CAMARERO RICARDO JOSE (Almacen/Despensa_C),20-18198082-7,0,MOVER A MASTER Y MARCAR DELETED
GEO_1613,84604,FCIA CONGRESO,27124253530,0,93641,FCIA CONGRESO,27124253530,0,MOVER A MASTER Y MARCAR DELETED
GEO_1614,89673,FARMA 24 PASCO,30714708119,0,98714,FARMA 24 PASCO,30714708119,0,MOVER A MASTER Y MARCAR DELETED
GEO_1615,85529,LO MORO MARIA EUGENIA  GISELA,27180439450,0,94567,LO MORO MARIA EUGENIA  GISELA,27180439450,0,MOVER A MASTER Y MARCAR DELETED
GEO_1616,84617,FCIA.ADAMI SILVANA ELISA  SILVANA,27125227533,0,93654,FCIA.ADAMI SILVANA ELISA  SILVANA,27125227533,0,MOVER A MASTER Y MARCAR DELETED
GEO_1617,84621,REYNA MARIA CRISTINA,27125278227,0,93658,REYNA MARIA CRISTINA,27125278227,0,MOVER A MASTER Y MARCAR DELETED
GEO_1618,86026,CUELLO MARINA FABIOLA  CUELLO,27215341122,0,101055,farmacia cuello,27-21534112-2,0,MOVER A MASTER Y MARCAR DELETED
GEO_1618,86026,CUELLO MARINA FABIOLA  CUELLO,27215341122,0,95064,CUELLO MARINA FABIOLA  CUELLO,27215341122,0,MOVER A MASTER Y MARCAR DELETED
GEO_1619,84618,FCIA.GARCIAADRIANA I.  ADRIANA IRMA GARCIA,27125230186,0,93655,"FCIA.GARCIA,ADRIANA I.  ADRIANA IRMA GARCIA",27125230186,0,MOVER A MASTER Y MARCAR DELETED
GEO_1620,84628,FARMACIA POISSON,27125633515,0,93665,FARMACIA POISSON,27125633515,0,MOVER A MASTER Y MARCAR DELETED
GEO_1621,84619,SAN MARTINO SILVIA  FARMACIA SAN MARTINO,27125260727,0,93656,SAN MARTINO SILVIA  FARMACIA SAN MARTINO,27125260727,0,MOVER A MASTER Y MARCAR DELETED
GEO_1622,86999,FCIA.EUGENIA PANOZZO,27280134770,2,86998,FARM.GINI LAURA.  EUGENIA,27280134770,0,MOVER A MASTER Y MARCAR DELETED
GEO_1622,86999,FCIA.EUGENIA PANOZZO,27280134770,2,96035,FARM.GINI LAURA.  EUGENIA,27280134770,0,MOVER A MASTER Y MARCAR DELETED
GEO_1622,86999,FCIA.EUGENIA PANOZZO,27280134770,2,96036,FCIA.EUGENIA PANOZZO,27280134770,0,MOVER A MASTER Y MARCAR DELETED
GEO_1623,84606,SILVA DE FLORES G.DEL VALLE,27124583239,0,93643,SILVA DE FLORES G.DEL VALLE,27124583239,0,MOVER A MASTER Y MARCAR DELETED
GEO_1624,89703,VALEMAR FARMACEUTICA S.C.S.,30714898147,1,98744,VALEMAR FARMACEUTICA S.C.S.,30714898147,0,MOVER A MASTER Y MARCAR DELETED
GEO_1625,84637,FCIA.GAIA ANA CRISTINA  FARMACIA GAIA,27126177254,0,93674,FCIA.GAIA ANA CRISTINA  FARMACIA GAIA,27126177254,0,MOVER A MASTER Y MARCAR DELETED
GEO_1626,84629,FCIA ROSMINO,27125633515,0,93666,FCIA ROSMINO,27125633515,0,MOVER A MASTER Y MARCAR DELETED
GEO_1627,84634,SAMUEL HAHNEMANN  JAIMES ANA MARIA,27125985217,0,93671,SAMUEL HAHNEMANN  JAIMES ANA MARIA,27125985217,0,MOVER A MASTER Y MARCAR DELETED
GEO_1628,84636,DEL HUERTO - CIUDAD,27126069788,0,93673,DEL HUERTO - CIUDAD,27126069788,0,MOVER A MASTER Y MARCAR DELETED
GEO_1629,101727,Farmacia Nueva Filiberto,30-71733668-9,10,101052,Farmacia Nueva Filiberto,30-71733668-9,0,MOVER A MASTER Y MARCAR DELETED
GEO_1629,101727,Farmacia Nueva Filiberto,30-71733668-9,10,101726,Farmacia Nueva Filiberto,30-71733668-9,0,MOVER A MASTER Y MARCAR DELETED
GEO_1630,84663,FCIA.RABOZZI MARGARITA,27127364279,0,93701,FCIA.RABOZZI MARGARITA,27127364279,0,MOVER A MASTER Y MARCAR DELETED
GEO_1631,89745,FARMACIA CANO S.C.S.,30715066641,0,98786,FARMACIA CANO S.C.S.,30715066641,0,MOVER A MASTER Y MARCAR DELETED
GEO_1632,89745,FARMACIA CANO S.C.S.,30715066641,0,98786,FARMACIA CANO S.C.S.,30715066641,0,MOVER A MASTER Y MARCAR DELETED
GEO_1633,84659,BIZZARRI GRACIELA JUANA  FARMACIA BIZZARRI,27127255674,1,93697,BIZZARRI GRACIELA JUANA  FARMACIA BIZZARRI,27127255674,0,MOVER A MASTER Y MARCAR DELETED
GEO_1634,84659,BIZZARRI GRACIELA JUANA  FARMACIA BIZZARRI,27127255674,1,93697,BIZZARRI GRACIELA JUANA  FARMACIA BIZZARRI,27127255674,0,MOVER A MASTER Y MARCAR DELETED
GEO_1635,84644,408 PAGLIARULO MARIA ROXANA,27126634442,0,93681,"408 PAGLIARULO, MARIA ROXANA",27126634442,0,MOVER A MASTER Y MARCAR DELETED
GEO_1636,84665,CAMPAGNOLO,27127540220,0,93703,CAMPAGNOLO,27127540220,0,MOVER A MASTER Y MARCAR DELETED
GEO_1637,84662,DEL SUR DE ROCA MARIA ANGELICA  27127362861JULIAN,27127362861,8,93700,DEL SUR DE ROCA MARIA ANGELICA  27127362861JULIAN,27127362861,0,MOVER A MASTER Y MARCAR DELETED
GEO_1638,84658,FCIA.BECCARIA PATRICIA  PATRICIA,27127255542,0,93696,FCIA.BECCARIA PATRICIA  PATRICIA,27127255542,0,MOVER A MASTER Y MARCAR DELETED
GEO_1639,84656,GONZALEZ CALVO  MAGALI,27127209613,3,93694,GONZALEZ CALVO  MAGALI,27127209613,0,MOVER A MASTER Y MARCAR DELETED
GEO_1640,89969,CENTRO PUEYRREDON FARMACEUTICA S.C.S  PUEYRREDON,30716205688,0,99010,CENTRO PUEYRREDON FARMACEUTICA S.C.S  PUEYRREDON,30716205688,0,MOVER A MASTER Y MARCAR DELETED
GEO_1641,84647,519 DE CASAS LILIANA PORTABELLA  FCIA. 13 DE DICIEMBRE,27126634442,0,93684,"519 DE CASAS, LILIANA PORTABELLA  FCIA. 13 DE DICIEMBRE",27126634442,0,MOVER A MASTER Y MARCAR DELETED
GEO_1641,84647,519 DE CASAS LILIANA PORTABELLA  FCIA. 13 DE DICIEMBRE,27126634442,0,101552,farmacia 13 de diciembre,27-12663444-2,1,MOVER A MASTER Y MARCAR DELETED
GEO_1642,84683,SANTA CATALINA  ANA CATALINA,27128768225,0,93721,SANTA CATALINA  ANA CATALINA,27128768225,0,MOVER A MASTER Y MARCAR DELETED
GEO_1643,89757,TROTTA,30715169041,4,98798,TROTTA,30715169041,0,MOVER A MASTER Y MARCAR DELETED
GEO_1644,84684,RAVASSI,27128776716,0,93722,RAVASSI,27128776716,0,MOVER A MASTER Y MARCAR DELETED
GEO_1645,84685,THROENDLY LILIANA MARIA ROSA,27128821851,0,93723,THROENDLY LILIANA MARIA ROSA,27128821851,0,MOVER A MASTER Y MARCAR DELETED
GEO_1646,89807,ALVEAR 2  CAROLINA,30715377345,0,98848,ALVEAR 2  CAROLINA,30715377345,0,MOVER A MASTER Y MARCAR DELETED
GEO_1647,85237,GIUNTI ANA SILVIA,27170511226,8,94275,GIUNTI ANA SILVIA,27170511226,0,MOVER A MASTER Y MARCAR DELETED
GEO_1648,84696,CASALAGA,27129632440,0,93734,CASALAGA,27129632440,0,MOVER A MASTER Y MARCAR DELETED
GEO_1649,84696,CASALAGA,27129632440,0,93734,CASALAGA,27129632440,0,MOVER A MASTER Y MARCAR DELETED
GEO_1650,84708,FCIA.DE GRANDIS NORMA DE  FARMACIA D GRANDIS,27130572885,0,93746,FCIA.DE GRANDIS NORMA DE  FARMACIA D GRANDIS,27130572885,0,MOVER A MASTER Y MARCAR DELETED
GEO_1651,82232,BENJAMIN ARAOZ  CONTINI ROBERTO HORACIO,20163147026,0,91268,BENJAMIN ARAOZ  CONTINI ROBERTO HORACIO,20163147026,0,MOVER A MASTER Y MARCAR DELETED
GEO_1652,82394,FARMAVITAL 2  LOMBARDELLI PAOLA,20174255181,0,91430,FARMAVITAL 2  LOMBARDELLI PAOLA,20174255181,0,MOVER A MASTER Y MARCAR DELETED
GEO_1653,84706,LOBAIZA  BELEN GLADYS ANSELMA,27130421801,0,93744,LOBAIZA  BELEN GLADYS ANSELMA,27130421801,0,MOVER A MASTER Y MARCAR DELETED
GEO_1654,88508,ASOC.M.PUERTO ROSARIO(II)  DELFINA,30690891588,0,97547,ASOC.M.PUERTO ROSARIO(II)  DELFINA,30690891588,0,MOVER A MASTER Y MARCAR DELETED
GEO_1655,84704,FCIA.SUC DE BINI MIRTA  TAMARA,27130326744,0,93742,FCIA.SUC DE BINI MIRTA  TAMARA,27130326744,0,MOVER A MASTER Y MARCAR DELETED
GEO_1656,84704,FCIA.SUC DE BINI MIRTA  TAMARA,27130326744,0,93742,FCIA.SUC DE BINI MIRTA  TAMARA,27130326744,0,MOVER A MASTER Y MARCAR DELETED
GEO_1657,89324,ALVEAR S.A.  MARCELA,30711390401,0,98365,ALVEAR S.A.  MARCELA,30711390401,0,MOVER A MASTER Y MARCAR DELETED
GEO_1658,84602,CIAMPI,27124188623,0,93639,CIAMPI,27124188623,0,MOVER A MASTER Y MARCAR DELETED
GEO_1659,89837,HELP SRL  ELEONOR,30715623397,0,98878,HELP SRL  ELEONOR,30715623397,0,MOVER A MASTER Y MARCAR DELETED
GEO_1660,84726,MOLLARD  MONICA,27131460436,0,93764,MOLLARD  MONICA,27131460436,0,MOVER A MASTER Y MARCAR DELETED
GEO_1661,84733,SAN JUAN DE LINGUA CELIA  CELIA,27131694313,0,93771,SAN JUAN DE LINGUA CELIA  CELIA,27131694313,0,MOVER A MASTER Y MARCAR DELETED
GEO_1662,84715,BITTAR PATRICIA LILIANA,27130774054,0,93753,BITTAR PATRICIA LILIANA,27130774054,0,MOVER A MASTER Y MARCAR DELETED
GEO_1663,89104,FARMACIA MIGUEL LANUS  PATRICIA,30709755176,0,98145,FARMACIA MIGUEL LANUS  PATRICIA,30709755176,0,MOVER A MASTER Y MARCAR DELETED
GEO_1664,89104,FARMACIA MIGUEL LANUS  PATRICIA,30709755176,0,98145,FARMACIA MIGUEL LANUS  PATRICIA,30709755176,0,MOVER A MASTER Y MARCAR DELETED
GEO_1665,84746,TASSELLI ELBA  ELBA,27133012279,0,93784,TASSELLI ELBA  ELBA,27133012279,0,MOVER A MASTER Y MARCAR DELETED
GEO_1666,89869,FARMASER 2  CARLA,30715708554,0,98910,FARMASER 2  CARLA,30715708554,0,MOVER A MASTER Y MARCAR DELETED
GEO_1667,89869,FARMASER 2  CARLA,30715708554,0,98910,FARMASER 2  CARLA,30715708554,0,MOVER A MASTER Y MARCAR DELETED
GEO_1668,84766,FCIA.MARTINEZ  ALICIA,27134497225,0,93804,FCIA.MARTINEZ  ALICIA,27134497225,0,MOVER A MASTER Y MARCAR DELETED
GEO_1669,84759,327 SALVIA GRACIELA LILIANA  FARMACIA MASSA,27134253741,0,93797,"327 SALVIA, GRACIELA LILIANA  FARMACIA MASSA",27134253741,0,MOVER A MASTER Y MARCAR DELETED
GEO_1670,83979,NANCY C.PANIAGUA,23233498394,0,93016,NANCY C.PANIAGUA,23233498394,0,MOVER A MASTER Y MARCAR DELETED
GEO_1671,84755,ARGUTTI MIRTHA  MIRTA,27134133266,0,93793,ARGUTTI MIRTHA  MIRTA,27134133266,0,MOVER A MASTER Y MARCAR DELETED
GEO_1672,84767,IGARZA,27134542824,0,93805,IGARZA,27134542824,0,MOVER A MASTER Y MARCAR DELETED
GEO_1673,89936,FARMACIA LAS PIEDRAS III,30716044854,0,98977,FARMACIA LAS PIEDRAS III,30716044854,0,MOVER A MASTER Y MARCAR DELETED
GEO_1674,84776,DEL OESTE  LILIANA,27134911765,0,93814,DEL OESTE  LILIANA,27134911765,0,MOVER A MASTER Y MARCAR DELETED
GEO_1675,84158,MARIA CECILIA MARTORELLI,24226806632,0,93195,MARIA CECILIA MARTORELLI,24226806632,0,MOVER A MASTER Y MARCAR DELETED
GEO_1676,84779,PERFU CRISTINA - MERCEDES GIMENEZ,27135003552,0,93817,PERFU CRISTINA - MERCEDES GIMENEZ,27135003552,0,MOVER A MASTER Y MARCAR DELETED
GEO_1677,84778,LEILA N.DEL CUETO,27134977901,0,93816,LEILA N.DEL CUETO,27134977901,0,MOVER A MASTER Y MARCAR DELETED
GEO_1678,84401,INDEPENDENCIA - B.R.SALI  MAYER ANA MARIA,27104841223,0,93438,INDEPENDENCIA - B.R.SALI  MAYER ANA MARIA,27104841223,0,MOVER A MASTER Y MARCAR DELETED
GEO_1679,89945,FARMACIA SAN MARQUI S.C.S.,30716153181,0,98986,FARMACIA SAN MARQUI S.C.S.,30716153181,0,MOVER A MASTER Y MARCAR DELETED
GEO_1680,89955,MAXIFARMA CACHEUTA  SILVINA CAMPO,30716178095,1,98996,MAXIFARMA CACHEUTA  SILVINA CAMPO,30716178095,0,MOVER A MASTER Y MARCAR DELETED
GEO_1681,89955,MAXIFARMA CACHEUTA  SILVINA CAMPO,30716178095,1,98996,MAXIFARMA CACHEUTA  SILVINA CAMPO,30716178095,0,MOVER A MASTER Y MARCAR DELETED
GEO_1682,84782,REVENGA  ANA MARIA,27135390912,0,93820,REVENGA  ANA MARIA,27135390912,0,MOVER A MASTER Y MARCAR DELETED
GEO_1683,84782,REVENGA  ANA MARIA,27135390912,0,93820,REVENGA  ANA MARIA,27135390912,0,MOVER A MASTER Y MARCAR DELETED
GEO_1684,84351,296        BLANCO DE LOPEZ ANA MARIA  LA BOTICA,27064156905,0,93388,"296        BLANCO DE LOPEZ, ANA MARIA  LA BOTICA",27064156905,0,MOVER A MASTER Y MARCAR DELETED
GEO_1685,84783,FCIA.TORNABENE CRISTINA  CRISTINA,27135442173,0,93821,"FCIA.TORNABENE, CRISTINA  CRISTINA",27135442173,0,MOVER A MASTER Y MARCAR DELETED
GEO_1686,84785,SABIO MYRIAM L.,27135639066,0,93823,SABIO MYRIAM L.,27135639066,0,MOVER A MASTER Y MARCAR DELETED
GEO_1687,84804,FUCKSMANN ADELA MARIA,27136762740,0,93842,FUCKSMANN ADELA MARIA,27136762740,0,MOVER A MASTER Y MARCAR DELETED
GEO_1688,84805,BERGOGLIO DE MATHEU  MATHEU,27136835020,0,93843,BERGOGLIO DE MATHEU  MATHEU,27136835020,0,MOVER A MASTER Y MARCAR DELETED
GEO_1689,84805,BERGOGLIO DE MATHEU  MATHEU,27136835020,0,93843,BERGOGLIO DE MATHEU  MATHEU,27136835020,0,MOVER A MASTER Y MARCAR DELETED
GEO_1690,84802,CARGNONI,27136643040,0,93840,CARGNONI,27136643040,0,MOVER A MASTER Y MARCAR DELETED
GEO_1691,84781,985 BALDOR ANALIA RUTH  FARMACIA JALIL,27135337663,1,93819,"985 BALDOR, ANALIA RUTH  FARMACIA JALIL",27135337663,0,MOVER A MASTER Y MARCAR DELETED
GEO_1692,85687,ALEM,27200730041,0,94725,ALEM,27200730041,0,MOVER A MASTER Y MARCAR DELETED
GEO_1693,84812,MALUCCHI MARIA ISABEL  MARIA ISABEL,27137202455,0,93850,MALUCCHI MARIA ISABEL  MARIA ISABEL,27137202455,0,MOVER A MASTER Y MARCAR DELETED
GEO_1694,84826,FARMACIA ALEM SM,27138173068,6,93864,FARMACIA ALEM SM,27138173068,0,MOVER A MASTER Y MARCAR DELETED
GEO_1695,84826,FARMACIA ALEM SM,27138173068,6,93864,FARMACIA ALEM SM,27138173068,0,MOVER A MASTER Y MARCAR DELETED
GEO_1696,84830,VITAL - TUCUMAN  GONZALEZ LELONG SARA,27138487879,0,93868,VITAL - TUCUMAN  GONZALEZ LELONG SARA,27138487879,0,MOVER A MASTER Y MARCAR DELETED
GEO_1697,86863,GRAN SAN JUAN- ALVAREZ BETINA EVELIN,27265533006,0,95900,GRAN SAN JUAN- ALVAREZ BETINA EVELIN,27265533006,0,MOVER A MASTER Y MARCAR DELETED
GEO_1698,84845,FCIA.ARNESI MONICA S.,27140161786,0,93883,FCIA.ARNESI MONICA S.,27140161786,0,MOVER A MASTER Y MARCAR DELETED
GEO_1699,84837,EL CORTE - YERBA BUENA,27139507288,0,93875,EL CORTE - YERBA BUENA,27139507288,0,MOVER A MASTER Y MARCAR DELETED
GEO_1700,84838,RODRIGUEZ SILVIA GUADALUPE  RODRIGUEZ,27139536660,0,93876,RODRIGUEZ SILVIA GUADALUPE  RODRIGUEZ,27139536660,0,MOVER A MASTER Y MARCAR DELETED
GEO_1701,84842,DAGAND,27139822485,0,93880,DAGAND,27139822485,0,MOVER A MASTER Y MARCAR DELETED
GEO_1702,90033,FARMACIA RASAN S.C.S.,30716582155,0,99074,FARMACIA RASAN S.C.S.,30716582155,0,MOVER A MASTER Y MARCAR DELETED
GEO_1703,84833,FCIA.FLEITAS ELSA MABEL  JAVIER,27139017272,0,93871,FCIA.FLEITAS ELSA MABEL  JAVIER,27139017272,0,MOVER A MASTER Y MARCAR DELETED
GEO_1704,84843,TUMINI PATRICIA N.  PATRICIA,27140070942,0,93881,TUMINI PATRICIA N.  PATRICIA,27140070942,0,MOVER A MASTER Y MARCAR DELETED
GEO_1705,86126,IL FARMA  FLAVIA,27218909782,0,95164,IL FARMA  FLAVIA,27218909782,0,MOVER A MASTER Y MARCAR DELETED
GEO_1706,84832,VALVERDE ROSANNA,27138945931,0,93870,VALVERDE ROSANNA,27138945931,0,MOVER A MASTER Y MARCAR DELETED
GEO_1707,84844,FCIA.VESCIO MARTA INES  FARMACIA VESCIO,27140161271,6,93882,FCIA.VESCIO MARTA INES  FARMACIA VESCIO,27140161271,0,MOVER A MASTER Y MARCAR DELETED
GEO_1708,84840,BAHIA DE LEWANDOWSKI GRACIELA B.  FARMACIA BAHIA,27139589888,4,93878,BAHIA DE LEWANDOWSKI GRACIELA B.  FARMACIA BAHIA,27139589888,0,MOVER A MASTER Y MARCAR DELETED
GEO_1709,84856,SANCHEZ ALICIA GRISELDA,27141030669,0,93894,SANCHEZ ALICIA GRISELDA,27141030669,0,MOVER A MASTER Y MARCAR DELETED
GEO_1710,84857,FINELLI ALICIA,27141135665,0,93895,FINELLI ALICIA,27141135665,0,MOVER A MASTER Y MARCAR DELETED
GEO_1711,84857,FINELLI ALICIA,27141135665,0,93895,FINELLI ALICIA,27141135665,0,MOVER A MASTER Y MARCAR DELETED
GEO_1712,89940,SAN EXPEDITO  GABRIEL,30716073846,0,98981,SAN EXPEDITO  GABRIEL,30716073846,0,MOVER A MASTER Y MARCAR DELETED
GEO_1713,89940,SAN EXPEDITO  GABRIEL,30716073846,0,98981,SAN EXPEDITO  GABRIEL,30716073846,0,MOVER A MASTER Y MARCAR DELETED
GEO_1714,3382,CASA VECCHI (Autoservicio Tradicional_C),20-10416108-2,0,8301,CASA VECCHI (Autoservicio Tradicional_C),20-10416108-2,0,MOVER A MASTER Y MARCAR DELETED
GEO_1715,84862,MARCANTONELLI  ELIDA,27141558086,0,93900,MARCANTONELLI  ELIDA,27141558086,0,MOVER A MASTER Y MARCAR DELETED
GEO_1716,84863,FCIA.ORELLANOBIBIANA B.,27141583595,0,93901,"FCIA.ORELLANO,BIBIANA B.",27141583595,0,MOVER A MASTER Y MARCAR DELETED
GEO_1717,4733,CARINI ANA MARIA(Cerró) (Almacen/Despensa_C),27-16268367-0,0,9966,CARINI ANA MARIA(Cerró) (Almacen/Despensa_C),27-16268367-0,0,MOVER A MASTER Y MARCAR DELETED
GEO_1718,89072,FCIA.CONSUMED DE LA COSTA S.C.S.,30709425028,0,98112,FCIA.CONSUMED DE LA COSTA S.C.S.,30709425028,0,MOVER A MASTER Y MARCAR DELETED
GEO_1719,84874,SCLOSA CLAUDIA PAULINA  CLAUDIA PAULINA SANDRA,27142071016,0,93912,SCLOSA CLAUDIA PAULINA  CLAUDIA PAULINA SANDRA,27142071016,0,MOVER A MASTER Y MARCAR DELETED
GEO_1720,84874,SCLOSA CLAUDIA PAULINA  CLAUDIA PAULINA SANDRA,27142071016,0,93912,SCLOSA CLAUDIA PAULINA  CLAUDIA PAULINA SANDRA,27142071016,0,MOVER A MASTER Y MARCAR DELETED
GEO_1721,84878,MIRIAM CASTRO,27142183892,0,93916,MIRIAM CASTRO,27142183892,0,MOVER A MASTER Y MARCAR DELETED
GEO_1722,84883,FANESSI M SONIA,27142326499,0,93921,FANESSI M SONIA,27142326499,0,MOVER A MASTER Y MARCAR DELETED
GEO_1723,84884,LA UNION,27142380809,0,93922,LA UNION,27142380809,0,MOVER A MASTER Y MARCAR DELETED
GEO_1724,84875,FARMACIA MERCANTIL,27142097201,0,93913,FARMACIA MERCANTIL,27142097201,0,MOVER A MASTER Y MARCAR DELETED
GEO_1725,84897,ZIMMERMANN ALICIA (STO.TOME),27143206780,0,93935,ZIMMERMANN ALICIA (STO.TOME),27143206780,0,MOVER A MASTER Y MARCAR DELETED
GEO_1726,84892,PESCETTI II  JULI,27142932453,0,93930,PESCETTI II  JULI,27142932453,0,MOVER A MASTER Y MARCAR DELETED
GEO_1727,84916,GASPAR CAMPOS,27144354651,7,93954,GASPAR CAMPOS,27144354651,0,MOVER A MASTER Y MARCAR DELETED
GEO_1728,84912,CACERES LADY NOEMI (FCIA FATIMA)  NOEMI,27144095516,0,93950,CACERES LADY NOEMI (FCIA FATIMA)  NOEMI,27144095516,0,MOVER A MASTER Y MARCAR DELETED
GEO_1729,84941,CURIE  365 EX CURIE,27145645692,0,93979,CURIE  365 EX CURIE,27145645692,0,MOVER A MASTER Y MARCAR DELETED
GEO_1730,84956,FACINO,27146815273,0,93994,FACINO,27146815273,0,MOVER A MASTER Y MARCAR DELETED
GEO_1731,84953,BERMUDEZ  BERMUDEZ FATIMA,27146603675,0,93991,BERMUDEZ  BERMUDEZ FATIMA,27146603675,0,MOVER A MASTER Y MARCAR DELETED
GEO_1732,84964,QUEGLAS ANA MARIA,27147603253,0,94002,QUEGLAS ANA MARIA,27147603253,0,MOVER A MASTER Y MARCAR DELETED
GEO_1733,84964,QUEGLAS ANA MARIA,27147603253,0,94002,QUEGLAS ANA MARIA,27147603253,0,MOVER A MASTER Y MARCAR DELETED
GEO_1734,84964,QUEGLAS ANA MARIA,27147603253,0,94002,QUEGLAS ANA MARIA,27147603253,0,MOVER A MASTER Y MARCAR DELETED
GEO_1735,90343,MEDRANO FREUD,33619860999,0,99384,MEDRANO FREUD,33619860999,0,MOVER A MASTER Y MARCAR DELETED
GEO_1736,90347,FARMACIA AMFANOR / BARRACAS,33644009039,0,99388,FARMACIA AMFANOR / BARRACAS,33644009039,0,MOVER A MASTER Y MARCAR DELETED
GEO_1737,84974,GIOINO TROSERO  MONICA,27148281012,0,94012,GIOINO TROSERO  MONICA,27148281012,0,MOVER A MASTER Y MARCAR DELETED
GEO_1738,88044,GRAN SUR,30608246882,0,97083,GRAN SUR,30608246882,0,MOVER A MASTER Y MARCAR DELETED
GEO_1739,84975,FCIA.CHIOVOLONIJOSEFA,27148311388,0,94013,"FCIA.CHIOVOLONI,JOSEFA",27148311388,0,MOVER A MASTER Y MARCAR DELETED
GEO_1740,84977,EMBON ARIAS,27148366913,0,94015,EMBON ARIAS,27148366913,0,MOVER A MASTER Y MARCAR DELETED
GEO_1741,84981,3065 MAÑANES MARCELA  CADORE,27148583116,0,94019,"3065 MAÑANES, MARCELA  CADORE",27148583116,0,MOVER A MASTER Y MARCAR DELETED
GEO_1742,84970,PERLO ALICIA  FARMACIA PERLO,27148031121,0,94008,PERLO ALICIA  FARMACIA PERLO,27148031121,0,MOVER A MASTER Y MARCAR DELETED
GEO_1743,85010,FAILONI LETICIA  FAILONI,27152748324,0,94048,FAILONI LETICIA  FAILONI,27152748324,0,MOVER A MASTER Y MARCAR DELETED
GEO_1744,85003,LUCHINI  SONIA,27149695457,0,94041,LUCHINI  SONIA,27149695457,0,MOVER A MASTER Y MARCAR DELETED
GEO_1745,85004,FCIA.FARINA MARIA ELENA  AGUSTINA,27149729157,0,94042,FCIA.FARINA MARIA ELENA  AGUSTINA,27149729157,0,MOVER A MASTER Y MARCAR DELETED
GEO_1746,84982,1524 MAÑANES MARCELA  FCIA. CORRADI,27148583116,0,94020,"1524 MAÑANES, MARCELA  FCIA. CORRADI",27148583116,0,MOVER A MASTER Y MARCAR DELETED
GEO_1747,90374,TKL CENTRAL SAN MIGUEL,33696490649,0,99415,TKL CENTRAL SAN MIGUEL,33696490649,0,MOVER A MASTER Y MARCAR DELETED
GEO_1748,84986,FCIA.CAPETTINILILIANA C.  LILIANA,27148886828,0,94024,"FCIA.CAPETTINI,LILIANA C.  LILIANA",27148886828,0,MOVER A MASTER Y MARCAR DELETED
GEO_1749,84989,SARTORI (CLAUDIA NOEMI)  NORA HNA,27148915968,0,94027,SARTORI (CLAUDIA NOEMI)  NORA HNA,27148915968,0,MOVER A MASTER Y MARCAR DELETED
GEO_1750,85009,REVELANT,27152502902,0,94047,REVELANT,27152502902,0,MOVER A MASTER Y MARCAR DELETED
GEO_1751,85032,ARAOZ II  NORMA ARAOZ,27160960146,0,94070,ARAOZ II  NORMA ARAOZ,27160960146,0,MOVER A MASTER Y MARCAR DELETED
GEO_1752,85033,ARAOZ III  ANALIA Y NORMA,27160960146,0,94071,ARAOZ III  ANALIA Y NORMA,27160960146,0,MOVER A MASTER Y MARCAR DELETED
GEO_1753,85026,MIRTA G.MURRAY  MURRAY,27160728421,0,94064,MIRTA G.MURRAY  MURRAY,27160728421,0,MOVER A MASTER Y MARCAR DELETED
GEO_1754,85030,GUSHIKEN FCIOVARELA,27160874827,0,94068,GUSHIKEN FCIOVARELA,27160874827,0,MOVER A MASTER Y MARCAR DELETED
GEO_1755,85031,ARAOZ  NORMA ARAOZ,27160960146,0,94069,ARAOZ  NORMA ARAOZ,27160960146,0,MOVER A MASTER Y MARCAR DELETED
GEO_1756,85034,LAURITO,27160999409,0,94072,LAURITO,27160999409,0,MOVER A MASTER Y MARCAR DELETED
GEO_1757,85051,TREIDE PATRICIA  PATRICIA,27162210713,0,94089,TREIDE PATRICIA  PATRICIA,27162210713,0,MOVER A MASTER Y MARCAR DELETED
GEO_1758,85013,1428       FCIA CIELITO  CIELITO,27160117473,0,94051,1428       FCIA CIELITO  CIELITO,27160117473,0,MOVER A MASTER Y MARCAR DELETED
GEO_1759,90400,FARMA 24 BANFIELD  JAVIER,33708096259,0,99441,FARMA 24 BANFIELD  JAVIER,33708096259,0,MOVER A MASTER Y MARCAR DELETED
GEO_1760,85074,SANDRA BARBERO  SANDRA,27163381635,0,94112,SANDRA BARBERO  SANDRA,27163381635,0,MOVER A MASTER Y MARCAR DELETED
GEO_1761,90613,MOTURA,23205528164,0,99654,MOTURA,23205528164,0,MOVER A MASTER Y MARCAR DELETED
GEO_1762,90606,REPUBLICA DE BARRACAS,34520358279,0,101424,Farmacia República de Barracas,34-52035827-9,0,MOVER A MASTER Y MARCAR DELETED
GEO_1762,90606,REPUBLICA DE BARRACAS,34520358279,0,99647,REPUBLICA DE BARRACAS,34520358279,0,MOVER A MASTER Y MARCAR DELETED
GEO_1763,90606,REPUBLICA DE BARRACAS,34520358279,0,101424,Farmacia República de Barracas,34-52035827-9,0,MOVER A MASTER Y MARCAR DELETED
GEO_1763,90606,REPUBLICA DE BARRACAS,34520358279,0,99647,REPUBLICA DE BARRACAS,34520358279,0,MOVER A MASTER Y MARCAR DELETED
GEO_1764,85066,SYLVIA B.SENA  SENA,27163003878,0,94104,SYLVIA B.SENA  SENA,27163003878,0,MOVER A MASTER Y MARCAR DELETED
GEO_1765,85061,FCIA.SAGRIPANTIPATRICIA  PATRICIA,27162673675,0,94099,"FCIA.SAGRIPANTI,PATRICIA  PATRICIA",27162673675,0,MOVER A MASTER Y MARCAR DELETED
GEO_1766,85065,SAAVEDRA,27162975841,0,94103,SAAVEDRA,27162975841,0,MOVER A MASTER Y MARCAR DELETED
GEO_1767,85058,RENZ MYRIAM  RENZ LUCIA Y MIRIAM,27162578265,8,94096,RENZ MYRIAM  RENZ LUCIA Y MIRIAM,27162578265,0,MOVER A MASTER Y MARCAR DELETED
GEO_1768,85058,RENZ MYRIAM  RENZ LUCIA Y MIRIAM,27162578265,8,94096,RENZ MYRIAM  RENZ LUCIA Y MIRIAM,27162578265,0,MOVER A MASTER Y MARCAR DELETED
GEO_1769,85109,SARQUISIAN DE PEREZ  PACHI,27165022985,0,94147,SARQUISIAN DE PEREZ  PACHI,27165022985,0,MOVER A MASTER Y MARCAR DELETED
GEO_1770,85109,SARQUISIAN DE PEREZ  PACHI,27165022985,0,94147,SARQUISIAN DE PEREZ  PACHI,27165022985,0,MOVER A MASTER Y MARCAR DELETED
GEO_1771,3049,GARZILLO LUIS (Resto de On Premise_A),31427114,0,8094,GARZILLO LUIS (Resto de On Premise_B),31427114,0,MOVER A MASTER Y MARCAR DELETED
GEO_1772,85123,DIFERENT PELLEGRINI,27165634034,0,94161,DIFERENT PELLEGRINI,27165634034,0,MOVER A MASTER Y MARCAR DELETED
GEO_1773,85084,OLIVERA,27163869964,0,94122,OLIVERA,27163869964,0,MOVER A MASTER Y MARCAR DELETED
GEO_1774,85108,FCIA.GAUDIOPATRICIA M.  PATRICIA,27164984643,0,94146,"FCIA.GAUDIO,PATRICIA M.  PATRICIA",27164984643,0,MOVER A MASTER Y MARCAR DELETED
GEO_1775,90615,LIBERTADOR,30671447073,0,99656,LIBERTADOR,30671447073,0,MOVER A MASTER Y MARCAR DELETED
GEO_1776,85102,GAMBOSO ANALIA MERCEDES  ANALIA,27164838477,0,94140,GAMBOSO ANALIA MERCEDES  ANALIA,27164838477,0,MOVER A MASTER Y MARCAR DELETED
GEO_1777,88356,FARMACIA SANTA CATALINA,30680686358,0,97395,FARMACIA SANTA CATALINA,30680686358,0,MOVER A MASTER Y MARCAR DELETED
GEO_1778,85104,FCIA.PENOTTINOEMI II  PENOTTI NOEMI,27164913754,0,94142,"FCIA.PENOTTI,NOEMI II  PENOTTI NOEMI",27164913754,0,MOVER A MASTER Y MARCAR DELETED
GEO_1779,85104,FCIA.PENOTTINOEMI II  PENOTTI NOEMI,27164913754,0,94142,"FCIA.PENOTTI,NOEMI II  PENOTTI NOEMI",27164913754,0,MOVER A MASTER Y MARCAR DELETED
GEO_1780,85106,PERFUMERIA JACQ CAR,27164962364,0,94144,PERFUMERIA JACQ CAR,27164962364,0,MOVER A MASTER Y MARCAR DELETED
GEO_1781,85115,ROATTA INES MARIA  SEBASTIAN,27165360651,0,94153,ROATTA INES MARIA  SEBASTIAN,27165360651,0,MOVER A MASTER Y MARCAR DELETED
GEO_1782,85107,PERFUMERIA JACQ CAR / VILLA REAL,27164962364,0,94145,PERFUMERIA JACQ CAR / VILLA REAL,27164962364,0,MOVER A MASTER Y MARCAR DELETED
GEO_1783,2299,HERRERA ANA LIA (Kiosco/Maxikiosco_B),27-12653472-3,0,7324,HERRERA ANA LIA (Kiosco/Maxikiosco_B),27-12653472-3,0,MOVER A MASTER Y MARCAR DELETED
GEO_1784,85127,DIFERENT CORDOBA,27165634034,0,94165,DIFERENT CORDOBA,27165634034,0,MOVER A MASTER Y MARCAR DELETED
GEO_1785,85149,FCIA.SCHELIETTER  ADRIANA MARIA,27166369113,0,94187,FCIA.SCHELIETTER  ADRIANA MARIA,27166369113,0,MOVER A MASTER Y MARCAR DELETED
GEO_1786,85149,FCIA.SCHELIETTER  ADRIANA MARIA,27166369113,0,94187,FCIA.SCHELIETTER  ADRIANA MARIA,27166369113,0,MOVER A MASTER Y MARCAR DELETED
GEO_1787,85149,FCIA.SCHELIETTER  ADRIANA MARIA,27166369113,0,94187,FCIA.SCHELIETTER  ADRIANA MARIA,27166369113,0,MOVER A MASTER Y MARCAR DELETED
GEO_1788,90612,HALLER CERRITO,20234651502,0,99653,HALLER CERRITO,20234651502,0,MOVER A MASTER Y MARCAR DELETED
GEO_1789,85161,FCIA.DI SIMONECLAUDIA  CLAUDIA,27166907336,0,94199,"FCIA.DI SIMONE,CLAUDIA  CLAUDIA",27166907336,0,MOVER A MASTER Y MARCAR DELETED
GEO_1790,2520,TILBE RUBEN OSCAR  (Almacen/Despensa_C),20-16804350-4,0,7617,TILBE RUBEN OSCAR  (Almacen/Despensa_B),20-16804350-4,0,MOVER A MASTER Y MARCAR DELETED
GEO_1791,2200,ASFURA ADRIAN  (Almacen/Despensa_B),20-26376002-7,0,7043,ASFURA ADRIAN  (Almacen/Despensa_B),20-26376002-7,0,MOVER A MASTER Y MARCAR DELETED
GEO_1792,2168,CIRULLI JOSE MARIA (Kiosco/Maxikiosco_B),20-20215608-9,0,6765,CIRULLI JOSE MARIA (Kiosco/Maxikiosco_B),20-20215608-9,0,MOVER A MASTER Y MARCAR DELETED
GEO_1793,2548,ROJAS GNC  SRL (Estacion de Servicio - NO OFICIALES_C),30-66562887-2,0,7744,ROJAS GNC  SRL (Estacion de Servicio - NO OFICIALES_C),30-66562887-2,0,MOVER A MASTER Y MARCAR DELETED
GEO_1794,2250,MA JICHUN (Almacen/Despensa_P),20-93535310-7,0,7427,MA JICHUN (Almacen/Despensa_P),20-93535310-7,0,MOVER A MASTER Y MARCAR DELETED
GEO_1795,4845,BERDINELLI MARCELA CLAUDIA (Kiosco/Maxikiosco_B),27-18479363-1,0,9776,BERDINELLI MARCELA CLAUDIA (Kiosco/Maxikiosco_B),27-18479363-1,0,MOVER A MASTER Y MARCAR DELETED
GEO_1796,2992,ALEJANDRO OSCAR MARINUCCI TITO MORALES (Kiosco/Maxikiosco_A),20-29876240-5,0,8187,ALEJANDRO OSCAR MARINUCCI TITO MORALES (Kiosco/Maxikiosco_A),20-29876240-5,0,MOVER A MASTER Y MARCAR DELETED
GEO_1797,3117,NAVERIÑO MIRTA (Almacen/Despensa_C),27-14995476-2,0,8490,NAVERIÑO MIRTA (Almacen/Despensa_C),27-14995476-2,0,MOVER A MASTER Y MARCAR DELETED
GEO_1798,85158,NORMA E.FERRANDO  FERRANDO,27166735918,0,94196,NORMA E.FERRANDO  FERRANDO,27166735918,0,MOVER A MASTER Y MARCAR DELETED
GEO_1799,90614,SOLIDARIDAD,27248836496,0,99655,SOLIDARIDAD,27248836496,0,MOVER A MASTER Y MARCAR DELETED
GEO_1800,85156,1734       FRONTINO DANIELLA (SJ),27166550853,0,94194,"1734       FRONTINO, DANIELLA (SJ)",27166550853,0,MOVER A MASTER Y MARCAR DELETED
GEO_1801,85159,ROXANA VALENTINI,27166831925,0,94197,ROXANA VALENTINI,27166831925,0,MOVER A MASTER Y MARCAR DELETED
GEO_1802,85162,FCIA.MONTERO SANDRA  SANDRA,27166908014,0,94200,FCIA.MONTERO SANDRA  SANDRA,27166908014,0,MOVER A MASTER Y MARCAR DELETED
GEO_1803,85162,FCIA.MONTERO SANDRA  SANDRA,27166908014,0,94200,FCIA.MONTERO SANDRA  SANDRA,27166908014,0,MOVER A MASTER Y MARCAR DELETED
GEO_1804,2838,MARCONI OMAR NELDO (Almacen/Despensa_A),20-17307396-9,0,7819,MARCONI OMAR NELDO (Almacen/Despensa_A),20-17307396-9,0,MOVER A MASTER Y MARCAR DELETED
GEO_1805,85183,GIALLEONARDO GABRIELA  FARMACIA GABRIELA,27168144917,0,94221,GIALLEONARDO GABRIELA  FARMACIA GABRIELA,27168144917,0,MOVER A MASTER Y MARCAR DELETED
GEO_1806,85166,DE ROSE,27167274981,0,94204,DE ROSE,27167274981,0,MOVER A MASTER Y MARCAR DELETED
GEO_1807,85174,FCIA.CLADERA CLAUDIA M.,27167702908,0,94212,FCIA.CLADERA CLAUDIA M.,27167702908,0,MOVER A MASTER Y MARCAR DELETED
GEO_1808,85184,FCIA.BONICCHI.ALICIA.B,27168182533,0,94222,FCIA.BONICCHI.ALICIA.B,27168182533,0,MOVER A MASTER Y MARCAR DELETED
GEO_1809,90619,FARMACIA IOSFA PARANA,30714292141,0,99660,FARMACIA IOSFA PARANA,30714292141,0,MOVER A MASTER Y MARCAR DELETED
GEO_1810,90619,FARMACIA IOSFA PARANA,30714292141,0,99660,FARMACIA IOSFA PARANA,30714292141,0,MOVER A MASTER Y MARCAR DELETED
GEO_1811,90619,FARMACIA IOSFA PARANA,30714292141,0,99660,FARMACIA IOSFA PARANA,30714292141,0,MOVER A MASTER Y MARCAR DELETED
GEO_1812,90563,MARIANI  MARTA,33716211709,0,99604,MARIANI  MARTA,33716211709,0,MOVER A MASTER Y MARCAR DELETED
GEO_1813,90563,MARIANI  MARTA,33716211709,0,99604,MARIANI  MARTA,33716211709,0,MOVER A MASTER Y MARCAR DELETED
GEO_1814,85203,LA PLAZA (SARSUR)  LUCIANO,27169044436,0,94241,LA PLAZA (SARSUR)  LUCIANO,27169044436,0,MOVER A MASTER Y MARCAR DELETED
GEO_1815,85206,FARMACIA NUEVA DEL BARRIO,27169083415,0,94244,FARMACIA NUEVA DEL BARRIO,27169083415,0,MOVER A MASTER Y MARCAR DELETED
GEO_1816,85215,BECKER KAPLAN  LILIANA,27169478967,0,94253,BECKER KAPLAN  LILIANA,27169478967,0,MOVER A MASTER Y MARCAR DELETED
GEO_1817,85220,CARUSO PATRICIA  PATRICIA FACUNDO,27169854918,0,94258,CARUSO PATRICIA  PATRICIA FACUNDO,27169854918,0,MOVER A MASTER Y MARCAR DELETED
GEO_1818,85227,NAITO DE LOPEZ BARRO MERCEDES G. (ART. 57- LEY 228,27170080349,0,94265,NAITO DE LOPEZ BARRO MERCEDES G. (ART. 57- LEY 228,27170080349,0,MOVER A MASTER Y MARCAR DELETED
GEO_1819,85216,2426 DAFFUNCHIO MONICA ROSARIO  FARMACIA GODOY CRUZ,27169635973,0,94254,"2426 DAFFUNCHIO, MONICA ROSARIO  FARMACIA GODOY CRUZ",27169635973,0,MOVER A MASTER Y MARCAR DELETED
GEO_1820,913,PATAGONIA DRUGSTORE III (Kiosco/Maxikiosco_P),20-26546855-2,0,5808,PATAGONIA DRUGSTORE III (Kiosco/Maxikiosco_P),20-26546855-2,0,MOVER A MASTER Y MARCAR DELETED
GEO_1820,913,PATAGONIA DRUGSTORE III (Kiosco/Maxikiosco_P),20-26546855-2,0,102489,PATAGONIA DRUGSTORE III (Kiosco/Maxikiosco_P),20-26546855-2,0,MOVER A MASTER Y MARCAR DELETED
GEO_1821,85251,JULIANA  VERONICA,27170894753,0,94289,JULIANA  VERONICA,27170894753,0,MOVER A MASTER Y MARCAR DELETED
GEO_1822,2307,TIO WINI (Kiosco/Maxikiosco_B),27-42045161-5,0,7334,TIO WINI (Kiosco/Maxikiosco_B),27-42045161-5,0,MOVER A MASTER Y MARCAR DELETED
GEO_1823,85255,GRILLI LAURA GENOVEVA,27170938378,0,94293,GRILLI LAURA GENOVEVA,27170938378,0,MOVER A MASTER Y MARCAR DELETED
GEO_1824,85257,SCHERGAT PATRICIA B. PERFUMERIA  DANIELA,27170946958,1,94295,SCHERGAT PATRICIA B. PERFUMERIA  DANIELA,27170946958,0,MOVER A MASTER Y MARCAR DELETED
GEO_1825,85256,CECCARELLI BIBIANA BEATRIZ  JAVIER,27170944122,0,94294,CECCARELLI BIBIANA BEATRIZ  JAVIER,27170944122,0,MOVER A MASTER Y MARCAR DELETED
GEO_1826,85235,NATAL - CIUDAD  ATENOR ENOA LILIANA,27170419362,0,94273,NATAL - CIUDAD  ATENOR ENOA LILIANA,27170419362,0,MOVER A MASTER Y MARCAR DELETED
GEO_1827,85241,CECCON,27170557994,0,94279,CECCON,27170557994,0,MOVER A MASTER Y MARCAR DELETED
GEO_1828,85249,FCIA.MENGUCCI FLAVIA,27170794864,0,94287,FCIA.MENGUCCI FLAVIA,27170794864,0,MOVER A MASTER Y MARCAR DELETED
GEO_1829,85253,LANFRANCO,27170894753,0,94291,LANFRANCO,27170894753,0,MOVER A MASTER Y MARCAR DELETED
GEO_1830,85238,ITALIA DE L.B.DE TORRIS  GUSTAVO,27170521434,0,94276,ITALIA DE L.B.DE TORRIS  GUSTAVO,27170521434,0,MOVER A MASTER Y MARCAR DELETED
GEO_1831,85333,ANA 3,27173249468,7,94371,ANA 3,27173249468,0,MOVER A MASTER Y MARCAR DELETED
GEO_1832,85278,CASALIS DE LENCINA  PATRICIA,27171697900,0,94316,CASALIS DE LENCINA  PATRICIA,27171697900,0,MOVER A MASTER Y MARCAR DELETED
GEO_1833,81716,MARIO J PALKIN  PALKIN,20042905535,0,90751,MARIO J PALKIN  PALKIN,20042905535,0,MOVER A MASTER Y MARCAR DELETED
GEO_1834,85283,AÑON,27171763644,0,94321,AÑON,27171763644,0,MOVER A MASTER Y MARCAR DELETED
GEO_1835,85297,SUTKOWSKI MIRIAM  FARMACIA SUTKOWSKI,27172347067,0,94335,SUTKOWSKI MIRIAM  FARMACIA SUTKOWSKI,27172347067,0,MOVER A MASTER Y MARCAR DELETED
GEO_1836,85289,ALBERDI  FARMACIA ALBERDY,27171945629,0,94327,ALBERDI  FARMACIA ALBERDY,27171945629,0,MOVER A MASTER Y MARCAR DELETED
GEO_1837,85309,PASSAPONTI,27172662965,0,94347,PASSAPONTI,27172662965,0,MOVER A MASTER Y MARCAR DELETED
GEO_1838,85309,PASSAPONTI,27172662965,0,94347,PASSAPONTI,27172662965,0,MOVER A MASTER Y MARCAR DELETED
GEO_1839,85332,FCIA.DE LUCA CLAUDIA,27173241726,0,94370,"FCIA.DE LUCA, CLAUDIA",27173241726,0,MOVER A MASTER Y MARCAR DELETED
GEO_1839,85332,FCIA.DE LUCA CLAUDIA,27173241726,0,101720,Farmacia De Luca,27-17324172-6,2,MOVER A MASTER Y MARCAR DELETED
GEO_1840,81722,FARMACIA ROSMARI,20045939074,0,90757,FARMACIA ROSMARI,20045939074,0,MOVER A MASTER Y MARCAR DELETED
GEO_1841,2362,ROJAS MARIA MILAGROS (Almacen/Despensa_B),27-41740771-0,0,7308,ROJAS MARIA MILAGROS (Almacen/Despensa_B),27-41740771-0,0,MOVER A MASTER Y MARCAR DELETED
GEO_1842,86926,DEL LEON DE RACERA MA EUGENIA  MARIA INEZ,27272301765,0,95963,DEL LEON DE RACERA MA EUGENIA  MARIA INEZ,27272301765,0,MOVER A MASTER Y MARCAR DELETED
GEO_1843,85345,ARAOZ PAPERA  ARAOZ MARIA CRISTINA,27173859487,0,94383,ARAOZ PAPERA  ARAOZ MARIA CRISTINA,27173859487,0,MOVER A MASTER Y MARCAR DELETED
GEO_1844,85368,FCIA.CALVAGNAMARISA A.  MARISOL CHOZA,27174621425,0,94406,"FCIA.CALVAGNA,MARISA A.  MARISOL CHOZA",27174621425,0,MOVER A MASTER Y MARCAR DELETED
GEO_1845,85380,FARMACIA LAS BOTICARIAS,27174986008,0,94418,FARMACIA LAS BOTICARIAS,27174986008,0,MOVER A MASTER Y MARCAR DELETED
GEO_1846,85380,FARMACIA LAS BOTICARIAS,27174986008,0,94418,FARMACIA LAS BOTICARIAS,27174986008,0,MOVER A MASTER Y MARCAR DELETED
GEO_1847,85728,MALIER DE MARIELA STEFANELLI  MATIAS,27201754335,0,94766,MALIER DE MARIELA STEFANELLI  MATIAS,27201754335,0,MOVER A MASTER Y MARCAR DELETED
GEO_1848,85444,FCIA.SERENELLI SILVINA  FARMACIA SERENELLI,27177582757,0,94482,FCIA.SERENELLI SILVINA  FARMACIA SERENELLI,27177582757,0,MOVER A MASTER Y MARCAR DELETED
GEO_1849,85408,FCIA.BARBAGALLOMARCELA  MARCELA,27175914507,0,94446,"FCIA.BARBAGALLO,MARCELA  MARCELA",27175914507,0,MOVER A MASTER Y MARCAR DELETED
GEO_1850,85414,PALIHUE- TUCUMAN  BUGEAU MARIA CONSTANZA,27176192254,0,94452,PALIHUE- TUCUMAN  BUGEAU MARIA CONSTANZA,27176192254,0,MOVER A MASTER Y MARCAR DELETED
GEO_1851,85414,PALIHUE- TUCUMAN  BUGEAU MARIA CONSTANZA,27176192254,0,94452,PALIHUE- TUCUMAN  BUGEAU MARIA CONSTANZA,27176192254,0,MOVER A MASTER Y MARCAR DELETED
GEO_1852,85462,MARIA C.ARANDA  ARANDA,27178127328,0,94500,MARIA C.ARANDA  ARANDA,27178127328,0,MOVER A MASTER Y MARCAR DELETED
GEO_1853,85406,MIGUEL  MIGUEL,27175861497,0,94444,MIGUEL  MIGUEL,27175861497,0,MOVER A MASTER Y MARCAR DELETED
GEO_1854,85440,FARMACENTER DE ECHENIQUE S.  SANDRA ECHENIQUE,27177440669,8,94478,FARMACENTER DE ECHENIQUE S.  SANDRA ECHENIQUE,27177440669,0,MOVER A MASTER Y MARCAR DELETED
GEO_1855,85526,VILLARI,27180391288,0,94564,VILLARI,27180391288,0,MOVER A MASTER Y MARCAR DELETED
GEO_1856,89219,LA GIOVO,30710856318,0,98260,LA GIOVO,30710856318,0,MOVER A MASTER Y MARCAR DELETED
GEO_1857,85497,478 SERRANO DE FAVARO SANDRA E.,27179467890,0,94535,"478 SERRANO DE FAVARO, SANDRA E.",27179467890,0,MOVER A MASTER Y MARCAR DELETED
GEO_1858,85518,VIVIANA PEREZ  VIVIANA,27180165652,0,94556,VIVIANA PEREZ  VIVIANA,27180165652,0,MOVER A MASTER Y MARCAR DELETED
GEO_1859,85525,SAN ANTONIO,27180372577,0,94563,SAN ANTONIO,27180372577,0,MOVER A MASTER Y MARCAR DELETED
GEO_1860,88599,ASOCIACION MUTUAL VERDE,30700195356,0,97639,ASOCIACION MUTUAL VERDE,30700195356,0,MOVER A MASTER Y MARCAR DELETED
GEO_1861,87692,YAZMIN XIMENA ELIAS,27402687733,4,96729,YAZMIN XIMENA ELIAS,27402687733,0,MOVER A MASTER Y MARCAR DELETED
GEO_1862,87692,YAZMIN XIMENA ELIAS,27402687733,4,96729,YAZMIN XIMENA ELIAS,27402687733,0,MOVER A MASTER Y MARCAR DELETED
GEO_1863,85585,MEOLI NORA  FARMACIA MEOLI,27183604053,0,94623,MEOLI NORA  FARMACIA MEOLI,27183604053,0,MOVER A MASTER Y MARCAR DELETED
GEO_1864,85574,DEL BARRIO DE SANSEVICH ANALIA  FARMACIA DEL BARRIO,27182710674,9,94612,DEL BARRIO DE SANSEVICH ANALIA  FARMACIA DEL BARRIO,27182710674,0,MOVER A MASTER Y MARCAR DELETED
GEO_1865,85611,WADAD - SALTA,27184294929,0,94649,WADAD - SALTA,27184294929,0,MOVER A MASTER Y MARCAR DELETED
GEO_1866,85611,WADAD - SALTA,27184294929,0,94649,WADAD - SALTA,27184294929,0,MOVER A MASTER Y MARCAR DELETED
GEO_1867,85611,WADAD - SALTA,27184294929,0,94649,WADAD - SALTA,27184294929,0,MOVER A MASTER Y MARCAR DELETED
GEO_1868,85591,ANALIA IGLESIAS  ANALIA,27183857091,0,94629,ANALIA IGLESIAS  ANALIA,27183857091,0,MOVER A MASTER Y MARCAR DELETED
GEO_1869,85593,MONTEAGUDO,27184048065,0,94631,MONTEAGUDO,27184048065,0,MOVER A MASTER Y MARCAR DELETED
GEO_1870,85595,CORES,27184123458,0,94633,CORES,27184123458,0,MOVER A MASTER Y MARCAR DELETED
GEO_1871,85597,CINALLI CLAUDIA CARINA  FARMACIA CINALLI,27184174583,0,94635,CINALLI CLAUDIA CARINA  FARMACIA CINALLI,27184174583,0,MOVER A MASTER Y MARCAR DELETED
GEO_1872,85620,INGER FABIANA  FABIANA,27184527656,0,94658,INGER FABIANA  FABIANA,27184527656,0,MOVER A MASTER Y MARCAR DELETED
GEO_1873,85631,PICCO MELNIK,27184875301,0,94669,PICCO MELNIK,27184875301,0,MOVER A MASTER Y MARCAR DELETED
GEO_1874,85610,SEGURA CARINA  CARINA,27184288961,0,94648,SEGURA CARINA  CARINA,27184288961,0,MOVER A MASTER Y MARCAR DELETED
GEO_1875,836,ALMACEN LA GUARDIA (Kiosco/Maxikiosco_B),27-40172411-2,0,6001,ALMACEN LA GUARDIA (Kiosco/Maxikiosco_B),27-40172411-2,0,MOVER A MASTER Y MARCAR DELETED
GEO_1875,836,ALMACEN LA GUARDIA (Kiosco/Maxikiosco_B),27-40172411-2,0,102407,ALMACEN LA GUARDIA (Kiosco/Maxikiosco_B),27-40172411-2,0,MOVER A MASTER Y MARCAR DELETED
GEO_1876,85655,FCIA.MEROIMARIA VERONICA  FARMACIA DEL PUERTO,27185652071,0,94693,"FCIA.MEROI,MARIA VERONICA  FARMACIA DEL PUERTO",27185652071,0,MOVER A MASTER Y MARCAR DELETED
GEO_1877,90021,2188 CASTILLO ROBERTO DEL  FARMACIA GIL 1,30716523329,0,99062,"2188 CASTILLO, ROBERTO DEL  FARMACIA GIL 1",30716523329,0,MOVER A MASTER Y MARCAR DELETED
GEO_1878,89130,323 DIF S.R.L.  FCIA. DEL CARRIL,30709942219,0,98171,323 DIF S.R.L.  FCIA. DEL CARRIL,30709942219,0,MOVER A MASTER Y MARCAR DELETED
GEO_1879,85640,CECILIA S.A.PEREIRA,27184992170,0,94678,CECILIA S.A.PEREIRA,27184992170,0,MOVER A MASTER Y MARCAR DELETED
GEO_1880,85644,SCHROPP MA GABRIELA  FARMACIA SCHROPP,27185155809,0,94682,SCHROPP MA GABRIELA  FARMACIA SCHROPP,27185155809,0,MOVER A MASTER Y MARCAR DELETED
GEO_1881,85664,SANTIAGO,27185885513,0,94702,SANTIAGO,27185885513,0,MOVER A MASTER Y MARCAR DELETED
GEO_1882,89135,CALDARELLI,30709957933,0,98176,CALDARELLI,30709957933,0,MOVER A MASTER Y MARCAR DELETED
GEO_1883,89128,DEL BARRIO,30709938467,0,98169,DEL BARRIO,30709938467,0,MOVER A MASTER Y MARCAR DELETED
GEO_1884,1423,EL EXPRESSO (Kiosco/Maxikiosco_A),20168590459,0,6373,EL EXPRESSO (Kiosco/Maxikiosco_A),20168590459,0,MOVER A MASTER Y MARCAR DELETED
GEO_1884,1423,EL EXPRESSO (Kiosco/Maxikiosco_A),20168590459,0,103042,EL EXPRESSO (Kiosco/Maxikiosco_A),20168590459,0,MOVER A MASTER Y MARCAR DELETED
GEO_1885,89136,CHITI,30709964891,0,98177,CHITI,30709964891,0,MOVER A MASTER Y MARCAR DELETED
GEO_1886,85703,FARMACIA ROCIO  FABIANA,27201186205,0,94741,FARMACIA ROCIO  FABIANA,27201186205,0,MOVER A MASTER Y MARCAR DELETED
GEO_1887,85681,ANDREA CASCON  ANDREA,27200220191,0,94719,ANDREA CASCON  ANDREA,27200220191,0,MOVER A MASTER Y MARCAR DELETED
GEO_1888,89137,MAROB,30709971421,0,98178,MAROB,30709971421,0,MOVER A MASTER Y MARCAR DELETED
GEO_1889,85702,2456       ANGELELLI LILIANA FANNY  FCIA. AZCUENAGA LUJAN,27201132717,0,94740,"2456       ANGELELLI, LILIANA FANNY  FCIA. AZCUENAGA LUJAN",27201132717,0,MOVER A MASTER Y MARCAR DELETED
GEO_1890,85670,SANTIVAÑEZ MONICA,27186680419,0,94708,SANTIVAÑEZ MONICA,27186680419,0,MOVER A MASTER Y MARCAR DELETED
GEO_1891,85721,MASSONI FABIANA  FARMACIA MASSONI,27201678175,0,94759,MASSONI FABIANA  FARMACIA MASSONI,27201678175,0,MOVER A MASTER Y MARCAR DELETED
GEO_1892,1639,J Y R (Almacen/Despensa_C),27259484710,0,6543,J Y R (Almacen/Despensa_C),27259484710,0,MOVER A MASTER Y MARCAR DELETED
GEO_1892,1639,J Y R (Almacen/Despensa_C),27259484710,0,103298,J Y R (Almacen/Despensa_C),27259484710,0,MOVER A MASTER Y MARCAR DELETED
GEO_1893,1436,NATURAL PUELO S.A.S. (Resto de Tradicionales_C),30718182944,0,6272,NATURAL PUELO S.A.S. (Resto de Tradicionales_C),30718182944,0,MOVER A MASTER Y MARCAR DELETED
GEO_1893,1436,NATURAL PUELO S.A.S. (Resto de Tradicionales_C),30718182944,0,103031,NATURAL PUELO S.A.S. (Resto de Tradicionales_C),30718182944,0,MOVER A MASTER Y MARCAR DELETED
GEO_1894,682,USTARI (Resto de Tradicionales_C),20-20428826-8,0,5474,USTARI (Resto de Tradicionales_C),20-20428826-8,0,MOVER A MASTER Y MARCAR DELETED
GEO_1894,682,USTARI (Resto de Tradicionales_C),20-20428826-8,0,102252,USTARI (Resto de Tradicionales_C),20-20428826-8,0,MOVER A MASTER Y MARCAR DELETED
GEO_1895,682,USTARI (Resto de Tradicionales_C),20-20428826-8,0,5474,USTARI (Resto de Tradicionales_C),20-20428826-8,0,MOVER A MASTER Y MARCAR DELETED
GEO_1895,682,USTARI (Resto de Tradicionales_C),20-20428826-8,0,102252,USTARI (Resto de Tradicionales_C),20-20428826-8,0,MOVER A MASTER Y MARCAR DELETED
GEO_1896,89154,3169       ALFREDO BARCELO E HIJOS SRL,30710233531,0,98195,3169       ALFREDO BARCELO E HIJOS SRL,30710233531,0,MOVER A MASTER Y MARCAR DELETED
GEO_1897,85711,VARELA CLAUDIA,27201426133,0,94749,VARELA CLAUDIA,27201426133,0,MOVER A MASTER Y MARCAR DELETED
GEO_1898,85711,VARELA CLAUDIA,27201426133,0,94749,VARELA CLAUDIA,27201426133,0,MOVER A MASTER Y MARCAR DELETED
GEO_1899,85734,DA VINCI,27201865102,0,94772,DA VINCI,27201865102,0,MOVER A MASTER Y MARCAR DELETED
GEO_1900,85735,SAN JOSE OBRERO,27202009188,0,94773,SAN JOSE OBRERO,27202009188,0,MOVER A MASTER Y MARCAR DELETED
GEO_1901,85751,GALIGANI FABIANA L  MARISA,27202696177,0,94789,GALIGANI FABIANA L  MARISA,27202696177,0,MOVER A MASTER Y MARCAR DELETED
GEO_1902,85729,FARMASHOP ABRIATA  ABRIATA,27201756311,23,94767,FARMASHOP ABRIATA  ABRIATA,27201756311,0,MOVER A MASTER Y MARCAR DELETED
GEO_1903,85754,SIGLO XXI  CAROL ANDREA,27202850184,0,94792,SIGLO XXI  CAROL ANDREA,27202850184,0,MOVER A MASTER Y MARCAR DELETED
GEO_1904,85740,CERVANTES-CIUDAD  CERVANTES FATIMA SUSANA,27202224887,0,94778,CERVANTES-CIUDAD  CERVANTES FATIMA SUSANA,27202224887,0,MOVER A MASTER Y MARCAR DELETED
GEO_1905,889,CARNICERIA LA ESTANCIA (Carniceria/Granja_B),20-21518254-2,0,5773,CARNICERIA LA ESTANCIA (Carniceria/Granja_B),20-21518254-2,0,MOVER A MASTER Y MARCAR DELETED
GEO_1905,889,CARNICERIA LA ESTANCIA (Carniceria/Granja_B),20-21518254-2,0,102515,CARNICERIA LA ESTANCIA (Carniceria/Granja_B),20-21518254-2,0,MOVER A MASTER Y MARCAR DELETED
GEO_1906,348,DESPENSA TRES CERROS (Almacen/Despensa_B),27-20122483-2,0,5732,DESPENSA TRES CERROS (Almacen/Despensa_B),27-20122483-2,0,MOVER A MASTER Y MARCAR DELETED
GEO_1906,348,DESPENSA TRES CERROS (Almacen/Despensa_B),27-20122483-2,0,101979,DESPENSA TRES CERROS (Almacen/Despensa_B),27-20122483-2,0,MOVER A MASTER Y MARCAR DELETED
GEO_1907,85788,MAKIYA,27203660605,0,94826,MAKIYA,27203660605,0,MOVER A MASTER Y MARCAR DELETED
GEO_1908,85788,MAKIYA,27203660605,0,94826,MAKIYA,27203660605,0,MOVER A MASTER Y MARCAR DELETED
GEO_1909,85778,CUADRA,27203491870,0,94816,CUADRA,27203491870,0,MOVER A MASTER Y MARCAR DELETED
GEO_1910,85779,FCIA.GUGLIOTTA  SILVINA,27203541339,0,94817,FCIA.GUGLIOTTA  SILVINA,27203541339,0,MOVER A MASTER Y MARCAR DELETED
GEO_1911,85786,PEREZ BERAZATEGUI,27203648893,0,94824,PEREZ BERAZATEGUI,27203648893,0,MOVER A MASTER Y MARCAR DELETED
GEO_1912,85480,NTRA SRA DE LA CONSOLAC.,27178938059,0,94518,NTRA SRA DE LA CONSOLAC.,27178938059,0,MOVER A MASTER Y MARCAR DELETED
GEO_1913,85781,PEREZ CINTIA ANDREA  CINTIA,27203546470,0,94819,PEREZ CINTIA ANDREA  CINTIA,27203546470,0,MOVER A MASTER Y MARCAR DELETED
GEO_1914,85838,SAN NICOLAS,27205563348,0,94876,SAN NICOLAS,27205563348,0,MOVER A MASTER Y MARCAR DELETED
GEO_1915,85841,FCIA.GOBBOROXANA  FARMACIA GOBBO,27205907195,0,94879,"FCIA.GOBBO,ROXANA  FARMACIA GOBBO",27205907195,0,MOVER A MASTER Y MARCAR DELETED
GEO_1916,85814,PARDO RUT ALEJANDRA,27204550625,0,94852,PARDO RUT ALEJANDRA,27204550625,0,MOVER A MASTER Y MARCAR DELETED
GEO_1917,85826,GONZALEZ,27204990803,0,94864,GONZALEZ,27204990803,0,MOVER A MASTER Y MARCAR DELETED
GEO_1918,82020,FARMACIA FLORES,20128491121,0,91056,FARMACIA FLORES,20128491121,0,MOVER A MASTER Y MARCAR DELETED
GEO_1919,85834,GALLEGUILLO  ROBERTO,27205431042,0,94872,GALLEGUILLO  ROBERTO,27205431042,0,MOVER A MASTER Y MARCAR DELETED
GEO_1920,85839,LAMBAS ERICA FABIANA  ERICA,27205797136,0,94877,LAMBAS ERICA FABIANA  ERICA,27205797136,0,MOVER A MASTER Y MARCAR DELETED
GEO_1921,85824,DELFINA SANDRA ALICIA,27204817761,0,94862,DELFINA SANDRA ALICIA,27204817761,0,MOVER A MASTER Y MARCAR DELETED
GEO_1922,85837,FCIA.KENNEDY(LARRETEGUY M  DANIEL,27205500419,0,94875,FCIA.KENNEDY(LARRETEGUY M  DANIEL,27205500419,0,MOVER A MASTER Y MARCAR DELETED
GEO_1923,89164,MERVILLE,30710342314,0,98205,MERVILLE,30710342314,0,MOVER A MASTER Y MARCAR DELETED
GEO_1924,89168,MINOTTI,30710361386,0,98209,MINOTTI,30710361386,0,MOVER A MASTER Y MARCAR DELETED
GEO_1925,85881,FARMACIA GASSI  MAXIMINO GRASSI,27206994598,0,94919,FARMACIA GASSI  MAXIMINO GRASSI,27206994598,0,MOVER A MASTER Y MARCAR DELETED
GEO_1926,85897,SPARHS LILIAN,27207282966,0,94935,CANCINO  LAURA,27207282966,0,MOVER A MASTER Y MARCAR DELETED
GEO_1927,85853,ACASSUSO-Y.BUENA,27206413722,0,94891,ACASSUSO-Y.BUENA,27206413722,0,MOVER A MASTER Y MARCAR DELETED
GEO_1928,84490,FCIA.STA.RITA  HOLA CASTAñO,27116250360,0,93527,FCIA.STA.RITA  HOLA CASTAñO,27116250360,0,MOVER A MASTER Y MARCAR DELETED
GEO_1929,85865,FELDMAN,27206664199,0,94903,FELDMAN,27206664199,0,MOVER A MASTER Y MARCAR DELETED
GEO_1930,90618,DROG.BIOMED S.A,30707967052,0,99659,DROG.BIOMED S.A,30707967052,0,MOVER A MASTER Y MARCAR DELETED
GEO_1931,114,Sucursal 12,0,0,117,Sucursal 1,0,0,MOVER A MASTER Y MARCAR DELETED
GEO_1931,114,Sucursal 12,0,0,121,punto de ,0,0,MOVER A MASTER Y MARCAR DELETED
GEO_1932,89169,BOGGIANO,30710364997,0,98210,BOGGIANO,30710364997,0,MOVER A MASTER Y MARCAR DELETED
GEO_1933,85875,LUMANI CLAUDIA  CLAUDIA,27206865402,0,94913,LUMANI CLAUDIA  CLAUDIA,27206865402,0,MOVER A MASTER Y MARCAR DELETED
GEO_1934,85895,YACOMOZZI MIRTA  SILVIO,27207240082,0,94933,YACOMOZZI MIRTA  SILVIO,27207240082,0,MOVER A MASTER Y MARCAR DELETED
GEO_1935,85891,FCIA.FAGGI II  FARMACIA FAGHI,27207051069,0,94929,FCIA.FAGGI II  FARMACIA FAGHI,27207051069,0,MOVER A MASTER Y MARCAR DELETED
GEO_1936,89175,SEPIA,30710464940,0,98216,SEPIA,30710464940,0,MOVER A MASTER Y MARCAR DELETED
GEO_1937,85902,FCIA.ORIOLI MARIANA (AGUILAR S.)  RAUL,27207748930,1,94940,FCIA.ORIOLI MARIANA (AGUILAR S.)  RAUL,27207748930,0,MOVER A MASTER Y MARCAR DELETED
GEO_1938,1838,MANTEGNA CAROLINA SOLEDAD (Almacen/Despensa_A),27-29597977-7,0,6772,MANTEGNA CAROLINA SOLEDAD (Almacen/Despensa_A),27-29597977-7,0,MOVER A MASTER Y MARCAR DELETED
GEO_1939,84699,BARRAGUE STELLA MARIS,27129917100,0,93737,BARRAGUE STELLA MARIS,27129917100,0,MOVER A MASTER Y MARCAR DELETED
GEO_1940,85907,BARRERA FERRER  PARRICIA,27207860234,0,94945,BARRERA FERRER  PARRICIA,27207860234,0,MOVER A MASTER Y MARCAR DELETED
GEO_1941,85899,LAS 2 NIÑAS,27207600151,0,94937,LAS 2 NIÑAS,27207600151,0,MOVER A MASTER Y MARCAR DELETED
GEO_1942,85899,LAS 2 NIÑAS,27207600151,0,94937,LAS 2 NIÑAS,27207600151,0,MOVER A MASTER Y MARCAR DELETED
GEO_1943,89262,DEL PARQUE DE GALLETTO M. - GABINO D.,30711113394,0,98303,DEL PARQUE DE GALLETTO M. - GABINO D.,30711113394,0,MOVER A MASTER Y MARCAR DELETED
GEO_1944,89177,POR LA VIDA,30710483813,0,98218,POR LA VIDA,30710483813,0,MOVER A MASTER Y MARCAR DELETED
GEO_1945,85940,CENTRAL,27209071288,0,94978,CENTRAL,27209071288,0,MOVER A MASTER Y MARCAR DELETED
GEO_1946,85940,CENTRAL,27209071288,0,94978,CENTRAL,27209071288,0,MOVER A MASTER Y MARCAR DELETED
GEO_1947,84788,WAGNER MONICA ESTER,27135768737,0,93826,WAGNER MONICA ESTER,27135768737,0,MOVER A MASTER Y MARCAR DELETED
GEO_1948,85943,EMBON DEL ALTO SHOPPING,27209232303,6,94981,EMBON DEL ALTO SHOPPING,27209232303,0,MOVER A MASTER Y MARCAR DELETED
GEO_1949,85929,PIZARRO CAROLINA  PIZARRO CAROLINA,27208538883,0,94967,PIZARRO CAROLINA  PIZARRO CAROLINA,27208538883,0,MOVER A MASTER Y MARCAR DELETED
GEO_1950,89180,AQUA PHARM,30710524420,0,98221,AQUA PHARM,30710524420,0,MOVER A MASTER Y MARCAR DELETED
GEO_1951,89181,SAGITARIO II - TUCUMAN,30710531400,0,98222,SAGITARIO II - TUCUMAN,30710531400,0,MOVER A MASTER Y MARCAR DELETED
GEO_1952,85948,DOMINGUEZ ANA MARIA  ANA,27209375414,0,94986,DOMINGUEZ ANA MARIA  ANA,27209375414,0,MOVER A MASTER Y MARCAR DELETED
GEO_1953,89182,QUIRON,30710531400,0,98223,QUIRON,30710531400,0,MOVER A MASTER Y MARCAR DELETED
GEO_1954,201,SUPER GRUPO 2000 (Autoservicio Tradicional_P),30-71726235-9,0,5618,SUPER GRUPO 2000 (Autoservicio Tradicional_P),30-71726235-9,0,MOVER A MASTER Y MARCAR DELETED
GEO_1954,201,SUPER GRUPO 2000 (Autoservicio Tradicional_P),30-71726235-9,0,101865,SUPER GRUPO 2000 (Autoservicio Tradicional_P),30-71726235-9,0,MOVER A MASTER Y MARCAR DELETED
GEO_1955,201,SUPER GRUPO 2000 (Autoservicio Tradicional_P),30-71726235-9,0,5618,SUPER GRUPO 2000 (Autoservicio Tradicional_P),30-71726235-9,0,MOVER A MASTER Y MARCAR DELETED
GEO_1955,201,SUPER GRUPO 2000 (Autoservicio Tradicional_P),30-71726235-9,0,101865,SUPER GRUPO 2000 (Autoservicio Tradicional_P),30-71726235-9,0,MOVER A MASTER Y MARCAR DELETED
GEO_1956,883,EL PROGRESO (Almacen/Despensa_B),20-16872214-2,0,5779,EL PROGRESO (Almacen/Despensa_B),20-16872214-2,0,MOVER A MASTER Y MARCAR DELETED
GEO_1956,883,EL PROGRESO (Almacen/Despensa_B),20-16872214-2,0,102521,EL PROGRESO (Almacen/Despensa_B),20-16872214-2,0,MOVER A MASTER Y MARCAR DELETED
GEO_1957,924,PUNTO 2 (Kiosco/Maxikiosco_A),33714991219,0,5821,PUNTO 2 (Kiosco/Maxikiosco_A),33714991219,0,MOVER A MASTER Y MARCAR DELETED
GEO_1957,924,PUNTO 2 (Kiosco/Maxikiosco_A),33714991219,0,102482,PUNTO 2 (Kiosco/Maxikiosco_A),33714991219,0,MOVER A MASTER Y MARCAR DELETED
GEO_1958,85949,CLAVE MARTA ALEJANDRA,27209380809,0,94987,CLAVE MARTA ALEJANDRA,27209380809,0,MOVER A MASTER Y MARCAR DELETED
GEO_1959,85971,MILAGROS  CRISTINA,27211030149,0,95009,MILAGROS  CRISTINA,27211030149,0,MOVER A MASTER Y MARCAR DELETED
GEO_1960,85976,SAGRADA FAMILIA,27213139210,0,95014,SAGRADA FAMILIA,27213139210,0,MOVER A MASTER Y MARCAR DELETED
GEO_1961,1742,PUNTO DINA (Almacen/Despensa_C),20323208922,0,6975,PUNTO DINA (Almacen/Despensa_C),20323208922,0,MOVER A MASTER Y MARCAR DELETED
GEO_1961,1742,PUNTO DINA (Almacen/Despensa_C),20323208922,0,103343,PUNTO DINA (Almacen/Despensa_C),20323208922,0,MOVER A MASTER Y MARCAR DELETED
GEO_1962,85002,BIOSALUD  CRISTINA  ZOLOAGA,27149691834,0,94040,BIOSALUD  CRISTINA  ZOLOAGA,27149691834,0,MOVER A MASTER Y MARCAR DELETED
GEO_1963,1071,SABORES DISTRIBUIDORA (Almacen/Despensa_B),30-71707578-8,0,6175,SABORES DISTRIBUIDORA (Almacen/Despensa_B),30-71707578-8,0,MOVER A MASTER Y MARCAR DELETED
GEO_1963,1071,SABORES DISTRIBUIDORA (Almacen/Despensa_B),30-71707578-8,0,102641,SABORES DISTRIBUIDORA (Almacen/Despensa_B),30-71707578-8,0,MOVER A MASTER Y MARCAR DELETED
GEO_1964,1071,SABORES DISTRIBUIDORA (Almacen/Despensa_B),30-71707578-8,0,6175,SABORES DISTRIBUIDORA (Almacen/Despensa_B),30-71707578-8,0,MOVER A MASTER Y MARCAR DELETED
GEO_1964,1071,SABORES DISTRIBUIDORA (Almacen/Despensa_B),30-71707578-8,0,102641,SABORES DISTRIBUIDORA (Almacen/Despensa_B),30-71707578-8,0,MOVER A MASTER Y MARCAR DELETED
GEO_1965,88364,GERONIMO FARMACEUTICA S.C.S.,30681343853,0,151,BAUZA ROIG,30-68134385-3,61,MOVER A MASTER Y MARCAR DELETED
GEO_1965,88364,GERONIMO FARMACEUTICA S.C.S.,30681343853,0,97403,GERONIMO FARMACEUTICA S.C.S.,30681343853,0,MOVER A MASTER Y MARCAR DELETED
GEO_1966,101312,PERFUMERIA ETC,20-41757901-0,7,101068,PERFUMERIA ETC,20-41757901-0,0,MOVER A MASTER Y MARCAR DELETED
GEO_1966,101312,PERFUMERIA ETC,20-41757901-0,7,101083,PERFUMERIA ETC,20-41757901-0,0,MOVER A MASTER Y MARCAR DELETED
GEO_1966,101312,PERFUMERIA ETC,20-41757901-0,7,101084,PERFUMERIA ETC,20-41757901-0,3,MOVER A MASTER Y MARCAR DELETED
GEO_1967,101312,PERFUMERIA ETC,20-41757901-0,7,101068,PERFUMERIA ETC,20-41757901-0,0,MOVER A MASTER Y MARCAR DELETED
GEO_1967,101312,PERFUMERIA ETC,20-41757901-0,7,101083,PERFUMERIA ETC,20-41757901-0,0,MOVER A MASTER Y MARCAR DELETED
GEO_1967,101312,PERFUMERIA ETC,20-41757901-0,7,101084,PERFUMERIA ETC,20-41757901-0,3,MOVER A MASTER Y MARCAR DELETED
GEO_1968,85992,SUQUIA II  NOEMI,27213912254,0,95030,SUQUIA II  NOEMI,27213912254,0,MOVER A MASTER Y MARCAR DELETED
GEO_1969,85993,ANGELES  MARISA,27213979243,0,95031,ANGELES  MARISA,27213979243,0,MOVER A MASTER Y MARCAR DELETED
GEO_1970,85271,PALAZZINI  SUSANA,27171562479,0,94309,PALAZZINI  SUSANA,27171562479,0,MOVER A MASTER Y MARCAR DELETED
GEO_1971,85305,FCIA.ALI ADRIANA MARIA I.  FARMACIA ALI,27172581248,0,94343,FCIA.ALI ADRIANA MARIA I.  FARMACIA ALI,27172581248,0,MOVER A MASTER Y MARCAR DELETED
GEO_1972,85320,CRUZ,27172904942,0,94358,CRUZ,27172904942,0,MOVER A MASTER Y MARCAR DELETED
GEO_1973,85981,LA ESQUINA,27213289425,0,95019,LA ESQUINA,27213289425,0,MOVER A MASTER Y MARCAR DELETED
GEO_1974,85981,LA ESQUINA,27213289425,0,95019,LA ESQUINA,27213289425,0,MOVER A MASTER Y MARCAR DELETED
GEO_1975,101061,Farmacia del Pueblo,23-23783182-9,0,101311,Farmacia del Pueblo,23-23783182-9,0,MOVER A MASTER Y MARCAR DELETED
GEO_1976,85290,ABREGU JESUS GABRIEL,27172021269,0,94328,ABREGU JESUS GABRIEL,27172021269,0,MOVER A MASTER Y MARCAR DELETED
GEO_1977,86013,BEHRING,27215092548,0,95051,BEHRING,27215092548,0,MOVER A MASTER Y MARCAR DELETED
GEO_1978,2673,AVILES HUIGO (Almacen/Despensa_C),5064528,0,7944,AVILES HUIGO (Almacen/Despensa_C),5064528,0,MOVER A MASTER Y MARCAR DELETED
GEO_1979,3142,RODRIGUEZ ESTEBAN DANIEL  (Kiosco/Maxikiosco_P),20-27460995-9,0,8037,RODRIGUEZ ESTEBAN DANIEL  (Kiosco/Maxikiosco_P),20-27460995-9,0,MOVER A MASTER Y MARCAR DELETED
GEO_1980,86000,DESANA ANDREA F  ANDRE FABIANA,27214153004,1,95038,DESANA ANDREA F  ANDRE FABIANA,27214153004,0,MOVER A MASTER Y MARCAR DELETED
GEO_1981,86004,DE ALVAREZ,27214434143,0,95042,DE ALVAREZ,27214434143,0,MOVER A MASTER Y MARCAR DELETED
GEO_1982,86007,CLAUDIA R.BUJARSKI  COPAL,27214475265,0,95045,CLAUDIA R.BUJARSKI  COPAL,27214475265,0,MOVER A MASTER Y MARCAR DELETED
GEO_1983,86007,CLAUDIA R.BUJARSKI  COPAL,27214475265,0,95045,CLAUDIA R.BUJARSKI  COPAL,27214475265,0,MOVER A MASTER Y MARCAR DELETED
GEO_1984,86008,RIENZI,27214564888,0,95046,RIENZI,27214564888,0,MOVER A MASTER Y MARCAR DELETED
GEO_1985,88348,SOCIAL MORENO,30679315508,0,97387,SOCIAL MORENO,30679315508,0,MOVER A MASTER Y MARCAR DELETED
GEO_1986,86067,CLAUDIA GARCIA  EZEQUIEL,27216893269,0,95105,CLAUDIA GARCIA  EZEQUIEL,27216893269,0,MOVER A MASTER Y MARCAR DELETED
GEO_1987,86068,FCIA.BATISTA MARIA LAURA,27216893889,0,95106,FCIA.BATISTA MARIA LAURA,27216893889,0,MOVER A MASTER Y MARCAR DELETED
GEO_1988,86035,FCIA.ALESSANDRI MARIA G.  FARMACIA ALESANDRI,27215783036,0,95073,FCIA.ALESSANDRI MARIA G.  FARMACIA ALESANDRI,27215783036,0,MOVER A MASTER Y MARCAR DELETED
GEO_1989,2122,SAN CAYETANO (Almacen/Despensa_A),20-21785892-6,0,7117,SAN CAYETANO (Almacen/Despensa_A),20-21785892-6,0,MOVER A MASTER Y MARCAR DELETED
GEO_1990,83737,FRONTONS MARCELA  FARMACIA MARCELA,23144405404,0,92774,FRONTONS MARCELA  FARMACIA MARCELA,23144405404,0,MOVER A MASTER Y MARCAR DELETED
GEO_1991,86042,CORTI  FLAVIA,27215983396,0,95080,CORTI  FLAVIA,27215983396,0,MOVER A MASTER Y MARCAR DELETED
GEO_1992,86066,SALVUCCI,27216802174,0,95104,SALVUCCI,27216802174,0,MOVER A MASTER Y MARCAR DELETED
GEO_1993,2175,ROMERO JOSE LUIS (Almacen/Despensa_A),20-22919407-1,0,7026,ROMERO JOSE LUIS (Almacen/Despensa_A),20-22919407-1,0,MOVER A MASTER Y MARCAR DELETED
GEO_1994,86099,SABINA A.STECKINGER  STECKINGER,27217603124,25,95137,SABINA A.STECKINGER  STECKINGER,27217603124,0,MOVER A MASTER Y MARCAR DELETED
GEO_1995,86100,MIRETTI DE CECARELLI LILIANA  LILIANA,27217764942,0,95138,MIRETTI DE CECARELLI LILIANA  LILIANA,27217764942,0,MOVER A MASTER Y MARCAR DELETED
GEO_1996,86124,MARIA F.TELLERIA,27218809761,0,95162,MARIA F.TELLERIA,27218809761,0,MOVER A MASTER Y MARCAR DELETED
GEO_1997,4777,LA ESQUINA (Almacen/Despensa_C),27-31337461-6,0,9842,LA ESQUINA (Almacen/Despensa_C),27-31337461-6,0,MOVER A MASTER Y MARCAR DELETED
GEO_1998,4520,CEPAS ARGENTINAS S.A. (Instituciones_C),30-61375512-4,0,9715,CEPAS ARGENTINAS S.A. (Instituciones_C),30-61375512-4,0,MOVER A MASTER Y MARCAR DELETED
GEO_1999,86135,ESPAÑA DE MILANESI VIVIANA  VIVINA,27219355799,0,95173,ESPAÑA DE MILANESI VIVIANA  VIVINA,27219355799,0,MOVER A MASTER Y MARCAR DELETED
GEO_2000,86077,GOMEZ,27217066730,0,95115,GOMEZ,27217066730,0,MOVER A MASTER Y MARCAR DELETED
GEO_2001,86091,FIORE,27217472194,0,95129,FIORE,27217472194,0,MOVER A MASTER Y MARCAR DELETED
GEO_2002,86110,DE LA PLAZA (DE M.LOIZA),27218145278,0,95148,DE LA PLAZA (DE M.LOIZA),27218145278,0,MOVER A MASTER Y MARCAR DELETED
GEO_2003,808,EL GRAN ALMACEN (Almacen/Despensa_C),20268081977,0,5857,EL GRAN ALMACEN (Almacen/Despensa_C),20268081977,0,MOVER A MASTER Y MARCAR DELETED
GEO_2003,808,EL GRAN ALMACEN (Almacen/Despensa_C),20268081977,0,102436,EL GRAN ALMACEN (Almacen/Despensa_C),20268081977,0,MOVER A MASTER Y MARCAR DELETED
GEO_2004,781,-SMILE- (Almacen/Despensa_A),27-28482459-3,0,5933,-SMILE- (Almacen/Despensa_A),27-28482459-3,0,MOVER A MASTER Y MARCAR DELETED
GEO_2004,781,-SMILE- (Almacen/Despensa_A),27-28482459-3,0,102345,-SMILE- (Almacen/Despensa_A),27-28482459-3,0,MOVER A MASTER Y MARCAR DELETED
GEO_2005,461,KIOSCO MANA (Kiosco/Maxikiosco_A),27-22427639-2,0,5513,KIOSCO MANA (Kiosco/Maxikiosco_A),27-22427639-2,0,MOVER A MASTER Y MARCAR DELETED
GEO_2005,461,KIOSCO MANA (Kiosco/Maxikiosco_A),27-22427639-2,0,102020,KIOSCO MANA (Kiosco/Maxikiosco_A),27-22427639-2,0,MOVER A MASTER Y MARCAR DELETED
GEO_2006,86160,FCIA.MOLEDOANDREA G.  FARMACIA MOLEDO,27220819960,0,95198,"FCIA.MOLEDO,ANDREA G.  FARMACIA MOLEDO",27220819960,0,MOVER A MASTER Y MARCAR DELETED
GEO_2007,86170,TAMASSO,27221302198,0,95208,TAMASSO,27221302198,0,MOVER A MASTER Y MARCAR DELETED
GEO_2008,86140,2601 MUSERI MARIELA INES  SAN JUAN,27219691616,0,95178,"2601 MUSERI, MARIELA INES  SAN JUAN",27219691616,0,MOVER A MASTER Y MARCAR DELETED
GEO_2009,86148,GEOFARMA  MARINA,27220137355,0,95186,GEOFARMA  MARINA,27220137355,0,MOVER A MASTER Y MARCAR DELETED
GEO_2010,86150,FERMANELLI ( EX HUTTIN),27220220309,0,95188,FERMANELLI ( EX HUTTIN),27220220309,0,MOVER A MASTER Y MARCAR DELETED
GEO_2011,86156,PAGANI DANIELA ANDREA  FARMACIA PAGANI,27220405031,26,95194,PAGANI DANIELA ANDREA  FARMACIA PAGANI,27220405031,0,MOVER A MASTER Y MARCAR DELETED
GEO_2012,86171,LUZ Y MILAGROS  ALEJANDRA,27221309664,0,95209,LUZ Y MILAGROS  ALEJANDRA,27221309664,0,MOVER A MASTER Y MARCAR DELETED
GEO_2013,86171,LUZ Y MILAGROS  ALEJANDRA,27221309664,0,95209,LUZ Y MILAGROS  ALEJANDRA,27221309664,0,MOVER A MASTER Y MARCAR DELETED
GEO_2014,1698,LA FORMOSEÑA (Almacen/Despensa_B),27-30880010-0,0,6921,LA FORMOSEÑA (Almacen/Despensa_B),27-30880010-0,0,MOVER A MASTER Y MARCAR DELETED
GEO_2014,1698,LA FORMOSEÑA (Almacen/Despensa_B),27-30880010-0,0,102677,LA FORMOSEÑA (Almacen/Despensa_B),27-30880010-0,0,MOVER A MASTER Y MARCAR DELETED
GEO_2015,793,DESPENSA ZIMBA (Kiosco/Maxikiosco_C),20-37663913-5,0,5832,DESPENSA ZIMBA (Kiosco/Maxikiosco_C),20-37663913-5,0,MOVER A MASTER Y MARCAR DELETED
GEO_2015,793,DESPENSA ZIMBA (Kiosco/Maxikiosco_C),20-37663913-5,0,102451,DESPENSA ZIMBA (Kiosco/Maxikiosco_C),20-37663913-5,0,MOVER A MASTER Y MARCAR DELETED
GEO_2016,793,DESPENSA ZIMBA (Kiosco/Maxikiosco_C),20-37663913-5,0,5832,DESPENSA ZIMBA (Kiosco/Maxikiosco_C),20-37663913-5,0,MOVER A MASTER Y MARCAR DELETED
GEO_2016,793,DESPENSA ZIMBA (Kiosco/Maxikiosco_C),20-37663913-5,0,102451,DESPENSA ZIMBA (Kiosco/Maxikiosco_C),20-37663913-5,0,MOVER A MASTER Y MARCAR DELETED
GEO_2017,86172,CHUDYK,27221371688,0,95210,CHUDYK,27221371688,0,MOVER A MASTER Y MARCAR DELETED
GEO_2018,7,Punto de venta 1,0,0,19,Punto de venta demo,0,0,MOVER A MASTER Y MARCAR DELETED
GEO_2018,7,Punto de venta 1,0,0,9,Punto de venta 2 prueba,0,0,MOVER A MASTER Y MARCAR DELETED
GEO_2018,7,Punto de venta 1,0,0,14,Punto de venta demo editado,0,0,MOVER A MASTER Y MARCAR DELETED
GEO_2018,7,Punto de venta 1,0,0,15,punto de venta para borrar,0,0,MOVER A MASTER Y MARCAR DELETED
GEO_2018,7,Punto de venta 1,0,0,8,Punto de venta 1 prueba,0,0,MOVER A MASTER Y MARCAR DELETED
GEO_2019,24,Punto de venta demo,0,0,68,paseo del sol,0,0,MOVER A MASTER Y MARCAR DELETED
GEO_2020,89149,FARMALAIN SRL,30710129629,0,98190,FARMALAIN SRL,30710129629,0,MOVER A MASTER Y MARCAR DELETED
GEO_2021,54,El Bolivar,0,0,57,x,0,0,MOVER A MASTER Y MARCAR DELETED
GEO_2022,128,Test Punto de Venta,27-62023128-8,0,10325,Test,27-62023128-8,0,MOVER A MASTER Y MARCAR DELETED
GEO_2023,88147,FARMACIA SAN FERNANDO,30636860413,0,97185,FARMACIA CABRERA 3161 S C S- SAN FERNANDO,30636860413,0,MOVER A MASTER Y MARCAR DELETED
GEO_2023,88147,FARMACIA SAN FERNANDO,30636860413,0,97186,FARMACIA SAN FERNANDO,30636860413,0,MOVER A MASTER Y MARCAR DELETED
GEO_2023,88147,FARMACIA SAN FERNANDO,30636860413,0,88146,FARMACIA CABRERA 3161 S C S- SAN FERNANDO,30636860413,0,MOVER A MASTER Y MARCAR DELETED
GEO_2024,81,Customer Location for demo,0,1,67,Prueba de punto de venta 2 ,0,0,MOVER A MASTER Y MARCAR DELETED
GEO_2025,84,PDV Prueba 1,0,0,92,PDV Prueba 2.1,0,0,MOVER A MASTER Y MARCAR DELETED
GEO_2026,130,Punto de Venta de Prueba DEV 3,30-92850400-6,0,131,Punto de Venta de Prueba DEV 3,30-92850400-6,0,MOVER A MASTER Y MARCAR DELETED
GEO_2027,88213,TKL ETCHEVERRY,30660368503,0,97252,TKL ETCHEVERRY,30660368503,0,MOVER A MASTER Y MARCAR DELETED
GEO_2028,88213,TKL ETCHEVERRY,30660368503,0,97252,TKL ETCHEVERRY,30660368503,0,MOVER A MASTER Y MARCAR DELETED
GEO_2029,86379,LEYES,27231068509,0,95417,LEYES,27231068509,0,MOVER A MASTER Y MARCAR DELETED
GEO_2030,275,ROSSI LEANDRO HERNAN (Empleados_C),32477098,0,5536,ROSSI LEANDRO HERNAN (Empleados_C),32477098,0,MOVER A MASTER Y MARCAR DELETED
GEO_2030,275,ROSSI LEANDRO HERNAN (Empleados_C),32477098,0,101781,ROSSI LEANDRO HERNAN (Empleados_C),32477098,0,MOVER A MASTER Y MARCAR DELETED
GEO_2031,946,GOLAZO (Autoservicio Tradicional_B),20-25786454-6,0,6220,GOLAZO (Autoservicio Tradicional_B),20-25786454-6,0,MOVER A MASTER Y MARCAR DELETED
GEO_2031,946,GOLAZO (Autoservicio Tradicional_B),20-25786454-6,0,102603,GOLAZO (Autoservicio Tradicional_B),20-25786454-6,0,MOVER A MASTER Y MARCAR DELETED
GEO_2032,445,DESPENSA FJ (Almacen/Despensa_C),27-35593724-6,0,5748,DESPENSA FJ (Almacen/Despensa_C),27-35593724-6,0,MOVER A MASTER Y MARCAR DELETED
GEO_2032,445,DESPENSA FJ (Almacen/Despensa_C),27-35593724-6,0,101995,DESPENSA FJ (Almacen/Despensa_C),27-35593724-6,0,MOVER A MASTER Y MARCAR DELETED
GEO_2033,1235,PANADERIA VALENTINO (Resto de Tradicionales_B),27323688589,0,6311,PANADERIA VALENTINO (Resto de Tradicionales_B),27323688589,0,MOVER A MASTER Y MARCAR DELETED
GEO_2033,1235,PANADERIA VALENTINO (Resto de Tradicionales_B),27323688589,0,103010,PANADERIA VALENTINO (Resto de Tradicionales_B),27323688589,0,MOVER A MASTER Y MARCAR DELETED
GEO_2034,193,PARQUE LOS TULIPANES (Almacen/Despensa_C),27-93094643-0,0,5610,PARQUE LOS TULIPANES (Almacen/Despensa_C),27-93094643-0,0,MOVER A MASTER Y MARCAR DELETED
GEO_2034,193,PARQUE LOS TULIPANES (Almacen/Despensa_C),27-93094643-0,0,101856,PARQUE LOS TULIPANES (Almacen/Despensa_C),27-93094643-0,0,MOVER A MASTER Y MARCAR DELETED
GEO_2035,196,VILLA HUINID HOTEL (Resto de On Premise_C),30-69665729-3,0,5613,VILLA HUINID HOTEL (Resto de On Premise_C),30-69665729-3,0,MOVER A MASTER Y MARCAR DELETED
GEO_2035,196,VILLA HUINID HOTEL (Resto de On Premise_C),30-69665729-3,0,101860,VILLA HUINID HOTEL (Resto de On Premise_C),30-69665729-3,0,MOVER A MASTER Y MARCAR DELETED
GEO_2036,590,LAS TERRAZAS (Centros de entrenamiento/Espacios Deportivos_B),30-71472922-1,0,5424,LAS TERRAZAS (Centros de entrenamiento/Espacios Deportivos_B),30-71472922-1,0,MOVER A MASTER Y MARCAR DELETED
GEO_2036,590,LAS TERRAZAS (Centros de entrenamiento/Espacios Deportivos_B),30-71472922-1,0,102198,LAS TERRAZAS (Centros de entrenamiento/Espacios Deportivos_B),30-71472922-1,0,MOVER A MASTER Y MARCAR DELETED
GEO_2037,1382,Verduleria Hueney Hue (Almacen/Despensa_C),20170616171,0,6335,Verduleria Hueney Hue (Almacen/Despensa_C),20170616171,0,MOVER A MASTER Y MARCAR DELETED
GEO_2037,1382,Verduleria Hueney Hue (Almacen/Despensa_C),20170616171,0,102974,Verduleria Hueney Hue (Almacen/Despensa_C),20170616171,0,MOVER A MASTER Y MARCAR DELETED
GEO_2038,414,DON QUESOTE (Fiambreria_B),30-71619462-7,0,5523,DON QUESOTE (Fiambreria_B),30-71619462-7,0,MOVER A MASTER Y MARCAR DELETED
GEO_2038,414,DON QUESOTE (Fiambreria_B),30-71619462-7,0,102000,DON QUESOTE (Fiambreria_B),30-71619462-7,0,MOVER A MASTER Y MARCAR DELETED
GEO_2039,1305,Autoservicio chango (Autoservicio Tradicional_C),27336600257,0,6418,Autoservicio chango (Autoservicio Tradicional_C),27336600257,0,MOVER A MASTER Y MARCAR DELETED
GEO_2039,1305,Autoservicio chango (Autoservicio Tradicional_C),27336600257,0,102892,Autoservicio chango (Autoservicio Tradicional_C),27336600257,0,MOVER A MASTER Y MARCAR DELETED
GEO_2040,1305,Autoservicio chango (Autoservicio Tradicional_C),27336600257,0,6418,Autoservicio chango (Autoservicio Tradicional_C),27336600257,0,MOVER A MASTER Y MARCAR DELETED
GEO_2040,1305,Autoservicio chango (Autoservicio Tradicional_C),27336600257,0,102892,Autoservicio chango (Autoservicio Tradicional_C),27336600257,0,MOVER A MASTER Y MARCAR DELETED
GEO_2041,1305,Autoservicio chango (Autoservicio Tradicional_C),27336600257,0,6418,Autoservicio chango (Autoservicio Tradicional_C),27336600257,0,MOVER A MASTER Y MARCAR DELETED
GEO_2041,1305,Autoservicio chango (Autoservicio Tradicional_C),27336600257,0,102892,Autoservicio chango (Autoservicio Tradicional_C),27336600257,0,MOVER A MASTER Y MARCAR DELETED
GEO_2042,479,LOS CHICHOS (Almacen/Despensa_C),27-24260006-7,0,5525,LOS CHICHOS (Almacen/Despensa_C),27-24260006-7,0,MOVER A MASTER Y MARCAR DELETED
GEO_2042,479,LOS CHICHOS (Almacen/Despensa_C),27-24260006-7,0,102002,LOS CHICHOS (Almacen/Despensa_C),27-24260006-7,0,MOVER A MASTER Y MARCAR DELETED
GEO_2043,253,KIOSCO NEGRO EL 13 (Kiosco/Maxikiosco_B),20-16605125-9,0,5647,KIOSCO NEGRO EL 13 (Kiosco/Maxikiosco_B),20-16605125-9,0,MOVER A MASTER Y MARCAR DELETED
GEO_2043,253,KIOSCO NEGRO EL 13 (Kiosco/Maxikiosco_B),20-16605125-9,0,101884,KIOSCO NEGRO EL 13 (Kiosco/Maxikiosco_B),20-16605125-9,0,MOVER A MASTER Y MARCAR DELETED
GEO_2044,1316,DE TODO UN POCO 2 (Almacen/Despensa_C),27213875774,0,6308,DE TODO UN POCO 2 (Almacen/Despensa_C),27213875774,0,MOVER A MASTER Y MARCAR DELETED
GEO_2044,1316,DE TODO UN POCO 2 (Almacen/Despensa_C),27213875774,0,103007,DE TODO UN POCO 2 (Almacen/Despensa_C),27213875774,0,MOVER A MASTER Y MARCAR DELETED
GEO_2045,209,ALMA FLOR  (Almacen/Despensa_C),27-22501162-7,0,5626,ALMA FLOR  (Almacen/Despensa_C),27-22501162-7,0,MOVER A MASTER Y MARCAR DELETED
GEO_2045,209,ALMA FLOR  (Almacen/Despensa_C),27-22501162-7,0,101873,ALMA FLOR  (Almacen/Despensa_C),27-22501162-7,0,MOVER A MASTER Y MARCAR DELETED
GEO_2046,209,ALMA FLOR  (Almacen/Despensa_C),27-22501162-7,0,5626,ALMA FLOR  (Almacen/Despensa_C),27-22501162-7,0,MOVER A MASTER Y MARCAR DELETED
GEO_2046,209,ALMA FLOR  (Almacen/Despensa_C),27-22501162-7,0,101873,ALMA FLOR  (Almacen/Despensa_C),27-22501162-7,0,MOVER A MASTER Y MARCAR DELETED
GEO_2047,209,ALMA FLOR  (Almacen/Despensa_C),27-22501162-7,0,5626,ALMA FLOR  (Almacen/Despensa_C),27-22501162-7,0,MOVER A MASTER Y MARCAR DELETED
GEO_2047,209,ALMA FLOR  (Almacen/Despensa_C),27-22501162-7,0,101873,ALMA FLOR  (Almacen/Despensa_C),27-22501162-7,0,MOVER A MASTER Y MARCAR DELETED
GEO_2048,613,verduleria marce (Resto de Tradicionales_C),20-93717590-7,0,5399,verduleria marce (Resto de Tradicionales_C),20-93717590-7,0,MOVER A MASTER Y MARCAR DELETED
GEO_2048,613,verduleria marce (Resto de Tradicionales_C),20-93717590-7,0,102171,verduleria marce (Resto de Tradicionales_C),20-93717590-7,0,MOVER A MASTER Y MARCAR DELETED
GEO_2049,217,MERCADO EL CONDOR (Autoservicio Tradicional_B),27-18775959-0,0,5601,MERCADO EL CONDOR (Autoservicio Tradicional_B),27-18775959-0,0,MOVER A MASTER Y MARCAR DELETED
GEO_2049,217,MERCADO EL CONDOR (Autoservicio Tradicional_B),27-18775959-0,0,101847,MERCADO EL CONDOR (Autoservicio Tradicional_B),27-18775959-0,0,MOVER A MASTER Y MARCAR DELETED
GEO_2050,219,CARNICERIA ALFREDO (Carniceria/Granja_B),27-92743705-3,0,5603,CARNICERIA ALFREDO (Carniceria/Granja_B),27-92743705-3,0,MOVER A MASTER Y MARCAR DELETED
GEO_2050,219,CARNICERIA ALFREDO (Carniceria/Granja_B),27-92743705-3,0,101849,CARNICERIA ALFREDO (Carniceria/Granja_B),27-92743705-3,0,MOVER A MASTER Y MARCAR DELETED
GEO_2051,551,BAR HOTEL AGUAS DEL SUR (Kiosco/Maxikiosco_P),30-71608197-0,0,5307,BAR HOTEL AGUAS DEL SUR (Kiosco/Maxikiosco_P),30-71608197-0,0,MOVER A MASTER Y MARCAR DELETED
GEO_2051,551,BAR HOTEL AGUAS DEL SUR (Kiosco/Maxikiosco_P),30-71608197-0,0,102074,BAR HOTEL AGUAS DEL SUR (Kiosco/Maxikiosco_P),30-71608197-0,0,MOVER A MASTER Y MARCAR DELETED
GEO_2052,221,AUTOSERVICIO DEL CRUCE (Autoservicio Tradicional_C),30-71719375-6,0,5645,AUTOSERVICIO DEL CRUCE (Autoservicio Tradicional_C),30-71719375-6,0,MOVER A MASTER Y MARCAR DELETED
GEO_2052,221,AUTOSERVICIO DEL CRUCE (Autoservicio Tradicional_C),30-71719375-6,0,101882,AUTOSERVICIO DEL CRUCE (Autoservicio Tradicional_C),30-71719375-6,0,MOVER A MASTER Y MARCAR DELETED
GEO_2053,222,AUTOSERVICIO PIONEROS (Autoservicio Tradicional_B),30716904306,0,5646,AUTOSERVICIO PIONEROS (Autoservicio Tradicional_B),30716904306,0,MOVER A MASTER Y MARCAR DELETED
GEO_2053,222,AUTOSERVICIO PIONEROS (Autoservicio Tradicional_B),30716904306,0,101883,AUTOSERVICIO PIONEROS (Autoservicio Tradicional_B),30716904306,0,MOVER A MASTER Y MARCAR DELETED
GEO_2054,1343,Andina Fotografia (Kiosco/Maxikiosco_C),20213882984,0,6341,Andina Fotografia (Kiosco/Maxikiosco_C),20213882984,0,MOVER A MASTER Y MARCAR DELETED
GEO_2054,1343,Andina Fotografia (Kiosco/Maxikiosco_C),20213882984,0,102980,Andina Fotografia (Kiosco/Maxikiosco_C),20213882984,0,MOVER A MASTER Y MARCAR DELETED
GEO_2055,693,PATAGONIA DRUGSTORE (Autoservicio Tradicional_P),20-36800796-0,0,5467,PATAGONIA DRUGSTORE (Autoservicio Tradicional_P),20-36800796-0,0,MOVER A MASTER Y MARCAR DELETED
GEO_2055,693,PATAGONIA DRUGSTORE (Autoservicio Tradicional_P),20-36800796-0,0,102244,PATAGONIA DRUGSTORE (Autoservicio Tradicional_P),20-36800796-0,0,MOVER A MASTER Y MARCAR DELETED
GEO_2056,471,DESPENSA ROBERT (Almacen/Despensa_C),20-11345964-7,0,5635,DESPENSA ROBERT (Almacen/Despensa_C),20-11345964-7,0,MOVER A MASTER Y MARCAR DELETED
GEO_2056,471,DESPENSA ROBERT (Almacen/Despensa_C),20-11345964-7,0,102012,DESPENSA ROBERT (Almacen/Despensa_C),20-11345964-7,0,MOVER A MASTER Y MARCAR DELETED
GEO_2057,471,DESPENSA ROBERT (Almacen/Despensa_C),20-11345964-7,0,5635,DESPENSA ROBERT (Almacen/Despensa_C),20-11345964-7,0,MOVER A MASTER Y MARCAR DELETED
GEO_2057,471,DESPENSA ROBERT (Almacen/Despensa_C),20-11345964-7,0,102012,DESPENSA ROBERT (Almacen/Despensa_C),20-11345964-7,0,MOVER A MASTER Y MARCAR DELETED
GEO_2058,229,KIOSCO LOOK (Almacen/Despensa_C),20-26172717-0,0,5756,KIOSCO LOOK (Almacen/Despensa_C),20-26172717-0,0,MOVER A MASTER Y MARCAR DELETED
GEO_2058,229,KIOSCO LOOK (Almacen/Despensa_C),20-26172717-0,0,101893,KIOSCO LOOK (Almacen/Despensa_C),20-26172717-0,0,MOVER A MASTER Y MARCAR DELETED
GEO_2059,229,KIOSCO LOOK (Almacen/Despensa_C),20-26172717-0,0,5756,KIOSCO LOOK (Almacen/Despensa_C),20-26172717-0,0,MOVER A MASTER Y MARCAR DELETED
GEO_2059,229,KIOSCO LOOK (Almacen/Despensa_C),20-26172717-0,0,101893,KIOSCO LOOK (Almacen/Despensa_C),20-26172717-0,0,MOVER A MASTER Y MARCAR DELETED
GEO_2060,233,SNACK CLUB DEL FALDEO (Centros de entrenamiento/Espacios Deportivos_C),20-16974010-1,0,5760,SNACK CLUB DEL FALDEO (Centros de entrenamiento/Espacios Deportivos_C),20-16974010-1,0,MOVER A MASTER Y MARCAR DELETED
GEO_2060,233,SNACK CLUB DEL FALDEO (Centros de entrenamiento/Espacios Deportivos_C),20-16974010-1,0,101897,SNACK CLUB DEL FALDEO (Centros de entrenamiento/Espacios Deportivos_C),20-16974010-1,0,MOVER A MASTER Y MARCAR DELETED
GEO_2061,234,CLUB LOS PEHUENES (Instituciones_C),20-20891552-6,0,5761,CLUB LOS PEHUENES (Instituciones_C),20-20891552-6,0,MOVER A MASTER Y MARCAR DELETED
GEO_2061,234,CLUB LOS PEHUENES (Instituciones_C),20-20891552-6,0,101898,CLUB LOS PEHUENES (Instituciones_C),20-20891552-6,0,MOVER A MASTER Y MARCAR DELETED
GEO_2062,235,MULTIRRUBRO DEL 13 (Kiosco/Maxikiosco_C),27-18367976-2,0,5762,MULTIRRUBRO DEL 13 (Kiosco/Maxikiosco_C),27-18367976-2,0,MOVER A MASTER Y MARCAR DELETED
GEO_2062,235,MULTIRRUBRO DEL 13 (Kiosco/Maxikiosco_C),27-18367976-2,0,101899,MULTIRRUBRO DEL 13 (Kiosco/Maxikiosco_C),27-18367976-2,0,MOVER A MASTER Y MARCAR DELETED
GEO_2063,235,MULTIRRUBRO DEL 13 (Kiosco/Maxikiosco_C),27-18367976-2,0,5762,MULTIRRUBRO DEL 13 (Kiosco/Maxikiosco_C),27-18367976-2,0,MOVER A MASTER Y MARCAR DELETED
GEO_2063,235,MULTIRRUBRO DEL 13 (Kiosco/Maxikiosco_C),27-18367976-2,0,101899,MULTIRRUBRO DEL 13 (Kiosco/Maxikiosco_C),27-18367976-2,0,MOVER A MASTER Y MARCAR DELETED
GEO_2064,1331,APU MINIMERCADO (Almacen/Despensa_B),20434339856,0,6313,APU MINIMERCADO (Almacen/Despensa_B),20434339856,0,MOVER A MASTER Y MARCAR DELETED
GEO_2064,1331,APU MINIMERCADO (Almacen/Despensa_B),20434339856,0,102992,APU MINIMERCADO (Almacen/Despensa_B),20434339856,0,MOVER A MASTER Y MARCAR DELETED
GEO_2065,1331,APU MINIMERCADO (Almacen/Despensa_B),20434339856,0,6313,APU MINIMERCADO (Almacen/Despensa_B),20434339856,0,MOVER A MASTER Y MARCAR DELETED
GEO_2065,1331,APU MINIMERCADO (Almacen/Despensa_B),20434339856,0,102992,APU MINIMERCADO (Almacen/Despensa_B),20434339856,0,MOVER A MASTER Y MARCAR DELETED
GEO_2066,1331,APU MINIMERCADO (Almacen/Despensa_B),20434339856,0,6313,APU MINIMERCADO (Almacen/Despensa_B),20434339856,0,MOVER A MASTER Y MARCAR DELETED
GEO_2066,1331,APU MINIMERCADO (Almacen/Despensa_B),20434339856,0,102992,APU MINIMERCADO (Almacen/Despensa_B),20434339856,0,MOVER A MASTER Y MARCAR DELETED
GEO_2067,1331,APU MINIMERCADO (Almacen/Despensa_B),20434339856,0,6313,APU MINIMERCADO (Almacen/Despensa_B),20434339856,0,MOVER A MASTER Y MARCAR DELETED
GEO_2067,1331,APU MINIMERCADO (Almacen/Despensa_B),20434339856,0,102992,APU MINIMERCADO (Almacen/Despensa_B),20434339856,0,MOVER A MASTER Y MARCAR DELETED
GEO_2068,1504,LA VONTE (Almacen/Despensa_B),20315152845,0,6718,LA VONTE (Almacen/Despensa_B),20315152845,0,MOVER A MASTER Y MARCAR DELETED
GEO_2068,1504,LA VONTE (Almacen/Despensa_B),20315152845,0,103121,LA VONTE (Almacen/Despensa_B),20315152845,0,MOVER A MASTER Y MARCAR DELETED
GEO_2069,247,DESPENSA EL NEGRITO (Almacen/Despensa_C),20-93052349-7,0,5664,DESPENSA EL NEGRITO (Almacen/Despensa_C),20-93052349-7,0,MOVER A MASTER Y MARCAR DELETED
GEO_2069,247,DESPENSA EL NEGRITO (Almacen/Despensa_C),20-93052349-7,0,101911,DESPENSA EL NEGRITO (Almacen/Despensa_C),20-93052349-7,0,MOVER A MASTER Y MARCAR DELETED
GEO_2070,254,LA COLO (Kiosco/Maxikiosco_P),20-26175080-6,0,5648,LA COLO (Kiosco/Maxikiosco_P),20-26175080-6,0,MOVER A MASTER Y MARCAR DELETED
GEO_2070,254,LA COLO (Kiosco/Maxikiosco_P),20-26175080-6,0,101885,LA COLO (Kiosco/Maxikiosco_P),20-26175080-6,0,MOVER A MASTER Y MARCAR DELETED
GEO_2071,519,LO DE MARCE (Almacen/Despensa_P),27-16053949-1,0,5384,LO DE MARCE (Almacen/Despensa_P),27-16053949-1,0,MOVER A MASTER Y MARCAR DELETED
GEO_2071,519,LO DE MARCE (Almacen/Despensa_P),27-16053949-1,0,102146,LO DE MARCE (Almacen/Despensa_P),27-16053949-1,0,MOVER A MASTER Y MARCAR DELETED
GEO_2072,588,DEL CERRO (Almacen/Despensa_A),30-71675345-6,0,5428,DEL CERRO (Almacen/Despensa_A),30-71675345-6,0,MOVER A MASTER Y MARCAR DELETED
GEO_2072,588,DEL CERRO (Almacen/Despensa_A),30-71675345-6,0,102203,DEL CERRO (Almacen/Despensa_A),30-71675345-6,0,MOVER A MASTER Y MARCAR DELETED
GEO_2073,1348,"''La Vieira Pescaderia"" (Carniceria/Granja_C)",20303918044,0,6337,"''La Vieira Pescaderia"" (Carniceria/Granja_C)",20303918044,0,MOVER A MASTER Y MARCAR DELETED
GEO_2073,1348,"''La Vieira Pescaderia"" (Carniceria/Granja_C)",20303918044,0,102976,"''La Vieira Pescaderia"" (Carniceria/Granja_C)",20303918044,0,MOVER A MASTER Y MARCAR DELETED
GEO_2074,1318,KIOSCO TELEFERICO OTTO (Kiosco/Maxikiosco_B),27139896160,0,6304,KIOSCO TELEFERICO OTTO (Kiosco/Maxikiosco_B),27139896160,0,MOVER A MASTER Y MARCAR DELETED
GEO_2074,1318,KIOSCO TELEFERICO OTTO (Kiosco/Maxikiosco_B),27139896160,0,103003,KIOSCO TELEFERICO OTTO (Kiosco/Maxikiosco_B),27139896160,0,MOVER A MASTER Y MARCAR DELETED
GEO_2075,573,A PAN Y EVA (Almacen/Despensa_C),20263490534,0,5443,A PAN Y EVA (Almacen/Despensa_C),20263490534,0,MOVER A MASTER Y MARCAR DELETED
GEO_2075,573,A PAN Y EVA (Almacen/Despensa_C),20263490534,0,102219,A PAN Y EVA (Almacen/Despensa_C),20263490534,0,MOVER A MASTER Y MARCAR DELETED
GEO_2076,1124,VICCIO (Almacen/Despensa_B),27-18700452-2,0,6084,VICCIO (Almacen/Despensa_B),27-18700452-2,0,MOVER A MASTER Y MARCAR DELETED
GEO_2076,1124,VICCIO (Almacen/Despensa_B),27-18700452-2,0,102733,VICCIO (Almacen/Despensa_B),27-18700452-2,0,MOVER A MASTER Y MARCAR DELETED
GEO_2077,258,ELUNEY (Almacen/Despensa_C),27-92698004-7,0,5672,ELUNEY (Almacen/Despensa_C),27-92698004-7,0,MOVER A MASTER Y MARCAR DELETED
GEO_2078,260,DIONY DESPENSA (Almacen/Despensa_B),20-14245699-1,0,5599,DIONY DESPENSA (Almacen/Despensa_B),20-14245699-1,0,MOVER A MASTER Y MARCAR DELETED
GEO_2078,260,DIONY DESPENSA (Almacen/Despensa_B),20-14245699-1,0,101845,DIONY DESPENSA (Almacen/Despensa_B),20-14245699-1,0,MOVER A MASTER Y MARCAR DELETED
GEO_2079,261,PANADERIA GALO (Almacen/Despensa_A),20-23082595-6,0,5600,PANADERIA GALO (Almacen/Despensa_A),20-23082595-6,0,MOVER A MASTER Y MARCAR DELETED
GEO_2079,261,PANADERIA GALO (Almacen/Despensa_A),20-23082595-6,0,101846,PANADERIA GALO (Almacen/Despensa_A),20-23082595-6,0,MOVER A MASTER Y MARCAR DELETED
GEO_2080,686,Verduleria Kevin (Resto de Tradicionales_C),27-27468846-2,0,5472,Verduleria Kevin (Resto de Tradicionales_C),27-27468846-2,0,MOVER A MASTER Y MARCAR DELETED
GEO_2080,686,Verduleria Kevin (Resto de Tradicionales_C),27-27468846-2,0,102250,Verduleria Kevin (Resto de Tradicionales_C),27-27468846-2,0,MOVER A MASTER Y MARCAR DELETED
GEO_2081,1106,NATURALMENTE DIFERENTE (Almacen/Despensa_C),27-30134016-3,0,6062,NATURALMENTE DIFERENTE (Almacen/Despensa_C),27-30134016-3,0,MOVER A MASTER Y MARCAR DELETED
GEO_2081,1106,NATURALMENTE DIFERENTE (Almacen/Despensa_C),27-30134016-3,0,102752,NATURALMENTE DIFERENTE (Almacen/Despensa_C),27-30134016-3,0,MOVER A MASTER Y MARCAR DELETED
GEO_2082,1106,NATURALMENTE DIFERENTE (Almacen/Despensa_C),27-30134016-3,0,6062,NATURALMENTE DIFERENTE (Almacen/Despensa_C),27-30134016-3,0,MOVER A MASTER Y MARCAR DELETED
GEO_2082,1106,NATURALMENTE DIFERENTE (Almacen/Despensa_C),27-30134016-3,0,102752,NATURALMENTE DIFERENTE (Almacen/Despensa_C),27-30134016-3,0,MOVER A MASTER Y MARCAR DELETED
GEO_2083,545,BAR HOTEL PATAGONIA SUR (Resto de On Premise_P),30-71608197-0,0,5313,BAR HOTEL PATAGONIA SUR (Resto de On Premise_P),30-71608197-0,0,MOVER A MASTER Y MARCAR DELETED
GEO_2083,545,BAR HOTEL PATAGONIA SUR (Resto de On Premise_P),30-71608197-0,0,102080,BAR HOTEL PATAGONIA SUR (Resto de On Premise_P),30-71608197-0,0,MOVER A MASTER Y MARCAR DELETED
GEO_2084,624,KIOSCO NEWILLYS (Kiosco/Maxikiosco_B),20-17789526-2,0,5502,KIOSCO NEWILLYS (Kiosco/Maxikiosco_B),20-17789526-2,0,MOVER A MASTER Y MARCAR DELETED
GEO_2084,624,KIOSCO NEWILLYS (Kiosco/Maxikiosco_B),20-17789526-2,0,102164,KIOSCO NEWILLYS (Kiosco/Maxikiosco_B),20-17789526-2,0,MOVER A MASTER Y MARCAR DELETED
GEO_2085,290,ARBE DAMIAN SALVADOR (Empleados_C),20-33771647-5,0,5551,ARBE DAMIAN SALVADOR (Empleados_C),20-33771647-5,0,MOVER A MASTER Y MARCAR DELETED
GEO_2085,290,ARBE DAMIAN SALVADOR (Empleados_C),20-33771647-5,0,101797,ARBE DAMIAN SALVADOR (Empleados_C),20-33771647-5,0,MOVER A MASTER Y MARCAR DELETED
GEO_2086,274,Minimarket 7 lagos (Autoservicio Tradicional_C),27-44604846-0,0,5535,Minimarket 7 lagos (Autoservicio Tradicional_C),27-44604846-0,0,MOVER A MASTER Y MARCAR DELETED
GEO_2086,274,Minimarket 7 lagos (Autoservicio Tradicional_C),27-44604846-0,0,101780,Minimarket 7 lagos (Autoservicio Tradicional_C),27-44604846-0,0,MOVER A MASTER Y MARCAR DELETED
GEO_2087,1140,DESPENSA LA PREVIA (Almacen/Despensa_B),27427080280,0,6110,DESPENSA LA PREVIA (Almacen/Despensa_B),27427080280,0,MOVER A MASTER Y MARCAR DELETED
GEO_2087,1140,DESPENSA LA PREVIA (Almacen/Despensa_B),27427080280,0,102718,DESPENSA LA PREVIA (Almacen/Despensa_B),27427080280,0,MOVER A MASTER Y MARCAR DELETED
GEO_2088,282,FRUTAS Y VERDURAS LA 23 (Almacen/Despensa_C),23-28236714-9,0,5543,FRUTAS Y VERDURAS LA 23 (Almacen/Despensa_C),23-28236714-9,0,MOVER A MASTER Y MARCAR DELETED
GEO_2088,282,FRUTAS Y VERDURAS LA 23 (Almacen/Despensa_C),23-28236714-9,0,101789,FRUTAS Y VERDURAS LA 23 (Almacen/Despensa_C),23-28236714-9,0,MOVER A MASTER Y MARCAR DELETED
GEO_2089,284,AKIRA (Empleados_B),42971305,0,5545,AKIRA (Empleados_B),42971305,0,MOVER A MASTER Y MARCAR DELETED
GEO_2089,284,AKIRA (Empleados_B),42971305,0,101791,AKIRA (Empleados_B),42971305,0,MOVER A MASTER Y MARCAR DELETED
GEO_2090,292,RODIENSI DESPENSA (Almacen/Despensa_B),23-14313514-4,0,5553,RODIENSI DESPENSA (Almacen/Despensa_B),23-14313514-4,0,MOVER A MASTER Y MARCAR DELETED
GEO_2090,292,RODIENSI DESPENSA (Almacen/Despensa_B),23-14313514-4,0,101800,RODIENSI DESPENSA (Almacen/Despensa_B),23-14313514-4,0,MOVER A MASTER Y MARCAR DELETED
GEO_2091,292,RODIENSI DESPENSA (Almacen/Despensa_B),23-14313514-4,0,5553,RODIENSI DESPENSA (Almacen/Despensa_B),23-14313514-4,0,MOVER A MASTER Y MARCAR DELETED
GEO_2091,292,RODIENSI DESPENSA (Almacen/Despensa_B),23-14313514-4,0,101800,RODIENSI DESPENSA (Almacen/Despensa_B),23-14313514-4,0,MOVER A MASTER Y MARCAR DELETED
GEO_2092,404,LA NUEVA FERIA (Autoservicio Tradicional_P),30718447093,0,5707,LA NUEVA FERIA (Autoservicio Tradicional_P),30718447093,0,MOVER A MASTER Y MARCAR DELETED
GEO_2092,404,LA NUEVA FERIA (Autoservicio Tradicional_P),30718447093,0,101954,LA NUEVA FERIA (Autoservicio Tradicional_P),30718447093,0,MOVER A MASTER Y MARCAR DELETED
GEO_2093,1127,Dolyfer (Almacen/Despensa_B),27-04860107-9,0,6101,Dolyfer (Almacen/Despensa_B),27-04860107-9,0,MOVER A MASTER Y MARCAR DELETED
GEO_2093,1127,Dolyfer (Almacen/Despensa_B),27-04860107-9,0,102729,Dolyfer (Almacen/Despensa_B),27-04860107-9,0,MOVER A MASTER Y MARCAR DELETED
GEO_2094,580,Lacteos San Gotardo (Almacen/Despensa_P),20-37033588-6,0,5432,Lacteos San Gotardo (Almacen/Despensa_P),20-37033588-6,0,MOVER A MASTER Y MARCAR DELETED
GEO_2094,580,Lacteos San Gotardo (Almacen/Despensa_P),20-37033588-6,0,102207,Lacteos San Gotardo (Almacen/Despensa_P),20-37033588-6,0,MOVER A MASTER Y MARCAR DELETED
GEO_2095,301,LO DE MARIA DESPENSA (Almacen/Despensa_P),20-34019817-5,0,5562,LO DE MARIA DESPENSA (Almacen/Despensa_P),20-34019817-5,0,MOVER A MASTER Y MARCAR DELETED
GEO_2095,301,LO DE MARIA DESPENSA (Almacen/Despensa_P),20-34019817-5,0,101809,LO DE MARIA DESPENSA (Almacen/Despensa_P),20-34019817-5,0,MOVER A MASTER Y MARCAR DELETED
GEO_2096,398,DESPENSA FREIVAN (Almacen/Despensa_C),27-27255248-2,0,5680,DESPENSA FREIVAN (Almacen/Despensa_C),27-27255248-2,0,MOVER A MASTER Y MARCAR DELETED
GEO_2096,398,DESPENSA FREIVAN (Almacen/Despensa_C),27-27255248-2,0,101927,DESPENSA FREIVAN (Almacen/Despensa_C),27-27255248-2,0,MOVER A MASTER Y MARCAR DELETED
GEO_2097,398,DESPENSA FREIVAN (Almacen/Despensa_C),27-27255248-2,0,5680,DESPENSA FREIVAN (Almacen/Despensa_C),27-27255248-2,0,MOVER A MASTER Y MARCAR DELETED
GEO_2097,398,DESPENSA FREIVAN (Almacen/Despensa_C),27-27255248-2,0,101927,DESPENSA FREIVAN (Almacen/Despensa_C),27-27255248-2,0,MOVER A MASTER Y MARCAR DELETED
GEO_2098,1357,Polleria Belgrano 2 (Carniceria/Granja_C),27319392705,0,6345,Polleria Belgrano 2 (Carniceria/Granja_C),27319392705,0,MOVER A MASTER Y MARCAR DELETED
GEO_2098,1357,Polleria Belgrano 2 (Carniceria/Granja_C),27319392705,0,102964,Polleria Belgrano 2 (Carniceria/Granja_C),27319392705,0,MOVER A MASTER Y MARCAR DELETED
GEO_2099,306,DESPENSA ALEN (Almacen/Despensa_B),27-20124336-5,0,5567,DESPENSA ALEN (Almacen/Despensa_B),27-20124336-5,0,MOVER A MASTER Y MARCAR DELETED
GEO_2099,306,DESPENSA ALEN (Almacen/Despensa_B),27-20124336-5,0,101814,DESPENSA ALEN (Almacen/Despensa_B),27-20124336-5,0,MOVER A MASTER Y MARCAR DELETED
GEO_2100,312,POLLERIA MORENO (Carniceria/Granja_B),20-18161157-0,0,5573,POLLERIA MORENO (Carniceria/Granja_B),20-18161157-0,0,MOVER A MASTER Y MARCAR DELETED
GEO_2100,312,POLLERIA MORENO (Carniceria/Granja_B),20-18161157-0,0,101820,POLLERIA MORENO (Carniceria/Granja_B),20-18161157-0,0,MOVER A MASTER Y MARCAR DELETED
GEO_2101,312,POLLERIA MORENO (Carniceria/Granja_B),20-18161157-0,0,5573,POLLERIA MORENO (Carniceria/Granja_B),20-18161157-0,0,MOVER A MASTER Y MARCAR DELETED
GEO_2101,312,POLLERIA MORENO (Carniceria/Granja_B),20-18161157-0,0,101820,POLLERIA MORENO (Carniceria/Granja_B),20-18161157-0,0,MOVER A MASTER Y MARCAR DELETED
GEO_2102,316,DESPENSA CRISTINA (Almacen/Despensa_C),27-17336826-2,0,5577,DESPENSA CRISTINA (Almacen/Despensa_C),27-17336826-2,0,MOVER A MASTER Y MARCAR DELETED
GEO_2102,316,DESPENSA CRISTINA (Almacen/Despensa_C),27-17336826-2,0,101824,DESPENSA CRISTINA (Almacen/Despensa_C),27-17336826-2,0,MOVER A MASTER Y MARCAR DELETED
GEO_2103,316,DESPENSA CRISTINA (Almacen/Despensa_C),27-17336826-2,0,5577,DESPENSA CRISTINA (Almacen/Despensa_C),27-17336826-2,0,MOVER A MASTER Y MARCAR DELETED
GEO_2103,316,DESPENSA CRISTINA (Almacen/Despensa_C),27-17336826-2,0,101824,DESPENSA CRISTINA (Almacen/Despensa_C),27-17336826-2,0,MOVER A MASTER Y MARCAR DELETED
GEO_2104,316,DESPENSA CRISTINA (Almacen/Despensa_C),27-17336826-2,0,5577,DESPENSA CRISTINA (Almacen/Despensa_C),27-17336826-2,0,MOVER A MASTER Y MARCAR DELETED
GEO_2104,316,DESPENSA CRISTINA (Almacen/Despensa_C),27-17336826-2,0,101824,DESPENSA CRISTINA (Almacen/Despensa_C),27-17336826-2,0,MOVER A MASTER Y MARCAR DELETED
GEO_2105,683,Despensa El Gringo (Almacen/Despensa_P),20-30134202-1,0,5475,Despensa El Gringo (Almacen/Despensa_P),20-30134202-1,0,MOVER A MASTER Y MARCAR DELETED
GEO_2105,683,Despensa El Gringo (Almacen/Despensa_P),20-30134202-1,0,102253,Despensa El Gringo (Almacen/Despensa_P),20-30134202-1,0,MOVER A MASTER Y MARCAR DELETED
GEO_2106,322,DESPENSA LA PASADITA (Almacen/Despensa_C),27-17995191-1,0,5583,DESPENSA LA PASADITA (Almacen/Despensa_C),27-17995191-1,0,MOVER A MASTER Y MARCAR DELETED
GEO_2106,322,DESPENSA LA PASADITA (Almacen/Despensa_C),27-17995191-1,0,101829,DESPENSA LA PASADITA (Almacen/Despensa_C),27-17995191-1,0,MOVER A MASTER Y MARCAR DELETED
GEO_2107,695,lelu 2 (Almacen/Despensa_C),27-95456037-1,0,5463,lelu 2 (Almacen/Despensa_C),27-95456037-1,0,MOVER A MASTER Y MARCAR DELETED
GEO_2107,695,lelu 2 (Almacen/Despensa_C),27-95456037-1,0,102240,lelu 2 (Almacen/Despensa_C),27-95456037-1,0,MOVER A MASTER Y MARCAR DELETED
GEO_2108,695,lelu 2 (Almacen/Despensa_C),27-95456037-1,0,5463,lelu 2 (Almacen/Despensa_C),27-95456037-1,0,MOVER A MASTER Y MARCAR DELETED
GEO_2108,695,lelu 2 (Almacen/Despensa_C),27-95456037-1,0,102240,lelu 2 (Almacen/Despensa_C),27-95456037-1,0,MOVER A MASTER Y MARCAR DELETED
GEO_2109,531,Amancay (Kiosco/Maxikiosco_P),27-34347401-1,0,5329,Amancay (Kiosco/Maxikiosco_P),27-34347401-1,0,MOVER A MASTER Y MARCAR DELETED
GEO_2109,531,Amancay (Kiosco/Maxikiosco_P),27-34347401-1,0,102099,Amancay (Kiosco/Maxikiosco_P),27-34347401-1,0,MOVER A MASTER Y MARCAR DELETED
GEO_2110,531,Amancay (Kiosco/Maxikiosco_P),27-34347401-1,0,5329,Amancay (Kiosco/Maxikiosco_P),27-34347401-1,0,MOVER A MASTER Y MARCAR DELETED
GEO_2110,531,Amancay (Kiosco/Maxikiosco_P),27-34347401-1,0,102099,Amancay (Kiosco/Maxikiosco_P),27-34347401-1,0,MOVER A MASTER Y MARCAR DELETED
GEO_2111,332,DESPENSA LA ERNESTINA (Almacen/Despensa_P),27-27251763-6,0,5560,DESPENSA LA ERNESTINA (Almacen/Despensa_P),27-27251763-6,0,MOVER A MASTER Y MARCAR DELETED
GEO_2111,332,DESPENSA LA ERNESTINA (Almacen/Despensa_P),27-27251763-6,0,101807,DESPENSA LA ERNESTINA (Almacen/Despensa_P),27-27251763-6,0,MOVER A MASTER Y MARCAR DELETED
GEO_2112,333,DESPENSA LA ARAUCARIA (Almacen/Despensa_C),20303916866,0,5561,DESPENSA LA ARAUCARIA (Almacen/Despensa_C),20303916866,0,MOVER A MASTER Y MARCAR DELETED
GEO_2112,333,DESPENSA LA ARAUCARIA (Almacen/Despensa_C),20303916866,0,101808,DESPENSA LA ARAUCARIA (Almacen/Despensa_C),20303916866,0,MOVER A MASTER Y MARCAR DELETED
GEO_2113,333,DESPENSA LA ARAUCARIA (Almacen/Despensa_C),20303916866,0,5561,DESPENSA LA ARAUCARIA (Almacen/Despensa_C),20303916866,0,MOVER A MASTER Y MARCAR DELETED
GEO_2113,333,DESPENSA LA ARAUCARIA (Almacen/Despensa_C),20303916866,0,101808,DESPENSA LA ARAUCARIA (Almacen/Despensa_C),20303916866,0,MOVER A MASTER Y MARCAR DELETED
GEO_2114,432,EL PICOTAZO (Carniceria/Granja_P),30-71228591-1,0,5284,EL PICOTAZO (Carniceria/Granja_P),30-71228591-1,0,MOVER A MASTER Y MARCAR DELETED
GEO_2114,432,EL PICOTAZO (Carniceria/Granja_P),30-71228591-1,0,102051,EL PICOTAZO (Carniceria/Granja_P),30-71228591-1,0,MOVER A MASTER Y MARCAR DELETED
GEO_2115,432,EL PICOTAZO (Carniceria/Granja_P),30-71228591-1,0,5284,EL PICOTAZO (Carniceria/Granja_P),30-71228591-1,0,MOVER A MASTER Y MARCAR DELETED
GEO_2115,432,EL PICOTAZO (Carniceria/Granja_P),30-71228591-1,0,102051,EL PICOTAZO (Carniceria/Granja_P),30-71228591-1,0,MOVER A MASTER Y MARCAR DELETED
GEO_2116,337, LA PERLA (Kiosco/Maxikiosco_B),27-13814821-7,0,5739, LA PERLA (Kiosco/Maxikiosco_B),27-13814821-7,0,MOVER A MASTER Y MARCAR DELETED
GEO_2116,337, LA PERLA (Kiosco/Maxikiosco_B),27-13814821-7,0,101986, LA PERLA (Kiosco/Maxikiosco_B),27-13814821-7,0,MOVER A MASTER Y MARCAR DELETED
GEO_2117,960,DESPENSA JONY (Almacen/Despensa_B),27-40321425-1,0,6230,DESPENSA JONY (Almacen/Despensa_B),27-40321425-1,0,MOVER A MASTER Y MARCAR DELETED
GEO_2117,960,DESPENSA JONY (Almacen/Despensa_B),27-40321425-1,0,102592,DESPENSA JONY (Almacen/Despensa_B),27-40321425-1,0,MOVER A MASTER Y MARCAR DELETED
GEO_2118,419,SUP. TODO 8700 (Cadena Regional_P),30-58348266-7,0,5295,SUP. TODO 8700 (Cadena Regional_P),30-58348266-7,0,MOVER A MASTER Y MARCAR DELETED
GEO_2118,419,SUP. TODO 8700 (Cadena Regional_P),30-58348266-7,0,102062,SUP. TODO 8700 (Cadena Regional_P),30-58348266-7,0,MOVER A MASTER Y MARCAR DELETED
GEO_2119,419,SUP. TODO 8700 (Cadena Regional_P),30-58348266-7,0,5295,SUP. TODO 8700 (Cadena Regional_P),30-58348266-7,0,MOVER A MASTER Y MARCAR DELETED
GEO_2119,419,SUP. TODO 8700 (Cadena Regional_P),30-58348266-7,0,102062,SUP. TODO 8700 (Cadena Regional_P),30-58348266-7,0,MOVER A MASTER Y MARCAR DELETED
GEO_2120,345,KIOSCO EL GITANO (Kiosco/Maxikiosco_C),30-71183386-9,0,5735,KIOSCO EL GITANO (Kiosco/Maxikiosco_C),30-71183386-9,0,MOVER A MASTER Y MARCAR DELETED
GEO_2120,345,KIOSCO EL GITANO (Kiosco/Maxikiosco_C),30-71183386-9,0,101982,KIOSCO EL GITANO (Kiosco/Maxikiosco_C),30-71183386-9,0,MOVER A MASTER Y MARCAR DELETED
GEO_2121,345,KIOSCO EL GITANO (Kiosco/Maxikiosco_C),30-71183386-9,0,5735,KIOSCO EL GITANO (Kiosco/Maxikiosco_C),30-71183386-9,0,MOVER A MASTER Y MARCAR DELETED
GEO_2121,345,KIOSCO EL GITANO (Kiosco/Maxikiosco_C),30-71183386-9,0,101982,KIOSCO EL GITANO (Kiosco/Maxikiosco_C),30-71183386-9,0,MOVER A MASTER Y MARCAR DELETED
GEO_2122,705,CARNICERIA HECTOR (Almacen/Despensa_B),20-32850724-3,0,5488,CARNICERIA HECTOR (Almacen/Despensa_B),20-32850724-3,0,MOVER A MASTER Y MARCAR DELETED
GEO_2122,705,CARNICERIA HECTOR (Almacen/Despensa_B),20-32850724-3,0,102267,CARNICERIA HECTOR (Almacen/Despensa_B),20-32850724-3,0,MOVER A MASTER Y MARCAR DELETED
GEO_2123,1335,EL FUTURO (Almacen/Despensa_A),27401123860,0,6331,EL FUTURO (Almacen/Despensa_A),27401123860,0,MOVER A MASTER Y MARCAR DELETED
GEO_2123,1335,EL FUTURO (Almacen/Despensa_A),27401123860,0,102990,EL FUTURO (Almacen/Despensa_A),27401123860,0,MOVER A MASTER Y MARCAR DELETED
GEO_2124,349,DESPENSA YEMITO (Almacen/Despensa_C),27-92469037-8,0,5727,DESPENSA YEMITO (Almacen/Despensa_C),27-92469037-8,0,MOVER A MASTER Y MARCAR DELETED
GEO_2124,349,DESPENSA YEMITO (Almacen/Despensa_C),27-92469037-8,0,101974,DESPENSA YEMITO (Almacen/Despensa_C),27-92469037-8,0,MOVER A MASTER Y MARCAR DELETED
GEO_2125,349,DESPENSA YEMITO (Almacen/Despensa_C),27-92469037-8,0,5727,DESPENSA YEMITO (Almacen/Despensa_C),27-92469037-8,0,MOVER A MASTER Y MARCAR DELETED
GEO_2125,349,DESPENSA YEMITO (Almacen/Despensa_C),27-92469037-8,0,101974,DESPENSA YEMITO (Almacen/Despensa_C),27-92469037-8,0,MOVER A MASTER Y MARCAR DELETED
GEO_2126,349,DESPENSA YEMITO (Almacen/Despensa_C),27-92469037-8,0,5727,DESPENSA YEMITO (Almacen/Despensa_C),27-92469037-8,0,MOVER A MASTER Y MARCAR DELETED
GEO_2126,349,DESPENSA YEMITO (Almacen/Despensa_C),27-92469037-8,0,101974,DESPENSA YEMITO (Almacen/Despensa_C),27-92469037-8,0,MOVER A MASTER Y MARCAR DELETED
GEO_2127,1083,OMA (Almacen/Despensa_C),20-24683215-4,0,6156,OMA (Almacen/Despensa_C),20-24683215-4,0,MOVER A MASTER Y MARCAR DELETED
GEO_2127,1083,OMA (Almacen/Despensa_C),20-24683215-4,0,102662,OMA (Almacen/Despensa_C),20-24683215-4,0,MOVER A MASTER Y MARCAR DELETED
GEO_2128,355,DESPENSA ALIPUE (Almacen/Despensa_B),20343474971,0,5721,DESPENSA ALIPUE (Almacen/Despensa_B),20343474971,0,MOVER A MASTER Y MARCAR DELETED
GEO_2128,355,DESPENSA ALIPUE (Almacen/Despensa_B),20343474971,0,101968,DESPENSA ALIPUE (Almacen/Despensa_B),20343474971,0,MOVER A MASTER Y MARCAR DELETED
GEO_2129,397,DESPENSA NICK Y TOM (Almacen/Despensa_B),20-21173644-6,0,5679,DESPENSA NICK Y TOM (Almacen/Despensa_B),20-21173644-6,0,MOVER A MASTER Y MARCAR DELETED
GEO_2129,397,DESPENSA NICK Y TOM (Almacen/Despensa_B),20-21173644-6,0,101926,DESPENSA NICK Y TOM (Almacen/Despensa_B),20-21173644-6,0,MOVER A MASTER Y MARCAR DELETED
GEO_2130,397,DESPENSA NICK Y TOM (Almacen/Despensa_B),20-21173644-6,0,5679,DESPENSA NICK Y TOM (Almacen/Despensa_B),20-21173644-6,0,MOVER A MASTER Y MARCAR DELETED
GEO_2130,397,DESPENSA NICK Y TOM (Almacen/Despensa_B),20-21173644-6,0,101926,DESPENSA NICK Y TOM (Almacen/Despensa_B),20-21173644-6,0,MOVER A MASTER Y MARCAR DELETED
GEO_2131,949,LA PAPA 9 DE JULIO  (Almacen/Despensa_P),30717650421,0,6217,LA PAPA 9 DE JULIO  (Almacen/Despensa_P),30717650421,0,MOVER A MASTER Y MARCAR DELETED
GEO_2131,949,LA PAPA 9 DE JULIO  (Almacen/Despensa_P),30717650421,0,102600,LA PAPA 9 DE JULIO  (Almacen/Despensa_P),30717650421,0,MOVER A MASTER Y MARCAR DELETED
GEO_2132,359, DESPENSA EL CHACAL (Almacen/Despensa_C),27-20305821-2,0,5719, DESPENSA EL CHACAL (Almacen/Despensa_C),27-20305821-2,0,MOVER A MASTER Y MARCAR DELETED
GEO_2132,359, DESPENSA EL CHACAL (Almacen/Despensa_C),27-20305821-2,0,101966, DESPENSA EL CHACAL (Almacen/Despensa_C),27-20305821-2,0,MOVER A MASTER Y MARCAR DELETED
GEO_2133,359, DESPENSA EL CHACAL (Almacen/Despensa_C),27-20305821-2,0,5719, DESPENSA EL CHACAL (Almacen/Despensa_C),27-20305821-2,0,MOVER A MASTER Y MARCAR DELETED
GEO_2133,359, DESPENSA EL CHACAL (Almacen/Despensa_C),27-20305821-2,0,101966, DESPENSA EL CHACAL (Almacen/Despensa_C),27-20305821-2,0,MOVER A MASTER Y MARCAR DELETED
GEO_2134,359, DESPENSA EL CHACAL (Almacen/Despensa_C),27-20305821-2,0,5719, DESPENSA EL CHACAL (Almacen/Despensa_C),27-20305821-2,0,MOVER A MASTER Y MARCAR DELETED
GEO_2134,359, DESPENSA EL CHACAL (Almacen/Despensa_C),27-20305821-2,0,101966, DESPENSA EL CHACAL (Almacen/Despensa_C),27-20305821-2,0,MOVER A MASTER Y MARCAR DELETED
GEO_2135,363,AY AY AY (Kiosco/Maxikiosco_A),30-71630713-8,0,5717,AY AY AY (Kiosco/Maxikiosco_A),30-71630713-8,0,MOVER A MASTER Y MARCAR DELETED
GEO_2135,363,AY AY AY (Kiosco/Maxikiosco_A),30-71630713-8,0,101964,AY AY AY (Kiosco/Maxikiosco_A),30-71630713-8,0,MOVER A MASTER Y MARCAR DELETED
GEO_2136,364,HORA LIBRE (Kiosco/Maxikiosco_C),27-27255562-7,0,5712,HORA LIBRE (Kiosco/Maxikiosco_C),27-27255562-7,0,MOVER A MASTER Y MARCAR DELETED
GEO_2136,364,HORA LIBRE (Kiosco/Maxikiosco_C),27-27255562-7,0,101959,HORA LIBRE (Kiosco/Maxikiosco_C),27-27255562-7,0,MOVER A MASTER Y MARCAR DELETED
GEO_2137,370,MULTIRUBRO EL YUGO (Almacen/Despensa_A),23-17451419-4,0,5709,MULTIRUBRO EL YUGO (Almacen/Despensa_A),23-17451419-4,0,MOVER A MASTER Y MARCAR DELETED
GEO_2137,370,MULTIRUBRO EL YUGO (Almacen/Despensa_A),23-17451419-4,0,101956,MULTIRUBRO EL YUGO (Almacen/Despensa_A),23-17451419-4,0,MOVER A MASTER Y MARCAR DELETED
GEO_2138,375,MULTIRRUBRO EL MAITEN II (Almacen/Despensa_A),27-18670464-4,0,5705,MULTIRRUBRO EL MAITEN II (Almacen/Despensa_A),27-18670464-4,0,MOVER A MASTER Y MARCAR DELETED
GEO_2138,375,MULTIRRUBRO EL MAITEN II (Almacen/Despensa_A),27-18670464-4,0,101952,MULTIRRUBRO EL MAITEN II (Almacen/Despensa_A),27-18670464-4,0,MOVER A MASTER Y MARCAR DELETED
GEO_2139,376,DESPENSA MAYRA (Almacen/Despensa_B),27-24260018-0,0,5700,DESPENSA MAYRA (Almacen/Despensa_B),27-24260018-0,0,MOVER A MASTER Y MARCAR DELETED
GEO_2139,376,DESPENSA MAYRA (Almacen/Despensa_B),27-24260018-0,0,101947,DESPENSA MAYRA (Almacen/Despensa_B),27-24260018-0,0,MOVER A MASTER Y MARCAR DELETED
GEO_2140,465,EL NUEVO GIGANTE (Autoservicio Tradicional_A),30717708500,0,5641,EL NUEVO GIGANTE (Autoservicio Tradicional_A),30717708500,0,MOVER A MASTER Y MARCAR DELETED
GEO_2140,465,EL NUEVO GIGANTE (Autoservicio Tradicional_A),30717708500,0,102018,EL NUEVO GIGANTE (Autoservicio Tradicional_A),30717708500,0,MOVER A MASTER Y MARCAR DELETED
GEO_2141,465,EL NUEVO GIGANTE (Autoservicio Tradicional_A),30717708500,0,5641,EL NUEVO GIGANTE (Autoservicio Tradicional_A),30717708500,0,MOVER A MASTER Y MARCAR DELETED
GEO_2141,465,EL NUEVO GIGANTE (Autoservicio Tradicional_A),30717708500,0,102018,EL NUEVO GIGANTE (Autoservicio Tradicional_A),30717708500,0,MOVER A MASTER Y MARCAR DELETED
GEO_2142,465,EL NUEVO GIGANTE (Autoservicio Tradicional_A),30717708500,0,5641,EL NUEVO GIGANTE (Autoservicio Tradicional_A),30717708500,0,MOVER A MASTER Y MARCAR DELETED
GEO_2142,465,EL NUEVO GIGANTE (Autoservicio Tradicional_A),30717708500,0,102018,EL NUEVO GIGANTE (Autoservicio Tradicional_A),30717708500,0,MOVER A MASTER Y MARCAR DELETED
GEO_2143,381,DESPENSA SILVESTRE (Almacen/Despensa_C),27-16053955-6,0,5699,DESPENSA SILVESTRE (Almacen/Despensa_C),27-16053955-6,0,MOVER A MASTER Y MARCAR DELETED
GEO_2143,381,DESPENSA SILVESTRE (Almacen/Despensa_C),27-16053955-6,0,101946,DESPENSA SILVESTRE (Almacen/Despensa_C),27-16053955-6,0,MOVER A MASTER Y MARCAR DELETED
GEO_2144,1330,Boyero Las Victorias (Carniceria/Granja_B),30714843164,0,6312,Boyero Las Victorias (Carniceria/Granja_B),30714843164,0,MOVER A MASTER Y MARCAR DELETED
GEO_2144,1330,Boyero Las Victorias (Carniceria/Granja_B),30714843164,0,102991,Boyero Las Victorias (Carniceria/Granja_B),30714843164,0,MOVER A MASTER Y MARCAR DELETED
GEO_2145,383,KIOSCO LA SOLE (Almacen/Despensa_C),20-26349170-0,0,5695,KIOSCO LA SOLE (Almacen/Despensa_C),20-26349170-0,0,MOVER A MASTER Y MARCAR DELETED
GEO_2145,383,KIOSCO LA SOLE (Almacen/Despensa_C),20-26349170-0,0,101942,KIOSCO LA SOLE (Almacen/Despensa_C),20-26349170-0,0,MOVER A MASTER Y MARCAR DELETED
GEO_2146,384,DESPENSA PATRICIO (Almacen/Despensa_C),20-17095872-2,0,5696,DESPENSA PATRICIO (Almacen/Despensa_C),20-17095872-2,0,MOVER A MASTER Y MARCAR DELETED
GEO_2146,384,DESPENSA PATRICIO (Almacen/Despensa_C),20-17095872-2,0,101943,DESPENSA PATRICIO (Almacen/Despensa_C),20-17095872-2,0,MOVER A MASTER Y MARCAR DELETED
GEO_2147,707,Despensa BYS (Almacen/Despensa_A),27424481985,0,5454,Despensa BYS (Almacen/Despensa_A),27424481985,0,MOVER A MASTER Y MARCAR DELETED
GEO_2147,707,Despensa BYS (Almacen/Despensa_A),27424481985,0,102231,Despensa BYS (Almacen/Despensa_A),27424481985,0,MOVER A MASTER Y MARCAR DELETED
GEO_2148,707,Despensa BYS (Almacen/Despensa_A),27424481985,0,5454,Despensa BYS (Almacen/Despensa_A),27424481985,0,MOVER A MASTER Y MARCAR DELETED
GEO_2148,707,Despensa BYS (Almacen/Despensa_A),27424481985,0,102231,Despensa BYS (Almacen/Despensa_A),27424481985,0,MOVER A MASTER Y MARCAR DELETED
GEO_2149,1011,VERDULERIA LA RUTA (Almacen/Despensa_C),30-99911258-3,0,6197,VERDULERIA LA RUTA (Almacen/Despensa_C),30-99911258-3,0,MOVER A MASTER Y MARCAR DELETED
GEO_2149,1011,VERDULERIA LA RUTA (Almacen/Despensa_C),30-99911258-3,0,102622,VERDULERIA LA RUTA (Almacen/Despensa_C),30-99911258-3,0,MOVER A MASTER Y MARCAR DELETED
GEO_2150,389,LA CABANITA DESPENSA (Almacen/Despensa_A),20-30753396-1,0,5689,LA CABANITA DESPENSA (Almacen/Despensa_A),20-30753396-1,0,MOVER A MASTER Y MARCAR DELETED
GEO_2150,389,LA CABANITA DESPENSA (Almacen/Despensa_A),20-30753396-1,0,101936,LA CABANITA DESPENSA (Almacen/Despensa_A),20-30753396-1,0,MOVER A MASTER Y MARCAR DELETED
GEO_2151,391,DESPENSA CARLITOS (Almacen/Despensa_C),23-11370879-4,0,5685,DESPENSA CARLITOS (Almacen/Despensa_C),23-11370879-4,0,MOVER A MASTER Y MARCAR DELETED
GEO_2151,391,DESPENSA CARLITOS (Almacen/Despensa_C),23-11370879-4,0,101932,DESPENSA CARLITOS (Almacen/Despensa_C),23-11370879-4,0,MOVER A MASTER Y MARCAR DELETED
GEO_2152,537,DESPENSA NANO (Almacen/Despensa_C),27-17336744-4,0,5323,DESPENSA NANO (Almacen/Despensa_C),27-17336744-4,0,MOVER A MASTER Y MARCAR DELETED
GEO_2152,537,DESPENSA NANO (Almacen/Despensa_C),27-17336744-4,0,102093,DESPENSA NANO (Almacen/Despensa_C),27-17336744-4,0,MOVER A MASTER Y MARCAR DELETED
GEO_2153,394,SHIRDI (Autoservicio Tradicional_P),30-71728058-6,0,5682,SHIRDI (Autoservicio Tradicional_P),30-71728058-6,0,MOVER A MASTER Y MARCAR DELETED
GEO_2153,394,SHIRDI (Autoservicio Tradicional_P),30-71728058-6,0,101929,SHIRDI (Autoservicio Tradicional_P),30-71728058-6,0,MOVER A MASTER Y MARCAR DELETED
GEO_2154,396,EMILIO OVRUM (Kiosco/Maxikiosco_P),20116504929,0,5684,EMILIO OVRUM (Kiosco/Maxikiosco_P),20116504929,0,MOVER A MASTER Y MARCAR DELETED
GEO_2154,396,EMILIO OVRUM (Kiosco/Maxikiosco_P),20116504929,0,101931,EMILIO OVRUM (Kiosco/Maxikiosco_P),20116504929,0,MOVER A MASTER Y MARCAR DELETED
GEO_2155,396,EMILIO OVRUM (Kiosco/Maxikiosco_P),20116504929,0,5684,EMILIO OVRUM (Kiosco/Maxikiosco_P),20116504929,0,MOVER A MASTER Y MARCAR DELETED
GEO_2155,396,EMILIO OVRUM (Kiosco/Maxikiosco_P),20116504929,0,101931,EMILIO OVRUM (Kiosco/Maxikiosco_P),20116504929,0,MOVER A MASTER Y MARCAR DELETED
GEO_2156,1408,El rey (Almacen/Despensa_C),20260815491,0,6518,El rey (Almacen/Despensa_C),20260815491,0,MOVER A MASTER Y MARCAR DELETED
GEO_2156,1408,El rey (Almacen/Despensa_C),20260815491,0,103059,El rey (Almacen/Despensa_C),20260815491,0,MOVER A MASTER Y MARCAR DELETED
GEO_2157,400,MAXI KIOSCO TOMAS (Almacen/Despensa_C),20358186417,0,5676,MAXI KIOSCO TOMAS (Almacen/Despensa_C),20358186417,0,MOVER A MASTER Y MARCAR DELETED
GEO_2157,400,MAXI KIOSCO TOMAS (Almacen/Despensa_C),20358186417,0,101923,MAXI KIOSCO TOMAS (Almacen/Despensa_C),20358186417,0,MOVER A MASTER Y MARCAR DELETED
GEO_2158,400,MAXI KIOSCO TOMAS (Almacen/Despensa_C),20358186417,0,5676,MAXI KIOSCO TOMAS (Almacen/Despensa_C),20358186417,0,MOVER A MASTER Y MARCAR DELETED
GEO_2158,400,MAXI KIOSCO TOMAS (Almacen/Despensa_C),20358186417,0,101923,MAXI KIOSCO TOMAS (Almacen/Despensa_C),20358186417,0,MOVER A MASTER Y MARCAR DELETED
GEO_2159,1113,Verduleria Luchito (Resto de Tradicionales_C),23-95434816-4,0,6077,Verduleria Luchito (Resto de Tradicionales_C),23-95434816-4,0,MOVER A MASTER Y MARCAR DELETED
GEO_2159,1113,Verduleria Luchito (Resto de Tradicionales_C),23-95434816-4,0,102746,Verduleria Luchito (Resto de Tradicionales_C),23-95434816-4,0,MOVER A MASTER Y MARCAR DELETED
GEO_2160,584,SUP. TODO FAGNANO (Cadena Regional_B),30-58348266-7,0,5430,SUP. TODO FAGNANO (Cadena Regional_B),30-58348266-7,0,MOVER A MASTER Y MARCAR DELETED
GEO_2160,584,SUP. TODO FAGNANO (Cadena Regional_B),30-58348266-7,0,102205,SUP. TODO FAGNANO (Cadena Regional_B),30-58348266-7,0,MOVER A MASTER Y MARCAR DELETED
GEO_2161,584,SUP. TODO FAGNANO (Cadena Regional_B),30-58348266-7,0,5430,SUP. TODO FAGNANO (Cadena Regional_B),30-58348266-7,0,MOVER A MASTER Y MARCAR DELETED
GEO_2161,584,SUP. TODO FAGNANO (Cadena Regional_B),30-58348266-7,0,102205,SUP. TODO FAGNANO (Cadena Regional_B),30-58348266-7,0,MOVER A MASTER Y MARCAR DELETED
GEO_2162,410,CARNICERIA TRES CHANCHITOS (Carniceria/Granja_C),27-32699977-1,0,5746,CARNICERIA TRES CHANCHITOS (Carniceria/Granja_C),27-32699977-1,0,MOVER A MASTER Y MARCAR DELETED
GEO_2162,410,CARNICERIA TRES CHANCHITOS (Carniceria/Granja_C),27-32699977-1,0,101993,CARNICERIA TRES CHANCHITOS (Carniceria/Granja_C),27-32699977-1,0,MOVER A MASTER Y MARCAR DELETED
GEO_2163,412,LOS MAITENES (Almacen/Despensa_B),20-08217105-4,0,5751,LOS MAITENES (Almacen/Despensa_B),20-08217105-4,0,MOVER A MASTER Y MARCAR DELETED
GEO_2163,412,LOS MAITENES (Almacen/Despensa_B),20-08217105-4,0,101998,LOS MAITENES (Almacen/Despensa_B),20-08217105-4,0,MOVER A MASTER Y MARCAR DELETED
GEO_2164,539,KIOSCO PUERTO (Kiosco/Maxikiosco_A),23-28421521-4,0,5319,KIOSCO PUERTO (Kiosco/Maxikiosco_A),23-28421521-4,0,MOVER A MASTER Y MARCAR DELETED
GEO_2164,539,KIOSCO PUERTO (Kiosco/Maxikiosco_A),23-28421521-4,0,102087,KIOSCO PUERTO (Kiosco/Maxikiosco_A),23-28421521-4,0,MOVER A MASTER Y MARCAR DELETED
GEO_2165,539,KIOSCO PUERTO (Kiosco/Maxikiosco_A),23-28421521-4,0,5319,KIOSCO PUERTO (Kiosco/Maxikiosco_A),23-28421521-4,0,MOVER A MASTER Y MARCAR DELETED
GEO_2165,539,KIOSCO PUERTO (Kiosco/Maxikiosco_A),23-28421521-4,0,102087,KIOSCO PUERTO (Kiosco/Maxikiosco_A),23-28421521-4,0,MOVER A MASTER Y MARCAR DELETED
GEO_2166,539,KIOSCO PUERTO (Kiosco/Maxikiosco_A),23-28421521-4,0,5319,KIOSCO PUERTO (Kiosco/Maxikiosco_A),23-28421521-4,0,MOVER A MASTER Y MARCAR DELETED
GEO_2166,539,KIOSCO PUERTO (Kiosco/Maxikiosco_A),23-28421521-4,0,102087,KIOSCO PUERTO (Kiosco/Maxikiosco_A),23-28421521-4,0,MOVER A MASTER Y MARCAR DELETED
GEO_2167,539,KIOSCO PUERTO (Kiosco/Maxikiosco_A),23-28421521-4,0,5319,KIOSCO PUERTO (Kiosco/Maxikiosco_A),23-28421521-4,0,MOVER A MASTER Y MARCAR DELETED
GEO_2167,539,KIOSCO PUERTO (Kiosco/Maxikiosco_A),23-28421521-4,0,102087,KIOSCO PUERTO (Kiosco/Maxikiosco_A),23-28421521-4,0,MOVER A MASTER Y MARCAR DELETED
GEO_2168,418,SUPERMERCADO TODO (VICTORIA) (Cadena Regional_P),30-58348266-7,0,5294,SUPERMERCADO TODO (VICTORIA) (Cadena Regional_P),30-58348266-7,0,MOVER A MASTER Y MARCAR DELETED
GEO_2168,418,SUPERMERCADO TODO (VICTORIA) (Cadena Regional_P),30-58348266-7,0,102061,SUPERMERCADO TODO (VICTORIA) (Cadena Regional_P),30-58348266-7,0,MOVER A MASTER Y MARCAR DELETED
GEO_2169,939,KIOSCO COHIUES (Kiosco/Maxikiosco_C),27-31249155-4,0,6211,KIOSCO COHIUES (Kiosco/Maxikiosco_C),27-31249155-4,0,MOVER A MASTER Y MARCAR DELETED
GEO_2169,939,KIOSCO COHIUES (Kiosco/Maxikiosco_C),27-31249155-4,0,102616,KIOSCO COHIUES (Kiosco/Maxikiosco_C),27-31249155-4,0,MOVER A MASTER Y MARCAR DELETED
GEO_2170,939,KIOSCO COHIUES (Kiosco/Maxikiosco_C),27-31249155-4,0,6211,KIOSCO COHIUES (Kiosco/Maxikiosco_C),27-31249155-4,0,MOVER A MASTER Y MARCAR DELETED
GEO_2170,939,KIOSCO COHIUES (Kiosco/Maxikiosco_C),27-31249155-4,0,102616,KIOSCO COHIUES (Kiosco/Maxikiosco_C),27-31249155-4,0,MOVER A MASTER Y MARCAR DELETED
GEO_2171,939,KIOSCO COHIUES (Kiosco/Maxikiosco_C),27-31249155-4,0,6211,KIOSCO COHIUES (Kiosco/Maxikiosco_C),27-31249155-4,0,MOVER A MASTER Y MARCAR DELETED
GEO_2171,939,KIOSCO COHIUES (Kiosco/Maxikiosco_C),27-31249155-4,0,102616,KIOSCO COHIUES (Kiosco/Maxikiosco_C),27-31249155-4,0,MOVER A MASTER Y MARCAR DELETED
GEO_2172,939,KIOSCO COHIUES (Kiosco/Maxikiosco_C),27-31249155-4,0,6211,KIOSCO COHIUES (Kiosco/Maxikiosco_C),27-31249155-4,0,MOVER A MASTER Y MARCAR DELETED
GEO_2172,939,KIOSCO COHIUES (Kiosco/Maxikiosco_C),27-31249155-4,0,102616,KIOSCO COHIUES (Kiosco/Maxikiosco_C),27-31249155-4,0,MOVER A MASTER Y MARCAR DELETED
GEO_2173,939,KIOSCO COHIUES (Kiosco/Maxikiosco_C),27-31249155-4,0,6211,KIOSCO COHIUES (Kiosco/Maxikiosco_C),27-31249155-4,0,MOVER A MASTER Y MARCAR DELETED
GEO_2173,939,KIOSCO COHIUES (Kiosco/Maxikiosco_C),27-31249155-4,0,102616,KIOSCO COHIUES (Kiosco/Maxikiosco_C),27-31249155-4,0,MOVER A MASTER Y MARCAR DELETED
GEO_2174,426,KIOSCO TERMINAL (Kiosco/Maxikiosco_P),27-16163099-9,0,5290,KIOSCO TERMINAL (Kiosco/Maxikiosco_P),27-16163099-9,0,MOVER A MASTER Y MARCAR DELETED
GEO_2174,426,KIOSCO TERMINAL (Kiosco/Maxikiosco_P),27-16163099-9,0,102057,KIOSCO TERMINAL (Kiosco/Maxikiosco_P),27-16163099-9,0,MOVER A MASTER Y MARCAR DELETED
GEO_2175,486,KIOSCO COLONIA (Kiosco/Maxikiosco_B),20-38091563-5,0,5452,KIOSCO COLONIA (Kiosco/Maxikiosco_B),20-38091563-5,0,MOVER A MASTER Y MARCAR DELETED
GEO_2175,486,KIOSCO COLONIA (Kiosco/Maxikiosco_B),20-38091563-5,0,102228,KIOSCO COLONIA (Kiosco/Maxikiosco_B),20-38091563-5,0,MOVER A MASTER Y MARCAR DELETED
GEO_2176,433,DESPENSA M Y M (Almacen/Despensa_C),27-17336978-1,0,5279,DESPENSA M Y M (Almacen/Despensa_C),27-17336978-1,0,MOVER A MASTER Y MARCAR DELETED
GEO_2176,433,DESPENSA M Y M (Almacen/Despensa_C),27-17336978-1,0,102046,DESPENSA M Y M (Almacen/Despensa_C),27-17336978-1,0,MOVER A MASTER Y MARCAR DELETED
GEO_2177,433,DESPENSA M Y M (Almacen/Despensa_C),27-17336978-1,0,5279,DESPENSA M Y M (Almacen/Despensa_C),27-17336978-1,0,MOVER A MASTER Y MARCAR DELETED
GEO_2177,433,DESPENSA M Y M (Almacen/Despensa_C),27-17336978-1,0,102046,DESPENSA M Y M (Almacen/Despensa_C),27-17336978-1,0,MOVER A MASTER Y MARCAR DELETED
GEO_2178,436,DESPENSA EL GAUCHO (Almacen/Despensa_P),20-36353278-1,0,5276,DESPENSA EL GAUCHO (Almacen/Despensa_P),20-36353278-1,0,MOVER A MASTER Y MARCAR DELETED
GEO_2178,436,DESPENSA EL GAUCHO (Almacen/Despensa_P),20-36353278-1,0,102043,DESPENSA EL GAUCHO (Almacen/Despensa_P),20-36353278-1,0,MOVER A MASTER Y MARCAR DELETED
GEO_2179,672,Aime 2 (Autoservicio Tradicional_C),20-28812191-6,0,1695,aimé 3 (Almacen/Despensa_C),20-28812191-6,0,MOVER A MASTER Y MARCAR DELETED
GEO_2179,672,Aime 2 (Autoservicio Tradicional_C),20-28812191-6,0,6924,aimé 3 (Almacen/Despensa_C),20-28812191-6,0,MOVER A MASTER Y MARCAR DELETED
GEO_2179,672,Aime 2 (Autoservicio Tradicional_C),20-28812191-6,0,5491,Aime 2 (Autoservicio Tradicional_C),20-28812191-6,0,MOVER A MASTER Y MARCAR DELETED
GEO_2179,672,Aime 2 (Autoservicio Tradicional_C),20-28812191-6,0,102270,Aime 2 (Autoservicio Tradicional_C),20-28812191-6,0,MOVER A MASTER Y MARCAR DELETED
GEO_2179,672,Aime 2 (Autoservicio Tradicional_C),20-28812191-6,0,102747,aimé 3 (Almacen/Despensa_C),20-28812191-6,0,MOVER A MASTER Y MARCAR DELETED
GEO_2180,672,Aime 2 (Autoservicio Tradicional_C),20-28812191-6,0,1695,aimé 3 (Almacen/Despensa_C),20-28812191-6,0,MOVER A MASTER Y MARCAR DELETED
GEO_2180,672,Aime 2 (Autoservicio Tradicional_C),20-28812191-6,0,6924,aimé 3 (Almacen/Despensa_C),20-28812191-6,0,MOVER A MASTER Y MARCAR DELETED
GEO_2180,672,Aime 2 (Autoservicio Tradicional_C),20-28812191-6,0,5491,Aime 2 (Autoservicio Tradicional_C),20-28812191-6,0,MOVER A MASTER Y MARCAR DELETED
GEO_2180,672,Aime 2 (Autoservicio Tradicional_C),20-28812191-6,0,102270,Aime 2 (Autoservicio Tradicional_C),20-28812191-6,0,MOVER A MASTER Y MARCAR DELETED
GEO_2180,672,Aime 2 (Autoservicio Tradicional_C),20-28812191-6,0,102747,aimé 3 (Almacen/Despensa_C),20-28812191-6,0,MOVER A MASTER Y MARCAR DELETED
GEO_2181,446,NYC (Almacen/Despensa_B),27304739938,0,5749,NYC (Almacen/Despensa_B),27304739938,0,MOVER A MASTER Y MARCAR DELETED
GEO_2181,446,NYC (Almacen/Despensa_B),27304739938,0,101996,NYC (Almacen/Despensa_B),27304739938,0,MOVER A MASTER Y MARCAR DELETED
GEO_2182,446,NYC (Almacen/Despensa_B),27304739938,0,5749,NYC (Almacen/Despensa_B),27304739938,0,MOVER A MASTER Y MARCAR DELETED
GEO_2182,446,NYC (Almacen/Despensa_B),27304739938,0,101996,NYC (Almacen/Despensa_B),27304739938,0,MOVER A MASTER Y MARCAR DELETED
GEO_2183,446,NYC (Almacen/Despensa_B),27304739938,0,5749,NYC (Almacen/Despensa_B),27304739938,0,MOVER A MASTER Y MARCAR DELETED
GEO_2183,446,NYC (Almacen/Despensa_B),27304739938,0,101996,NYC (Almacen/Despensa_B),27304739938,0,MOVER A MASTER Y MARCAR DELETED
GEO_2184,1043,EL DICHO (Almacen/Despensa_B),20-24828519-3,0,6161,EL DICHO (Almacen/Despensa_B),20-24828519-3,0,MOVER A MASTER Y MARCAR DELETED
GEO_2184,1043,EL DICHO (Almacen/Despensa_B),20-24828519-3,0,102667,EL DICHO (Almacen/Despensa_B),20-24828519-3,0,MOVER A MASTER Y MARCAR DELETED
GEO_2185,1333,Picolina (Almacen/Despensa_C),27170616621,0,6329,Picolina (Almacen/Despensa_C),27170616621,0,MOVER A MASTER Y MARCAR DELETED
GEO_2185,1333,Picolina (Almacen/Despensa_C),27170616621,0,102988,Picolina (Almacen/Despensa_C),27170616621,0,MOVER A MASTER Y MARCAR DELETED
GEO_2186,1333,Picolina (Almacen/Despensa_C),27170616621,0,6329,Picolina (Almacen/Despensa_C),27170616621,0,MOVER A MASTER Y MARCAR DELETED
GEO_2186,1333,Picolina (Almacen/Despensa_C),27170616621,0,102988,Picolina (Almacen/Despensa_C),27170616621,0,MOVER A MASTER Y MARCAR DELETED
GEO_2187,1333,Picolina (Almacen/Despensa_C),27170616621,0,6329,Picolina (Almacen/Despensa_C),27170616621,0,MOVER A MASTER Y MARCAR DELETED
GEO_2187,1333,Picolina (Almacen/Despensa_C),27170616621,0,102988,Picolina (Almacen/Despensa_C),27170616621,0,MOVER A MASTER Y MARCAR DELETED
GEO_2188,1333,Picolina (Almacen/Despensa_C),27170616621,0,6329,Picolina (Almacen/Despensa_C),27170616621,0,MOVER A MASTER Y MARCAR DELETED
GEO_2188,1333,Picolina (Almacen/Despensa_C),27170616621,0,102988,Picolina (Almacen/Despensa_C),27170616621,0,MOVER A MASTER Y MARCAR DELETED
GEO_2189,1333,Picolina (Almacen/Despensa_C),27170616621,0,6329,Picolina (Almacen/Despensa_C),27170616621,0,MOVER A MASTER Y MARCAR DELETED
GEO_2189,1333,Picolina (Almacen/Despensa_C),27170616621,0,102988,Picolina (Almacen/Despensa_C),27170616621,0,MOVER A MASTER Y MARCAR DELETED
GEO_2190,743,FIAMBRERIA MARADONA (Almacen/Despensa_P),27-24903887-9,0,5940,FIAMBRERIA MARADONA (Almacen/Despensa_P),27-24903887-9,0,MOVER A MASTER Y MARCAR DELETED
GEO_2190,743,FIAMBRERIA MARADONA (Almacen/Despensa_P),27-24903887-9,0,102352,FIAMBRERIA MARADONA (Almacen/Despensa_P),27-24903887-9,0,MOVER A MASTER Y MARCAR DELETED
GEO_2191,743,FIAMBRERIA MARADONA (Almacen/Despensa_P),27-24903887-9,0,5940,FIAMBRERIA MARADONA (Almacen/Despensa_P),27-24903887-9,0,MOVER A MASTER Y MARCAR DELETED
GEO_2191,743,FIAMBRERIA MARADONA (Almacen/Despensa_P),27-24903887-9,0,102352,FIAMBRERIA MARADONA (Almacen/Despensa_P),27-24903887-9,0,MOVER A MASTER Y MARCAR DELETED
GEO_2192,743,FIAMBRERIA MARADONA (Almacen/Despensa_P),27-24903887-9,0,5940,FIAMBRERIA MARADONA (Almacen/Despensa_P),27-24903887-9,0,MOVER A MASTER Y MARCAR DELETED
GEO_2192,743,FIAMBRERIA MARADONA (Almacen/Despensa_P),27-24903887-9,0,102352,FIAMBRERIA MARADONA (Almacen/Despensa_P),27-24903887-9,0,MOVER A MASTER Y MARCAR DELETED
GEO_2193,476, YPF KM 1 PIONEROS (Estacion de Servicio - YPF_C),30-71514048-5,0,5528, YPF KM 1 PIONEROS (Estacion de Servicio - YPF_C),30-71514048-5,0,MOVER A MASTER Y MARCAR DELETED
GEO_2193,476, YPF KM 1 PIONEROS (Estacion de Servicio - YPF_C),30-71514048-5,0,102005, YPF KM 1 PIONEROS (Estacion de Servicio - YPF_C),30-71514048-5,0,MOVER A MASTER Y MARCAR DELETED
GEO_2194,557,SUP. TODO 3800 (Cadena Regional_A),30-58348266-7,0,5304,SUP. TODO 3800 (Cadena Regional_A),30-58348266-7,0,MOVER A MASTER Y MARCAR DELETED
GEO_2194,557,SUP. TODO 3800 (Cadena Regional_A),30-58348266-7,0,102071,SUP. TODO 3800 (Cadena Regional_A),30-58348266-7,0,MOVER A MASTER Y MARCAR DELETED
GEO_2195,557,SUP. TODO 3800 (Cadena Regional_A),30-58348266-7,0,5304,SUP. TODO 3800 (Cadena Regional_A),30-58348266-7,0,MOVER A MASTER Y MARCAR DELETED
GEO_2195,557,SUP. TODO 3800 (Cadena Regional_A),30-58348266-7,0,102071,SUP. TODO 3800 (Cadena Regional_A),30-58348266-7,0,MOVER A MASTER Y MARCAR DELETED
GEO_2196,557,SUP. TODO 3800 (Cadena Regional_A),30-58348266-7,0,5304,SUP. TODO 3800 (Cadena Regional_A),30-58348266-7,0,MOVER A MASTER Y MARCAR DELETED
GEO_2196,557,SUP. TODO 3800 (Cadena Regional_A),30-58348266-7,0,102071,SUP. TODO 3800 (Cadena Regional_A),30-58348266-7,0,MOVER A MASTER Y MARCAR DELETED
GEO_2197,480,DESPENSA TUKI (Almacen/Despensa_B),27-22743816-4,0,5526,DESPENSA TUKI (Almacen/Despensa_B),27-22743816-4,0,MOVER A MASTER Y MARCAR DELETED
GEO_2197,480,DESPENSA TUKI (Almacen/Despensa_B),27-22743816-4,0,102003,DESPENSA TUKI (Almacen/Despensa_B),27-22743816-4,0,MOVER A MASTER Y MARCAR DELETED
GEO_2198,480,DESPENSA TUKI (Almacen/Despensa_B),27-22743816-4,0,5526,DESPENSA TUKI (Almacen/Despensa_B),27-22743816-4,0,MOVER A MASTER Y MARCAR DELETED
GEO_2198,480,DESPENSA TUKI (Almacen/Despensa_B),27-22743816-4,0,102003,DESPENSA TUKI (Almacen/Despensa_B),27-22743816-4,0,MOVER A MASTER Y MARCAR DELETED
GEO_2199,482,DESPENSA DEL BARRIO Virgen misionera (Almacen/Despensa_B),20-30134449-0,0,5375,DESPENSA DEL BARRIO Virgen misionera (Almacen/Despensa_B),20-30134449-0,0,MOVER A MASTER Y MARCAR DELETED
GEO_2199,482,DESPENSA DEL BARRIO Virgen misionera (Almacen/Despensa_B),20-30134449-0,0,102032,DESPENSA DEL BARRIO Virgen misionera (Almacen/Despensa_B),20-30134449-0,0,MOVER A MASTER Y MARCAR DELETED
GEO_2200,482,DESPENSA DEL BARRIO Virgen misionera (Almacen/Despensa_B),20-30134449-0,0,5375,DESPENSA DEL BARRIO Virgen misionera (Almacen/Despensa_B),20-30134449-0,0,MOVER A MASTER Y MARCAR DELETED
GEO_2200,482,DESPENSA DEL BARRIO Virgen misionera (Almacen/Despensa_B),20-30134449-0,0,102032,DESPENSA DEL BARRIO Virgen misionera (Almacen/Despensa_B),20-30134449-0,0,MOVER A MASTER Y MARCAR DELETED
GEO_2201,609,DESPENSA LA BRUJI (Almacen/Despensa_P),27-22495273-8,0,5407,DESPENSA LA BRUJI (Almacen/Despensa_P),27-22495273-8,0,MOVER A MASTER Y MARCAR DELETED
GEO_2201,609,DESPENSA LA BRUJI (Almacen/Despensa_P),27-22495273-8,0,102180,DESPENSA LA BRUJI (Almacen/Despensa_P),27-22495273-8,0,MOVER A MASTER Y MARCAR DELETED
GEO_2202,609,DESPENSA LA BRUJI (Almacen/Despensa_P),27-22495273-8,0,5407,DESPENSA LA BRUJI (Almacen/Despensa_P),27-22495273-8,0,MOVER A MASTER Y MARCAR DELETED
GEO_2202,609,DESPENSA LA BRUJI (Almacen/Despensa_P),27-22495273-8,0,102180,DESPENSA LA BRUJI (Almacen/Despensa_P),27-22495273-8,0,MOVER A MASTER Y MARCAR DELETED
GEO_2203,609,DESPENSA LA BRUJI (Almacen/Despensa_P),27-22495273-8,0,5407,DESPENSA LA BRUJI (Almacen/Despensa_P),27-22495273-8,0,MOVER A MASTER Y MARCAR DELETED
GEO_2203,609,DESPENSA LA BRUJI (Almacen/Despensa_P),27-22495273-8,0,102180,DESPENSA LA BRUJI (Almacen/Despensa_P),27-22495273-8,0,MOVER A MASTER Y MARCAR DELETED
GEO_2204,609,DESPENSA LA BRUJI (Almacen/Despensa_P),27-22495273-8,0,5407,DESPENSA LA BRUJI (Almacen/Despensa_P),27-22495273-8,0,MOVER A MASTER Y MARCAR DELETED
GEO_2204,609,DESPENSA LA BRUJI (Almacen/Despensa_P),27-22495273-8,0,102180,DESPENSA LA BRUJI (Almacen/Despensa_P),27-22495273-8,0,MOVER A MASTER Y MARCAR DELETED
GEO_2205,541,7 LAGOS (Cadena Regional_B),30-58348266-7,0,5315,7 LAGOS (Cadena Regional_B),30-58348266-7,0,MOVER A MASTER Y MARCAR DELETED
GEO_2205,541,7 LAGOS (Cadena Regional_B),30-58348266-7,0,102083,7 LAGOS (Cadena Regional_B),30-58348266-7,0,MOVER A MASTER Y MARCAR DELETED
GEO_2206,541,7 LAGOS (Cadena Regional_B),30-58348266-7,0,5315,7 LAGOS (Cadena Regional_B),30-58348266-7,0,MOVER A MASTER Y MARCAR DELETED
GEO_2206,541,7 LAGOS (Cadena Regional_B),30-58348266-7,0,102083,7 LAGOS (Cadena Regional_B),30-58348266-7,0,MOVER A MASTER Y MARCAR DELETED
GEO_2207,541,7 LAGOS (Cadena Regional_B),30-58348266-7,0,5315,7 LAGOS (Cadena Regional_B),30-58348266-7,0,MOVER A MASTER Y MARCAR DELETED
GEO_2207,541,7 LAGOS (Cadena Regional_B),30-58348266-7,0,102083,7 LAGOS (Cadena Regional_B),30-58348266-7,0,MOVER A MASTER Y MARCAR DELETED
GEO_2208,541,7 LAGOS (Cadena Regional_B),30-58348266-7,0,5315,7 LAGOS (Cadena Regional_B),30-58348266-7,0,MOVER A MASTER Y MARCAR DELETED
GEO_2208,541,7 LAGOS (Cadena Regional_B),30-58348266-7,0,102083,7 LAGOS (Cadena Regional_B),30-58348266-7,0,MOVER A MASTER Y MARCAR DELETED
GEO_2209,541,7 LAGOS (Cadena Regional_B),30-58348266-7,0,5315,7 LAGOS (Cadena Regional_B),30-58348266-7,0,MOVER A MASTER Y MARCAR DELETED
GEO_2209,541,7 LAGOS (Cadena Regional_B),30-58348266-7,0,102083,7 LAGOS (Cadena Regional_B),30-58348266-7,0,MOVER A MASTER Y MARCAR DELETED
GEO_2210,541,7 LAGOS (Cadena Regional_B),30-58348266-7,0,5315,7 LAGOS (Cadena Regional_B),30-58348266-7,0,MOVER A MASTER Y MARCAR DELETED
GEO_2210,541,7 LAGOS (Cadena Regional_B),30-58348266-7,0,102083,7 LAGOS (Cadena Regional_B),30-58348266-7,0,MOVER A MASTER Y MARCAR DELETED
GEO_2211,541,7 LAGOS (Cadena Regional_B),30-58348266-7,0,5315,7 LAGOS (Cadena Regional_B),30-58348266-7,0,MOVER A MASTER Y MARCAR DELETED
GEO_2211,541,7 LAGOS (Cadena Regional_B),30-58348266-7,0,102083,7 LAGOS (Cadena Regional_B),30-58348266-7,0,MOVER A MASTER Y MARCAR DELETED
GEO_2212,541,7 LAGOS (Cadena Regional_B),30-58348266-7,0,5315,7 LAGOS (Cadena Regional_B),30-58348266-7,0,MOVER A MASTER Y MARCAR DELETED
GEO_2212,541,7 LAGOS (Cadena Regional_B),30-58348266-7,0,102083,7 LAGOS (Cadena Regional_B),30-58348266-7,0,MOVER A MASTER Y MARCAR DELETED
GEO_2213,516,Aca sevicompras (Estacion de Servicio - YPF_P),30-71404651-5,0,5344,Aca sevicompras (Estacion de Servicio - YPF_P),30-71404651-5,0,MOVER A MASTER Y MARCAR DELETED
GEO_2213,516,Aca sevicompras (Estacion de Servicio - YPF_P),30-71404651-5,0,102115,Aca sevicompras (Estacion de Servicio - YPF_P),30-71404651-5,0,MOVER A MASTER Y MARCAR DELETED
GEO_2214,516,Aca sevicompras (Estacion de Servicio - YPF_P),30-71404651-5,0,5344,Aca sevicompras (Estacion de Servicio - YPF_P),30-71404651-5,0,MOVER A MASTER Y MARCAR DELETED
GEO_2214,516,Aca sevicompras (Estacion de Servicio - YPF_P),30-71404651-5,0,102115,Aca sevicompras (Estacion de Servicio - YPF_P),30-71404651-5,0,MOVER A MASTER Y MARCAR DELETED
GEO_2215,516,Aca sevicompras (Estacion de Servicio - YPF_P),30-71404651-5,0,5344,Aca sevicompras (Estacion de Servicio - YPF_P),30-71404651-5,0,MOVER A MASTER Y MARCAR DELETED
GEO_2215,516,Aca sevicompras (Estacion de Servicio - YPF_P),30-71404651-5,0,102115,Aca sevicompras (Estacion de Servicio - YPF_P),30-71404651-5,0,MOVER A MASTER Y MARCAR DELETED
GEO_2216,515,RE LINDO (Almacen/Despensa_B),23172826709,0,5343,RE LINDO (Almacen/Despensa_B),23172826709,0,MOVER A MASTER Y MARCAR DELETED
GEO_2216,515,RE LINDO (Almacen/Despensa_B),23172826709,0,102114,RE LINDO (Almacen/Despensa_B),23172826709,0,MOVER A MASTER Y MARCAR DELETED
GEO_2217,511,TUKY (Almacen/Despensa_C),20-31515464-3,0,5345,TUKY (Almacen/Despensa_C),20-31515464-3,0,MOVER A MASTER Y MARCAR DELETED
GEO_2217,511,TUKY (Almacen/Despensa_C),20-31515464-3,0,102116,TUKY (Almacen/Despensa_C),20-31515464-3,0,MOVER A MASTER Y MARCAR DELETED
GEO_2218,511,TUKY (Almacen/Despensa_C),20-31515464-3,0,5345,TUKY (Almacen/Despensa_C),20-31515464-3,0,MOVER A MASTER Y MARCAR DELETED
GEO_2218,511,TUKY (Almacen/Despensa_C),20-31515464-3,0,102116,TUKY (Almacen/Despensa_C),20-31515464-3,0,MOVER A MASTER Y MARCAR DELETED
GEO_2219,513,El vasco (Almacen/Despensa_P),20-22909630-4,0,5347,El vasco (Almacen/Despensa_P),20-22909630-4,0,MOVER A MASTER Y MARCAR DELETED
GEO_2219,513,El vasco (Almacen/Despensa_P),20-22909630-4,0,102118,El vasco (Almacen/Despensa_P),20-22909630-4,0,MOVER A MASTER Y MARCAR DELETED
GEO_2220,514,CACHITO (Almacen/Despensa_C),27-22535549-0,0,5342,CACHITO (Almacen/Despensa_C),27-22535549-0,0,MOVER A MASTER Y MARCAR DELETED
GEO_2220,514,CACHITO (Almacen/Despensa_C),27-22535549-0,0,102113,CACHITO (Almacen/Despensa_C),27-22535549-0,0,MOVER A MASTER Y MARCAR DELETED
GEO_2221,514,CACHITO (Almacen/Despensa_C),27-22535549-0,0,5342,CACHITO (Almacen/Despensa_C),27-22535549-0,0,MOVER A MASTER Y MARCAR DELETED
GEO_2221,514,CACHITO (Almacen/Despensa_C),27-22535549-0,0,102113,CACHITO (Almacen/Despensa_C),27-22535549-0,0,MOVER A MASTER Y MARCAR DELETED
GEO_2222,514,CACHITO (Almacen/Despensa_C),27-22535549-0,0,5342,CACHITO (Almacen/Despensa_C),27-22535549-0,0,MOVER A MASTER Y MARCAR DELETED
GEO_2222,514,CACHITO (Almacen/Despensa_C),27-22535549-0,0,102113,CACHITO (Almacen/Despensa_C),27-22535549-0,0,MOVER A MASTER Y MARCAR DELETED
GEO_2223,514,CACHITO (Almacen/Despensa_C),27-22535549-0,0,5342,CACHITO (Almacen/Despensa_C),27-22535549-0,0,MOVER A MASTER Y MARCAR DELETED
GEO_2223,514,CACHITO (Almacen/Despensa_C),27-22535549-0,0,102113,CACHITO (Almacen/Despensa_C),27-22535549-0,0,MOVER A MASTER Y MARCAR DELETED
GEO_2224,514,CACHITO (Almacen/Despensa_C),27-22535549-0,0,5342,CACHITO (Almacen/Despensa_C),27-22535549-0,0,MOVER A MASTER Y MARCAR DELETED
GEO_2224,514,CACHITO (Almacen/Despensa_C),27-22535549-0,0,102113,CACHITO (Almacen/Despensa_C),27-22535549-0,0,MOVER A MASTER Y MARCAR DELETED
GEO_2225,521,Las fucsias (Autoservicio Tradicional_C),20-23987959-5,0,5340,Las fucsias (Autoservicio Tradicional_C),20-23987959-5,0,MOVER A MASTER Y MARCAR DELETED
GEO_2225,521,Las fucsias (Autoservicio Tradicional_C),20-23987959-5,0,102110,Las fucsias (Autoservicio Tradicional_C),20-23987959-5,0,MOVER A MASTER Y MARCAR DELETED
GEO_2226,521,Las fucsias (Autoservicio Tradicional_C),20-23987959-5,0,5340,Las fucsias (Autoservicio Tradicional_C),20-23987959-5,0,MOVER A MASTER Y MARCAR DELETED
GEO_2226,521,Las fucsias (Autoservicio Tradicional_C),20-23987959-5,0,102110,Las fucsias (Autoservicio Tradicional_C),20-23987959-5,0,MOVER A MASTER Y MARCAR DELETED
GEO_2227,521,Las fucsias (Autoservicio Tradicional_C),20-23987959-5,0,5340,Las fucsias (Autoservicio Tradicional_C),20-23987959-5,0,MOVER A MASTER Y MARCAR DELETED
GEO_2227,521,Las fucsias (Autoservicio Tradicional_C),20-23987959-5,0,102110,Las fucsias (Autoservicio Tradicional_C),20-23987959-5,0,MOVER A MASTER Y MARCAR DELETED
GEO_2228,521,Las fucsias (Autoservicio Tradicional_C),20-23987959-5,0,5340,Las fucsias (Autoservicio Tradicional_C),20-23987959-5,0,MOVER A MASTER Y MARCAR DELETED
GEO_2228,521,Las fucsias (Autoservicio Tradicional_C),20-23987959-5,0,102110,Las fucsias (Autoservicio Tradicional_C),20-23987959-5,0,MOVER A MASTER Y MARCAR DELETED
GEO_2229,521,Las fucsias (Autoservicio Tradicional_C),20-23987959-5,0,5340,Las fucsias (Autoservicio Tradicional_C),20-23987959-5,0,MOVER A MASTER Y MARCAR DELETED
GEO_2229,521,Las fucsias (Autoservicio Tradicional_C),20-23987959-5,0,102110,Las fucsias (Autoservicio Tradicional_C),20-23987959-5,0,MOVER A MASTER Y MARCAR DELETED
GEO_2230,521,Las fucsias (Autoservicio Tradicional_C),20-23987959-5,0,5340,Las fucsias (Autoservicio Tradicional_C),20-23987959-5,0,MOVER A MASTER Y MARCAR DELETED
GEO_2230,521,Las fucsias (Autoservicio Tradicional_C),20-23987959-5,0,102110,Las fucsias (Autoservicio Tradicional_C),20-23987959-5,0,MOVER A MASTER Y MARCAR DELETED
GEO_2231,583,G Z CYBER (Kiosco/Maxikiosco_P),20-32574837-1,0,5429,G Z CYBER (Kiosco/Maxikiosco_P),20-32574837-1,0,MOVER A MASTER Y MARCAR DELETED
GEO_2231,583,G Z CYBER (Kiosco/Maxikiosco_P),20-32574837-1,0,102204,G Z CYBER (Kiosco/Maxikiosco_P),20-32574837-1,0,MOVER A MASTER Y MARCAR DELETED
GEO_2232,1721,DESP. MIA (Almacen/Despensa_C),27-32574364-1,0,6959,DESP. MIA (Almacen/Despensa_C),27-32574364-1,0,MOVER A MASTER Y MARCAR DELETED
GEO_2232,1721,DESP. MIA (Almacen/Despensa_C),27-32574364-1,0,102201,DESP. MIA (Almacen/Despensa_C),27-32574364-1,0,MOVER A MASTER Y MARCAR DELETED
GEO_2233,1721,DESP. MIA (Almacen/Despensa_C),27-32574364-1,0,6959,DESP. MIA (Almacen/Despensa_C),27-32574364-1,0,MOVER A MASTER Y MARCAR DELETED
GEO_2233,1721,DESP. MIA (Almacen/Despensa_C),27-32574364-1,0,102201,DESP. MIA (Almacen/Despensa_C),27-32574364-1,0,MOVER A MASTER Y MARCAR DELETED
GEO_2234,1721,DESP. MIA (Almacen/Despensa_C),27-32574364-1,0,6959,DESP. MIA (Almacen/Despensa_C),27-32574364-1,0,MOVER A MASTER Y MARCAR DELETED
GEO_2234,1721,DESP. MIA (Almacen/Despensa_C),27-32574364-1,0,102201,DESP. MIA (Almacen/Despensa_C),27-32574364-1,0,MOVER A MASTER Y MARCAR DELETED
GEO_2235,542,SUPERMERCADOS TODO ARRAYANES (Cadena Regional_P),30-58348266-7,0,5316,SUPERMERCADOS TODO ARRAYANES (Cadena Regional_P),30-58348266-7,0,MOVER A MASTER Y MARCAR DELETED
GEO_2235,542,SUPERMERCADOS TODO ARRAYANES (Cadena Regional_P),30-58348266-7,0,102084,SUPERMERCADOS TODO ARRAYANES (Cadena Regional_P),30-58348266-7,0,MOVER A MASTER Y MARCAR DELETED
GEO_2236,542,SUPERMERCADOS TODO ARRAYANES (Cadena Regional_P),30-58348266-7,0,5316,SUPERMERCADOS TODO ARRAYANES (Cadena Regional_P),30-58348266-7,0,MOVER A MASTER Y MARCAR DELETED
GEO_2236,542,SUPERMERCADOS TODO ARRAYANES (Cadena Regional_P),30-58348266-7,0,102084,SUPERMERCADOS TODO ARRAYANES (Cadena Regional_P),30-58348266-7,0,MOVER A MASTER Y MARCAR DELETED
GEO_2237,542,SUPERMERCADOS TODO ARRAYANES (Cadena Regional_P),30-58348266-7,0,5316,SUPERMERCADOS TODO ARRAYANES (Cadena Regional_P),30-58348266-7,0,MOVER A MASTER Y MARCAR DELETED
GEO_2237,542,SUPERMERCADOS TODO ARRAYANES (Cadena Regional_P),30-58348266-7,0,102084,SUPERMERCADOS TODO ARRAYANES (Cadena Regional_P),30-58348266-7,0,MOVER A MASTER Y MARCAR DELETED
GEO_2238,546,PETIT HOTEL (Resto de On Premise_B),20-30979867-9,0,5314,PETIT HOTEL (Resto de On Premise_B),20-30979867-9,0,MOVER A MASTER Y MARCAR DELETED
GEO_2238,546,PETIT HOTEL (Resto de On Premise_B),20-30979867-9,0,102081,PETIT HOTEL (Resto de On Premise_B),20-30979867-9,0,MOVER A MASTER Y MARCAR DELETED
GEO_2239,550,PEPSICO DE ARGENTINA SRL (Resto de Tradicionales_C),30-53764771-6,0,5306,PEPSICO DE ARGENTINA SRL (Resto de Tradicionales_C),30-53764771-6,0,MOVER A MASTER Y MARCAR DELETED
GEO_2239,550,PEPSICO DE ARGENTINA SRL (Resto de Tradicionales_C),30-53764771-6,0,102073,PEPSICO DE ARGENTINA SRL (Resto de Tradicionales_C),30-53764771-6,0,MOVER A MASTER Y MARCAR DELETED
GEO_2240,550,PEPSICO DE ARGENTINA SRL (Resto de Tradicionales_C),30-53764771-6,0,5306,PEPSICO DE ARGENTINA SRL (Resto de Tradicionales_C),30-53764771-6,0,MOVER A MASTER Y MARCAR DELETED
GEO_2240,550,PEPSICO DE ARGENTINA SRL (Resto de Tradicionales_C),30-53764771-6,0,102073,PEPSICO DE ARGENTINA SRL (Resto de Tradicionales_C),30-53764771-6,0,MOVER A MASTER Y MARCAR DELETED
GEO_2241,550,PEPSICO DE ARGENTINA SRL (Resto de Tradicionales_C),30-53764771-6,0,5306,PEPSICO DE ARGENTINA SRL (Resto de Tradicionales_C),30-53764771-6,0,MOVER A MASTER Y MARCAR DELETED
GEO_2241,550,PEPSICO DE ARGENTINA SRL (Resto de Tradicionales_C),30-53764771-6,0,102073,PEPSICO DE ARGENTINA SRL (Resto de Tradicionales_C),30-53764771-6,0,MOVER A MASTER Y MARCAR DELETED
GEO_2242,553,KIOSCO IKLAND (Kiosco/Maxikiosco_P),20-18800941-8,0,5336,KIOSCO IKLAND (Kiosco/Maxikiosco_P),20-18800941-8,0,MOVER A MASTER Y MARCAR DELETED
GEO_2242,553,KIOSCO IKLAND (Kiosco/Maxikiosco_P),20-18800941-8,0,102106,KIOSCO IKLAND (Kiosco/Maxikiosco_P),20-18800941-8,0,MOVER A MASTER Y MARCAR DELETED
GEO_2243,554,AYELEN HUE (Kiosco/Maxikiosco_C),30718501489,0,5337,AYELEN HUE (Kiosco/Maxikiosco_C),30718501489,0,MOVER A MASTER Y MARCAR DELETED
GEO_2243,554,AYELEN HUE (Kiosco/Maxikiosco_C),30718501489,0,102107,AYELEN HUE (Kiosco/Maxikiosco_C),30718501489,0,MOVER A MASTER Y MARCAR DELETED
GEO_2244,555,Desp. Camilu (Almacen/Despensa_P),23-22907159-9,0,5338,Desp. Camilu (Almacen/Despensa_P),23-22907159-9,0,MOVER A MASTER Y MARCAR DELETED
GEO_2244,555,Desp. Camilu (Almacen/Despensa_P),23-22907159-9,0,102108,Desp. Camilu (Almacen/Despensa_P),23-22907159-9,0,MOVER A MASTER Y MARCAR DELETED
GEO_2245,555,Desp. Camilu (Almacen/Despensa_P),23-22907159-9,0,5338,Desp. Camilu (Almacen/Despensa_P),23-22907159-9,0,MOVER A MASTER Y MARCAR DELETED
GEO_2245,555,Desp. Camilu (Almacen/Despensa_P),23-22907159-9,0,102108,Desp. Camilu (Almacen/Despensa_P),23-22907159-9,0,MOVER A MASTER Y MARCAR DELETED
GEO_2246,555,Desp. Camilu (Almacen/Despensa_P),23-22907159-9,0,5338,Desp. Camilu (Almacen/Despensa_P),23-22907159-9,0,MOVER A MASTER Y MARCAR DELETED
GEO_2246,555,Desp. Camilu (Almacen/Despensa_P),23-22907159-9,0,102108,Desp. Camilu (Almacen/Despensa_P),23-22907159-9,0,MOVER A MASTER Y MARCAR DELETED
GEO_2247,555,Desp. Camilu (Almacen/Despensa_P),23-22907159-9,0,5338,Desp. Camilu (Almacen/Despensa_P),23-22907159-9,0,MOVER A MASTER Y MARCAR DELETED
GEO_2247,555,Desp. Camilu (Almacen/Despensa_P),23-22907159-9,0,102108,Desp. Camilu (Almacen/Despensa_P),23-22907159-9,0,MOVER A MASTER Y MARCAR DELETED
GEO_2248,555,Desp. Camilu (Almacen/Despensa_P),23-22907159-9,0,5338,Desp. Camilu (Almacen/Despensa_P),23-22907159-9,0,MOVER A MASTER Y MARCAR DELETED
GEO_2248,555,Desp. Camilu (Almacen/Despensa_P),23-22907159-9,0,102108,Desp. Camilu (Almacen/Despensa_P),23-22907159-9,0,MOVER A MASTER Y MARCAR DELETED
GEO_2249,555,Desp. Camilu (Almacen/Despensa_P),23-22907159-9,0,5338,Desp. Camilu (Almacen/Despensa_P),23-22907159-9,0,MOVER A MASTER Y MARCAR DELETED
GEO_2249,555,Desp. Camilu (Almacen/Despensa_P),23-22907159-9,0,102108,Desp. Camilu (Almacen/Despensa_P),23-22907159-9,0,MOVER A MASTER Y MARCAR DELETED
GEO_2250,555,Desp. Camilu (Almacen/Despensa_P),23-22907159-9,0,5338,Desp. Camilu (Almacen/Despensa_P),23-22907159-9,0,MOVER A MASTER Y MARCAR DELETED
GEO_2250,555,Desp. Camilu (Almacen/Despensa_P),23-22907159-9,0,102108,Desp. Camilu (Almacen/Despensa_P),23-22907159-9,0,MOVER A MASTER Y MARCAR DELETED
GEO_2251,563,Desp. La Esquina (Almacen/Despensa_B),27-31244408-4,0,5392,Desp. La Esquina (Almacen/Despensa_B),27-31244408-4,0,MOVER A MASTER Y MARCAR DELETED
GEO_2251,563,Desp. La Esquina (Almacen/Despensa_B),27-31244408-4,0,102154,Desp. La Esquina (Almacen/Despensa_B),27-31244408-4,0,MOVER A MASTER Y MARCAR DELETED
GEO_2252,563,Desp. La Esquina (Almacen/Despensa_B),27-31244408-4,0,5392,Desp. La Esquina (Almacen/Despensa_B),27-31244408-4,0,MOVER A MASTER Y MARCAR DELETED
GEO_2252,563,Desp. La Esquina (Almacen/Despensa_B),27-31244408-4,0,102154,Desp. La Esquina (Almacen/Despensa_B),27-31244408-4,0,MOVER A MASTER Y MARCAR DELETED
GEO_2253,567,EL DIBU MULTIRRUBRO (Almacen/Despensa_C),20190773109,0,5449,EL DIBU MULTIRRUBRO (Almacen/Despensa_C),20190773109,0,MOVER A MASTER Y MARCAR DELETED
GEO_2253,567,EL DIBU MULTIRRUBRO (Almacen/Despensa_C),20190773109,0,102225,EL DIBU MULTIRRUBRO (Almacen/Despensa_C),20190773109,0,MOVER A MASTER Y MARCAR DELETED
GEO_2254,1531,De Ramos Generales El Coiron (Almacen/Despensa_A),33718292269,0,6704,De Ramos Generales El Coiron (Almacen/Despensa_A),33718292269,0,MOVER A MASTER Y MARCAR DELETED
GEO_2254,1531,De Ramos Generales El Coiron (Almacen/Despensa_A),33718292269,0,103127,De Ramos Generales El Coiron (Almacen/Despensa_A),33718292269,0,MOVER A MASTER Y MARCAR DELETED
GEO_2255,1531,De Ramos Generales El Coiron (Almacen/Despensa_A),33718292269,0,6704,De Ramos Generales El Coiron (Almacen/Despensa_A),33718292269,0,MOVER A MASTER Y MARCAR DELETED
GEO_2255,1531,De Ramos Generales El Coiron (Almacen/Despensa_A),33718292269,0,103127,De Ramos Generales El Coiron (Almacen/Despensa_A),33718292269,0,MOVER A MASTER Y MARCAR DELETED
GEO_2256,570,DESPENSA ESTEFANIA (Almacen/Despensa_C),20-38206838-7,0,5446,DESPENSA ESTEFANIA (Almacen/Despensa_C),20-38206838-7,0,MOVER A MASTER Y MARCAR DELETED
GEO_2256,570,DESPENSA ESTEFANIA (Almacen/Despensa_C),20-38206838-7,0,102222,DESPENSA ESTEFANIA (Almacen/Despensa_C),20-38206838-7,0,MOVER A MASTER Y MARCAR DELETED
GEO_2257,572,AUTOSERVICIO PAJARO AZUL (Almacen/Despensa_P),20-39207359-1,0,5442,AUTOSERVICIO PAJARO AZUL (Almacen/Despensa_P),20-39207359-1,0,MOVER A MASTER Y MARCAR DELETED
GEO_2257,572,AUTOSERVICIO PAJARO AZUL (Almacen/Despensa_P),20-39207359-1,0,102218,AUTOSERVICIO PAJARO AZUL (Almacen/Despensa_P),20-39207359-1,0,MOVER A MASTER Y MARCAR DELETED
GEO_2258,572,AUTOSERVICIO PAJARO AZUL (Almacen/Despensa_P),20-39207359-1,0,5442,AUTOSERVICIO PAJARO AZUL (Almacen/Despensa_P),20-39207359-1,0,MOVER A MASTER Y MARCAR DELETED
GEO_2258,572,AUTOSERVICIO PAJARO AZUL (Almacen/Despensa_P),20-39207359-1,0,102218,AUTOSERVICIO PAJARO AZUL (Almacen/Despensa_P),20-39207359-1,0,MOVER A MASTER Y MARCAR DELETED
GEO_2259,1115,Todo tiene su tiempo (Fiambreria_C),23-28812247-4,0,6073,Todo tiene su tiempo (Fiambreria_C),23-28812247-4,0,MOVER A MASTER Y MARCAR DELETED
GEO_2259,1115,Todo tiene su tiempo (Fiambreria_C),23-28812247-4,0,102742,Todo tiene su tiempo (Fiambreria_C),23-28812247-4,0,MOVER A MASTER Y MARCAR DELETED
GEO_2260,1115,Todo tiene su tiempo (Fiambreria_C),23-28812247-4,0,6073,Todo tiene su tiempo (Fiambreria_C),23-28812247-4,0,MOVER A MASTER Y MARCAR DELETED
GEO_2260,1115,Todo tiene su tiempo (Fiambreria_C),23-28812247-4,0,102742,Todo tiene su tiempo (Fiambreria_C),23-28812247-4,0,MOVER A MASTER Y MARCAR DELETED
GEO_2261,577,DOS HERMANOS (Almacen/Despensa_C),27-21566788-5,0,5435,DOS HERMANOS (Almacen/Despensa_C),27-21566788-5,0,MOVER A MASTER Y MARCAR DELETED
GEO_2261,577,DOS HERMANOS (Almacen/Despensa_C),27-21566788-5,0,102210,DOS HERMANOS (Almacen/Despensa_C),27-21566788-5,0,MOVER A MASTER Y MARCAR DELETED
GEO_2262,581,AXION DINA HUAPI (Estacion de Servicio - AXION_P),30-71545817-5,0,5433,AXION DINA HUAPI (Estacion de Servicio - AXION_P),30-71545817-5,0,MOVER A MASTER Y MARCAR DELETED
GEO_2262,581,AXION DINA HUAPI (Estacion de Servicio - AXION_P),30-71545817-5,0,102208,AXION DINA HUAPI (Estacion de Servicio - AXION_P),30-71545817-5,0,MOVER A MASTER Y MARCAR DELETED
GEO_2263,581,AXION DINA HUAPI (Estacion de Servicio - AXION_P),30-71545817-5,0,5433,AXION DINA HUAPI (Estacion de Servicio - AXION_P),30-71545817-5,0,MOVER A MASTER Y MARCAR DELETED
GEO_2263,581,AXION DINA HUAPI (Estacion de Servicio - AXION_P),30-71545817-5,0,102208,AXION DINA HUAPI (Estacion de Servicio - AXION_P),30-71545817-5,0,MOVER A MASTER Y MARCAR DELETED
GEO_2264,581,AXION DINA HUAPI (Estacion de Servicio - AXION_P),30-71545817-5,0,5433,AXION DINA HUAPI (Estacion de Servicio - AXION_P),30-71545817-5,0,MOVER A MASTER Y MARCAR DELETED
GEO_2264,581,AXION DINA HUAPI (Estacion de Servicio - AXION_P),30-71545817-5,0,102208,AXION DINA HUAPI (Estacion de Servicio - AXION_P),30-71545817-5,0,MOVER A MASTER Y MARCAR DELETED
GEO_2265,1303,Verduleria Cata (Almacen/Despensa_C),27408072218,0,6416,Verduleria Cata (Almacen/Despensa_C),27408072218,0,MOVER A MASTER Y MARCAR DELETED
GEO_2265,1303,Verduleria Cata (Almacen/Despensa_C),27408072218,0,102890,Verduleria Cata (Almacen/Despensa_C),27408072218,0,MOVER A MASTER Y MARCAR DELETED
GEO_2266,586,"""LOS RODRIGUEZ"" (Almacen/Despensa_P)",27-40304840-8,0,5426,"""LOS RODRIGUEZ"" (Almacen/Despensa_P)",27-40304840-8,0,MOVER A MASTER Y MARCAR DELETED
GEO_2266,586,"""LOS RODRIGUEZ"" (Almacen/Despensa_P)",27-40304840-8,0,102200,"""LOS RODRIGUEZ"" (Almacen/Despensa_P)",27-40304840-8,0,MOVER A MASTER Y MARCAR DELETED
GEO_2267,586,"""LOS RODRIGUEZ"" (Almacen/Despensa_P)",27-40304840-8,0,5426,"""LOS RODRIGUEZ"" (Almacen/Despensa_P)",27-40304840-8,0,MOVER A MASTER Y MARCAR DELETED
GEO_2267,586,"""LOS RODRIGUEZ"" (Almacen/Despensa_P)",27-40304840-8,0,102200,"""LOS RODRIGUEZ"" (Almacen/Despensa_P)",27-40304840-8,0,MOVER A MASTER Y MARCAR DELETED
GEO_2268,1111,Despensa Javi (Almacen/Despensa_B),20-24260196-4,0,6075,Despensa Javi (Almacen/Despensa_B),20-24260196-4,0,MOVER A MASTER Y MARCAR DELETED
GEO_2268,1111,Despensa Javi (Almacen/Despensa_B),20-24260196-4,0,102744,Despensa Javi (Almacen/Despensa_B),20-24260196-4,0,MOVER A MASTER Y MARCAR DELETED
GEO_2269,1111,Despensa Javi (Almacen/Despensa_B),20-24260196-4,0,6075,Despensa Javi (Almacen/Despensa_B),20-24260196-4,0,MOVER A MASTER Y MARCAR DELETED
GEO_2269,1111,Despensa Javi (Almacen/Despensa_B),20-24260196-4,0,102744,Despensa Javi (Almacen/Despensa_B),20-24260196-4,0,MOVER A MASTER Y MARCAR DELETED
GEO_2270,1111,Despensa Javi (Almacen/Despensa_B),20-24260196-4,0,6075,Despensa Javi (Almacen/Despensa_B),20-24260196-4,0,MOVER A MASTER Y MARCAR DELETED
GEO_2270,1111,Despensa Javi (Almacen/Despensa_B),20-24260196-4,0,102744,Despensa Javi (Almacen/Despensa_B),20-24260196-4,0,MOVER A MASTER Y MARCAR DELETED
GEO_2271,597,LIRAYEN (Almacen/Despensa_A),0,0,5390,LIRAYEN (Almacen/Despensa_A),0,0,MOVER A MASTER Y MARCAR DELETED
GEO_2271,597,LIRAYEN (Almacen/Despensa_A),0,0,102152,LIRAYEN (Almacen/Despensa_A),0,0,MOVER A MASTER Y MARCAR DELETED
GEO_2272,597,LIRAYEN (Almacen/Despensa_A),0,0,5390,LIRAYEN (Almacen/Despensa_A),0,0,MOVER A MASTER Y MARCAR DELETED
GEO_2272,597,LIRAYEN (Almacen/Despensa_A),0,0,102152,LIRAYEN (Almacen/Despensa_A),0,0,MOVER A MASTER Y MARCAR DELETED
GEO_2273,597,LIRAYEN (Almacen/Despensa_A),0,0,5390,LIRAYEN (Almacen/Despensa_A),0,0,MOVER A MASTER Y MARCAR DELETED
GEO_2273,597,LIRAYEN (Almacen/Despensa_A),0,0,102152,LIRAYEN (Almacen/Despensa_A),0,0,MOVER A MASTER Y MARCAR DELETED
GEO_2274,597,LIRAYEN (Almacen/Despensa_A),0,0,5390,LIRAYEN (Almacen/Despensa_A),0,0,MOVER A MASTER Y MARCAR DELETED
GEO_2274,597,LIRAYEN (Almacen/Despensa_A),0,0,102152,LIRAYEN (Almacen/Despensa_A),0,0,MOVER A MASTER Y MARCAR DELETED
GEO_2275,597,LIRAYEN (Almacen/Despensa_A),0,0,5390,LIRAYEN (Almacen/Despensa_A),0,0,MOVER A MASTER Y MARCAR DELETED
GEO_2275,597,LIRAYEN (Almacen/Despensa_A),0,0,102152,LIRAYEN (Almacen/Despensa_A),0,0,MOVER A MASTER Y MARCAR DELETED
GEO_2276,597,LIRAYEN (Almacen/Despensa_A),0,0,5390,LIRAYEN (Almacen/Despensa_A),0,0,MOVER A MASTER Y MARCAR DELETED
GEO_2276,597,LIRAYEN (Almacen/Despensa_A),0,0,102152,LIRAYEN (Almacen/Despensa_A),0,0,MOVER A MASTER Y MARCAR DELETED
GEO_2277,597,LIRAYEN (Almacen/Despensa_A),0,0,5390,LIRAYEN (Almacen/Despensa_A),0,0,MOVER A MASTER Y MARCAR DELETED
GEO_2277,597,LIRAYEN (Almacen/Despensa_A),0,0,102152,LIRAYEN (Almacen/Despensa_A),0,0,MOVER A MASTER Y MARCAR DELETED
GEO_2278,597,LIRAYEN (Almacen/Despensa_A),0,0,5390,LIRAYEN (Almacen/Despensa_A),0,0,MOVER A MASTER Y MARCAR DELETED
GEO_2278,597,LIRAYEN (Almacen/Despensa_A),0,0,102152,LIRAYEN (Almacen/Despensa_A),0,0,MOVER A MASTER Y MARCAR DELETED
GEO_2279,597,LIRAYEN (Almacen/Despensa_A),0,0,5390,LIRAYEN (Almacen/Despensa_A),0,0,MOVER A MASTER Y MARCAR DELETED
GEO_2279,597,LIRAYEN (Almacen/Despensa_A),0,0,102152,LIRAYEN (Almacen/Despensa_A),0,0,MOVER A MASTER Y MARCAR DELETED
GEO_2280,1730,LA BOMBONERA (Autoservicio Tradicional_B),27555555556,0,6967,LA BOMBONERA (Autoservicio Tradicional_B),27555555556,0,MOVER A MASTER Y MARCAR DELETED
GEO_2280,1730,LA BOMBONERA (Autoservicio Tradicional_B),27555555556,0,101799,LA BOMBONERA (Autoservicio Tradicional_B),27555555556,0,MOVER A MASTER Y MARCAR DELETED
GEO_2281,1730,LA BOMBONERA (Autoservicio Tradicional_B),27555555556,0,6967,LA BOMBONERA (Autoservicio Tradicional_B),27555555556,0,MOVER A MASTER Y MARCAR DELETED
GEO_2281,1730,LA BOMBONERA (Autoservicio Tradicional_B),27555555556,0,101799,LA BOMBONERA (Autoservicio Tradicional_B),27555555556,0,MOVER A MASTER Y MARCAR DELETED
GEO_2282,1730,LA BOMBONERA (Autoservicio Tradicional_B),27555555556,0,6967,LA BOMBONERA (Autoservicio Tradicional_B),27555555556,0,MOVER A MASTER Y MARCAR DELETED
GEO_2282,1730,LA BOMBONERA (Autoservicio Tradicional_B),27555555556,0,101799,LA BOMBONERA (Autoservicio Tradicional_B),27555555556,0,MOVER A MASTER Y MARCAR DELETED
GEO_2283,1730,LA BOMBONERA (Autoservicio Tradicional_B),27555555556,0,6967,LA BOMBONERA (Autoservicio Tradicional_B),27555555556,0,MOVER A MASTER Y MARCAR DELETED
GEO_2283,1730,LA BOMBONERA (Autoservicio Tradicional_B),27555555556,0,101799,LA BOMBONERA (Autoservicio Tradicional_B),27555555556,0,MOVER A MASTER Y MARCAR DELETED
GEO_2284,621,EL MAITEN (Almacen/Despensa_C),27-92743203-5,0,5395,EL MAITEN (Almacen/Despensa_C),27-92743203-5,0,MOVER A MASTER Y MARCAR DELETED
GEO_2284,621,EL MAITEN (Almacen/Despensa_C),27-92743203-5,0,102167,EL MAITEN (Almacen/Despensa_C),27-92743203-5,0,MOVER A MASTER Y MARCAR DELETED
GEO_2285,621,EL MAITEN (Almacen/Despensa_C),27-92743203-5,0,5395,EL MAITEN (Almacen/Despensa_C),27-92743203-5,0,MOVER A MASTER Y MARCAR DELETED
GEO_2285,621,EL MAITEN (Almacen/Despensa_C),27-92743203-5,0,102167,EL MAITEN (Almacen/Despensa_C),27-92743203-5,0,MOVER A MASTER Y MARCAR DELETED
GEO_2286,621,EL MAITEN (Almacen/Despensa_C),27-92743203-5,0,5395,EL MAITEN (Almacen/Despensa_C),27-92743203-5,0,MOVER A MASTER Y MARCAR DELETED
GEO_2286,621,EL MAITEN (Almacen/Despensa_C),27-92743203-5,0,102167,EL MAITEN (Almacen/Despensa_C),27-92743203-5,0,MOVER A MASTER Y MARCAR DELETED
GEO_2287,1611,LOS CAUQUENES (Almacen/Despensa_A),20309427131,0,6597,LOS CAUQUENES (Almacen/Despensa_A),20309427131,0,MOVER A MASTER Y MARCAR DELETED
GEO_2287,1611,LOS CAUQUENES (Almacen/Despensa_A),20309427131,0,103250,LOS CAUQUENES (Almacen/Despensa_A),20309427131,0,MOVER A MASTER Y MARCAR DELETED
GEO_2288,637,DESPENSA CUYEIMI (Almacen/Despensa_C),27-14791930-7,0,5988,DESPENSA CUYEIMI (Almacen/Despensa_C),27-14791930-7,0,MOVER A MASTER Y MARCAR DELETED
GEO_2288,637,DESPENSA CUYEIMI (Almacen/Despensa_C),27-14791930-7,0,102300,DESPENSA CUYEIMI (Almacen/Despensa_C),27-14791930-7,0,MOVER A MASTER Y MARCAR DELETED
GEO_2289,649,DOS HERMANOS (Almacen/Despensa_C),20-12098127-8,0,6006,DOS HERMANOS (Almacen/Despensa_C),20-12098127-8,0,MOVER A MASTER Y MARCAR DELETED
GEO_2289,649,DOS HERMANOS (Almacen/Despensa_C),20-12098127-8,0,102287,DOS HERMANOS (Almacen/Despensa_C),20-12098127-8,0,MOVER A MASTER Y MARCAR DELETED
GEO_2290,640,DESPENSA SEIS ESTRELLAS (Almacen/Despensa_C),27-17336794-0,0,5985,DESPENSA SEIS ESTRELLAS (Almacen/Despensa_C),27-17336794-0,0,MOVER A MASTER Y MARCAR DELETED
GEO_2290,640,DESPENSA SEIS ESTRELLAS (Almacen/Despensa_C),27-17336794-0,0,102297,DESPENSA SEIS ESTRELLAS (Almacen/Despensa_C),27-17336794-0,0,MOVER A MASTER Y MARCAR DELETED
GEO_2291,647,DESPENSA EL ESPERANZA (Almacen/Despensa_C),27-25932256-7,0,6010,DESPENSA EL ESPERANZA (Almacen/Despensa_C),27-25932256-7,0,MOVER A MASTER Y MARCAR DELETED
GEO_2291,647,DESPENSA EL ESPERANZA (Almacen/Despensa_C),27-25932256-7,0,102292,DESPENSA EL ESPERANZA (Almacen/Despensa_C),27-25932256-7,0,MOVER A MASTER Y MARCAR DELETED
GEO_2292,642,DESPENSA SAN LUCAS (Almacen/Despensa_P),23-24574812-4,0,5987,DESPENSA SAN LUCAS (Almacen/Despensa_P),23-24574812-4,0,MOVER A MASTER Y MARCAR DELETED
GEO_2292,642,DESPENSA SAN LUCAS (Almacen/Despensa_P),23-24574812-4,0,102299,DESPENSA SAN LUCAS (Almacen/Despensa_P),23-24574812-4,0,MOVER A MASTER Y MARCAR DELETED
GEO_2293,643,DESPENSA LA CHILI (Almacen/Despensa_C),27-28517456-8,0,5982,DESPENSA LA CHILI (Almacen/Despensa_C),27-28517456-8,0,MOVER A MASTER Y MARCAR DELETED
GEO_2293,643,DESPENSA LA CHILI (Almacen/Despensa_C),27-28517456-8,0,102294,DESPENSA LA CHILI (Almacen/Despensa_C),27-28517456-8,0,MOVER A MASTER Y MARCAR DELETED
GEO_2294,643,DESPENSA LA CHILI (Almacen/Despensa_C),27-28517456-8,0,5982,DESPENSA LA CHILI (Almacen/Despensa_C),27-28517456-8,0,MOVER A MASTER Y MARCAR DELETED
GEO_2294,643,DESPENSA LA CHILI (Almacen/Despensa_C),27-28517456-8,0,102294,DESPENSA LA CHILI (Almacen/Despensa_C),27-28517456-8,0,MOVER A MASTER Y MARCAR DELETED
GEO_2295,645,EL BUNKER (Kiosco/Maxikiosco_A),27305958757,0,5984,EL BUNKER (Kiosco/Maxikiosco_A),27305958757,0,MOVER A MASTER Y MARCAR DELETED
GEO_2295,645,EL BUNKER (Kiosco/Maxikiosco_A),27305958757,0,102296,EL BUNKER (Kiosco/Maxikiosco_A),27305958757,0,MOVER A MASTER Y MARCAR DELETED
GEO_2296,645,EL BUNKER (Kiosco/Maxikiosco_A),27305958757,0,5984,EL BUNKER (Kiosco/Maxikiosco_A),27305958757,0,MOVER A MASTER Y MARCAR DELETED
GEO_2296,645,EL BUNKER (Kiosco/Maxikiosco_A),27305958757,0,102296,EL BUNKER (Kiosco/Maxikiosco_A),27305958757,0,MOVER A MASTER Y MARCAR DELETED
GEO_2297,645,EL BUNKER (Kiosco/Maxikiosco_A),27305958757,0,5984,EL BUNKER (Kiosco/Maxikiosco_A),27305958757,0,MOVER A MASTER Y MARCAR DELETED
GEO_2297,645,EL BUNKER (Kiosco/Maxikiosco_A),27305958757,0,102296,EL BUNKER (Kiosco/Maxikiosco_A),27305958757,0,MOVER A MASTER Y MARCAR DELETED
GEO_2298,669,PANADERIA ESQUINA NORTE (Resto de Tradicionales_B),27-29414766-2,0,5973,PANADERIA ESQUINA NORTE (Resto de Tradicionales_B),27-29414766-2,0,MOVER A MASTER Y MARCAR DELETED
GEO_2298,669,PANADERIA ESQUINA NORTE (Resto de Tradicionales_B),27-29414766-2,0,102305,PANADERIA ESQUINA NORTE (Resto de Tradicionales_B),27-29414766-2,0,MOVER A MASTER Y MARCAR DELETED
GEO_2299,669,PANADERIA ESQUINA NORTE (Resto de Tradicionales_B),27-29414766-2,0,5973,PANADERIA ESQUINA NORTE (Resto de Tradicionales_B),27-29414766-2,0,MOVER A MASTER Y MARCAR DELETED
GEO_2299,669,PANADERIA ESQUINA NORTE (Resto de Tradicionales_B),27-29414766-2,0,102305,PANADERIA ESQUINA NORTE (Resto de Tradicionales_B),27-29414766-2,0,MOVER A MASTER Y MARCAR DELETED
GEO_2300,650,ALMACEN DONA ARACELI (Almacen/Despensa_C),20-37666529-2,0,6007,ALMACEN DONA ARACELI (Almacen/Despensa_C),20-37666529-2,0,MOVER A MASTER Y MARCAR DELETED
GEO_2300,650,ALMACEN DONA ARACELI (Almacen/Despensa_C),20-37666529-2,0,102288,ALMACEN DONA ARACELI (Almacen/Despensa_C),20-37666529-2,0,MOVER A MASTER Y MARCAR DELETED
GEO_2301,724,ALMACEN EL GRINGO (Almacen/Despensa_C),20-12124445-5,0,5917,ALMACEN EL GRINGO (Almacen/Despensa_C),20-12124445-5,0,MOVER A MASTER Y MARCAR DELETED
GEO_2301,724,ALMACEN EL GRINGO (Almacen/Despensa_C),20-12124445-5,0,102370,ALMACEN EL GRINGO (Almacen/Despensa_C),20-12124445-5,0,MOVER A MASTER Y MARCAR DELETED
GEO_2302,837,MERCADO ANDINO (Almacen/Despensa_A),27-24721223-5,0,5882,MERCADO ANDINO (Almacen/Despensa_A),27-24721223-5,0,MOVER A MASTER Y MARCAR DELETED
GEO_2302,837,MERCADO ANDINO (Almacen/Despensa_A),27-24721223-5,0,102408,MERCADO ANDINO (Almacen/Despensa_A),27-24721223-5,0,MOVER A MASTER Y MARCAR DELETED
GEO_2303,653,CARNICERIA LA ESQUINA (Carniceria/Granja_C),27-12765878-7,0,6004,CARNICERIA LA ESQUINA (Carniceria/Granja_C),27-12765878-7,0,MOVER A MASTER Y MARCAR DELETED
GEO_2303,653,CARNICERIA LA ESQUINA (Carniceria/Granja_C),27-12765878-7,0,102285,CARNICERIA LA ESQUINA (Carniceria/Granja_C),27-12765878-7,0,MOVER A MASTER Y MARCAR DELETED
GEO_2304,655,AUTOSERVICIO ANAY (Autoservicio Tradicional_B),20-31978667-9,0,5511,AUTOSERVICIO ANAY (Autoservicio Tradicional_B),20-31978667-9,0,MOVER A MASTER Y MARCAR DELETED
GEO_2304,655,AUTOSERVICIO ANAY (Autoservicio Tradicional_B),20-31978667-9,0,102281,AUTOSERVICIO ANAY (Autoservicio Tradicional_B),20-31978667-9,0,MOVER A MASTER Y MARCAR DELETED
GEO_2305,655,AUTOSERVICIO ANAY (Autoservicio Tradicional_B),20-31978667-9,0,5511,AUTOSERVICIO ANAY (Autoservicio Tradicional_B),20-31978667-9,0,MOVER A MASTER Y MARCAR DELETED
GEO_2305,655,AUTOSERVICIO ANAY (Autoservicio Tradicional_B),20-31978667-9,0,102281,AUTOSERVICIO ANAY (Autoservicio Tradicional_B),20-31978667-9,0,MOVER A MASTER Y MARCAR DELETED
GEO_2306,657,DESPENSA ANILEI (Autoservicio Tradicional_C),23-20679274-4,0,6002,DESPENSA ANILEI (Autoservicio Tradicional_C),23-20679274-4,0,MOVER A MASTER Y MARCAR DELETED
GEO_2306,657,DESPENSA ANILEI (Autoservicio Tradicional_C),23-20679274-4,0,102283,DESPENSA ANILEI (Autoservicio Tradicional_C),23-20679274-4,0,MOVER A MASTER Y MARCAR DELETED
GEO_2307,905,DECKLER (Almacen/Despensa_B),27-92706069-3,0,5798,DECKLER (Almacen/Despensa_B),27-92706069-3,0,MOVER A MASTER Y MARCAR DELETED
GEO_2307,905,DECKLER (Almacen/Despensa_B),27-92706069-3,0,102500,DECKLER (Almacen/Despensa_B),27-92706069-3,0,MOVER A MASTER Y MARCAR DELETED
GEO_2308,905,DECKLER (Almacen/Despensa_B),27-92706069-3,0,5798,DECKLER (Almacen/Despensa_B),27-92706069-3,0,MOVER A MASTER Y MARCAR DELETED
GEO_2308,905,DECKLER (Almacen/Despensa_B),27-92706069-3,0,102500,DECKLER (Almacen/Despensa_B),27-92706069-3,0,MOVER A MASTER Y MARCAR DELETED
GEO_2309,661,ALMACEN DE ANA CARRANZA (Almacen/Despensa_C),27-22615904-0,0,5505,ALMACEN DE ANA CARRANZA (Almacen/Despensa_C),27-22615904-0,0,MOVER A MASTER Y MARCAR DELETED
GEO_2309,661,ALMACEN DE ANA CARRANZA (Almacen/Despensa_C),27-22615904-0,0,102274,ALMACEN DE ANA CARRANZA (Almacen/Despensa_C),27-22615904-0,0,MOVER A MASTER Y MARCAR DELETED
GEO_2310,662,AUTOSERVICIO  LEILA (Autoservicio Tradicional_C),23-24056411-4,0,5506,AUTOSERVICIO  LEILA (Autoservicio Tradicional_C),23-24056411-4,0,MOVER A MASTER Y MARCAR DELETED
GEO_2310,662,AUTOSERVICIO  LEILA (Autoservicio Tradicional_C),23-24056411-4,0,102275,AUTOSERVICIO  LEILA (Autoservicio Tradicional_C),23-24056411-4,0,MOVER A MASTER Y MARCAR DELETED
GEO_2311,662,AUTOSERVICIO  LEILA (Autoservicio Tradicional_C),23-24056411-4,0,5506,AUTOSERVICIO  LEILA (Autoservicio Tradicional_C),23-24056411-4,0,MOVER A MASTER Y MARCAR DELETED
GEO_2311,662,AUTOSERVICIO  LEILA (Autoservicio Tradicional_C),23-24056411-4,0,102275,AUTOSERVICIO  LEILA (Autoservicio Tradicional_C),23-24056411-4,0,MOVER A MASTER Y MARCAR DELETED
GEO_2312,1597,CHACRA ANDINA (Resto de Tradicionales_B),27209343415,0,6669,CHACRA ANDINA (Resto de Tradicionales_B),27209343415,0,MOVER A MASTER Y MARCAR DELETED
GEO_2312,1597,CHACRA ANDINA (Resto de Tradicionales_B),27209343415,0,103177,CHACRA ANDINA (Resto de Tradicionales_B),27209343415,0,MOVER A MASTER Y MARCAR DELETED
GEO_2313,1719,AUTOSERVICIO CHAQUEÑO DOS (Autoservicio Tradicional_P),27366522226,0,6913,AUTOSERVICIO CHAQUEÑO DOS (Autoservicio Tradicional_P),27366522226,0,MOVER A MASTER Y MARCAR DELETED
GEO_2313,1719,AUTOSERVICIO CHAQUEÑO DOS (Autoservicio Tradicional_P),27366522226,0,102963,AUTOSERVICIO CHAQUEÑO DOS (Autoservicio Tradicional_P),27366522226,0,MOVER A MASTER Y MARCAR DELETED
GEO_2314,670,MINIMERCADO BENJA (Almacen/Despensa_B),27-39404353-8,0,5489,MINIMERCADO BENJA (Almacen/Despensa_B),27-39404353-8,0,MOVER A MASTER Y MARCAR DELETED
GEO_2314,670,MINIMERCADO BENJA (Almacen/Despensa_B),27-39404353-8,0,102268,MINIMERCADO BENJA (Almacen/Despensa_B),27-39404353-8,0,MOVER A MASTER Y MARCAR DELETED
GEO_2315,671,arcoiris (Almacen/Despensa_B),27-20595452-5,0,5490,arcoiris (Almacen/Despensa_B),27-20595452-5,0,MOVER A MASTER Y MARCAR DELETED
GEO_2315,671,arcoiris (Almacen/Despensa_B),27-20595452-5,0,102269,arcoiris (Almacen/Despensa_B),27-20595452-5,0,MOVER A MASTER Y MARCAR DELETED
GEO_2316,671,arcoiris (Almacen/Despensa_B),27-20595452-5,0,5490,arcoiris (Almacen/Despensa_B),27-20595452-5,0,MOVER A MASTER Y MARCAR DELETED
GEO_2316,671,arcoiris (Almacen/Despensa_B),27-20595452-5,0,102269,arcoiris (Almacen/Despensa_B),27-20595452-5,0,MOVER A MASTER Y MARCAR DELETED
GEO_2317,671,arcoiris (Almacen/Despensa_B),27-20595452-5,0,5490,arcoiris (Almacen/Despensa_B),27-20595452-5,0,MOVER A MASTER Y MARCAR DELETED
GEO_2317,671,arcoiris (Almacen/Despensa_B),27-20595452-5,0,102269,arcoiris (Almacen/Despensa_B),27-20595452-5,0,MOVER A MASTER Y MARCAR DELETED
GEO_2318,1154,PANADERIA SANTA TERESITA  (Resto de Tradicionales_B),20-12225684-8,0,6087,PANADERIA SANTA TERESITA  (Resto de Tradicionales_B),20-12225684-8,0,MOVER A MASTER Y MARCAR DELETED
GEO_2318,1154,PANADERIA SANTA TERESITA  (Resto de Tradicionales_B),20-12225684-8,0,102736,PANADERIA SANTA TERESITA  (Resto de Tradicionales_B),20-12225684-8,0,MOVER A MASTER Y MARCAR DELETED
GEO_2319,1154,PANADERIA SANTA TERESITA  (Resto de Tradicionales_B),20-12225684-8,0,6087,PANADERIA SANTA TERESITA  (Resto de Tradicionales_B),20-12225684-8,0,MOVER A MASTER Y MARCAR DELETED
GEO_2319,1154,PANADERIA SANTA TERESITA  (Resto de Tradicionales_B),20-12225684-8,0,102736,PANADERIA SANTA TERESITA  (Resto de Tradicionales_B),20-12225684-8,0,MOVER A MASTER Y MARCAR DELETED
GEO_2320,1154,PANADERIA SANTA TERESITA  (Resto de Tradicionales_B),20-12225684-8,0,6087,PANADERIA SANTA TERESITA  (Resto de Tradicionales_B),20-12225684-8,0,MOVER A MASTER Y MARCAR DELETED
GEO_2320,1154,PANADERIA SANTA TERESITA  (Resto de Tradicionales_B),20-12225684-8,0,102736,PANADERIA SANTA TERESITA  (Resto de Tradicionales_B),20-12225684-8,0,MOVER A MASTER Y MARCAR DELETED
GEO_2321,680,Polleria La Gringa (Carniceria/Granja_B),27-24095991-2,0,5478,Polleria La Gringa (Carniceria/Granja_B),27-24095991-2,0,MOVER A MASTER Y MARCAR DELETED
GEO_2321,680,Polleria La Gringa (Carniceria/Granja_B),27-24095991-2,0,102256,Polleria La Gringa (Carniceria/Granja_B),27-24095991-2,0,MOVER A MASTER Y MARCAR DELETED
GEO_2322,680,Polleria La Gringa (Carniceria/Granja_B),27-24095991-2,0,5478,Polleria La Gringa (Carniceria/Granja_B),27-24095991-2,0,MOVER A MASTER Y MARCAR DELETED
GEO_2322,680,Polleria La Gringa (Carniceria/Granja_B),27-24095991-2,0,102256,Polleria La Gringa (Carniceria/Granja_B),27-24095991-2,0,MOVER A MASTER Y MARCAR DELETED
GEO_2323,680,Polleria La Gringa (Carniceria/Granja_B),27-24095991-2,0,5478,Polleria La Gringa (Carniceria/Granja_B),27-24095991-2,0,MOVER A MASTER Y MARCAR DELETED
GEO_2323,680,Polleria La Gringa (Carniceria/Granja_B),27-24095991-2,0,102256,Polleria La Gringa (Carniceria/Granja_B),27-24095991-2,0,MOVER A MASTER Y MARCAR DELETED
GEO_2324,688,Minimercado Cerro Ventana (Autoservicio Tradicional_A),20-23082581-6,0,5468,Minimercado Cerro Ventana (Autoservicio Tradicional_A),20-23082581-6,0,MOVER A MASTER Y MARCAR DELETED
GEO_2324,688,Minimercado Cerro Ventana (Autoservicio Tradicional_A),20-23082581-6,0,102245,Minimercado Cerro Ventana (Autoservicio Tradicional_A),20-23082581-6,0,MOVER A MASTER Y MARCAR DELETED
GEO_2325,688,Minimercado Cerro Ventana (Autoservicio Tradicional_A),20-23082581-6,0,5468,Minimercado Cerro Ventana (Autoservicio Tradicional_A),20-23082581-6,0,MOVER A MASTER Y MARCAR DELETED
GEO_2325,688,Minimercado Cerro Ventana (Autoservicio Tradicional_A),20-23082581-6,0,102245,Minimercado Cerro Ventana (Autoservicio Tradicional_A),20-23082581-6,0,MOVER A MASTER Y MARCAR DELETED
GEO_2326,688,Minimercado Cerro Ventana (Autoservicio Tradicional_A),20-23082581-6,0,5468,Minimercado Cerro Ventana (Autoservicio Tradicional_A),20-23082581-6,0,MOVER A MASTER Y MARCAR DELETED
GEO_2326,688,Minimercado Cerro Ventana (Autoservicio Tradicional_A),20-23082581-6,0,102245,Minimercado Cerro Ventana (Autoservicio Tradicional_A),20-23082581-6,0,MOVER A MASTER Y MARCAR DELETED
GEO_2327,688,Minimercado Cerro Ventana (Autoservicio Tradicional_A),20-23082581-6,0,5468,Minimercado Cerro Ventana (Autoservicio Tradicional_A),20-23082581-6,0,MOVER A MASTER Y MARCAR DELETED
GEO_2327,688,Minimercado Cerro Ventana (Autoservicio Tradicional_A),20-23082581-6,0,102245,Minimercado Cerro Ventana (Autoservicio Tradicional_A),20-23082581-6,0,MOVER A MASTER Y MARCAR DELETED
GEO_2328,688,Minimercado Cerro Ventana (Autoservicio Tradicional_A),20-23082581-6,0,5468,Minimercado Cerro Ventana (Autoservicio Tradicional_A),20-23082581-6,0,MOVER A MASTER Y MARCAR DELETED
GEO_2328,688,Minimercado Cerro Ventana (Autoservicio Tradicional_A),20-23082581-6,0,102245,Minimercado Cerro Ventana (Autoservicio Tradicional_A),20-23082581-6,0,MOVER A MASTER Y MARCAR DELETED
GEO_2329,700,PARADOR ANDINO (Resto de On Premise_C),27217803549,0,5456,PARADOR ANDINO (Resto de On Premise_C),27217803549,0,MOVER A MASTER Y MARCAR DELETED
GEO_2329,700,PARADOR ANDINO (Resto de On Premise_C),27217803549,0,102233,PARADOR ANDINO (Resto de On Premise_C),27217803549,0,MOVER A MASTER Y MARCAR DELETED
GEO_2330,1722,DESP. HUMI (Almacen/Despensa_C),20-32856998-7,0,6940,DESP. HUMI (Almacen/Despensa_C),20-32856998-7,0,MOVER A MASTER Y MARCAR DELETED
GEO_2330,1722,DESP. HUMI (Almacen/Despensa_C),20-32856998-7,0,102211,DESP. HUMI (Almacen/Despensa_C),20-32856998-7,0,MOVER A MASTER Y MARCAR DELETED
GEO_2331,1700,DESPENSA GOSÉN (Almacen/Despensa_B),20-34667716-4,0,6937,DESPENSA GOSÉN (Almacen/Despensa_B),20-34667716-4,0,MOVER A MASTER Y MARCAR DELETED
GEO_2331,1700,DESPENSA GOSÉN (Almacen/Despensa_B),20-34667716-4,0,102594,DESPENSA GOSÉN (Almacen/Despensa_B),20-34667716-4,0,MOVER A MASTER Y MARCAR DELETED
GEO_2332,1700,DESPENSA GOSÉN (Almacen/Despensa_B),20-34667716-4,0,6937,DESPENSA GOSÉN (Almacen/Despensa_B),20-34667716-4,0,MOVER A MASTER Y MARCAR DELETED
GEO_2332,1700,DESPENSA GOSÉN (Almacen/Despensa_B),20-34667716-4,0,102594,DESPENSA GOSÉN (Almacen/Despensa_B),20-34667716-4,0,MOVER A MASTER Y MARCAR DELETED
GEO_2333,709,CARNICERIA INTEGRAL (Carniceria/Granja_C),20-20236168-5,0,5974,CARNICERIA INTEGRAL (Carniceria/Granja_C),20-20236168-5,0,MOVER A MASTER Y MARCAR DELETED
GEO_2333,709,CARNICERIA INTEGRAL (Carniceria/Granja_C),20-20236168-5,0,102306,CARNICERIA INTEGRAL (Carniceria/Granja_C),20-20236168-5,0,MOVER A MASTER Y MARCAR DELETED
GEO_2334,1329,CARNICERIA INTEGRAL 2 (Carniceria/Granja_A),30717322610,0,6317,CARNICERIA INTEGRAL 2 (Carniceria/Granja_A),30717322610,0,MOVER A MASTER Y MARCAR DELETED
GEO_2334,1329,CARNICERIA INTEGRAL 2 (Carniceria/Granja_A),30717322610,0,102996,CARNICERIA INTEGRAL 2 (Carniceria/Granja_A),30717322610,0,MOVER A MASTER Y MARCAR DELETED
GEO_2335,1672,EL DESPACHO (Almacen/Despensa_B),20421535079,0,6590,EL DESPACHO (Almacen/Despensa_B),20421535079,0,MOVER A MASTER Y MARCAR DELETED
GEO_2335,1672,EL DESPACHO (Almacen/Despensa_B),20421535079,0,103263,EL DESPACHO (Almacen/Despensa_B),20421535079,0,MOVER A MASTER Y MARCAR DELETED
GEO_2336,922,YAYI (Autoservicio Tradicional_C),23-20095400-9,0,5819,YAYI (Autoservicio Tradicional_C),23-20095400-9,0,MOVER A MASTER Y MARCAR DELETED
GEO_2336,922,YAYI (Autoservicio Tradicional_C),23-20095400-9,0,102480,YAYI (Autoservicio Tradicional_C),23-20095400-9,0,MOVER A MASTER Y MARCAR DELETED
GEO_2337,714,YPF AEROPUERTO (Estacion de Servicio - NO OFICIALES_P),30-64531722-6,0,5962,YPF AEROPUERTO (Estacion de Servicio - NO OFICIALES_P),30-64531722-6,0,MOVER A MASTER Y MARCAR DELETED
GEO_2337,714,YPF AEROPUERTO (Estacion de Servicio - NO OFICIALES_P),30-64531722-6,0,102314,YPF AEROPUERTO (Estacion de Servicio - NO OFICIALES_P),30-64531722-6,0,MOVER A MASTER Y MARCAR DELETED
GEO_2338,715,CARNICERIA CHOLILA (Carniceria/Granja_A),20-16694321-4,0,5906,CARNICERIA CHOLILA (Carniceria/Granja_A),20-16694321-4,0,MOVER A MASTER Y MARCAR DELETED
GEO_2338,715,CARNICERIA CHOLILA (Carniceria/Granja_A),20-16694321-4,0,102379,CARNICERIA CHOLILA (Carniceria/Granja_A),20-16694321-4,0,MOVER A MASTER Y MARCAR DELETED
GEO_2339,1477,BIZ (Almacen/Despensa_P),27325390080,0,6685,BIZ (Almacen/Despensa_P),27325390080,0,MOVER A MASTER Y MARCAR DELETED
GEO_2339,1477,BIZ (Almacen/Despensa_P),27325390080,0,103148,BIZ (Almacen/Despensa_P),27325390080,0,MOVER A MASTER Y MARCAR DELETED
GEO_2340,717,DESPENSA IRMA (Almacen/Despensa_A),27-14275417-2,0,5908,DESPENSA IRMA (Almacen/Despensa_A),27-14275417-2,0,MOVER A MASTER Y MARCAR DELETED
GEO_2340,717,DESPENSA IRMA (Almacen/Despensa_A),27-14275417-2,0,102381,DESPENSA IRMA (Almacen/Despensa_A),27-14275417-2,0,MOVER A MASTER Y MARCAR DELETED
GEO_2341,844,KISCO ACME (Kiosco/Maxikiosco_P),20344032468,0,5901,KISCO ACME (Kiosco/Maxikiosco_P),20344032468,0,MOVER A MASTER Y MARCAR DELETED
GEO_2341,844,KISCO ACME (Kiosco/Maxikiosco_P),20344032468,0,102395,KISCO ACME (Kiosco/Maxikiosco_P),20344032468,0,MOVER A MASTER Y MARCAR DELETED
GEO_2342,844,KISCO ACME (Kiosco/Maxikiosco_P),20344032468,0,5901,KISCO ACME (Kiosco/Maxikiosco_P),20344032468,0,MOVER A MASTER Y MARCAR DELETED
GEO_2342,844,KISCO ACME (Kiosco/Maxikiosco_P),20344032468,0,102395,KISCO ACME (Kiosco/Maxikiosco_P),20344032468,0,MOVER A MASTER Y MARCAR DELETED
GEO_2343,844,KISCO ACME (Kiosco/Maxikiosco_P),20344032468,0,5901,KISCO ACME (Kiosco/Maxikiosco_P),20344032468,0,MOVER A MASTER Y MARCAR DELETED
GEO_2343,844,KISCO ACME (Kiosco/Maxikiosco_P),20344032468,0,102395,KISCO ACME (Kiosco/Maxikiosco_P),20344032468,0,MOVER A MASTER Y MARCAR DELETED
GEO_2344,768,DESPENSA OCHO HERMANOS (Almacen/Despensa_A),27-18306372-9,0,5957,DESPENSA OCHO HERMANOS (Almacen/Despensa_A),27-18306372-9,0,MOVER A MASTER Y MARCAR DELETED
GEO_2344,768,DESPENSA OCHO HERMANOS (Almacen/Despensa_A),27-18306372-9,0,102329,DESPENSA OCHO HERMANOS (Almacen/Despensa_A),27-18306372-9,0,MOVER A MASTER Y MARCAR DELETED
GEO_2345,726,SUPERMERCADO TODO BELGRANO (Cadena Regional_A),30-58348266-7,0,5919,SUPERMERCADO TODO BELGRANO (Cadena Regional_A),30-58348266-7,0,MOVER A MASTER Y MARCAR DELETED
GEO_2345,726,SUPERMERCADO TODO BELGRANO (Cadena Regional_A),30-58348266-7,0,102372,SUPERMERCADO TODO BELGRANO (Cadena Regional_A),30-58348266-7,0,MOVER A MASTER Y MARCAR DELETED
GEO_2346,726,SUPERMERCADO TODO BELGRANO (Cadena Regional_A),30-58348266-7,0,5919,SUPERMERCADO TODO BELGRANO (Cadena Regional_A),30-58348266-7,0,MOVER A MASTER Y MARCAR DELETED
GEO_2346,726,SUPERMERCADO TODO BELGRANO (Cadena Regional_A),30-58348266-7,0,102372,SUPERMERCADO TODO BELGRANO (Cadena Regional_A),30-58348266-7,0,MOVER A MASTER Y MARCAR DELETED
GEO_2347,730,DESPENSA DON GABRIEL (Almacen/Despensa_A),20-17006265-6,0,5931,DESPENSA DON GABRIEL (Almacen/Despensa_A),20-17006265-6,0,MOVER A MASTER Y MARCAR DELETED
GEO_2347,730,DESPENSA DON GABRIEL (Almacen/Despensa_A),20-17006265-6,0,102363,DESPENSA DON GABRIEL (Almacen/Despensa_A),20-17006265-6,0,MOVER A MASTER Y MARCAR DELETED
GEO_2348,731,KIOSCO RIKI (Kiosco/Maxikiosco_A),20-23237702-0,0,5912,KIOSCO RIKI (Kiosco/Maxikiosco_A),20-23237702-0,0,MOVER A MASTER Y MARCAR DELETED
GEO_2348,731,KIOSCO RIKI (Kiosco/Maxikiosco_A),20-23237702-0,0,102364,KIOSCO RIKI (Kiosco/Maxikiosco_A),20-23237702-0,0,MOVER A MASTER Y MARCAR DELETED
GEO_2349,732,MACACA (Kiosco/Maxikiosco_B),30-71200011-9,0,5913,MACACA (Kiosco/Maxikiosco_B),30-71200011-9,0,MOVER A MASTER Y MARCAR DELETED
GEO_2349,732,MACACA (Kiosco/Maxikiosco_B),30-71200011-9,0,102365,MACACA (Kiosco/Maxikiosco_B),30-71200011-9,0,MOVER A MASTER Y MARCAR DELETED
GEO_2350,733,COCABI (Almacen/Despensa_C),27-29313226-2,0,5928,COCABI (Almacen/Despensa_C),27-29313226-2,0,MOVER A MASTER Y MARCAR DELETED
GEO_2350,733,COCABI (Almacen/Despensa_C),27-29313226-2,0,102360,COCABI (Almacen/Despensa_C),27-29313226-2,0,MOVER A MASTER Y MARCAR DELETED
GEO_2351,734,AISHA (Almacen/Despensa_B),27257899085,0,5929,AISHA (Almacen/Despensa_B),27257899085,0,MOVER A MASTER Y MARCAR DELETED
GEO_2351,734,AISHA (Almacen/Despensa_B),27257899085,0,102361,AISHA (Almacen/Despensa_B),27257899085,0,MOVER A MASTER Y MARCAR DELETED
GEO_2352,735,DESPENSA LA ISLA (Almacen/Despensa_C),27-20686039-7,0,5930,DESPENSA LA ISLA (Almacen/Despensa_C),27-20686039-7,0,MOVER A MASTER Y MARCAR DELETED
GEO_2352,735,DESPENSA LA ISLA (Almacen/Despensa_C),27-20686039-7,0,102362,DESPENSA LA ISLA (Almacen/Despensa_C),27-20686039-7,0,MOVER A MASTER Y MARCAR DELETED
GEO_2353,737,MAXI KIOSCOFLOPPY (Kiosco/Maxikiosco_B),27-28423036-7,0,5926,MAXI KIOSCOFLOPPY (Kiosco/Maxikiosco_B),27-28423036-7,0,MOVER A MASTER Y MARCAR DELETED
GEO_2353,737,MAXI KIOSCOFLOPPY (Kiosco/Maxikiosco_B),27-28423036-7,0,102358,MAXI KIOSCOFLOPPY (Kiosco/Maxikiosco_B),27-28423036-7,0,MOVER A MASTER Y MARCAR DELETED
GEO_2354,737,MAXI KIOSCOFLOPPY (Kiosco/Maxikiosco_B),27-28423036-7,0,5926,MAXI KIOSCOFLOPPY (Kiosco/Maxikiosco_B),27-28423036-7,0,MOVER A MASTER Y MARCAR DELETED
GEO_2354,737,MAXI KIOSCOFLOPPY (Kiosco/Maxikiosco_B),27-28423036-7,0,102358,MAXI KIOSCOFLOPPY (Kiosco/Maxikiosco_B),27-28423036-7,0,MOVER A MASTER Y MARCAR DELETED
GEO_2355,1706,EL MONTAÑES ALMACEN (Resto de On Premise_B),23-21161152-9,0,6931,EL MONTAÑES ALMACEN (Resto de On Premise_B),23-21161152-9,0,MOVER A MASTER Y MARCAR DELETED
GEO_2355,1706,EL MONTAÑES ALMACEN (Resto de On Premise_B),23-21161152-9,0,102434,EL MONTAÑES ALMACEN (Resto de On Premise_B),23-21161152-9,0,MOVER A MASTER Y MARCAR DELETED
GEO_2356,739,DESPENSA RAULITO (Almacen/Despensa_C),20-13850451-5,0,5922,DESPENSA RAULITO (Almacen/Despensa_C),20-13850451-5,0,MOVER A MASTER Y MARCAR DELETED
GEO_2356,739,DESPENSA RAULITO (Almacen/Despensa_C),20-13850451-5,0,102354,DESPENSA RAULITO (Almacen/Despensa_C),20-13850451-5,0,MOVER A MASTER Y MARCAR DELETED
GEO_2357,740,KIOSCO FYE (Almacen/Despensa_P),23-22453779-4,0,5923,KIOSCO FYE (Almacen/Despensa_P),23-22453779-4,0,MOVER A MASTER Y MARCAR DELETED
GEO_2357,740,KIOSCO FYE (Almacen/Despensa_P),23-22453779-4,0,102355,KIOSCO FYE (Almacen/Despensa_P),23-22453779-4,0,MOVER A MASTER Y MARCAR DELETED
GEO_2358,740,KIOSCO FYE (Almacen/Despensa_P),23-22453779-4,0,5923,KIOSCO FYE (Almacen/Despensa_P),23-22453779-4,0,MOVER A MASTER Y MARCAR DELETED
GEO_2358,740,KIOSCO FYE (Almacen/Despensa_P),23-22453779-4,0,102355,KIOSCO FYE (Almacen/Despensa_P),23-22453779-4,0,MOVER A MASTER Y MARCAR DELETED
GEO_2359,740,KIOSCO FYE (Almacen/Despensa_P),23-22453779-4,0,5923,KIOSCO FYE (Almacen/Despensa_P),23-22453779-4,0,MOVER A MASTER Y MARCAR DELETED
GEO_2359,740,KIOSCO FYE (Almacen/Despensa_P),23-22453779-4,0,102355,KIOSCO FYE (Almacen/Despensa_P),23-22453779-4,0,MOVER A MASTER Y MARCAR DELETED
GEO_2360,740,KIOSCO FYE (Almacen/Despensa_P),23-22453779-4,0,5923,KIOSCO FYE (Almacen/Despensa_P),23-22453779-4,0,MOVER A MASTER Y MARCAR DELETED
GEO_2360,740,KIOSCO FYE (Almacen/Despensa_P),23-22453779-4,0,102355,KIOSCO FYE (Almacen/Despensa_P),23-22453779-4,0,MOVER A MASTER Y MARCAR DELETED
GEO_2361,740,KIOSCO FYE (Almacen/Despensa_P),23-22453779-4,0,5923,KIOSCO FYE (Almacen/Despensa_P),23-22453779-4,0,MOVER A MASTER Y MARCAR DELETED
GEO_2361,740,KIOSCO FYE (Almacen/Despensa_P),23-22453779-4,0,102355,KIOSCO FYE (Almacen/Despensa_P),23-22453779-4,0,MOVER A MASTER Y MARCAR DELETED
GEO_2362,746,LAS 5 ESQUINAS (Kiosco/Maxikiosco_C),20-29313318-3,0,5978,LAS 5 ESQUINAS (Kiosco/Maxikiosco_C),20-29313318-3,0,MOVER A MASTER Y MARCAR DELETED
GEO_2362,746,LAS 5 ESQUINAS (Kiosco/Maxikiosco_C),20-29313318-3,0,102310,LAS 5 ESQUINAS (Kiosco/Maxikiosco_C),20-29313318-3,0,MOVER A MASTER Y MARCAR DELETED
GEO_2363,1501,MISTER PRECIO (Autoservicio Tradicional_C),33717469599,0,6701,MISTER PRECIO (Autoservicio Tradicional_C),33717469599,0,MOVER A MASTER Y MARCAR DELETED
GEO_2363,1501,MISTER PRECIO (Autoservicio Tradicional_C),33717469599,0,103124,MISTER PRECIO (Autoservicio Tradicional_C),33717469599,0,MOVER A MASTER Y MARCAR DELETED
GEO_2364,1501,MISTER PRECIO (Autoservicio Tradicional_C),33717469599,0,6701,MISTER PRECIO (Autoservicio Tradicional_C),33717469599,0,MOVER A MASTER Y MARCAR DELETED
GEO_2364,1501,MISTER PRECIO (Autoservicio Tradicional_C),33717469599,0,103124,MISTER PRECIO (Autoservicio Tradicional_C),33717469599,0,MOVER A MASTER Y MARCAR DELETED
GEO_2365,1412,-KIOSCO SONRISAS- (Kiosco/Maxikiosco_C),27180669294,0,6516,-KIOSCO SONRISAS- (Kiosco/Maxikiosco_C),27180669294,0,MOVER A MASTER Y MARCAR DELETED
GEO_2365,1412,-KIOSCO SONRISAS- (Kiosco/Maxikiosco_C),27180669294,0,103057,-KIOSCO SONRISAS- (Kiosco/Maxikiosco_C),27180669294,0,MOVER A MASTER Y MARCAR DELETED
GEO_2366,1412,-KIOSCO SONRISAS- (Kiosco/Maxikiosco_C),27180669294,0,6516,-KIOSCO SONRISAS- (Kiosco/Maxikiosco_C),27180669294,0,MOVER A MASTER Y MARCAR DELETED
GEO_2366,1412,-KIOSCO SONRISAS- (Kiosco/Maxikiosco_C),27180669294,0,103057,-KIOSCO SONRISAS- (Kiosco/Maxikiosco_C),27180669294,0,MOVER A MASTER Y MARCAR DELETED
GEO_2367,1412,-KIOSCO SONRISAS- (Kiosco/Maxikiosco_C),27180669294,0,6516,-KIOSCO SONRISAS- (Kiosco/Maxikiosco_C),27180669294,0,MOVER A MASTER Y MARCAR DELETED
GEO_2367,1412,-KIOSCO SONRISAS- (Kiosco/Maxikiosco_C),27180669294,0,103057,-KIOSCO SONRISAS- (Kiosco/Maxikiosco_C),27180669294,0,MOVER A MASTER Y MARCAR DELETED
GEO_2368,1412,-KIOSCO SONRISAS- (Kiosco/Maxikiosco_C),27180669294,0,6516,-KIOSCO SONRISAS- (Kiosco/Maxikiosco_C),27180669294,0,MOVER A MASTER Y MARCAR DELETED
GEO_2368,1412,-KIOSCO SONRISAS- (Kiosco/Maxikiosco_C),27180669294,0,103057,-KIOSCO SONRISAS- (Kiosco/Maxikiosco_C),27180669294,0,MOVER A MASTER Y MARCAR DELETED
GEO_2369,1484,-SUPER KIOSCO- (Kiosco/Maxikiosco_B),20336601828,0,6700,-SUPER KIOSCO- (Kiosco/Maxikiosco_B),20336601828,0,MOVER A MASTER Y MARCAR DELETED
GEO_2369,1484,-SUPER KIOSCO- (Kiosco/Maxikiosco_B),20336601828,0,103143,-SUPER KIOSCO- (Kiosco/Maxikiosco_B),20336601828,0,MOVER A MASTER Y MARCAR DELETED
GEO_2370,763,DEPOSITO CHOLILA (Autoservicio Tradicional_C),20-16317274-8,0,5958,DEPOSITO CHOLILA (Autoservicio Tradicional_C),20-16317274-8,0,MOVER A MASTER Y MARCAR DELETED
GEO_2370,763,DEPOSITO CHOLILA (Autoservicio Tradicional_C),20-16317274-8,0,102330,DEPOSITO CHOLILA (Autoservicio Tradicional_C),20-16317274-8,0,MOVER A MASTER Y MARCAR DELETED
GEO_2371,764,DESPENSA YAHIL (Kiosco/Maxikiosco_C),27-18161568-6,0,5959,DESPENSA YAHIL (Kiosco/Maxikiosco_C),27-18161568-6,0,MOVER A MASTER Y MARCAR DELETED
GEO_2371,764,DESPENSA YAHIL (Kiosco/Maxikiosco_C),27-18161568-6,0,102331,DESPENSA YAHIL (Kiosco/Maxikiosco_C),27-18161568-6,0,MOVER A MASTER Y MARCAR DELETED
GEO_2372,765,DESPENSA LA AMISTAD (Almacen/Despensa_C),27-25000729-4,0,5960,DESPENSA LA AMISTAD (Almacen/Despensa_C),27-25000729-4,0,MOVER A MASTER Y MARCAR DELETED
GEO_2372,765,DESPENSA LA AMISTAD (Almacen/Despensa_C),27-25000729-4,0,102332,DESPENSA LA AMISTAD (Almacen/Despensa_C),27-25000729-4,0,MOVER A MASTER Y MARCAR DELETED
GEO_2373,766,DESPENSA LEON (Almacen/Despensa_B),27-31672816-8,0,5955,DESPENSA LEON (Almacen/Despensa_B),27-31672816-8,0,MOVER A MASTER Y MARCAR DELETED
GEO_2373,766,DESPENSA LEON (Almacen/Despensa_B),27-31672816-8,0,102327,DESPENSA LEON (Almacen/Despensa_B),27-31672816-8,0,MOVER A MASTER Y MARCAR DELETED
GEO_2374,773,ALMACEN ACA NOMAS (Almacen/Despensa_C),27-16341541-6,0,5970,ALMACEN ACA NOMAS (Almacen/Despensa_C),27-16341541-6,0,MOVER A MASTER Y MARCAR DELETED
GEO_2374,773,ALMACEN ACA NOMAS (Almacen/Despensa_C),27-16341541-6,0,102322,ALMACEN ACA NOMAS (Almacen/Despensa_C),27-16341541-6,0,MOVER A MASTER Y MARCAR DELETED
GEO_2375,773,ALMACEN ACA NOMAS (Almacen/Despensa_C),27-16341541-6,0,5970,ALMACEN ACA NOMAS (Almacen/Despensa_C),27-16341541-6,0,MOVER A MASTER Y MARCAR DELETED
GEO_2375,773,ALMACEN ACA NOMAS (Almacen/Despensa_C),27-16341541-6,0,102322,ALMACEN ACA NOMAS (Almacen/Despensa_C),27-16341541-6,0,MOVER A MASTER Y MARCAR DELETED
GEO_2376,772,ALMACEN LA NUEVA FAVORITA (Almacen/Despensa_C),27-17398054-5,0,5969,ALMACEN LA NUEVA FAVORITA (Almacen/Despensa_C),27-17398054-5,0,MOVER A MASTER Y MARCAR DELETED
GEO_2376,772,ALMACEN LA NUEVA FAVORITA (Almacen/Despensa_C),27-17398054-5,0,102321,ALMACEN LA NUEVA FAVORITA (Almacen/Despensa_C),27-17398054-5,0,MOVER A MASTER Y MARCAR DELETED
GEO_2377,772,ALMACEN LA NUEVA FAVORITA (Almacen/Despensa_C),27-17398054-5,0,5969,ALMACEN LA NUEVA FAVORITA (Almacen/Despensa_C),27-17398054-5,0,MOVER A MASTER Y MARCAR DELETED
GEO_2377,772,ALMACEN LA NUEVA FAVORITA (Almacen/Despensa_C),27-17398054-5,0,102321,ALMACEN LA NUEVA FAVORITA (Almacen/Despensa_C),27-17398054-5,0,MOVER A MASTER Y MARCAR DELETED
GEO_2378,774,DESPENSA LOS GIRASOLES (Almacen/Despensa_C),20-37909575-6,0,5971,DESPENSA LOS GIRASOLES (Almacen/Despensa_C),20-37909575-6,0,MOVER A MASTER Y MARCAR DELETED
GEO_2378,774,DESPENSA LOS GIRASOLES (Almacen/Despensa_C),20-37909575-6,0,102323,DESPENSA LOS GIRASOLES (Almacen/Despensa_C),20-37909575-6,0,MOVER A MASTER Y MARCAR DELETED
GEO_2379,774,DESPENSA LOS GIRASOLES (Almacen/Despensa_C),20-37909575-6,0,5971,DESPENSA LOS GIRASOLES (Almacen/Despensa_C),20-37909575-6,0,MOVER A MASTER Y MARCAR DELETED
GEO_2379,774,DESPENSA LOS GIRASOLES (Almacen/Despensa_C),20-37909575-6,0,102323,DESPENSA LOS GIRASOLES (Almacen/Despensa_C),20-37909575-6,0,MOVER A MASTER Y MARCAR DELETED
GEO_2380,774,DESPENSA LOS GIRASOLES (Almacen/Despensa_C),20-37909575-6,0,5971,DESPENSA LOS GIRASOLES (Almacen/Despensa_C),20-37909575-6,0,MOVER A MASTER Y MARCAR DELETED
GEO_2380,774,DESPENSA LOS GIRASOLES (Almacen/Despensa_C),20-37909575-6,0,102323,DESPENSA LOS GIRASOLES (Almacen/Despensa_C),20-37909575-6,0,MOVER A MASTER Y MARCAR DELETED
GEO_2381,778,DESPENSA ANDIE (Almacen/Despensa_C),23-25733035-4,0,5963,DESPENSA ANDIE (Almacen/Despensa_C),23-25733035-4,0,MOVER A MASTER Y MARCAR DELETED
GEO_2381,778,DESPENSA ANDIE (Almacen/Despensa_C),23-25733035-4,0,102315,DESPENSA ANDIE (Almacen/Despensa_C),23-25733035-4,0,MOVER A MASTER Y MARCAR DELETED
GEO_2382,778,DESPENSA ANDIE (Almacen/Despensa_C),23-25733035-4,0,5963,DESPENSA ANDIE (Almacen/Despensa_C),23-25733035-4,0,MOVER A MASTER Y MARCAR DELETED
GEO_2382,778,DESPENSA ANDIE (Almacen/Despensa_C),23-25733035-4,0,102315,DESPENSA ANDIE (Almacen/Despensa_C),23-25733035-4,0,MOVER A MASTER Y MARCAR DELETED
GEO_2383,778,DESPENSA ANDIE (Almacen/Despensa_C),23-25733035-4,0,5963,DESPENSA ANDIE (Almacen/Despensa_C),23-25733035-4,0,MOVER A MASTER Y MARCAR DELETED
GEO_2383,778,DESPENSA ANDIE (Almacen/Despensa_C),23-25733035-4,0,102315,DESPENSA ANDIE (Almacen/Despensa_C),23-25733035-4,0,MOVER A MASTER Y MARCAR DELETED
GEO_2384,783,DESPENSA HORUS (Almacen/Despensa_C),27-30649329-4,0,5935,DESPENSA HORUS (Almacen/Despensa_C),27-30649329-4,0,MOVER A MASTER Y MARCAR DELETED
GEO_2384,783,DESPENSA HORUS (Almacen/Despensa_C),27-30649329-4,0,102347,DESPENSA HORUS (Almacen/Despensa_C),27-30649329-4,0,MOVER A MASTER Y MARCAR DELETED
GEO_2385,784,MARIO (Kiosco/Maxikiosco_B),20-18218629-6,0,6020,MARIO (Kiosco/Maxikiosco_B),20-18218629-6,0,MOVER A MASTER Y MARCAR DELETED
GEO_2385,784,MARIO (Kiosco/Maxikiosco_B),20-18218629-6,0,102542,MARIO (Kiosco/Maxikiosco_B),20-18218629-6,0,MOVER A MASTER Y MARCAR DELETED
GEO_2386,785,FELICIDAD 2 (Autoservicio Tradicional_A),27-94288653-0,0,6021,FELICIDAD 2 (Autoservicio Tradicional_A),27-94288653-0,0,MOVER A MASTER Y MARCAR DELETED
GEO_2386,785,FELICIDAD 2 (Autoservicio Tradicional_A),27-94288653-0,0,102543,FELICIDAD 2 (Autoservicio Tradicional_A),27-94288653-0,0,MOVER A MASTER Y MARCAR DELETED
GEO_2387,786,AUTOSERVICIO EL CERRO (Cadena Regional_C),30-71612507-2,0,6132,AUTOSERVICIO EL CERRO (Cadena Regional_C),30-71612507-2,0,MOVER A MASTER Y MARCAR DELETED
GEO_2387,786,AUTOSERVICIO EL CERRO (Cadena Regional_C),30-71612507-2,0,102544,AUTOSERVICIO EL CERRO (Cadena Regional_C),30-71612507-2,0,MOVER A MASTER Y MARCAR DELETED
GEO_2388,787,FELICIDAD (Cadena Regional_C),27957235633,0,5838,FELICIDAD (Cadena Regional_C),27957235633,0,MOVER A MASTER Y MARCAR DELETED
GEO_2388,787,FELICIDAD (Cadena Regional_C),27957235633,0,102457,FELICIDAD (Cadena Regional_C),27957235633,0,MOVER A MASTER Y MARCAR DELETED
GEO_2389,788,CHICOTE MARIA BEATRIZ (Almacen/Despensa_B),27148147111,0,5839,CHICOTE MARIA BEATRIZ (Almacen/Despensa_B),27148147111,0,MOVER A MASTER Y MARCAR DELETED
GEO_2389,788,CHICOTE MARIA BEATRIZ (Almacen/Despensa_B),27148147111,0,102458,CHICOTE MARIA BEATRIZ (Almacen/Despensa_B),27148147111,0,MOVER A MASTER Y MARCAR DELETED
GEO_2390,788,CHICOTE MARIA BEATRIZ (Almacen/Despensa_B),27148147111,0,5839,CHICOTE MARIA BEATRIZ (Almacen/Despensa_B),27148147111,0,MOVER A MASTER Y MARCAR DELETED
GEO_2390,788,CHICOTE MARIA BEATRIZ (Almacen/Despensa_B),27148147111,0,102458,CHICOTE MARIA BEATRIZ (Almacen/Despensa_B),27148147111,0,MOVER A MASTER Y MARCAR DELETED
GEO_2391,788,CHICOTE MARIA BEATRIZ (Almacen/Despensa_B),27148147111,0,5839,CHICOTE MARIA BEATRIZ (Almacen/Despensa_B),27148147111,0,MOVER A MASTER Y MARCAR DELETED
GEO_2391,788,CHICOTE MARIA BEATRIZ (Almacen/Despensa_B),27148147111,0,102458,CHICOTE MARIA BEATRIZ (Almacen/Despensa_B),27148147111,0,MOVER A MASTER Y MARCAR DELETED
GEO_2392,794,-LA PIONERA- (Resto de Tradicionales_C),23-20937020-4,0,5833,-LA PIONERA- (Resto de Tradicionales_C),23-20937020-4,0,MOVER A MASTER Y MARCAR DELETED
GEO_2392,794,-LA PIONERA- (Resto de Tradicionales_C),23-20937020-4,0,102452,-LA PIONERA- (Resto de Tradicionales_C),23-20937020-4,0,MOVER A MASTER Y MARCAR DELETED
GEO_2393,795,ARROYO LAS GOLONDRINAS (Almacen/Despensa_C),27-94930530-4,0,5834,ARROYO LAS GOLONDRINAS (Almacen/Despensa_C),27-94930530-4,0,MOVER A MASTER Y MARCAR DELETED
GEO_2393,795,ARROYO LAS GOLONDRINAS (Almacen/Despensa_C),27-94930530-4,0,102453,ARROYO LAS GOLONDRINAS (Almacen/Despensa_C),27-94930530-4,0,MOVER A MASTER Y MARCAR DELETED
GEO_2394,795,ARROYO LAS GOLONDRINAS (Almacen/Despensa_C),27-94930530-4,0,5834,ARROYO LAS GOLONDRINAS (Almacen/Despensa_C),27-94930530-4,0,MOVER A MASTER Y MARCAR DELETED
GEO_2394,795,ARROYO LAS GOLONDRINAS (Almacen/Despensa_C),27-94930530-4,0,102453,ARROYO LAS GOLONDRINAS (Almacen/Despensa_C),27-94930530-4,0,MOVER A MASTER Y MARCAR DELETED
GEO_2395,795,ARROYO LAS GOLONDRINAS (Almacen/Despensa_C),27-94930530-4,0,5834,ARROYO LAS GOLONDRINAS (Almacen/Despensa_C),27-94930530-4,0,MOVER A MASTER Y MARCAR DELETED
GEO_2395,795,ARROYO LAS GOLONDRINAS (Almacen/Despensa_C),27-94930530-4,0,102453,ARROYO LAS GOLONDRINAS (Almacen/Despensa_C),27-94930530-4,0,MOVER A MASTER Y MARCAR DELETED
GEO_2396,799,DESPENSA DON ALEJO (Almacen/Despensa_A),27-33222591-5,0,5846,DESPENSA DON ALEJO (Almacen/Despensa_A),27-33222591-5,0,MOVER A MASTER Y MARCAR DELETED
GEO_2396,799,DESPENSA DON ALEJO (Almacen/Despensa_A),27-33222591-5,0,102445,DESPENSA DON ALEJO (Almacen/Despensa_A),27-33222591-5,0,MOVER A MASTER Y MARCAR DELETED
GEO_2397,800,MERCADITO EL BARRIO (Almacen/Despensa_B),23-34967526-9,0,5847,MERCADITO EL BARRIO (Almacen/Despensa_B),23-34967526-9,0,MOVER A MASTER Y MARCAR DELETED
GEO_2397,800,MERCADITO EL BARRIO (Almacen/Despensa_B),23-34967526-9,0,102446,MERCADITO EL BARRIO (Almacen/Despensa_B),23-34967526-9,0,MOVER A MASTER Y MARCAR DELETED
GEO_2398,802,DESPENSA 2 DE ABRIL (Almacen/Despensa_B),27-30724142-6,0,5843,DESPENSA 2 DE ABRIL (Almacen/Despensa_B),27-30724142-6,0,MOVER A MASTER Y MARCAR DELETED
GEO_2398,802,DESPENSA 2 DE ABRIL (Almacen/Despensa_B),27-30724142-6,0,102442,DESPENSA 2 DE ABRIL (Almacen/Despensa_B),27-30724142-6,0,MOVER A MASTER Y MARCAR DELETED
GEO_2399,803,ALMACEN DE JOSUE (Almacen/Despensa_B),27-23445175-3,0,5844,ALMACEN DE JOSUE (Almacen/Despensa_B),27-23445175-3,0,MOVER A MASTER Y MARCAR DELETED
GEO_2399,803,ALMACEN DE JOSUE (Almacen/Despensa_B),27-23445175-3,0,102443,ALMACEN DE JOSUE (Almacen/Despensa_B),27-23445175-3,0,MOVER A MASTER Y MARCAR DELETED
GEO_2400,804,DESPENSA TODO EL DIA (Almacen/Despensa_C),27-18662883-2,0,5845,DESPENSA TODO EL DIA (Almacen/Despensa_C),27-18662883-2,0,MOVER A MASTER Y MARCAR DELETED
GEO_2400,804,DESPENSA TODO EL DIA (Almacen/Despensa_C),27-18662883-2,0,102444,DESPENSA TODO EL DIA (Almacen/Despensa_C),27-18662883-2,0,MOVER A MASTER Y MARCAR DELETED
GEO_2401,847,KIOSCO PATAGONIA (Kiosco/Maxikiosco_C),20-38298956-3,0,5898,KIOSCO PATAGONIA (Kiosco/Maxikiosco_C),20-38298956-3,0,MOVER A MASTER Y MARCAR DELETED
GEO_2401,847,KIOSCO PATAGONIA (Kiosco/Maxikiosco_C),20-38298956-3,0,102392,KIOSCO PATAGONIA (Kiosco/Maxikiosco_C),20-38298956-3,0,MOVER A MASTER Y MARCAR DELETED
GEO_2402,807,SANTA LUCIA (Almacen/Despensa_C),27-94591063-7,0,5842,SANTA LUCIA (Almacen/Despensa_C),27-94591063-7,0,MOVER A MASTER Y MARCAR DELETED
GEO_2402,807,SANTA LUCIA (Almacen/Despensa_C),27-94591063-7,0,102441,SANTA LUCIA (Almacen/Despensa_C),27-94591063-7,0,MOVER A MASTER Y MARCAR DELETED
GEO_2403,809,FIAMBRERIA QUINAN (Fiambreria_B),27-30995154-4,0,5858,FIAMBRERIA QUINAN (Fiambreria_B),27-30995154-4,0,MOVER A MASTER Y MARCAR DELETED
GEO_2403,809,FIAMBRERIA QUINAN (Fiambreria_B),27-30995154-4,0,102437,FIAMBRERIA QUINAN (Fiambreria_B),27-30995154-4,0,MOVER A MASTER Y MARCAR DELETED
GEO_2404,1445,DON FRATO (Almacen/Despensa_C),20324895249,0,6283,DON FRATO (Almacen/Despensa_C),20324895249,0,MOVER A MASTER Y MARCAR DELETED
GEO_2404,1445,DON FRATO (Almacen/Despensa_C),20324895249,0,103022,DON FRATO (Almacen/Despensa_C),20324895249,0,MOVER A MASTER Y MARCAR DELETED
GEO_2405,812,PINKY Y CEREBRO (Almacen/Despensa_P),20-32135371-2,0,5855,PINKY Y CEREBRO (Almacen/Despensa_P),20-32135371-2,0,MOVER A MASTER Y MARCAR DELETED
GEO_2405,812,PINKY Y CEREBRO (Almacen/Despensa_P),20-32135371-2,0,102432,PINKY Y CEREBRO (Almacen/Despensa_P),20-32135371-2,0,MOVER A MASTER Y MARCAR DELETED
GEO_2406,812,PINKY Y CEREBRO (Almacen/Despensa_P),20-32135371-2,0,5855,PINKY Y CEREBRO (Almacen/Despensa_P),20-32135371-2,0,MOVER A MASTER Y MARCAR DELETED
GEO_2406,812,PINKY Y CEREBRO (Almacen/Despensa_P),20-32135371-2,0,102432,PINKY Y CEREBRO (Almacen/Despensa_P),20-32135371-2,0,MOVER A MASTER Y MARCAR DELETED
GEO_2407,812,PINKY Y CEREBRO (Almacen/Despensa_P),20-32135371-2,0,5855,PINKY Y CEREBRO (Almacen/Despensa_P),20-32135371-2,0,MOVER A MASTER Y MARCAR DELETED
GEO_2407,812,PINKY Y CEREBRO (Almacen/Despensa_P),20-32135371-2,0,102432,PINKY Y CEREBRO (Almacen/Despensa_P),20-32135371-2,0,MOVER A MASTER Y MARCAR DELETED
GEO_2408,816,AUTOSERVICIO DON MOISES (Resto de On Premise_A),23239819249,0,5853,AUTOSERVICIO DON MOISES (Resto de On Premise_A),23239819249,0,MOVER A MASTER Y MARCAR DELETED
GEO_2408,816,AUTOSERVICIO DON MOISES (Resto de On Premise_A),23239819249,0,102430,AUTOSERVICIO DON MOISES (Resto de On Premise_A),23239819249,0,MOVER A MASTER Y MARCAR DELETED
GEO_2409,818,DON PEPONE (Cadena Regional_C),30717715809,0,5822,DON PEPONE (Cadena Regional_C),30717715809,0,MOVER A MASTER Y MARCAR DELETED
GEO_2409,818,DON PEPONE (Cadena Regional_C),30717715809,0,102462,DON PEPONE (Cadena Regional_C),30717715809,0,MOVER A MASTER Y MARCAR DELETED
GEO_2410,819,CHINITOS (Autoservicio Tradicional_C),23940581869,0,5823,CHINITOS (Autoservicio Tradicional_C),23940581869,0,MOVER A MASTER Y MARCAR DELETED
GEO_2410,819,CHINITOS (Autoservicio Tradicional_C),23940581869,0,102463,CHINITOS (Autoservicio Tradicional_C),23940581869,0,MOVER A MASTER Y MARCAR DELETED
GEO_2411,820,LACTEOS EL BOLSON (Fiambreria_C),20-22902570-9,0,5868,LACTEOS EL BOLSON (Fiambreria_C),20-22902570-9,0,MOVER A MASTER Y MARCAR DELETED
GEO_2411,820,LACTEOS EL BOLSON (Fiambreria_C),20-22902570-9,0,102424,LACTEOS EL BOLSON (Fiambreria_C),20-22902570-9,0,MOVER A MASTER Y MARCAR DELETED
GEO_2412,820,LACTEOS EL BOLSON (Fiambreria_C),20-22902570-9,0,5868,LACTEOS EL BOLSON (Fiambreria_C),20-22902570-9,0,MOVER A MASTER Y MARCAR DELETED
GEO_2412,820,LACTEOS EL BOLSON (Fiambreria_C),20-22902570-9,0,102424,LACTEOS EL BOLSON (Fiambreria_C),20-22902570-9,0,MOVER A MASTER Y MARCAR DELETED
GEO_2413,825,KIOSCO OHANA  (Kiosco/Maxikiosco_C),27-27489280-9,0,5864,KIOSCO OHANA  (Kiosco/Maxikiosco_C),27-27489280-9,0,MOVER A MASTER Y MARCAR DELETED
GEO_2413,825,KIOSCO OHANA  (Kiosco/Maxikiosco_C),27-27489280-9,0,102420,KIOSCO OHANA  (Kiosco/Maxikiosco_C),27-27489280-9,0,MOVER A MASTER Y MARCAR DELETED
GEO_2414,827,-SUPER KIOSCO GENESIS- (Almacen/Despensa_P),27-13914836-9,0,5890,-SUPER KIOSCO GENESIS- (Almacen/Despensa_P),27-13914836-9,0,MOVER A MASTER Y MARCAR DELETED
GEO_2414,827,-SUPER KIOSCO GENESIS- (Almacen/Despensa_P),27-13914836-9,0,102416,-SUPER KIOSCO GENESIS- (Almacen/Despensa_P),27-13914836-9,0,MOVER A MASTER Y MARCAR DELETED
GEO_2415,829,MERCADITO NANA (Almacen/Despensa_A),20-40922561-7,0,5886,MERCADITO NANA (Almacen/Despensa_A),20-40922561-7,0,MOVER A MASTER Y MARCAR DELETED
GEO_2415,829,MERCADITO NANA (Almacen/Despensa_A),20-40922561-7,0,102412,MERCADITO NANA (Almacen/Despensa_A),20-40922561-7,0,MOVER A MASTER Y MARCAR DELETED
GEO_2416,830,LA PATAGONIA (Autoservicio Tradicional_C),20-34632790-2,0,5887,LA PATAGONIA (Autoservicio Tradicional_C),20-34632790-2,0,MOVER A MASTER Y MARCAR DELETED
GEO_2416,830,LA PATAGONIA (Autoservicio Tradicional_C),20-34632790-2,0,102413,LA PATAGONIA (Autoservicio Tradicional_C),20-34632790-2,0,MOVER A MASTER Y MARCAR DELETED
GEO_2417,831,PITU (Kiosco/Maxikiosco_B),20-29692022-4,0,5888,PITU (Kiosco/Maxikiosco_B),20-29692022-4,0,MOVER A MASTER Y MARCAR DELETED
GEO_2417,831,PITU (Kiosco/Maxikiosco_B),20-29692022-4,0,102414,PITU (Kiosco/Maxikiosco_B),20-29692022-4,0,MOVER A MASTER Y MARCAR DELETED
GEO_2418,832,25 HORAS (Kiosco/Maxikiosco_A),27-37862407-5,0,5883,25 HORAS (Kiosco/Maxikiosco_A),27-37862407-5,0,MOVER A MASTER Y MARCAR DELETED
GEO_2418,832,25 HORAS (Kiosco/Maxikiosco_A),27-37862407-5,0,102409,25 HORAS (Kiosco/Maxikiosco_A),27-37862407-5,0,MOVER A MASTER Y MARCAR DELETED
GEO_2419,833,KIOS-KITO (Kiosco/Maxikiosco_P),27-36870829-7,0,5884,KIOS-KITO (Kiosco/Maxikiosco_P),27-36870829-7,0,MOVER A MASTER Y MARCAR DELETED
GEO_2419,833,KIOS-KITO (Kiosco/Maxikiosco_P),27-36870829-7,0,102410,KIOS-KITO (Kiosco/Maxikiosco_P),27-36870829-7,0,MOVER A MASTER Y MARCAR DELETED
GEO_2420,834,EL ROLO (Kiosco/Maxikiosco_C),23-20996147-4,0,5885,EL ROLO (Kiosco/Maxikiosco_C),23-20996147-4,0,MOVER A MASTER Y MARCAR DELETED
GEO_2420,834,EL ROLO (Kiosco/Maxikiosco_C),23-20996147-4,0,102411,EL ROLO (Kiosco/Maxikiosco_C),23-20996147-4,0,MOVER A MASTER Y MARCAR DELETED
GEO_2421,835,EL PALACIO DE LA CARNE (Carniceria/Granja_C),20-25369595-2,0,6000,EL PALACIO DE LA CARNE (Carniceria/Granja_C),20-25369595-2,0,MOVER A MASTER Y MARCAR DELETED
GEO_2421,835,EL PALACIO DE LA CARNE (Carniceria/Granja_C),20-25369595-2,0,102406,EL PALACIO DE LA CARNE (Carniceria/Granja_C),20-25369595-2,0,MOVER A MASTER Y MARCAR DELETED
GEO_2422,840,DRUGSTORE DEL CENTRO (Kiosco/Maxikiosco_P),27-30595875-7,0,5999,DRUGSTORE DEL CENTRO (Kiosco/Maxikiosco_P),27-30595875-7,0,MOVER A MASTER Y MARCAR DELETED
GEO_2422,840,DRUGSTORE DEL CENTRO (Kiosco/Maxikiosco_P),27-30595875-7,0,102405,DRUGSTORE DEL CENTRO (Kiosco/Maxikiosco_P),27-30595875-7,0,MOVER A MASTER Y MARCAR DELETED
GEO_2423,841,DESPENSA EL PUENTE (Kiosco/Maxikiosco_C),20-26705250-7,0,5994,DESPENSA EL PUENTE (Kiosco/Maxikiosco_C),20-26705250-7,0,MOVER A MASTER Y MARCAR DELETED
GEO_2423,841,DESPENSA EL PUENTE (Kiosco/Maxikiosco_C),20-26705250-7,0,102400,DESPENSA EL PUENTE (Kiosco/Maxikiosco_C),20-26705250-7,0,MOVER A MASTER Y MARCAR DELETED
GEO_2424,842,ESTACION DE SERVICIO (Estacion de Servicio - NO OFICIALES_B),30-70746198-1,0,5995,ESTACION DE SERVICIO (Estacion de Servicio - NO OFICIALES_B),30-70746198-1,0,MOVER A MASTER Y MARCAR DELETED
GEO_2424,842,ESTACION DE SERVICIO (Estacion de Servicio - NO OFICIALES_B),30-70746198-1,0,102401,ESTACION DE SERVICIO (Estacion de Servicio - NO OFICIALES_B),30-70746198-1,0,MOVER A MASTER Y MARCAR DELETED
GEO_2425,843,PANADERIA TREYEN 1 (Almacen/Despensa_C),20-21409135-7,0,5996,PANADERIA TREYEN 1 (Almacen/Despensa_C),20-21409135-7,0,MOVER A MASTER Y MARCAR DELETED
GEO_2425,843,PANADERIA TREYEN 1 (Almacen/Despensa_C),20-21409135-7,0,102402,PANADERIA TREYEN 1 (Almacen/Despensa_C),20-21409135-7,0,MOVER A MASTER Y MARCAR DELETED
GEO_2426,843,PANADERIA TREYEN 1 (Almacen/Despensa_C),20-21409135-7,0,5996,PANADERIA TREYEN 1 (Almacen/Despensa_C),20-21409135-7,0,MOVER A MASTER Y MARCAR DELETED
GEO_2426,843,PANADERIA TREYEN 1 (Almacen/Despensa_C),20-21409135-7,0,102402,PANADERIA TREYEN 1 (Almacen/Despensa_C),20-21409135-7,0,MOVER A MASTER Y MARCAR DELETED
GEO_2427,845,PARADOR LA BA-SE (Resto de Tradicionales_B),27-20301778-8,0,5992,PARADOR LA BA-SE (Resto de Tradicionales_B),27-20301778-8,0,MOVER A MASTER Y MARCAR DELETED
GEO_2427,845,PARADOR LA BA-SE (Resto de Tradicionales_B),27-20301778-8,0,102396,PARADOR LA BA-SE (Resto de Tradicionales_B),27-20301778-8,0,MOVER A MASTER Y MARCAR DELETED
GEO_2428,845,PARADOR LA BA-SE (Resto de Tradicionales_B),27-20301778-8,0,5992,PARADOR LA BA-SE (Resto de Tradicionales_B),27-20301778-8,0,MOVER A MASTER Y MARCAR DELETED
GEO_2428,845,PARADOR LA BA-SE (Resto de Tradicionales_B),27-20301778-8,0,102396,PARADOR LA BA-SE (Resto de Tradicionales_B),27-20301778-8,0,MOVER A MASTER Y MARCAR DELETED
GEO_2429,850,DESPENSA LO DE SILVIA (Kiosco/Maxikiosco_C),23397615669,0,5895,DESPENSA LO DE SILVIA (Kiosco/Maxikiosco_C),23397615669,0,MOVER A MASTER Y MARCAR DELETED
GEO_2429,850,DESPENSA LO DE SILVIA (Kiosco/Maxikiosco_C),23397615669,0,102389,DESPENSA LO DE SILVIA (Kiosco/Maxikiosco_C),23397615669,0,MOVER A MASTER Y MARCAR DELETED
GEO_2430,850,DESPENSA LO DE SILVIA (Kiosco/Maxikiosco_C),23397615669,0,5895,DESPENSA LO DE SILVIA (Kiosco/Maxikiosco_C),23397615669,0,MOVER A MASTER Y MARCAR DELETED
GEO_2430,850,DESPENSA LO DE SILVIA (Kiosco/Maxikiosco_C),23397615669,0,102389,DESPENSA LO DE SILVIA (Kiosco/Maxikiosco_C),23397615669,0,MOVER A MASTER Y MARCAR DELETED
GEO_2431,1380,BOCCATA (Resto de On Premise_B),20344571121,0,6366,BOCCATA (Resto de On Premise_B),20344571121,0,MOVER A MASTER Y MARCAR DELETED
GEO_2431,1380,BOCCATA (Resto de On Premise_B),20344571121,0,102942,BOCCATA (Resto de On Premise_B),20344571121,0,MOVER A MASTER Y MARCAR DELETED
GEO_2432,862,ESQUEL PADEL (Centros de entrenamiento/Espacios Deportivos_B),30-67035177-3,0,5830,ESQUEL PADEL (Centros de entrenamiento/Espacios Deportivos_B),30-67035177-3,0,MOVER A MASTER Y MARCAR DELETED
GEO_2432,862,ESQUEL PADEL (Centros de entrenamiento/Espacios Deportivos_B),30-67035177-3,0,102470,ESQUEL PADEL (Centros de entrenamiento/Espacios Deportivos_B),30-67035177-3,0,MOVER A MASTER Y MARCAR DELETED
GEO_2433,863,LA TORINESA (Cadena Regional_C),20-05413928-5,0,5831,LA TORINESA (Cadena Regional_C),20-05413928-5,0,MOVER A MASTER Y MARCAR DELETED
GEO_2433,863,LA TORINESA (Cadena Regional_C),20-05413928-5,0,102471,LA TORINESA (Cadena Regional_C),20-05413928-5,0,MOVER A MASTER Y MARCAR DELETED
GEO_2434,925,CV SRL (Estacion de Servicio - AXION_B),30-67035481-0,0,5816,CV SRL (Estacion de Servicio - AXION_B),30-67035481-0,0,MOVER A MASTER Y MARCAR DELETED
GEO_2434,925,CV SRL (Estacion de Servicio - AXION_B),30-67035481-0,0,102477,CV SRL (Estacion de Servicio - AXION_B),30-67035481-0,0,MOVER A MASTER Y MARCAR DELETED
GEO_2435,865,DESPENSA ELI (Almacen/Despensa_C),27-12100265-0,0,6017,DESPENSA ELI (Almacen/Despensa_C),27-12100265-0,0,MOVER A MASTER Y MARCAR DELETED
GEO_2435,865,DESPENSA ELI (Almacen/Despensa_C),27-12100265-0,0,102539,DESPENSA ELI (Almacen/Despensa_C),27-12100265-0,0,MOVER A MASTER Y MARCAR DELETED
GEO_2436,866,IMPACTO (Almacen/Despensa_C),20-21354961-9,0,6018,IMPACTO (Almacen/Despensa_C),20-21354961-9,0,MOVER A MASTER Y MARCAR DELETED
GEO_2436,866,IMPACTO (Almacen/Despensa_C),20-21354961-9,0,102540,IMPACTO (Almacen/Despensa_C),20-21354961-9,0,MOVER A MASTER Y MARCAR DELETED
GEO_2437,867,VERDULERIA MARILUZ (Resto de Tradicionales_A),20-23709455-8,0,6019,VERDULERIA MARILUZ (Resto de Tradicionales_A),20-23709455-8,0,MOVER A MASTER Y MARCAR DELETED
GEO_2437,867,VERDULERIA MARILUZ (Resto de Tradicionales_A),20-23709455-8,0,102541,VERDULERIA MARILUZ (Resto de Tradicionales_A),20-23709455-8,0,MOVER A MASTER Y MARCAR DELETED
GEO_2438,868,ALEX (Resto de Tradicionales_A),27-94156061-5,0,6014,ALEX (Resto de Tradicionales_A),27-94156061-5,0,MOVER A MASTER Y MARCAR DELETED
GEO_2438,868,ALEX (Resto de Tradicionales_A),27-94156061-5,0,102536,ALEX (Resto de Tradicionales_A),27-94156061-5,0,MOVER A MASTER Y MARCAR DELETED
GEO_2439,990,EL LORAX (Almacen/Despensa_C),27-26607884-1,0,6030,EL LORAX (Almacen/Despensa_C),27-26607884-1,0,MOVER A MASTER Y MARCAR DELETED
GEO_2439,990,EL LORAX (Almacen/Despensa_C),27-26607884-1,0,102562,EL LORAX (Almacen/Despensa_C),27-26607884-1,0,MOVER A MASTER Y MARCAR DELETED
GEO_2440,990,EL LORAX (Almacen/Despensa_C),27-26607884-1,0,6030,EL LORAX (Almacen/Despensa_C),27-26607884-1,0,MOVER A MASTER Y MARCAR DELETED
GEO_2440,990,EL LORAX (Almacen/Despensa_C),27-26607884-1,0,102562,EL LORAX (Almacen/Despensa_C),27-26607884-1,0,MOVER A MASTER Y MARCAR DELETED
GEO_2441,871,POLIRRUBRO ZOLUAN (Almacen/Despensa_C),27-17395545-1,0,5881,POLIRRUBRO ZOLUAN (Almacen/Despensa_C),27-17395545-1,0,MOVER A MASTER Y MARCAR DELETED
GEO_2441,871,POLIRRUBRO ZOLUAN (Almacen/Despensa_C),27-17395545-1,0,102533,POLIRRUBRO ZOLUAN (Almacen/Despensa_C),27-17395545-1,0,MOVER A MASTER Y MARCAR DELETED
GEO_2442,872,LA NONA (Almacen/Despensa_B),20297722396,0,6012,LA NONA (Almacen/Despensa_B),20297722396,0,MOVER A MASTER Y MARCAR DELETED
GEO_2442,872,LA NONA (Almacen/Despensa_B),20297722396,0,102534,LA NONA (Almacen/Despensa_B),20297722396,0,MOVER A MASTER Y MARCAR DELETED
GEO_2443,874,VALLE 16 DE OCTUBRE SRL (Estacion de Servicio - AXION_C),30-67036460-3,0,5878,VALLE 16 DE OCTUBRE SRL (Estacion de Servicio - AXION_C),30-67036460-3,0,MOVER A MASTER Y MARCAR DELETED
GEO_2443,874,VALLE 16 DE OCTUBRE SRL (Estacion de Servicio - AXION_C),30-67036460-3,0,102530,VALLE 16 DE OCTUBRE SRL (Estacion de Servicio - AXION_C),30-67036460-3,0,MOVER A MASTER Y MARCAR DELETED
GEO_2444,875,SUPER TODO (Almacen/Despensa_A),20262490069,0,5879,SUPER TODO (Almacen/Despensa_A),20262490069,0,MOVER A MASTER Y MARCAR DELETED
GEO_2444,875,SUPER TODO (Almacen/Despensa_A),20262490069,0,102531,SUPER TODO (Almacen/Despensa_A),20262490069,0,MOVER A MASTER Y MARCAR DELETED
GEO_2445,876,LA TORINESA (Cadena Regional_C),20-05413928-5,0,5880,LA TORINESA (Cadena Regional_C),20-05413928-5,0,MOVER A MASTER Y MARCAR DELETED
GEO_2445,876,LA TORINESA (Cadena Regional_C),20-05413928-5,0,102532,LA TORINESA (Cadena Regional_C),20-05413928-5,0,MOVER A MASTER Y MARCAR DELETED
GEO_2446,877,PANIFICADOREA ARTESANAL DEL P (Almacen/Despensa_P),27-22271314-0,0,5875,PANIFICADOREA ARTESANAL DEL P (Almacen/Despensa_P),27-22271314-0,0,MOVER A MASTER Y MARCAR DELETED
GEO_2446,877,PANIFICADOREA ARTESANAL DEL P (Almacen/Despensa_P),27-22271314-0,0,102527,PANIFICADOREA ARTESANAL DEL P (Almacen/Despensa_P),27-22271314-0,0,MOVER A MASTER Y MARCAR DELETED
GEO_2447,878,EL DESTINO (Almacen/Despensa_P),20-24584479-5,0,5876,EL DESTINO (Almacen/Despensa_P),20-24584479-5,0,MOVER A MASTER Y MARCAR DELETED
GEO_2447,878,EL DESTINO (Almacen/Despensa_P),20-24584479-5,0,102528,EL DESTINO (Almacen/Despensa_P),20-24584479-5,0,MOVER A MASTER Y MARCAR DELETED
GEO_2448,879,LO DE MONY (Almacen/Despensa_C),27-21688413-8,0,5877,LO DE MONY (Almacen/Despensa_C),27-21688413-8,0,MOVER A MASTER Y MARCAR DELETED
GEO_2448,879,LO DE MONY (Almacen/Despensa_C),27-21688413-8,0,102529,LO DE MONY (Almacen/Despensa_C),27-21688413-8,0,MOVER A MASTER Y MARCAR DELETED
GEO_2449,880,AUTOSERVICIO EL JO (Almacen/Despensa_A),20177825418,0,5872,AUTOSERVICIO EL JO (Almacen/Despensa_A),20177825418,0,MOVER A MASTER Y MARCAR DELETED
GEO_2449,880,AUTOSERVICIO EL JO (Almacen/Despensa_A),20177825418,0,102524,AUTOSERVICIO EL JO (Almacen/Despensa_A),20177825418,0,MOVER A MASTER Y MARCAR DELETED
GEO_2450,881,LOS PINOS (Almacen/Despensa_C),27-05660356-0,0,5873,LOS PINOS (Almacen/Despensa_C),27-05660356-0,0,MOVER A MASTER Y MARCAR DELETED
GEO_2450,881,LOS PINOS (Almacen/Despensa_C),27-05660356-0,0,102525,LOS PINOS (Almacen/Despensa_C),27-05660356-0,0,MOVER A MASTER Y MARCAR DELETED
GEO_2451,884,SUPERMERCADO ESTRELLA (Autoservicio Tradicional_P),23-95780689-9,0,5780,SUPERMERCADO ESTRELLA (Autoservicio Tradicional_P),23-95780689-9,0,MOVER A MASTER Y MARCAR DELETED
GEO_2451,884,SUPERMERCADO ESTRELLA (Autoservicio Tradicional_P),23-95780689-9,0,102522,SUPERMERCADO ESTRELLA (Autoservicio Tradicional_P),23-95780689-9,0,MOVER A MASTER Y MARCAR DELETED
GEO_2452,884,SUPERMERCADO ESTRELLA (Autoservicio Tradicional_P),23-95780689-9,0,5780,SUPERMERCADO ESTRELLA (Autoservicio Tradicional_P),23-95780689-9,0,MOVER A MASTER Y MARCAR DELETED
GEO_2452,884,SUPERMERCADO ESTRELLA (Autoservicio Tradicional_P),23-95780689-9,0,102522,SUPERMERCADO ESTRELLA (Autoservicio Tradicional_P),23-95780689-9,0,MOVER A MASTER Y MARCAR DELETED
GEO_2453,884,SUPERMERCADO ESTRELLA (Autoservicio Tradicional_P),23-95780689-9,0,5780,SUPERMERCADO ESTRELLA (Autoservicio Tradicional_P),23-95780689-9,0,MOVER A MASTER Y MARCAR DELETED
GEO_2453,884,SUPERMERCADO ESTRELLA (Autoservicio Tradicional_P),23-95780689-9,0,102522,SUPERMERCADO ESTRELLA (Autoservicio Tradicional_P),23-95780689-9,0,MOVER A MASTER Y MARCAR DELETED
GEO_2454,890,AREA 51 (Kiosco/Maxikiosco_C),27-31898464-1,0,5774,AREA 51 (Kiosco/Maxikiosco_C),27-31898464-1,0,MOVER A MASTER Y MARCAR DELETED
GEO_2454,890,AREA 51 (Kiosco/Maxikiosco_C),27-31898464-1,0,102516,AREA 51 (Kiosco/Maxikiosco_C),27-31898464-1,0,MOVER A MASTER Y MARCAR DELETED
GEO_2455,892,GONZA Y FEDE (Fiambreria_C),20-04440945-4,0,5789,GONZA Y FEDE (Fiambreria_C),20-04440945-4,0,MOVER A MASTER Y MARCAR DELETED
GEO_2455,892,GONZA Y FEDE (Fiambreria_C),20-04440945-4,0,102512,GONZA Y FEDE (Fiambreria_C),20-04440945-4,0,MOVER A MASTER Y MARCAR DELETED
GEO_2456,894,LUAN (Almacen/Despensa_B),23-26607809-9,0,5791,LUAN (Almacen/Despensa_B),23-26607809-9,0,MOVER A MASTER Y MARCAR DELETED
GEO_2456,894,LUAN (Almacen/Despensa_B),23-26607809-9,0,102514,LUAN (Almacen/Despensa_B),23-26607809-9,0,MOVER A MASTER Y MARCAR DELETED
GEO_2457,898,MARIALEN (Kiosco/Maxikiosco_C),27-25335426-2,0,5786,MARIALEN (Kiosco/Maxikiosco_C),27-25335426-2,0,MOVER A MASTER Y MARCAR DELETED
GEO_2457,898,MARIALEN (Kiosco/Maxikiosco_C),27-25335426-2,0,102509,MARIALEN (Kiosco/Maxikiosco_C),27-25335426-2,0,MOVER A MASTER Y MARCAR DELETED
GEO_2458,899,LA PANTERA (Almacen/Despensa_B),27-20236187-6,0,5787,LA PANTERA (Almacen/Despensa_B),27-20236187-6,0,MOVER A MASTER Y MARCAR DELETED
GEO_2458,899,LA PANTERA (Almacen/Despensa_B),27-20236187-6,0,102510,LA PANTERA (Almacen/Despensa_B),27-20236187-6,0,MOVER A MASTER Y MARCAR DELETED
GEO_2459,899,LA PANTERA (Almacen/Despensa_B),27-20236187-6,0,5787,LA PANTERA (Almacen/Despensa_B),27-20236187-6,0,MOVER A MASTER Y MARCAR DELETED
GEO_2459,899,LA PANTERA (Almacen/Despensa_B),27-20236187-6,0,102510,LA PANTERA (Almacen/Despensa_B),27-20236187-6,0,MOVER A MASTER Y MARCAR DELETED
GEO_2460,906,LOS TURQUITOS (Carniceria/Granja_P),27-20094803-9,0,5799,LOS TURQUITOS (Carniceria/Granja_P),27-20094803-9,0,MOVER A MASTER Y MARCAR DELETED
GEO_2460,906,LOS TURQUITOS (Carniceria/Granja_P),27-20094803-9,0,102501,LOS TURQUITOS (Carniceria/Granja_P),27-20094803-9,0,MOVER A MASTER Y MARCAR DELETED
GEO_2461,902,LA FIAMBRERIA 2 (Fiambreria_P),20-23709469-8,0,5801,LA FIAMBRERIA 2 (Fiambreria_P),20-23709469-8,0,MOVER A MASTER Y MARCAR DELETED
GEO_2461,902,LA FIAMBRERIA 2 (Fiambreria_P),20-23709469-8,0,102503,LA FIAMBRERIA 2 (Fiambreria_P),20-23709469-8,0,MOVER A MASTER Y MARCAR DELETED
GEO_2462,902,LA FIAMBRERIA 2 (Fiambreria_P),20-23709469-8,0,5801,LA FIAMBRERIA 2 (Fiambreria_P),20-23709469-8,0,MOVER A MASTER Y MARCAR DELETED
GEO_2462,902,LA FIAMBRERIA 2 (Fiambreria_P),20-23709469-8,0,102503,LA FIAMBRERIA 2 (Fiambreria_P),20-23709469-8,0,MOVER A MASTER Y MARCAR DELETED
GEO_2463,904,DRUGSTORE (Kiosco/Maxikiosco_A),24296459298,0,5797,DRUGSTORE (Kiosco/Maxikiosco_A),24296459298,0,MOVER A MASTER Y MARCAR DELETED
GEO_2463,904,DRUGSTORE (Kiosco/Maxikiosco_A),24296459298,0,102499,DRUGSTORE (Kiosco/Maxikiosco_A),24296459298,0,MOVER A MASTER Y MARCAR DELETED
GEO_2464,904,DRUGSTORE (Kiosco/Maxikiosco_A),24296459298,0,5797,DRUGSTORE (Kiosco/Maxikiosco_A),24296459298,0,MOVER A MASTER Y MARCAR DELETED
GEO_2464,904,DRUGSTORE (Kiosco/Maxikiosco_A),24296459298,0,102499,DRUGSTORE (Kiosco/Maxikiosco_A),24296459298,0,MOVER A MASTER Y MARCAR DELETED
GEO_2465,907,MANJARES (Carniceria/Granja_B),20-30550121-3,0,5794,MANJARES (Carniceria/Granja_B),20-30550121-3,0,MOVER A MASTER Y MARCAR DELETED
GEO_2465,907,MANJARES (Carniceria/Granja_B),20-30550121-3,0,102495,MANJARES (Carniceria/Granja_B),20-30550121-3,0,MOVER A MASTER Y MARCAR DELETED
GEO_2466,908,EL TATA (Almacen/Despensa_A),20-25724621-4,0,5795,EL TATA (Almacen/Despensa_A),20-25724621-4,0,MOVER A MASTER Y MARCAR DELETED
GEO_2466,908,EL TATA (Almacen/Despensa_A),20-25724621-4,0,102496,EL TATA (Almacen/Despensa_A),20-25724621-4,0,MOVER A MASTER Y MARCAR DELETED
GEO_2467,909,LA FIAMBRERIA (Fiambreria_P),20-23709469-8,0,5796,LA FIAMBRERIA (Fiambreria_P),20-23709469-8,0,MOVER A MASTER Y MARCAR DELETED
GEO_2467,909,LA FIAMBRERIA (Fiambreria_P),20-23709469-8,0,102497,LA FIAMBRERIA (Fiambreria_P),20-23709469-8,0,MOVER A MASTER Y MARCAR DELETED
GEO_2468,910,MARTIN Y MARTINA (Almacen/Despensa_B),20-20398284-5,0,5811,MARTIN Y MARTINA (Almacen/Despensa_B),20-20398284-5,0,MOVER A MASTER Y MARCAR DELETED
GEO_2468,910,MARTIN Y MARTINA (Almacen/Despensa_B),20-20398284-5,0,102492,MARTIN Y MARTINA (Almacen/Despensa_B),20-20398284-5,0,MOVER A MASTER Y MARCAR DELETED
GEO_2469,911,ALMACEN LOS TIOS (Almacen/Despensa_B),27-30025854-4,0,5792,ALMACEN LOS TIOS (Almacen/Despensa_B),27-30025854-4,0,MOVER A MASTER Y MARCAR DELETED
GEO_2469,911,ALMACEN LOS TIOS (Almacen/Despensa_B),27-30025854-4,0,102493,ALMACEN LOS TIOS (Almacen/Despensa_B),27-30025854-4,0,MOVER A MASTER Y MARCAR DELETED
GEO_2470,912,EL NEGRO (Almacen/Despensa_C),20-14275449-6,0,5793,EL NEGRO (Almacen/Despensa_C),20-14275449-6,0,MOVER A MASTER Y MARCAR DELETED
GEO_2470,912,EL NEGRO (Almacen/Despensa_C),20-14275449-6,0,102494,EL NEGRO (Almacen/Despensa_C),20-14275449-6,0,MOVER A MASTER Y MARCAR DELETED
GEO_2471,912,EL NEGRO (Almacen/Despensa_C),20-14275449-6,0,5793,EL NEGRO (Almacen/Despensa_C),20-14275449-6,0,MOVER A MASTER Y MARCAR DELETED
GEO_2471,912,EL NEGRO (Almacen/Despensa_C),20-14275449-6,0,102494,EL NEGRO (Almacen/Despensa_C),20-14275449-6,0,MOVER A MASTER Y MARCAR DELETED
GEO_2472,914,LOS RODRIGUEZ (Almacen/Despensa_P),20-24176415-0,0,5809,LOS RODRIGUEZ (Almacen/Despensa_P),20-24176415-0,0,MOVER A MASTER Y MARCAR DELETED
GEO_2472,914,LOS RODRIGUEZ (Almacen/Despensa_P),20-24176415-0,0,102490,LOS RODRIGUEZ (Almacen/Despensa_P),20-24176415-0,0,MOVER A MASTER Y MARCAR DELETED
GEO_2473,915,C BELLA VISTA (Almacen/Despensa_C),27-24317456-8,0,5810,C BELLA VISTA (Almacen/Despensa_C),27-24317456-8,0,MOVER A MASTER Y MARCAR DELETED
GEO_2473,915,C BELLA VISTA (Almacen/Despensa_C),27-24317456-8,0,102491,C BELLA VISTA (Almacen/Despensa_C),27-24317456-8,0,MOVER A MASTER Y MARCAR DELETED
GEO_2474,916,ALMACEN LA NORIA (Almacen/Despensa_B),27-22568704-3,0,5805,ALMACEN LA NORIA (Almacen/Despensa_B),27-22568704-3,0,MOVER A MASTER Y MARCAR DELETED
GEO_2474,916,ALMACEN LA NORIA (Almacen/Despensa_B),27-22568704-3,0,102486,ALMACEN LA NORIA (Almacen/Despensa_B),27-22568704-3,0,MOVER A MASTER Y MARCAR DELETED
GEO_2475,992,AUTOSERVICIO DON PONCE (Almacen/Despensa_B),20-28516994-2,0,6026,AUTOSERVICIO DON PONCE (Almacen/Despensa_B),20-28516994-2,0,MOVER A MASTER Y MARCAR DELETED
GEO_2475,992,AUTOSERVICIO DON PONCE (Almacen/Despensa_B),20-28516994-2,0,102558,AUTOSERVICIO DON PONCE (Almacen/Despensa_B),20-28516994-2,0,MOVER A MASTER Y MARCAR DELETED
GEO_2476,918,PINOCHO (Kiosco/Maxikiosco_P),20332873823,0,5807,PINOCHO (Kiosco/Maxikiosco_P),20332873823,0,MOVER A MASTER Y MARCAR DELETED
GEO_2476,918,PINOCHO (Kiosco/Maxikiosco_P),20332873823,0,102488,PINOCHO (Kiosco/Maxikiosco_P),20332873823,0,MOVER A MASTER Y MARCAR DELETED
GEO_2477,918,PINOCHO (Kiosco/Maxikiosco_P),20332873823,0,5807,PINOCHO (Kiosco/Maxikiosco_P),20332873823,0,MOVER A MASTER Y MARCAR DELETED
GEO_2477,918,PINOCHO (Kiosco/Maxikiosco_P),20332873823,0,102488,PINOCHO (Kiosco/Maxikiosco_P),20332873823,0,MOVER A MASTER Y MARCAR DELETED
GEO_2478,918,PINOCHO (Kiosco/Maxikiosco_P),20332873823,0,5807,PINOCHO (Kiosco/Maxikiosco_P),20332873823,0,MOVER A MASTER Y MARCAR DELETED
GEO_2478,918,PINOCHO (Kiosco/Maxikiosco_P),20332873823,0,102488,PINOCHO (Kiosco/Maxikiosco_P),20332873823,0,MOVER A MASTER Y MARCAR DELETED
GEO_2479,926,KIOSCO LOS MAGIOS (Kiosco/Maxikiosco_P),20-10197768-5,0,5817,KIOSCO LOS MAGIOS (Kiosco/Maxikiosco_P),20-10197768-5,0,MOVER A MASTER Y MARCAR DELETED
GEO_2479,926,KIOSCO LOS MAGIOS (Kiosco/Maxikiosco_P),20-10197768-5,0,102478,KIOSCO LOS MAGIOS (Kiosco/Maxikiosco_P),20-10197768-5,0,MOVER A MASTER Y MARCAR DELETED
GEO_2480,927,DESPENSA PATAGONIA (Kiosco/Maxikiosco_P),27-27403484-5,0,5818,DESPENSA PATAGONIA (Kiosco/Maxikiosco_P),27-27403484-5,0,MOVER A MASTER Y MARCAR DELETED
GEO_2480,927,DESPENSA PATAGONIA (Kiosco/Maxikiosco_P),27-27403484-5,0,102479,DESPENSA PATAGONIA (Kiosco/Maxikiosco_P),27-27403484-5,0,MOVER A MASTER Y MARCAR DELETED
GEO_2481,929,LA VIEJA ESQUINA (Almacen/Despensa_A),27337715546,0,5814,LA VIEJA ESQUINA (Almacen/Despensa_A),27337715546,0,MOVER A MASTER Y MARCAR DELETED
GEO_2481,929,LA VIEJA ESQUINA (Almacen/Despensa_A),27337715546,0,102475,LA VIEJA ESQUINA (Almacen/Despensa_A),27337715546,0,MOVER A MASTER Y MARCAR DELETED
GEO_2482,930,LOS RODRIGUEZ 2 (Almacen/Despensa_A),20-24176415-0,0,5815,LOS RODRIGUEZ 2 (Almacen/Despensa_A),20-24176415-0,0,MOVER A MASTER Y MARCAR DELETED
GEO_2482,930,LOS RODRIGUEZ 2 (Almacen/Despensa_A),20-24176415-0,0,102476,LOS RODRIGUEZ 2 (Almacen/Despensa_A),20-24176415-0,0,MOVER A MASTER Y MARCAR DELETED
GEO_2483,931,MELORMAD (Kiosco/Maxikiosco_A),30-71208146-1,0,5783,MELORMAD (Kiosco/Maxikiosco_A),30-71208146-1,0,MOVER A MASTER Y MARCAR DELETED
GEO_2483,931,MELORMAD (Kiosco/Maxikiosco_A),30-71208146-1,0,102505,MELORMAD (Kiosco/Maxikiosco_A),30-71208146-1,0,MOVER A MASTER Y MARCAR DELETED
GEO_2484,932,MERCADO J Y R (Almacen/Despensa_C),23356936469,0,5784,MERCADO J Y R (Almacen/Despensa_C),23356936469,0,MOVER A MASTER Y MARCAR DELETED
GEO_2484,932,MERCADO J Y R (Almacen/Despensa_C),23356936469,0,102506,MERCADO J Y R (Almacen/Despensa_C),23356936469,0,MOVER A MASTER Y MARCAR DELETED
GEO_2485,933,QUESABOR (Fiambreria_B),20-29545800-4,0,5785,QUESABOR (Fiambreria_B),20-29545800-4,0,MOVER A MASTER Y MARCAR DELETED
GEO_2485,933,QUESABOR (Fiambreria_B),20-29545800-4,0,102508,QUESABOR (Fiambreria_B),20-29545800-4,0,MOVER A MASTER Y MARCAR DELETED
GEO_2486,933,QUESABOR (Fiambreria_B),20-29545800-4,0,5785,QUESABOR (Fiambreria_B),20-29545800-4,0,MOVER A MASTER Y MARCAR DELETED
GEO_2486,933,QUESABOR (Fiambreria_B),20-29545800-4,0,102508,QUESABOR (Fiambreria_B),20-29545800-4,0,MOVER A MASTER Y MARCAR DELETED
GEO_2487,1027,FORRAJERIA EL ESTRIBO (Autoservicio Tradicional_A),20-28872477-7,0,6145,FORRAJERIA EL ESTRIBO (Autoservicio Tradicional_A),20-28872477-7,0,MOVER A MASTER Y MARCAR DELETED
GEO_2487,1027,FORRAJERIA EL ESTRIBO (Autoservicio Tradicional_A),20-28872477-7,0,102683,FORRAJERIA EL ESTRIBO (Autoservicio Tradicional_A),20-28872477-7,0,MOVER A MASTER Y MARCAR DELETED
GEO_2488,1027,FORRAJERIA EL ESTRIBO (Autoservicio Tradicional_A),20-28872477-7,0,6145,FORRAJERIA EL ESTRIBO (Autoservicio Tradicional_A),20-28872477-7,0,MOVER A MASTER Y MARCAR DELETED
GEO_2488,1027,FORRAJERIA EL ESTRIBO (Autoservicio Tradicional_A),20-28872477-7,0,102683,FORRAJERIA EL ESTRIBO (Autoservicio Tradicional_A),20-28872477-7,0,MOVER A MASTER Y MARCAR DELETED
GEO_2489,940,polleria del 7  (Carniceria/Granja_B),20-33205722-8,0,6206,polleria del 7  (Carniceria/Granja_B),20-33205722-8,0,MOVER A MASTER Y MARCAR DELETED
GEO_2489,940,polleria del 7  (Carniceria/Granja_B),20-33205722-8,0,102609,polleria del 7  (Carniceria/Granja_B),20-33205722-8,0,MOVER A MASTER Y MARCAR DELETED
GEO_2490,6207,HOTEL LLAO LLAO (Resto de On Premise_C),30707243607,0,941,HOTEL LLAO LLAO (Resto de On Premise_C),30707243607,0,MOVER A MASTER Y MARCAR DELETED
GEO_2490,6207,HOTEL LLAO LLAO (Resto de On Premise_C),30707243607,0,102611,HOTEL LLAO LLAO (Resto de On Premise_C),30707243607,0,MOVER A MASTER Y MARCAR DELETED
GEO_2491,6207,HOTEL LLAO LLAO (Resto de On Premise_C),30707243607,0,941,HOTEL LLAO LLAO (Resto de On Premise_C),30707243607,0,MOVER A MASTER Y MARCAR DELETED
GEO_2491,6207,HOTEL LLAO LLAO (Resto de On Premise_C),30707243607,0,102611,HOTEL LLAO LLAO (Resto de On Premise_C),30707243607,0,MOVER A MASTER Y MARCAR DELETED
GEO_2492,1069,MERCADO DEL LAGO (Autoservicio Tradicional_P),30-71715866-7,0,6173,MERCADO DEL LAGO (Autoservicio Tradicional_P),30-71715866-7,0,MOVER A MASTER Y MARCAR DELETED
GEO_2492,1069,MERCADO DEL LAGO (Autoservicio Tradicional_P),30-71715866-7,0,102639,MERCADO DEL LAGO (Autoservicio Tradicional_P),30-71715866-7,0,MOVER A MASTER Y MARCAR DELETED
GEO_2493,945,DESPENSA CANDE (Almacen/Despensa_C),20928331394,0,6205,DESPENSA CANDE (Almacen/Despensa_C),20928331394,0,MOVER A MASTER Y MARCAR DELETED
GEO_2493,945,DESPENSA CANDE (Almacen/Despensa_C),20928331394,0,102608,DESPENSA CANDE (Almacen/Despensa_C),20928331394,0,MOVER A MASTER Y MARCAR DELETED
GEO_2494,945,DESPENSA CANDE (Almacen/Despensa_C),20928331394,0,6205,DESPENSA CANDE (Almacen/Despensa_C),20928331394,0,MOVER A MASTER Y MARCAR DELETED
GEO_2494,945,DESPENSA CANDE (Almacen/Despensa_C),20928331394,0,102608,DESPENSA CANDE (Almacen/Despensa_C),20928331394,0,MOVER A MASTER Y MARCAR DELETED
GEO_2495,945,DESPENSA CANDE (Almacen/Despensa_C),20928331394,0,6205,DESPENSA CANDE (Almacen/Despensa_C),20928331394,0,MOVER A MASTER Y MARCAR DELETED
GEO_2495,945,DESPENSA CANDE (Almacen/Despensa_C),20928331394,0,102608,DESPENSA CANDE (Almacen/Despensa_C),20928331394,0,MOVER A MASTER Y MARCAR DELETED
GEO_2496,955,DESPENSA M&L (Almacen/Despensa_C),27-27255520-1,0,6231,DESPENSA M&L (Almacen/Despensa_C),27-27255520-1,0,MOVER A MASTER Y MARCAR DELETED
GEO_2496,955,DESPENSA M&L (Almacen/Despensa_C),27-27255520-1,0,102593,DESPENSA M&L (Almacen/Despensa_C),27-27255520-1,0,MOVER A MASTER Y MARCAR DELETED
GEO_2497,955,DESPENSA M&L (Almacen/Despensa_C),27-27255520-1,0,6231,DESPENSA M&L (Almacen/Despensa_C),27-27255520-1,0,MOVER A MASTER Y MARCAR DELETED
GEO_2497,955,DESPENSA M&L (Almacen/Despensa_C),27-27255520-1,0,102593,DESPENSA M&L (Almacen/Despensa_C),27-27255520-1,0,MOVER A MASTER Y MARCAR DELETED
GEO_2498,955,DESPENSA M&L (Almacen/Despensa_C),27-27255520-1,0,6231,DESPENSA M&L (Almacen/Despensa_C),27-27255520-1,0,MOVER A MASTER Y MARCAR DELETED
GEO_2498,955,DESPENSA M&L (Almacen/Despensa_C),27-27255520-1,0,102593,DESPENSA M&L (Almacen/Despensa_C),27-27255520-1,0,MOVER A MASTER Y MARCAR DELETED
GEO_2499,955,DESPENSA M&L (Almacen/Despensa_C),27-27255520-1,0,6231,DESPENSA M&L (Almacen/Despensa_C),27-27255520-1,0,MOVER A MASTER Y MARCAR DELETED
GEO_2499,955,DESPENSA M&L (Almacen/Despensa_C),27-27255520-1,0,102593,DESPENSA M&L (Almacen/Despensa_C),27-27255520-1,0,MOVER A MASTER Y MARCAR DELETED
GEO_2500,962,Growlandia (Resto de On Premise_C),20-35817532-6,0,6226,Growlandia (Resto de On Premise_C),20-35817532-6,0,MOVER A MASTER Y MARCAR DELETED
GEO_2500,962,Growlandia (Resto de On Premise_C),20-35817532-6,0,102588,Growlandia (Resto de On Premise_C),20-35817532-6,0,MOVER A MASTER Y MARCAR DELETED
GEO_2501,962,Growlandia (Resto de On Premise_C),20-35817532-6,0,6226,Growlandia (Resto de On Premise_C),20-35817532-6,0,MOVER A MASTER Y MARCAR DELETED
GEO_2501,962,Growlandia (Resto de On Premise_C),20-35817532-6,0,102588,Growlandia (Resto de On Premise_C),20-35817532-6,0,MOVER A MASTER Y MARCAR DELETED
GEO_2502,962,Growlandia (Resto de On Premise_C),20-35817532-6,0,6226,Growlandia (Resto de On Premise_C),20-35817532-6,0,MOVER A MASTER Y MARCAR DELETED
GEO_2502,962,Growlandia (Resto de On Premise_C),20-35817532-6,0,102588,Growlandia (Resto de On Premise_C),20-35817532-6,0,MOVER A MASTER Y MARCAR DELETED
GEO_2503,967,NARANJA Y CANELA (Almacen/Despensa_C),27-25599803-5,0,6192,NARANJA Y CANELA (Almacen/Despensa_C),27-25599803-5,0,MOVER A MASTER Y MARCAR DELETED
GEO_2503,967,NARANJA Y CANELA (Almacen/Despensa_C),27-25599803-5,0,102617,NARANJA Y CANELA (Almacen/Despensa_C),27-25599803-5,0,MOVER A MASTER Y MARCAR DELETED
GEO_2504,967,NARANJA Y CANELA (Almacen/Despensa_C),27-25599803-5,0,6192,NARANJA Y CANELA (Almacen/Despensa_C),27-25599803-5,0,MOVER A MASTER Y MARCAR DELETED
GEO_2504,967,NARANJA Y CANELA (Almacen/Despensa_C),27-25599803-5,0,102617,NARANJA Y CANELA (Almacen/Despensa_C),27-25599803-5,0,MOVER A MASTER Y MARCAR DELETED
GEO_2505,969,Minimercado Aldy (Almacen/Despensa_B),20-26645956-5,0,6194,Minimercado Aldy (Almacen/Despensa_B),20-26645956-5,0,MOVER A MASTER Y MARCAR DELETED
GEO_2505,969,Minimercado Aldy (Almacen/Despensa_B),20-26645956-5,0,102619,Minimercado Aldy (Almacen/Despensa_B),20-26645956-5,0,MOVER A MASTER Y MARCAR DELETED
GEO_2506,972,MAYORISTA SERRA (Mayoristas_P),30-67037821-3,0,6241,MAYORISTA SERRA (Mayoristas_P),30-67037821-3,0,MOVER A MASTER Y MARCAR DELETED
GEO_2506,972,MAYORISTA SERRA (Mayoristas_P),30-67037821-3,0,102583,MAYORISTA SERRA (Mayoristas_P),30-67037821-3,0,MOVER A MASTER Y MARCAR DELETED
GEO_2507,973,VERDULERIA LA CHACRA (Resto de Tradicionales_B),20-42898452-9,0,6233,VERDULERIA LA CHACRA (Resto de Tradicionales_B),20-42898452-9,0,MOVER A MASTER Y MARCAR DELETED
GEO_2507,973,VERDULERIA LA CHACRA (Resto de Tradicionales_B),20-42898452-9,0,102575,VERDULERIA LA CHACRA (Resto de Tradicionales_B),20-42898452-9,0,MOVER A MASTER Y MARCAR DELETED
GEO_2508,974,DESPENSA VERO (Almacen/Despensa_C),27-23407971-4,0,6234,DESPENSA VERO (Almacen/Despensa_C),27-23407971-4,0,MOVER A MASTER Y MARCAR DELETED
GEO_2508,974,DESPENSA VERO (Almacen/Despensa_C),27-23407971-4,0,102576,DESPENSA VERO (Almacen/Despensa_C),27-23407971-4,0,MOVER A MASTER Y MARCAR DELETED
GEO_2509,974,DESPENSA VERO (Almacen/Despensa_C),27-23407971-4,0,6234,DESPENSA VERO (Almacen/Despensa_C),27-23407971-4,0,MOVER A MASTER Y MARCAR DELETED
GEO_2509,974,DESPENSA VERO (Almacen/Despensa_C),27-23407971-4,0,102576,DESPENSA VERO (Almacen/Despensa_C),27-23407971-4,0,MOVER A MASTER Y MARCAR DELETED
GEO_2510,977,LAS TIKIS (Kiosco/Maxikiosco_B),27-21623806-6,0,6251,LAS TIKIS (Kiosco/Maxikiosco_B),27-21623806-6,0,MOVER A MASTER Y MARCAR DELETED
GEO_2510,977,LAS TIKIS (Kiosco/Maxikiosco_B),27-21623806-6,0,102573,LAS TIKIS (Kiosco/Maxikiosco_B),27-21623806-6,0,MOVER A MASTER Y MARCAR DELETED
GEO_2511,978,MERCADO COSTANERA (Almacen/Despensa_B),20-24584890-1,0,6232,MERCADO COSTANERA (Almacen/Despensa_B),20-24584890-1,0,MOVER A MASTER Y MARCAR DELETED
GEO_2511,978,MERCADO COSTANERA (Almacen/Despensa_B),20-24584890-1,0,102574,MERCADO COSTANERA (Almacen/Despensa_B),20-24584890-1,0,MOVER A MASTER Y MARCAR DELETED
GEO_2512,1450,VERDULERIA LOS RODRIGUEZ (Resto de Tradicionales_B),20943149942,0,6296,VERDULERIA LOS RODRIGUEZ (Resto de Tradicionales_B),20943149942,0,MOVER A MASTER Y MARCAR DELETED
GEO_2512,1450,VERDULERIA LOS RODRIGUEZ (Resto de Tradicionales_B),20943149942,0,103015,VERDULERIA LOS RODRIGUEZ (Resto de Tradicionales_B),20943149942,0,MOVER A MASTER Y MARCAR DELETED
GEO_2513,980,RINDEMAX (Autoservicio Tradicional_A),27-95641803-3,0,6248,RINDEMAX (Autoservicio Tradicional_A),27-95641803-3,0,MOVER A MASTER Y MARCAR DELETED
GEO_2513,980,RINDEMAX (Autoservicio Tradicional_A),27-95641803-3,0,102570,RINDEMAX (Autoservicio Tradicional_A),27-95641803-3,0,MOVER A MASTER Y MARCAR DELETED
GEO_2514,981,LA PROVEDURIA (Autoservicio Tradicional_B),20-21623708-1,0,6249,LA PROVEDURIA (Autoservicio Tradicional_B),20-21623708-1,0,MOVER A MASTER Y MARCAR DELETED
GEO_2514,981,LA PROVEDURIA (Autoservicio Tradicional_B),20-21623708-1,0,102571,LA PROVEDURIA (Autoservicio Tradicional_B),20-21623708-1,0,MOVER A MASTER Y MARCAR DELETED
GEO_2515,983,DESPENSA LAUTY (Almacen/Despensa_B),20-21353962-1,0,6245,DESPENSA LAUTY (Almacen/Despensa_B),20-21353962-1,0,MOVER A MASTER Y MARCAR DELETED
GEO_2515,983,DESPENSA LAUTY (Almacen/Despensa_B),20-21353962-1,0,102567,DESPENSA LAUTY (Almacen/Despensa_B),20-21353962-1,0,MOVER A MASTER Y MARCAR DELETED
GEO_2516,984,DESPENSA EL INDIO (Almacen/Despensa_C),27-92706629-2,0,6246,DESPENSA EL INDIO (Almacen/Despensa_C),27-92706629-2,0,MOVER A MASTER Y MARCAR DELETED
GEO_2516,984,DESPENSA EL INDIO (Almacen/Despensa_C),27-92706629-2,0,102568,DESPENSA EL INDIO (Almacen/Despensa_C),27-92706629-2,0,MOVER A MASTER Y MARCAR DELETED
GEO_2517,988,EL CERRO AUTOSERVICIO (Cadena Regional_C),30-71612507-2,0,6028,EL CERRO AUTOSERVICIO (Cadena Regional_C),30-71612507-2,0,MOVER A MASTER Y MARCAR DELETED
GEO_2517,988,EL CERRO AUTOSERVICIO (Cadena Regional_C),30-71612507-2,0,102560,EL CERRO AUTOSERVICIO (Cadena Regional_C),30-71612507-2,0,MOVER A MASTER Y MARCAR DELETED
GEO_2518,988,EL CERRO AUTOSERVICIO (Cadena Regional_C),30-71612507-2,0,6028,EL CERRO AUTOSERVICIO (Cadena Regional_C),30-71612507-2,0,MOVER A MASTER Y MARCAR DELETED
GEO_2518,988,EL CERRO AUTOSERVICIO (Cadena Regional_C),30-71612507-2,0,102560,EL CERRO AUTOSERVICIO (Cadena Regional_C),30-71612507-2,0,MOVER A MASTER Y MARCAR DELETED
GEO_2519,991,JUAN RIO MAYO (Almacen/Despensa_P),27-33770169-3,0,6025,JUAN RIO MAYO (Almacen/Despensa_P),27-33770169-3,0,MOVER A MASTER Y MARCAR DELETED
GEO_2519,991,JUAN RIO MAYO (Almacen/Despensa_P),27-33770169-3,0,102557,JUAN RIO MAYO (Almacen/Despensa_P),27-33770169-3,0,MOVER A MASTER Y MARCAR DELETED
GEO_2520,991,JUAN RIO MAYO (Almacen/Despensa_P),27-33770169-3,0,6025,JUAN RIO MAYO (Almacen/Despensa_P),27-33770169-3,0,MOVER A MASTER Y MARCAR DELETED
GEO_2520,991,JUAN RIO MAYO (Almacen/Despensa_P),27-33770169-3,0,102557,JUAN RIO MAYO (Almacen/Despensa_P),27-33770169-3,0,MOVER A MASTER Y MARCAR DELETED
GEO_2521,993,CARNICERIA TRECAR  (Carniceria/Granja_P),30-71552159-4,0,6027,CARNICERIA TRECAR  (Carniceria/Granja_P),30-71552159-4,0,MOVER A MASTER Y MARCAR DELETED
GEO_2521,993,CARNICERIA TRECAR  (Carniceria/Granja_P),30-71552159-4,0,102559,CARNICERIA TRECAR  (Carniceria/Granja_P),30-71552159-4,0,MOVER A MASTER Y MARCAR DELETED
GEO_2522,994,LA MARGARITA (Resto de Tradicionales_B),27033014169,0,6022,LA MARGARITA (Resto de Tradicionales_B),27033014169,0,MOVER A MASTER Y MARCAR DELETED
GEO_2522,994,LA MARGARITA (Resto de Tradicionales_B),27033014169,0,102554,LA MARGARITA (Resto de Tradicionales_B),27033014169,0,MOVER A MASTER Y MARCAR DELETED
GEO_2523,995,KIOSCO MANOLO (Kiosco/Maxikiosco_C),23-24121404-4,0,6023,KIOSCO MANOLO (Kiosco/Maxikiosco_C),23-24121404-4,0,MOVER A MASTER Y MARCAR DELETED
GEO_2523,995,KIOSCO MANOLO (Kiosco/Maxikiosco_C),23-24121404-4,0,102555,KIOSCO MANOLO (Kiosco/Maxikiosco_C),23-24121404-4,0,MOVER A MASTER Y MARCAR DELETED
GEO_2524,997,TRES60 (Kiosco/Maxikiosco_P),20-25335699-6,0,6139,TRES60 (Kiosco/Maxikiosco_P),20-25335699-6,0,MOVER A MASTER Y MARCAR DELETED
GEO_2524,997,TRES60 (Kiosco/Maxikiosco_P),20-25335699-6,0,102551,TRES60 (Kiosco/Maxikiosco_P),20-25335699-6,0,MOVER A MASTER Y MARCAR DELETED
GEO_2525,997,TRES60 (Kiosco/Maxikiosco_P),20-25335699-6,0,6139,TRES60 (Kiosco/Maxikiosco_P),20-25335699-6,0,MOVER A MASTER Y MARCAR DELETED
GEO_2525,997,TRES60 (Kiosco/Maxikiosco_P),20-25335699-6,0,102551,TRES60 (Kiosco/Maxikiosco_P),20-25335699-6,0,MOVER A MASTER Y MARCAR DELETED
GEO_2526,1000,TIKI (Kiosco/Maxikiosco_P),27-36600654-6,0,6136,TIKI (Kiosco/Maxikiosco_P),27-36600654-6,0,MOVER A MASTER Y MARCAR DELETED
GEO_2526,1000,TIKI (Kiosco/Maxikiosco_P),27-36600654-6,0,102548,TIKI (Kiosco/Maxikiosco_P),27-36600654-6,0,MOVER A MASTER Y MARCAR DELETED
GEO_2527,1001,DESPENSA LOS HERMANOS (Almacen/Despensa_A),27-38800078-9,0,6137,DESPENSA LOS HERMANOS (Almacen/Despensa_A),27-38800078-9,0,MOVER A MASTER Y MARCAR DELETED
GEO_2527,1001,DESPENSA LOS HERMANOS (Almacen/Despensa_A),27-38800078-9,0,102549,DESPENSA LOS HERMANOS (Almacen/Despensa_A),27-38800078-9,0,MOVER A MASTER Y MARCAR DELETED
GEO_2528,1004,VERDULERIA DESPENSA CAMILA (Resto de Tradicionales_C),20-94966713-9,0,6237,VERDULERIA DESPENSA CAMILA (Resto de Tradicionales_C),20-94966713-9,0,MOVER A MASTER Y MARCAR DELETED
GEO_2528,1004,VERDULERIA DESPENSA CAMILA (Resto de Tradicionales_C),20-94966713-9,0,102579,VERDULERIA DESPENSA CAMILA (Resto de Tradicionales_C),20-94966713-9,0,MOVER A MASTER Y MARCAR DELETED
GEO_2529,1005,CARNICERIA LO DE PEREZ (Carniceria/Granja_P),30-71565047-5,0,6238,CARNICERIA LO DE PEREZ (Carniceria/Granja_P),30-71565047-5,0,MOVER A MASTER Y MARCAR DELETED
GEO_2529,1005,CARNICERIA LO DE PEREZ (Carniceria/Granja_P),30-71565047-5,0,102580,CARNICERIA LO DE PEREZ (Carniceria/Granja_P),30-71565047-5,0,MOVER A MASTER Y MARCAR DELETED
GEO_2530,1006,AUTOSERVICIO ESQUEL (Almacen/Despensa_B),27-23709150-2,0,6133,AUTOSERVICIO ESQUEL (Almacen/Despensa_B),27-23709150-2,0,MOVER A MASTER Y MARCAR DELETED
GEO_2530,1006,AUTOSERVICIO ESQUEL (Almacen/Despensa_B),27-23709150-2,0,102545,AUTOSERVICIO ESQUEL (Almacen/Despensa_B),27-23709150-2,0,MOVER A MASTER Y MARCAR DELETED
GEO_2531,1006,AUTOSERVICIO ESQUEL (Almacen/Despensa_B),27-23709150-2,0,6133,AUTOSERVICIO ESQUEL (Almacen/Despensa_B),27-23709150-2,0,MOVER A MASTER Y MARCAR DELETED
GEO_2531,1006,AUTOSERVICIO ESQUEL (Almacen/Despensa_B),27-23709150-2,0,102545,AUTOSERVICIO ESQUEL (Almacen/Despensa_B),27-23709150-2,0,MOVER A MASTER Y MARCAR DELETED
GEO_2532,1006,AUTOSERVICIO ESQUEL (Almacen/Despensa_B),27-23709150-2,0,6133,AUTOSERVICIO ESQUEL (Almacen/Despensa_B),27-23709150-2,0,MOVER A MASTER Y MARCAR DELETED
GEO_2532,1006,AUTOSERVICIO ESQUEL (Almacen/Despensa_B),27-23709150-2,0,102545,AUTOSERVICIO ESQUEL (Almacen/Despensa_B),27-23709150-2,0,MOVER A MASTER Y MARCAR DELETED
GEO_2533,1537,DESPENSA SOL (Almacen/Despensa_A),20356025319,0,6609,DESPENSA SOL (Almacen/Despensa_A),20356025319,0,MOVER A MASTER Y MARCAR DELETED
GEO_2533,1537,DESPENSA SOL (Almacen/Despensa_A),20356025319,0,103241,DESPENSA SOL (Almacen/Despensa_A),20356025319,0,MOVER A MASTER Y MARCAR DELETED
GEO_2534,1537,DESPENSA SOL (Almacen/Despensa_A),20356025319,0,6609,DESPENSA SOL (Almacen/Despensa_A),20356025319,0,MOVER A MASTER Y MARCAR DELETED
GEO_2534,1537,DESPENSA SOL (Almacen/Despensa_A),20356025319,0,103241,DESPENSA SOL (Almacen/Despensa_A),20356025319,0,MOVER A MASTER Y MARCAR DELETED
GEO_2535,1014,SOL Y LUNA (Almacen/Despensa_C),27-32056345-9,0,6183,SOL Y LUNA (Almacen/Despensa_C),27-32056345-9,0,MOVER A MASTER Y MARCAR DELETED
GEO_2535,1014,SOL Y LUNA (Almacen/Despensa_C),27-32056345-9,0,102628,SOL Y LUNA (Almacen/Despensa_C),27-32056345-9,0,MOVER A MASTER Y MARCAR DELETED
GEO_2536,1715,La Marca Restò (Restaurante_C),30716344459,0,6942,La Marca Restò (Restaurante_C),30716344459,0,MOVER A MASTER Y MARCAR DELETED
GEO_2536,1715,La Marca Restò (Restaurante_C),30716344459,0,102248,La Marca Restò (Restaurante_C),30716344459,0,MOVER A MASTER Y MARCAR DELETED
GEO_2537,1019,NUEVA FERIA KM13 (Almacen/Despensa_P),33-71707482-9,0,6125,NUEVA FERIA KM13 (Almacen/Despensa_P),33-71707482-9,0,MOVER A MASTER Y MARCAR DELETED
GEO_2537,1019,NUEVA FERIA KM13 (Almacen/Despensa_P),33-71707482-9,0,102693,NUEVA FERIA KM13 (Almacen/Despensa_P),33-71707482-9,0,MOVER A MASTER Y MARCAR DELETED
GEO_2538,1019,NUEVA FERIA KM13 (Almacen/Despensa_P),33-71707482-9,0,6125,NUEVA FERIA KM13 (Almacen/Despensa_P),33-71707482-9,0,MOVER A MASTER Y MARCAR DELETED
GEO_2538,1019,NUEVA FERIA KM13 (Almacen/Despensa_P),33-71707482-9,0,102693,NUEVA FERIA KM13 (Almacen/Despensa_P),33-71707482-9,0,MOVER A MASTER Y MARCAR DELETED
GEO_2539,1022,MULTIRUBRO JAZMIN (Almacen/Despensa_C),20227438895,0,6122,MULTIRUBRO JAZMIN (Almacen/Despensa_C),20227438895,0,MOVER A MASTER Y MARCAR DELETED
GEO_2539,1022,MULTIRUBRO JAZMIN (Almacen/Despensa_C),20227438895,0,102690,MULTIRUBRO JAZMIN (Almacen/Despensa_C),20227438895,0,MOVER A MASTER Y MARCAR DELETED
GEO_2540,1024,Verduleria L Y C  (Resto de Tradicionales_C),27-25485827-2,0,6148,Verduleria L Y C  (Resto de Tradicionales_C),27-25485827-2,0,MOVER A MASTER Y MARCAR DELETED
GEO_2540,1024,Verduleria L Y C  (Resto de Tradicionales_C),27-25485827-2,0,102686,Verduleria L Y C  (Resto de Tradicionales_C),27-25485827-2,0,MOVER A MASTER Y MARCAR DELETED
GEO_2541,1024,Verduleria L Y C  (Resto de Tradicionales_C),27-25485827-2,0,6148,Verduleria L Y C  (Resto de Tradicionales_C),27-25485827-2,0,MOVER A MASTER Y MARCAR DELETED
GEO_2541,1024,Verduleria L Y C  (Resto de Tradicionales_C),27-25485827-2,0,102686,Verduleria L Y C  (Resto de Tradicionales_C),27-25485827-2,0,MOVER A MASTER Y MARCAR DELETED
GEO_2542,1024,Verduleria L Y C  (Resto de Tradicionales_C),27-25485827-2,0,6148,Verduleria L Y C  (Resto de Tradicionales_C),27-25485827-2,0,MOVER A MASTER Y MARCAR DELETED
GEO_2542,1024,Verduleria L Y C  (Resto de Tradicionales_C),27-25485827-2,0,102686,Verduleria L Y C  (Resto de Tradicionales_C),27-25485827-2,0,MOVER A MASTER Y MARCAR DELETED
GEO_2543,1028,MINIMERCADO L Y G (Almacen/Despensa_C),27-40112339-9,0,6146,MINIMERCADO L Y G (Almacen/Despensa_C),27-40112339-9,0,MOVER A MASTER Y MARCAR DELETED
GEO_2543,1028,MINIMERCADO L Y G (Almacen/Despensa_C),27-40112339-9,0,102684,MINIMERCADO L Y G (Almacen/Despensa_C),27-40112339-9,0,MOVER A MASTER Y MARCAR DELETED
GEO_2544,1028,MINIMERCADO L Y G (Almacen/Despensa_C),27-40112339-9,0,6146,MINIMERCADO L Y G (Almacen/Despensa_C),27-40112339-9,0,MOVER A MASTER Y MARCAR DELETED
GEO_2544,1028,MINIMERCADO L Y G (Almacen/Despensa_C),27-40112339-9,0,102684,MINIMERCADO L Y G (Almacen/Despensa_C),27-40112339-9,0,MOVER A MASTER Y MARCAR DELETED
GEO_2545,1028,MINIMERCADO L Y G (Almacen/Despensa_C),27-40112339-9,0,6146,MINIMERCADO L Y G (Almacen/Despensa_C),27-40112339-9,0,MOVER A MASTER Y MARCAR DELETED
GEO_2545,1028,MINIMERCADO L Y G (Almacen/Despensa_C),27-40112339-9,0,102684,MINIMERCADO L Y G (Almacen/Despensa_C),27-40112339-9,0,MOVER A MASTER Y MARCAR DELETED
GEO_2546,1028,MINIMERCADO L Y G (Almacen/Despensa_C),27-40112339-9,0,6146,MINIMERCADO L Y G (Almacen/Despensa_C),27-40112339-9,0,MOVER A MASTER Y MARCAR DELETED
GEO_2546,1028,MINIMERCADO L Y G (Almacen/Despensa_C),27-40112339-9,0,102684,MINIMERCADO L Y G (Almacen/Despensa_C),27-40112339-9,0,MOVER A MASTER Y MARCAR DELETED
GEO_2547,1353,Despensa POLI (Almacen/Despensa_C),27234536449,0,6333,Despensa POLI (Almacen/Despensa_C),27234536449,0,MOVER A MASTER Y MARCAR DELETED
GEO_2547,1353,Despensa POLI (Almacen/Despensa_C),27234536449,0,102972,Despensa POLI (Almacen/Despensa_C),27234536449,0,MOVER A MASTER Y MARCAR DELETED
GEO_2548,1105,DESPENSA MONTEVERDE (Almacen/Despensa_C),39403980,0,6081,DESPENSA MONTEVERDE (Almacen/Despensa_C),39403980,0,MOVER A MASTER Y MARCAR DELETED
GEO_2548,1105,DESPENSA MONTEVERDE (Almacen/Despensa_C),39403980,0,102751,DESPENSA MONTEVERDE (Almacen/Despensa_C),39403980,0,MOVER A MASTER Y MARCAR DELETED
GEO_2549,1042,DESPENSA SHALOM (Almacen/Despensa_C),27-36771085-9,0,6160,DESPENSA SHALOM (Almacen/Despensa_C),27-36771085-9,0,MOVER A MASTER Y MARCAR DELETED
GEO_2549,1042,DESPENSA SHALOM (Almacen/Despensa_C),27-36771085-9,0,102666,DESPENSA SHALOM (Almacen/Despensa_C),27-36771085-9,0,MOVER A MASTER Y MARCAR DELETED
GEO_2550,1042,DESPENSA SHALOM (Almacen/Despensa_C),27-36771085-9,0,6160,DESPENSA SHALOM (Almacen/Despensa_C),27-36771085-9,0,MOVER A MASTER Y MARCAR DELETED
GEO_2550,1042,DESPENSA SHALOM (Almacen/Despensa_C),27-36771085-9,0,102666,DESPENSA SHALOM (Almacen/Despensa_C),27-36771085-9,0,MOVER A MASTER Y MARCAR DELETED
GEO_2551,1042,DESPENSA SHALOM (Almacen/Despensa_C),27-36771085-9,0,6160,DESPENSA SHALOM (Almacen/Despensa_C),27-36771085-9,0,MOVER A MASTER Y MARCAR DELETED
GEO_2551,1042,DESPENSA SHALOM (Almacen/Despensa_C),27-36771085-9,0,102666,DESPENSA SHALOM (Almacen/Despensa_C),27-36771085-9,0,MOVER A MASTER Y MARCAR DELETED
GEO_2552,1042,DESPENSA SHALOM (Almacen/Despensa_C),27-36771085-9,0,6160,DESPENSA SHALOM (Almacen/Despensa_C),27-36771085-9,0,MOVER A MASTER Y MARCAR DELETED
GEO_2552,1042,DESPENSA SHALOM (Almacen/Despensa_C),27-36771085-9,0,102666,DESPENSA SHALOM (Almacen/Despensa_C),27-36771085-9,0,MOVER A MASTER Y MARCAR DELETED
GEO_2553,1662,DESPENSA CHARON (Almacen/Despensa_B),27380917586,0,6564,DESPENSA CHARON (Almacen/Despensa_B),27380917586,0,MOVER A MASTER Y MARCAR DELETED
GEO_2553,1662,DESPENSA CHARON (Almacen/Despensa_B),27380917586,0,103279,DESPENSA CHARON (Almacen/Despensa_B),27380917586,0,MOVER A MASTER Y MARCAR DELETED
GEO_2554,1662,DESPENSA CHARON (Almacen/Despensa_B),27380917586,0,6564,DESPENSA CHARON (Almacen/Despensa_B),27380917586,0,MOVER A MASTER Y MARCAR DELETED
GEO_2554,1662,DESPENSA CHARON (Almacen/Despensa_B),27380917586,0,103279,DESPENSA CHARON (Almacen/Despensa_B),27380917586,0,MOVER A MASTER Y MARCAR DELETED
GEO_2555,1054,CRISTINA (Almacen/Despensa_C),27-21927882-4,0,6168,CRISTINA (Almacen/Despensa_C),27-21927882-4,0,MOVER A MASTER Y MARCAR DELETED
GEO_2555,1054,CRISTINA (Almacen/Despensa_C),27-21927882-4,0,102654,CRISTINA (Almacen/Despensa_C),27-21927882-4,0,MOVER A MASTER Y MARCAR DELETED
GEO_2556,1056,EL PUNTO DRUGSTORE (Kiosco/Maxikiosco_A),20-26421328-3,0,6170,EL PUNTO DRUGSTORE (Kiosco/Maxikiosco_A),20-26421328-3,0,MOVER A MASTER Y MARCAR DELETED
GEO_2556,1056,EL PUNTO DRUGSTORE (Kiosco/Maxikiosco_A),20-26421328-3,0,102656,EL PUNTO DRUGSTORE (Kiosco/Maxikiosco_A),20-26421328-3,0,MOVER A MASTER Y MARCAR DELETED
GEO_2557,1056,EL PUNTO DRUGSTORE (Kiosco/Maxikiosco_A),20-26421328-3,0,6170,EL PUNTO DRUGSTORE (Kiosco/Maxikiosco_A),20-26421328-3,0,MOVER A MASTER Y MARCAR DELETED
GEO_2557,1056,EL PUNTO DRUGSTORE (Kiosco/Maxikiosco_A),20-26421328-3,0,102656,EL PUNTO DRUGSTORE (Kiosco/Maxikiosco_A),20-26421328-3,0,MOVER A MASTER Y MARCAR DELETED
GEO_2558,1058,DESPENSA DEL BARRIO (Almacen/Despensa_C),27-95802870-4,0,6166,DESPENSA DEL BARRIO (Almacen/Despensa_C),27-95802870-4,0,MOVER A MASTER Y MARCAR DELETED
GEO_2558,1058,DESPENSA DEL BARRIO (Almacen/Despensa_C),27-95802870-4,0,102652,DESPENSA DEL BARRIO (Almacen/Despensa_C),27-95802870-4,0,MOVER A MASTER Y MARCAR DELETED
GEO_2559,1058,DESPENSA DEL BARRIO (Almacen/Despensa_C),27-95802870-4,0,6166,DESPENSA DEL BARRIO (Almacen/Despensa_C),27-95802870-4,0,MOVER A MASTER Y MARCAR DELETED
GEO_2559,1058,DESPENSA DEL BARRIO (Almacen/Despensa_C),27-95802870-4,0,102652,DESPENSA DEL BARRIO (Almacen/Despensa_C),27-95802870-4,0,MOVER A MASTER Y MARCAR DELETED
GEO_2560,1058,DESPENSA DEL BARRIO (Almacen/Despensa_C),27-95802870-4,0,6166,DESPENSA DEL BARRIO (Almacen/Despensa_C),27-95802870-4,0,MOVER A MASTER Y MARCAR DELETED
GEO_2560,1058,DESPENSA DEL BARRIO (Almacen/Despensa_C),27-95802870-4,0,102652,DESPENSA DEL BARRIO (Almacen/Despensa_C),27-95802870-4,0,MOVER A MASTER Y MARCAR DELETED
GEO_2561,1058,DESPENSA DEL BARRIO (Almacen/Despensa_C),27-95802870-4,0,6166,DESPENSA DEL BARRIO (Almacen/Despensa_C),27-95802870-4,0,MOVER A MASTER Y MARCAR DELETED
GEO_2561,1058,DESPENSA DEL BARRIO (Almacen/Despensa_C),27-95802870-4,0,102652,DESPENSA DEL BARRIO (Almacen/Despensa_C),27-95802870-4,0,MOVER A MASTER Y MARCAR DELETED
GEO_2562,1064,Multirrubro Viedma (Almacen/Despensa_B),20-20536912-1,0,6180,Multirrubro Viedma (Almacen/Despensa_B),20-20536912-1,0,MOVER A MASTER Y MARCAR DELETED
GEO_2562,1064,Multirrubro Viedma (Almacen/Despensa_B),20-20536912-1,0,102646,Multirrubro Viedma (Almacen/Despensa_B),20-20536912-1,0,MOVER A MASTER Y MARCAR DELETED
GEO_2563,1064,Multirrubro Viedma (Almacen/Despensa_B),20-20536912-1,0,6180,Multirrubro Viedma (Almacen/Despensa_B),20-20536912-1,0,MOVER A MASTER Y MARCAR DELETED
GEO_2563,1064,Multirrubro Viedma (Almacen/Despensa_B),20-20536912-1,0,102646,Multirrubro Viedma (Almacen/Despensa_B),20-20536912-1,0,MOVER A MASTER Y MARCAR DELETED
GEO_2564,1378,KIOSCO ANNY (Kiosco/Maxikiosco_B),30715408224,0,6364,KIOSCO ANNY (Kiosco/Maxikiosco_B),30715408224,0,MOVER A MASTER Y MARCAR DELETED
GEO_2564,1378,KIOSCO ANNY (Kiosco/Maxikiosco_B),30715408224,0,102940,KIOSCO ANNY (Kiosco/Maxikiosco_B),30715408224,0,MOVER A MASTER Y MARCAR DELETED
GEO_2565,1070,LA PERA LOCA (Autoservicio Tradicional_B),20-37099885-0,0,6174,LA PERA LOCA (Autoservicio Tradicional_B),20-37099885-0,0,MOVER A MASTER Y MARCAR DELETED
GEO_2565,1070,LA PERA LOCA (Autoservicio Tradicional_B),20-37099885-0,0,102640,LA PERA LOCA (Autoservicio Tradicional_B),20-37099885-0,0,MOVER A MASTER Y MARCAR DELETED
GEO_2566,1070,LA PERA LOCA (Autoservicio Tradicional_B),20-37099885-0,0,6174,LA PERA LOCA (Autoservicio Tradicional_B),20-37099885-0,0,MOVER A MASTER Y MARCAR DELETED
GEO_2566,1070,LA PERA LOCA (Autoservicio Tradicional_B),20-37099885-0,0,102640,LA PERA LOCA (Autoservicio Tradicional_B),20-37099885-0,0,MOVER A MASTER Y MARCAR DELETED
GEO_2567,1070,LA PERA LOCA (Autoservicio Tradicional_B),20-37099885-0,0,6174,LA PERA LOCA (Autoservicio Tradicional_B),20-37099885-0,0,MOVER A MASTER Y MARCAR DELETED
GEO_2567,1070,LA PERA LOCA (Autoservicio Tradicional_B),20-37099885-0,0,102640,LA PERA LOCA (Autoservicio Tradicional_B),20-37099885-0,0,MOVER A MASTER Y MARCAR DELETED
GEO_2568,1070,LA PERA LOCA (Autoservicio Tradicional_B),20-37099885-0,0,6174,LA PERA LOCA (Autoservicio Tradicional_B),20-37099885-0,0,MOVER A MASTER Y MARCAR DELETED
GEO_2568,1070,LA PERA LOCA (Autoservicio Tradicional_B),20-37099885-0,0,102640,LA PERA LOCA (Autoservicio Tradicional_B),20-37099885-0,0,MOVER A MASTER Y MARCAR DELETED
GEO_2569,1070,LA PERA LOCA (Autoservicio Tradicional_B),20-37099885-0,0,6174,LA PERA LOCA (Autoservicio Tradicional_B),20-37099885-0,0,MOVER A MASTER Y MARCAR DELETED
GEO_2569,1070,LA PERA LOCA (Autoservicio Tradicional_B),20-37099885-0,0,102640,LA PERA LOCA (Autoservicio Tradicional_B),20-37099885-0,0,MOVER A MASTER Y MARCAR DELETED
GEO_2570,1070,LA PERA LOCA (Autoservicio Tradicional_B),20-37099885-0,0,6174,LA PERA LOCA (Autoservicio Tradicional_B),20-37099885-0,0,MOVER A MASTER Y MARCAR DELETED
GEO_2570,1070,LA PERA LOCA (Autoservicio Tradicional_B),20-37099885-0,0,102640,LA PERA LOCA (Autoservicio Tradicional_B),20-37099885-0,0,MOVER A MASTER Y MARCAR DELETED
GEO_2571,1070,LA PERA LOCA (Autoservicio Tradicional_B),20-37099885-0,0,6174,LA PERA LOCA (Autoservicio Tradicional_B),20-37099885-0,0,MOVER A MASTER Y MARCAR DELETED
GEO_2571,1070,LA PERA LOCA (Autoservicio Tradicional_B),20-37099885-0,0,102640,LA PERA LOCA (Autoservicio Tradicional_B),20-37099885-0,0,MOVER A MASTER Y MARCAR DELETED
GEO_2572,1070,LA PERA LOCA (Autoservicio Tradicional_B),20-37099885-0,0,6174,LA PERA LOCA (Autoservicio Tradicional_B),20-37099885-0,0,MOVER A MASTER Y MARCAR DELETED
GEO_2572,1070,LA PERA LOCA (Autoservicio Tradicional_B),20-37099885-0,0,102640,LA PERA LOCA (Autoservicio Tradicional_B),20-37099885-0,0,MOVER A MASTER Y MARCAR DELETED
GEO_2573,1070,LA PERA LOCA (Autoservicio Tradicional_B),20-37099885-0,0,6174,LA PERA LOCA (Autoservicio Tradicional_B),20-37099885-0,0,MOVER A MASTER Y MARCAR DELETED
GEO_2573,1070,LA PERA LOCA (Autoservicio Tradicional_B),20-37099885-0,0,102640,LA PERA LOCA (Autoservicio Tradicional_B),20-37099885-0,0,MOVER A MASTER Y MARCAR DELETED
GEO_2574,1070,LA PERA LOCA (Autoservicio Tradicional_B),20-37099885-0,0,6174,LA PERA LOCA (Autoservicio Tradicional_B),20-37099885-0,0,MOVER A MASTER Y MARCAR DELETED
GEO_2574,1070,LA PERA LOCA (Autoservicio Tradicional_B),20-37099885-0,0,102640,LA PERA LOCA (Autoservicio Tradicional_B),20-37099885-0,0,MOVER A MASTER Y MARCAR DELETED
GEO_2575,1136,M al cubo  (Almacen/Despensa_A),27-31938201-7,0,6092,M al cubo  (Almacen/Despensa_A),27-31938201-7,0,MOVER A MASTER Y MARCAR DELETED
GEO_2575,1136,M al cubo  (Almacen/Despensa_A),27-31938201-7,0,102720,M al cubo  (Almacen/Despensa_A),27-31938201-7,0,MOVER A MASTER Y MARCAR DELETED
GEO_2576,1137,MUN Eventos (Instituciones_C),30-71666084-9,0,6093,MUN Eventos (Instituciones_C),30-71666084-9,0,MOVER A MASTER Y MARCAR DELETED
GEO_2576,1137,MUN Eventos (Instituciones_C),30-71666084-9,0,102721,MUN Eventos (Instituciones_C),30-71666084-9,0,MOVER A MASTER Y MARCAR DELETED
GEO_2577,1138,LAS CANTERAS  (Almacen/Despensa_C),27-23997712-5,0,6108,LAS CANTERAS  (Almacen/Despensa_C),27-23997712-5,0,MOVER A MASTER Y MARCAR DELETED
GEO_2577,1138,LAS CANTERAS  (Almacen/Despensa_C),27-23997712-5,0,102716,LAS CANTERAS  (Almacen/Despensa_C),27-23997712-5,0,MOVER A MASTER Y MARCAR DELETED
GEO_2578,1138,LAS CANTERAS  (Almacen/Despensa_C),27-23997712-5,0,6108,LAS CANTERAS  (Almacen/Despensa_C),27-23997712-5,0,MOVER A MASTER Y MARCAR DELETED
GEO_2578,1138,LAS CANTERAS  (Almacen/Despensa_C),27-23997712-5,0,102716,LAS CANTERAS  (Almacen/Despensa_C),27-23997712-5,0,MOVER A MASTER Y MARCAR DELETED
GEO_2579,1138,LAS CANTERAS  (Almacen/Despensa_C),27-23997712-5,0,6108,LAS CANTERAS  (Almacen/Despensa_C),27-23997712-5,0,MOVER A MASTER Y MARCAR DELETED
GEO_2579,1138,LAS CANTERAS  (Almacen/Despensa_C),27-23997712-5,0,102716,LAS CANTERAS  (Almacen/Despensa_C),27-23997712-5,0,MOVER A MASTER Y MARCAR DELETED
GEO_2580,1138,LAS CANTERAS  (Almacen/Despensa_C),27-23997712-5,0,6108,LAS CANTERAS  (Almacen/Despensa_C),27-23997712-5,0,MOVER A MASTER Y MARCAR DELETED
GEO_2580,1138,LAS CANTERAS  (Almacen/Despensa_C),27-23997712-5,0,102716,LAS CANTERAS  (Almacen/Despensa_C),27-23997712-5,0,MOVER A MASTER Y MARCAR DELETED
GEO_2581,1138,LAS CANTERAS  (Almacen/Despensa_C),27-23997712-5,0,6108,LAS CANTERAS  (Almacen/Despensa_C),27-23997712-5,0,MOVER A MASTER Y MARCAR DELETED
GEO_2581,1138,LAS CANTERAS  (Almacen/Despensa_C),27-23997712-5,0,102716,LAS CANTERAS  (Almacen/Despensa_C),27-23997712-5,0,MOVER A MASTER Y MARCAR DELETED
GEO_2582,1138,LAS CANTERAS  (Almacen/Despensa_C),27-23997712-5,0,6108,LAS CANTERAS  (Almacen/Despensa_C),27-23997712-5,0,MOVER A MASTER Y MARCAR DELETED
GEO_2582,1138,LAS CANTERAS  (Almacen/Despensa_C),27-23997712-5,0,102716,LAS CANTERAS  (Almacen/Despensa_C),27-23997712-5,0,MOVER A MASTER Y MARCAR DELETED
GEO_2583,1138,LAS CANTERAS  (Almacen/Despensa_C),27-23997712-5,0,6108,LAS CANTERAS  (Almacen/Despensa_C),27-23997712-5,0,MOVER A MASTER Y MARCAR DELETED
GEO_2583,1138,LAS CANTERAS  (Almacen/Despensa_C),27-23997712-5,0,102716,LAS CANTERAS  (Almacen/Despensa_C),27-23997712-5,0,MOVER A MASTER Y MARCAR DELETED
GEO_2584,1138,LAS CANTERAS  (Almacen/Despensa_C),27-23997712-5,0,6108,LAS CANTERAS  (Almacen/Despensa_C),27-23997712-5,0,MOVER A MASTER Y MARCAR DELETED
GEO_2584,1138,LAS CANTERAS  (Almacen/Despensa_C),27-23997712-5,0,102716,LAS CANTERAS  (Almacen/Despensa_C),27-23997712-5,0,MOVER A MASTER Y MARCAR DELETED
GEO_2585,1138,LAS CANTERAS  (Almacen/Despensa_C),27-23997712-5,0,6108,LAS CANTERAS  (Almacen/Despensa_C),27-23997712-5,0,MOVER A MASTER Y MARCAR DELETED
GEO_2585,1138,LAS CANTERAS  (Almacen/Despensa_C),27-23997712-5,0,102716,LAS CANTERAS  (Almacen/Despensa_C),27-23997712-5,0,MOVER A MASTER Y MARCAR DELETED
GEO_2586,1249,DESPENSA LOS TIOS (Kiosco/Maxikiosco_C),20139896859,0,6397,DESPENSA LOS TIOS (Kiosco/Maxikiosco_C),20139896859,0,MOVER A MASTER Y MARCAR DELETED
GEO_2586,1249,DESPENSA LOS TIOS (Kiosco/Maxikiosco_C),20139896859,0,102913,DESPENSA LOS TIOS (Kiosco/Maxikiosco_C),20139896859,0,MOVER A MASTER Y MARCAR DELETED
GEO_2587,1249,DESPENSA LOS TIOS (Kiosco/Maxikiosco_C),20139896859,0,6397,DESPENSA LOS TIOS (Kiosco/Maxikiosco_C),20139896859,0,MOVER A MASTER Y MARCAR DELETED
GEO_2587,1249,DESPENSA LOS TIOS (Kiosco/Maxikiosco_C),20139896859,0,102913,DESPENSA LOS TIOS (Kiosco/Maxikiosco_C),20139896859,0,MOVER A MASTER Y MARCAR DELETED
GEO_2588,1258,Kiosco del Puerto (Kiosco/Maxikiosco_C),20266201908,0,6408,Kiosco del Puerto (Kiosco/Maxikiosco_C),20266201908,0,MOVER A MASTER Y MARCAR DELETED
GEO_2588,1258,Kiosco del Puerto (Kiosco/Maxikiosco_C),20266201908,0,102903,Kiosco del Puerto (Kiosco/Maxikiosco_C),20266201908,0,MOVER A MASTER Y MARCAR DELETED
GEO_2589,1258,Kiosco del Puerto (Kiosco/Maxikiosco_C),20266201908,0,6408,Kiosco del Puerto (Kiosco/Maxikiosco_C),20266201908,0,MOVER A MASTER Y MARCAR DELETED
GEO_2589,1258,Kiosco del Puerto (Kiosco/Maxikiosco_C),20266201908,0,102903,Kiosco del Puerto (Kiosco/Maxikiosco_C),20266201908,0,MOVER A MASTER Y MARCAR DELETED
GEO_2590,1265,KIOSCO TERMINAL MANA (Kiosco/Maxikiosco_C),23337258204,0,6403,KIOSCO TERMINAL MANA (Kiosco/Maxikiosco_C),23337258204,0,MOVER A MASTER Y MARCAR DELETED
GEO_2590,1265,KIOSCO TERMINAL MANA (Kiosco/Maxikiosco_C),23337258204,0,102898,KIOSCO TERMINAL MANA (Kiosco/Maxikiosco_C),23337258204,0,MOVER A MASTER Y MARCAR DELETED
GEO_2591,1266,El Principito (Almacen/Despensa_C),27229345686,0,6404,El Principito (Almacen/Despensa_C),27229345686,0,MOVER A MASTER Y MARCAR DELETED
GEO_2591,1266,El Principito (Almacen/Despensa_C),27229345686,0,102899,El Principito (Almacen/Despensa_C),27229345686,0,MOVER A MASTER Y MARCAR DELETED
GEO_2592,1270,Marena (Autoservicio Tradicional_B),27324735734,0,6419,Marena (Autoservicio Tradicional_B),27324735734,0,MOVER A MASTER Y MARCAR DELETED
GEO_2592,1270,Marena (Autoservicio Tradicional_B),27324735734,0,102894,Marena (Autoservicio Tradicional_B),27324735734,0,MOVER A MASTER Y MARCAR DELETED
GEO_2593,1479,ZONA KIDS (Resto de On Premise_C),30718396561,0,6687,ZONA KIDS (Resto de On Premise_C),30718396561,0,MOVER A MASTER Y MARCAR DELETED
GEO_2593,1479,ZONA KIDS (Resto de On Premise_C),30718396561,0,103150,ZONA KIDS (Resto de On Premise_C),30718396561,0,MOVER A MASTER Y MARCAR DELETED
GEO_2594,1479,ZONA KIDS (Resto de On Premise_C),30718396561,0,6687,ZONA KIDS (Resto de On Premise_C),30718396561,0,MOVER A MASTER Y MARCAR DELETED
GEO_2594,1479,ZONA KIDS (Resto de On Premise_C),30718396561,0,103150,ZONA KIDS (Resto de On Premise_C),30718396561,0,MOVER A MASTER Y MARCAR DELETED
GEO_2595,1479,ZONA KIDS (Resto de On Premise_C),30718396561,0,6687,ZONA KIDS (Resto de On Premise_C),30718396561,0,MOVER A MASTER Y MARCAR DELETED
GEO_2595,1479,ZONA KIDS (Resto de On Premise_C),30718396561,0,103150,ZONA KIDS (Resto de On Premise_C),30718396561,0,MOVER A MASTER Y MARCAR DELETED
GEO_2596,1304,la peke (Almacen/Despensa_C),23172468144,0,6417,la peke (Almacen/Despensa_C),23172468144,0,MOVER A MASTER Y MARCAR DELETED
GEO_2596,1304,la peke (Almacen/Despensa_C),23172468144,0,102891,la peke (Almacen/Despensa_C),23172468144,0,MOVER A MASTER Y MARCAR DELETED
GEO_2597,1304,la peke (Almacen/Despensa_C),23172468144,0,6417,la peke (Almacen/Despensa_C),23172468144,0,MOVER A MASTER Y MARCAR DELETED
GEO_2597,1304,la peke (Almacen/Despensa_C),23172468144,0,102891,la peke (Almacen/Despensa_C),23172468144,0,MOVER A MASTER Y MARCAR DELETED
GEO_2598,1309,El Naranjo SRL (Almacen/Despensa_C),30716057654,0,6385,El Naranjo SRL (Almacen/Despensa_C),30716057654,0,MOVER A MASTER Y MARCAR DELETED
GEO_2598,1309,El Naranjo SRL (Almacen/Despensa_C),30716057654,0,102931,El Naranjo SRL (Almacen/Despensa_C),30716057654,0,MOVER A MASTER Y MARCAR DELETED
GEO_2599,1311,PARADOR TACUIFI (Resto de On Premise_C),27-41321101-3,0,6387,PARADOR TACUIFI (Resto de On Premise_C),27-41321101-3,0,MOVER A MASTER Y MARCAR DELETED
GEO_2599,1311,PARADOR TACUIFI (Resto de On Premise_C),27-41321101-3,0,102933,PARADOR TACUIFI (Resto de On Premise_C),27-41321101-3,0,MOVER A MASTER Y MARCAR DELETED
GEO_2600,1312,RIO MALLEO (Almacen/Despensa_A),27233421605,0,6391,RIO MALLEO (Almacen/Despensa_A),27233421605,0,MOVER A MASTER Y MARCAR DELETED
GEO_2600,1312,RIO MALLEO (Almacen/Despensa_A),27233421605,0,102937,RIO MALLEO (Almacen/Despensa_A),27233421605,0,MOVER A MASTER Y MARCAR DELETED
GEO_2601,1312,RIO MALLEO (Almacen/Despensa_A),27233421605,0,6391,RIO MALLEO (Almacen/Despensa_A),27233421605,0,MOVER A MASTER Y MARCAR DELETED
GEO_2601,1312,RIO MALLEO (Almacen/Despensa_A),27233421605,0,102937,RIO MALLEO (Almacen/Despensa_A),27233421605,0,MOVER A MASTER Y MARCAR DELETED
GEO_2602,1312,RIO MALLEO (Almacen/Despensa_A),27233421605,0,6391,RIO MALLEO (Almacen/Despensa_A),27233421605,0,MOVER A MASTER Y MARCAR DELETED
GEO_2602,1312,RIO MALLEO (Almacen/Despensa_A),27233421605,0,102937,RIO MALLEO (Almacen/Despensa_A),27233421605,0,MOVER A MASTER Y MARCAR DELETED
GEO_2603,1654,HUELLAS DEL SUR (Almacen/Despensa_B),30717232131,0,6568,HUELLAS DEL SUR (Almacen/Despensa_B),30717232131,0,MOVER A MASTER Y MARCAR DELETED
GEO_2603,1654,HUELLAS DEL SUR (Almacen/Despensa_B),30717232131,0,103283,HUELLAS DEL SUR (Almacen/Despensa_B),30717232131,0,MOVER A MASTER Y MARCAR DELETED
GEO_2604,1654,HUELLAS DEL SUR (Almacen/Despensa_B),30717232131,0,6568,HUELLAS DEL SUR (Almacen/Despensa_B),30717232131,0,MOVER A MASTER Y MARCAR DELETED
GEO_2604,1654,HUELLAS DEL SUR (Almacen/Despensa_B),30717232131,0,103283,HUELLAS DEL SUR (Almacen/Despensa_B),30717232131,0,MOVER A MASTER Y MARCAR DELETED
GEO_2605,1654,HUELLAS DEL SUR (Almacen/Despensa_B),30717232131,0,6568,HUELLAS DEL SUR (Almacen/Despensa_B),30717232131,0,MOVER A MASTER Y MARCAR DELETED
GEO_2605,1654,HUELLAS DEL SUR (Almacen/Despensa_B),30717232131,0,103283,HUELLAS DEL SUR (Almacen/Despensa_B),30717232131,0,MOVER A MASTER Y MARCAR DELETED
GEO_2606,1325,VIDA VERDE (Resto de Tradicionales_B),23059960334,0,6319,VIDA VERDE (Resto de Tradicionales_B),23059960334,0,MOVER A MASTER Y MARCAR DELETED
GEO_2606,1325,VIDA VERDE (Resto de Tradicionales_B),23059960334,0,102998,VIDA VERDE (Resto de Tradicionales_B),23059960334,0,MOVER A MASTER Y MARCAR DELETED
GEO_2607,1327,PANIFICADOS CARMELO 2 (Resto de Tradicionales_B),20220911277,0,6315,PANIFICADOS CARMELO 2 (Resto de Tradicionales_B),20220911277,0,MOVER A MASTER Y MARCAR DELETED
GEO_2607,1327,PANIFICADOS CARMELO 2 (Resto de Tradicionales_B),20220911277,0,102994,PANIFICADOS CARMELO 2 (Resto de Tradicionales_B),20220911277,0,MOVER A MASTER Y MARCAR DELETED
GEO_2608,1327,PANIFICADOS CARMELO 2 (Resto de Tradicionales_B),20220911277,0,6315,PANIFICADOS CARMELO 2 (Resto de Tradicionales_B),20220911277,0,MOVER A MASTER Y MARCAR DELETED
GEO_2608,1327,PANIFICADOS CARMELO 2 (Resto de Tradicionales_B),20220911277,0,102994,PANIFICADOS CARMELO 2 (Resto de Tradicionales_B),20220911277,0,MOVER A MASTER Y MARCAR DELETED
GEO_2609,1327,PANIFICADOS CARMELO 2 (Resto de Tradicionales_B),20220911277,0,6315,PANIFICADOS CARMELO 2 (Resto de Tradicionales_B),20220911277,0,MOVER A MASTER Y MARCAR DELETED
GEO_2609,1327,PANIFICADOS CARMELO 2 (Resto de Tradicionales_B),20220911277,0,102994,PANIFICADOS CARMELO 2 (Resto de Tradicionales_B),20220911277,0,MOVER A MASTER Y MARCAR DELETED
GEO_2610,1327,PANIFICADOS CARMELO 2 (Resto de Tradicionales_B),20220911277,0,6315,PANIFICADOS CARMELO 2 (Resto de Tradicionales_B),20220911277,0,MOVER A MASTER Y MARCAR DELETED
GEO_2610,1327,PANIFICADOS CARMELO 2 (Resto de Tradicionales_B),20220911277,0,102994,PANIFICADOS CARMELO 2 (Resto de Tradicionales_B),20220911277,0,MOVER A MASTER Y MARCAR DELETED
GEO_2611,1327,PANIFICADOS CARMELO 2 (Resto de Tradicionales_B),20220911277,0,6315,PANIFICADOS CARMELO 2 (Resto de Tradicionales_B),20220911277,0,MOVER A MASTER Y MARCAR DELETED
GEO_2611,1327,PANIFICADOS CARMELO 2 (Resto de Tradicionales_B),20220911277,0,102994,PANIFICADOS CARMELO 2 (Resto de Tradicionales_B),20220911277,0,MOVER A MASTER Y MARCAR DELETED
GEO_2612,1327,PANIFICADOS CARMELO 2 (Resto de Tradicionales_B),20220911277,0,6315,PANIFICADOS CARMELO 2 (Resto de Tradicionales_B),20220911277,0,MOVER A MASTER Y MARCAR DELETED
GEO_2612,1327,PANIFICADOS CARMELO 2 (Resto de Tradicionales_B),20220911277,0,102994,PANIFICADOS CARMELO 2 (Resto de Tradicionales_B),20220911277,0,MOVER A MASTER Y MARCAR DELETED
GEO_2613,1327,PANIFICADOS CARMELO 2 (Resto de Tradicionales_B),20220911277,0,6315,PANIFICADOS CARMELO 2 (Resto de Tradicionales_B),20220911277,0,MOVER A MASTER Y MARCAR DELETED
GEO_2613,1327,PANIFICADOS CARMELO 2 (Resto de Tradicionales_B),20220911277,0,102994,PANIFICADOS CARMELO 2 (Resto de Tradicionales_B),20220911277,0,MOVER A MASTER Y MARCAR DELETED
GEO_2614,1345,CONFITERIA EL FOYEL (Almacen/Despensa_C),27175763088,0,6388,CONFITERIA EL FOYEL (Almacen/Despensa_C),27175763088,0,MOVER A MASTER Y MARCAR DELETED
GEO_2614,1345,CONFITERIA EL FOYEL (Almacen/Despensa_C),27175763088,0,102934,CONFITERIA EL FOYEL (Almacen/Despensa_C),27175763088,0,MOVER A MASTER Y MARCAR DELETED
GEO_2615,1345,CONFITERIA EL FOYEL (Almacen/Despensa_C),27175763088,0,6388,CONFITERIA EL FOYEL (Almacen/Despensa_C),27175763088,0,MOVER A MASTER Y MARCAR DELETED
GEO_2615,1345,CONFITERIA EL FOYEL (Almacen/Despensa_C),27175763088,0,102934,CONFITERIA EL FOYEL (Almacen/Despensa_C),27175763088,0,MOVER A MASTER Y MARCAR DELETED
GEO_2616,1351,Despensa Cote (Almacen/Despensa_C),20344888532,0,6351,Despensa Cote (Almacen/Despensa_C),20344888532,0,MOVER A MASTER Y MARCAR DELETED
GEO_2616,1351,Despensa Cote (Almacen/Despensa_C),20344888532,0,102970,Despensa Cote (Almacen/Despensa_C),20344888532,0,MOVER A MASTER Y MARCAR DELETED
GEO_2617,1352,ALMACEN MARI MARI (Almacen/Despensa_C),27137773231,0,6332,ALMACEN MARI MARI (Almacen/Despensa_C),27137773231,0,MOVER A MASTER Y MARCAR DELETED
GEO_2617,1352,ALMACEN MARI MARI (Almacen/Despensa_C),27137773231,0,102971,ALMACEN MARI MARI (Almacen/Despensa_C),27137773231,0,MOVER A MASTER Y MARCAR DELETED
GEO_2618,1352,ALMACEN MARI MARI (Almacen/Despensa_C),27137773231,0,6332,ALMACEN MARI MARI (Almacen/Despensa_C),27137773231,0,MOVER A MASTER Y MARCAR DELETED
GEO_2618,1352,ALMACEN MARI MARI (Almacen/Despensa_C),27137773231,0,102971,ALMACEN MARI MARI (Almacen/Despensa_C),27137773231,0,MOVER A MASTER Y MARCAR DELETED
GEO_2619,1354,LA CHACRA 2 (Resto de Tradicionales_B),20931786718,0,6348,LA CHACRA 2 (Resto de Tradicionales_B),20931786718,0,MOVER A MASTER Y MARCAR DELETED
GEO_2619,1354,LA CHACRA 2 (Resto de Tradicionales_B),20931786718,0,102967,LA CHACRA 2 (Resto de Tradicionales_B),20931786718,0,MOVER A MASTER Y MARCAR DELETED
GEO_2620,1356,El Club (Kiosco/Maxikiosco_B),20179953995,0,6350,El Club (Kiosco/Maxikiosco_B),20179953995,0,MOVER A MASTER Y MARCAR DELETED
GEO_2620,1356,El Club (Kiosco/Maxikiosco_B),20179953995,0,102969,El Club (Kiosco/Maxikiosco_B),20179953995,0,MOVER A MASTER Y MARCAR DELETED
GEO_2621,1356,El Club (Kiosco/Maxikiosco_B),20179953995,0,6350,El Club (Kiosco/Maxikiosco_B),20179953995,0,MOVER A MASTER Y MARCAR DELETED
GEO_2621,1356,El Club (Kiosco/Maxikiosco_B),20179953995,0,102969,El Club (Kiosco/Maxikiosco_B),20179953995,0,MOVER A MASTER Y MARCAR DELETED
GEO_2622,1356,El Club (Kiosco/Maxikiosco_B),20179953995,0,6350,El Club (Kiosco/Maxikiosco_B),20179953995,0,MOVER A MASTER Y MARCAR DELETED
GEO_2622,1356,El Club (Kiosco/Maxikiosco_B),20179953995,0,102969,El Club (Kiosco/Maxikiosco_B),20179953995,0,MOVER A MASTER Y MARCAR DELETED
GEO_2623,1364,LA ROCA DE ISAI (Almacen/Despensa_C),27244141477,0,6360,LA ROCA DE ISAI (Almacen/Despensa_C),27244141477,0,MOVER A MASTER Y MARCAR DELETED
GEO_2623,1364,LA ROCA DE ISAI (Almacen/Despensa_C),27244141477,0,102957,LA ROCA DE ISAI (Almacen/Despensa_C),27244141477,0,MOVER A MASTER Y MARCAR DELETED
GEO_2624,1443,PATY (Resto de Tradicionales_B),27956159542,0,6287,PATY (Resto de Tradicionales_B),27956159542,0,MOVER A MASTER Y MARCAR DELETED
GEO_2624,1443,PATY (Resto de Tradicionales_B),27956159542,0,103026,PATY (Resto de Tradicionales_B),27956159542,0,MOVER A MASTER Y MARCAR DELETED
GEO_2625,1374,SUPERKIOSCO OASIS (Kiosco/Maxikiosco_A),27422749174,0,6352,SUPERKIOSCO OASIS (Kiosco/Maxikiosco_A),27422749174,0,MOVER A MASTER Y MARCAR DELETED
GEO_2625,1374,SUPERKIOSCO OASIS (Kiosco/Maxikiosco_A),27422749174,0,102948,SUPERKIOSCO OASIS (Kiosco/Maxikiosco_A),27422749174,0,MOVER A MASTER Y MARCAR DELETED
GEO_2626,1374,SUPERKIOSCO OASIS (Kiosco/Maxikiosco_A),27422749174,0,6352,SUPERKIOSCO OASIS (Kiosco/Maxikiosco_A),27422749174,0,MOVER A MASTER Y MARCAR DELETED
GEO_2626,1374,SUPERKIOSCO OASIS (Kiosco/Maxikiosco_A),27422749174,0,102948,SUPERKIOSCO OASIS (Kiosco/Maxikiosco_A),27422749174,0,MOVER A MASTER Y MARCAR DELETED
GEO_2627,184,HERNAN ARISMENDI (Empleados_C),30715192434,0,5263,HERNAN ARISMENDI (Empleados_C),30715192434,0,MOVER A MASTER Y MARCAR DELETED
GEO_2627,184,HERNAN ARISMENDI (Empleados_C),30715192434,0,101768,HERNAN ARISMENDI (Empleados_C),30715192434,0,MOVER A MASTER Y MARCAR DELETED
GEO_2628,184,HERNAN ARISMENDI (Empleados_C),30715192434,0,5263,HERNAN ARISMENDI (Empleados_C),30715192434,0,MOVER A MASTER Y MARCAR DELETED
GEO_2628,184,HERNAN ARISMENDI (Empleados_C),30715192434,0,101768,HERNAN ARISMENDI (Empleados_C),30715192434,0,MOVER A MASTER Y MARCAR DELETED
GEO_2629,1402,Almacen de los Notros (Almacen/Despensa_B),20274891948,0,6633,Almacen de los Notros (Almacen/Despensa_B),20274891948,0,MOVER A MASTER Y MARCAR DELETED
GEO_2629,1402,Almacen de los Notros (Almacen/Despensa_B),20274891948,0,103065,Almacen de los Notros (Almacen/Despensa_B),20274891948,0,MOVER A MASTER Y MARCAR DELETED
GEO_2630,1407,EL GOLAZO I (Cadena Regional_C),20434809674,0,6632,EL GOLAZO I (Cadena Regional_C),20434809674,0,MOVER A MASTER Y MARCAR DELETED
GEO_2630,1407,EL GOLAZO I (Cadena Regional_C),20434809674,0,103064,EL GOLAZO I (Cadena Regional_C),20434809674,0,MOVER A MASTER Y MARCAR DELETED
GEO_2631,1407,EL GOLAZO I (Cadena Regional_C),20434809674,0,6632,EL GOLAZO I (Cadena Regional_C),20434809674,0,MOVER A MASTER Y MARCAR DELETED
GEO_2631,1407,EL GOLAZO I (Cadena Regional_C),20434809674,0,103064,EL GOLAZO I (Cadena Regional_C),20434809674,0,MOVER A MASTER Y MARCAR DELETED
GEO_2632,1407,EL GOLAZO I (Cadena Regional_C),20434809674,0,6632,EL GOLAZO I (Cadena Regional_C),20434809674,0,MOVER A MASTER Y MARCAR DELETED
GEO_2632,1407,EL GOLAZO I (Cadena Regional_C),20434809674,0,103064,EL GOLAZO I (Cadena Regional_C),20434809674,0,MOVER A MASTER Y MARCAR DELETED
GEO_2633,1407,EL GOLAZO I (Cadena Regional_C),20434809674,0,6632,EL GOLAZO I (Cadena Regional_C),20434809674,0,MOVER A MASTER Y MARCAR DELETED
GEO_2633,1407,EL GOLAZO I (Cadena Regional_C),20434809674,0,103064,EL GOLAZO I (Cadena Regional_C),20434809674,0,MOVER A MASTER Y MARCAR DELETED
GEO_2634,1416,EL MANA (Kiosco/Maxikiosco_C),20181012866,0,6514,EL MANA (Kiosco/Maxikiosco_C),20181012866,0,MOVER A MASTER Y MARCAR DELETED
GEO_2634,1416,EL MANA (Kiosco/Maxikiosco_C),20181012866,0,103055,EL MANA (Kiosco/Maxikiosco_C),20181012866,0,MOVER A MASTER Y MARCAR DELETED
GEO_2635,1416,EL MANA (Kiosco/Maxikiosco_C),20181012866,0,6514,EL MANA (Kiosco/Maxikiosco_C),20181012866,0,MOVER A MASTER Y MARCAR DELETED
GEO_2635,1416,EL MANA (Kiosco/Maxikiosco_C),20181012866,0,103055,EL MANA (Kiosco/Maxikiosco_C),20181012866,0,MOVER A MASTER Y MARCAR DELETED
GEO_2636,1421,CAMPOS (Almacen/Despensa_A),20173981377,0,6380,CAMPOS (Almacen/Despensa_A),20173981377,0,MOVER A MASTER Y MARCAR DELETED
GEO_2636,1421,CAMPOS (Almacen/Despensa_A),20173981377,0,103051,CAMPOS (Almacen/Despensa_A),20173981377,0,MOVER A MASTER Y MARCAR DELETED
GEO_2637,1431,LORELEY (Kiosco/Maxikiosco_B),27247183529,0,6279,LORELEY (Kiosco/Maxikiosco_B),27247183529,0,MOVER A MASTER Y MARCAR DELETED
GEO_2637,1431,LORELEY (Kiosco/Maxikiosco_B),27247183529,0,103038,LORELEY (Kiosco/Maxikiosco_B),27247183529,0,MOVER A MASTER Y MARCAR DELETED
GEO_2638,1437,LA PICADITA (Fiambreria_B),27363209489,0,6273,LA PICADITA (Fiambreria_B),27363209489,0,MOVER A MASTER Y MARCAR DELETED
GEO_2638,1437,LA PICADITA (Fiambreria_B),27363209489,0,103032,LA PICADITA (Fiambreria_B),27363209489,0,MOVER A MASTER Y MARCAR DELETED
GEO_2639,1437,LA PICADITA (Fiambreria_B),27363209489,0,6273,LA PICADITA (Fiambreria_B),27363209489,0,MOVER A MASTER Y MARCAR DELETED
GEO_2639,1437,LA PICADITA (Fiambreria_B),27363209489,0,103032,LA PICADITA (Fiambreria_B),27363209489,0,MOVER A MASTER Y MARCAR DELETED
GEO_2640,1446,DIVINIDAD (Almacen/Despensa_B),20263655878,0,6284,DIVINIDAD (Almacen/Despensa_B),20263655878,0,MOVER A MASTER Y MARCAR DELETED
GEO_2640,1446,DIVINIDAD (Almacen/Despensa_B),20263655878,0,103023,DIVINIDAD (Almacen/Despensa_B),20263655878,0,MOVER A MASTER Y MARCAR DELETED
GEO_2641,1449,VURILOCHE SUITE (Kiosco - 365_P),20119215812,0,6301,VURILOCHE SUITE (Kiosco - 365_P),20119215812,0,MOVER A MASTER Y MARCAR DELETED
GEO_2641,1449,VURILOCHE SUITE (Kiosco - 365_P),20119215812,0,103020,VURILOCHE SUITE (Kiosco - 365_P),20119215812,0,MOVER A MASTER Y MARCAR DELETED
GEO_2642,1449,VURILOCHE SUITE (Kiosco - 365_P),20119215812,0,6301,VURILOCHE SUITE (Kiosco - 365_P),20119215812,0,MOVER A MASTER Y MARCAR DELETED
GEO_2642,1449,VURILOCHE SUITE (Kiosco - 365_P),20119215812,0,103020,VURILOCHE SUITE (Kiosco - 365_P),20119215812,0,MOVER A MASTER Y MARCAR DELETED
GEO_2643,1452,AUTOSERVICIO LOS JARITA (Almacen/Despensa_C),23380913259,0,6298,AUTOSERVICIO LOS JARITA (Almacen/Despensa_C),23380913259,0,MOVER A MASTER Y MARCAR DELETED
GEO_2643,1452,AUTOSERVICIO LOS JARITA (Almacen/Despensa_C),23380913259,0,103017,AUTOSERVICIO LOS JARITA (Almacen/Despensa_C),23380913259,0,MOVER A MASTER Y MARCAR DELETED
GEO_2644,1452,AUTOSERVICIO LOS JARITA (Almacen/Despensa_C),23380913259,0,6298,AUTOSERVICIO LOS JARITA (Almacen/Despensa_C),23380913259,0,MOVER A MASTER Y MARCAR DELETED
GEO_2644,1452,AUTOSERVICIO LOS JARITA (Almacen/Despensa_C),23380913259,0,103017,AUTOSERVICIO LOS JARITA (Almacen/Despensa_C),23380913259,0,MOVER A MASTER Y MARCAR DELETED
GEO_2645,1452,AUTOSERVICIO LOS JARITA (Almacen/Despensa_C),23380913259,0,6298,AUTOSERVICIO LOS JARITA (Almacen/Despensa_C),23380913259,0,MOVER A MASTER Y MARCAR DELETED
GEO_2645,1452,AUTOSERVICIO LOS JARITA (Almacen/Despensa_C),23380913259,0,103017,AUTOSERVICIO LOS JARITA (Almacen/Despensa_C),23380913259,0,MOVER A MASTER Y MARCAR DELETED
GEO_2646,1474,CASCADAS NANT Y FALL (Resto de On Premise_C),20125940529,0,6688,CASCADAS NANT Y FALL (Resto de On Premise_C),20125940529,0,MOVER A MASTER Y MARCAR DELETED
GEO_2646,1474,CASCADAS NANT Y FALL (Resto de On Premise_C),20125940529,0,103151,CASCADAS NANT Y FALL (Resto de On Premise_C),20125940529,0,MOVER A MASTER Y MARCAR DELETED
GEO_2647,1474,CASCADAS NANT Y FALL (Resto de On Premise_C),20125940529,0,6688,CASCADAS NANT Y FALL (Resto de On Premise_C),20125940529,0,MOVER A MASTER Y MARCAR DELETED
GEO_2647,1474,CASCADAS NANT Y FALL (Resto de On Premise_C),20125940529,0,103151,CASCADAS NANT Y FALL (Resto de On Premise_C),20125940529,0,MOVER A MASTER Y MARCAR DELETED
GEO_2648,1474,CASCADAS NANT Y FALL (Resto de On Premise_C),20125940529,0,6688,CASCADAS NANT Y FALL (Resto de On Premise_C),20125940529,0,MOVER A MASTER Y MARCAR DELETED
GEO_2648,1474,CASCADAS NANT Y FALL (Resto de On Premise_C),20125940529,0,103151,CASCADAS NANT Y FALL (Resto de On Premise_C),20125940529,0,MOVER A MASTER Y MARCAR DELETED
GEO_2649,1481,ABUELA CRIS (Almacen/Despensa_C),20285175470,0,6683,ABUELA CRIS (Almacen/Despensa_C),20285175470,0,MOVER A MASTER Y MARCAR DELETED
GEO_2649,1481,ABUELA CRIS (Almacen/Despensa_C),20285175470,0,103146,ABUELA CRIS (Almacen/Despensa_C),20285175470,0,MOVER A MASTER Y MARCAR DELETED
GEO_2650,1482,PEPONE EXPRESS (Cadena Regional_C),30717715809,0,6684,PEPONE EXPRESS (Cadena Regional_C),30717715809,0,MOVER A MASTER Y MARCAR DELETED
GEO_2650,1482,PEPONE EXPRESS (Cadena Regional_C),30717715809,0,103147,PEPONE EXPRESS (Cadena Regional_C),30717715809,0,MOVER A MASTER Y MARCAR DELETED
GEO_2651,1482,PEPONE EXPRESS (Cadena Regional_C),30717715809,0,6684,PEPONE EXPRESS (Cadena Regional_C),30717715809,0,MOVER A MASTER Y MARCAR DELETED
GEO_2651,1482,PEPONE EXPRESS (Cadena Regional_C),30717715809,0,103147,PEPONE EXPRESS (Cadena Regional_C),30717715809,0,MOVER A MASTER Y MARCAR DELETED
GEO_2652,1482,PEPONE EXPRESS (Cadena Regional_C),30717715809,0,6684,PEPONE EXPRESS (Cadena Regional_C),30717715809,0,MOVER A MASTER Y MARCAR DELETED
GEO_2652,1482,PEPONE EXPRESS (Cadena Regional_C),30717715809,0,103147,PEPONE EXPRESS (Cadena Regional_C),30717715809,0,MOVER A MASTER Y MARCAR DELETED
GEO_2653,1491,DRUGSTORE 24.7 (Kiosco/Maxikiosco_B),23225212619,0,6695,DRUGSTORE 24.7 (Kiosco/Maxikiosco_B),23225212619,0,MOVER A MASTER Y MARCAR DELETED
GEO_2653,1491,DRUGSTORE 24.7 (Kiosco/Maxikiosco_B),23225212619,0,103138,DRUGSTORE 24.7 (Kiosco/Maxikiosco_B),23225212619,0,MOVER A MASTER Y MARCAR DELETED
GEO_2654,1491,DRUGSTORE 24.7 (Kiosco/Maxikiosco_B),23225212619,0,6695,DRUGSTORE 24.7 (Kiosco/Maxikiosco_B),23225212619,0,MOVER A MASTER Y MARCAR DELETED
GEO_2654,1491,DRUGSTORE 24.7 (Kiosco/Maxikiosco_B),23225212619,0,103138,DRUGSTORE 24.7 (Kiosco/Maxikiosco_B),23225212619,0,MOVER A MASTER Y MARCAR DELETED
GEO_2655,1491,DRUGSTORE 24.7 (Kiosco/Maxikiosco_B),23225212619,0,6695,DRUGSTORE 24.7 (Kiosco/Maxikiosco_B),23225212619,0,MOVER A MASTER Y MARCAR DELETED
GEO_2655,1491,DRUGSTORE 24.7 (Kiosco/Maxikiosco_B),23225212619,0,103138,DRUGSTORE 24.7 (Kiosco/Maxikiosco_B),23225212619,0,MOVER A MASTER Y MARCAR DELETED
GEO_2656,1503,DESPENSA EL CHINO (Almacen/Despensa_B),27236866012,0,6703,DESPENSA EL CHINO (Almacen/Despensa_B),27236866012,0,MOVER A MASTER Y MARCAR DELETED
GEO_2656,1503,DESPENSA EL CHINO (Almacen/Despensa_B),27236866012,0,103126,DESPENSA EL CHINO (Almacen/Despensa_B),27236866012,0,MOVER A MASTER Y MARCAR DELETED
GEO_2657,1503,DESPENSA EL CHINO (Almacen/Despensa_B),27236866012,0,6703,DESPENSA EL CHINO (Almacen/Despensa_B),27236866012,0,MOVER A MASTER Y MARCAR DELETED
GEO_2657,1503,DESPENSA EL CHINO (Almacen/Despensa_B),27236866012,0,103126,DESPENSA EL CHINO (Almacen/Despensa_B),27236866012,0,MOVER A MASTER Y MARCAR DELETED
GEO_2658,1506,DOS HERMANOS MALLIN (Almacen/Despensa_B),20413859841,0,6720,DOS HERMANOS MALLIN (Almacen/Despensa_B),20413859841,0,MOVER A MASTER Y MARCAR DELETED
GEO_2658,1506,DOS HERMANOS MALLIN (Almacen/Despensa_B),20413859841,0,103123,DOS HERMANOS MALLIN (Almacen/Despensa_B),20413859841,0,MOVER A MASTER Y MARCAR DELETED
GEO_2659,1506,DOS HERMANOS MALLIN (Almacen/Despensa_B),20413859841,0,6720,DOS HERMANOS MALLIN (Almacen/Despensa_B),20413859841,0,MOVER A MASTER Y MARCAR DELETED
GEO_2659,1506,DOS HERMANOS MALLIN (Almacen/Despensa_B),20413859841,0,103123,DOS HERMANOS MALLIN (Almacen/Despensa_B),20413859841,0,MOVER A MASTER Y MARCAR DELETED
GEO_2660,1541,LA VIEJA ESQUINA 2 (Almacen/Despensa_C),27200876674,0,6607,LA VIEJA ESQUINA 2 (Almacen/Despensa_C),27200876674,0,MOVER A MASTER Y MARCAR DELETED
GEO_2660,1541,LA VIEJA ESQUINA 2 (Almacen/Despensa_C),27200876674,0,103239,LA VIEJA ESQUINA 2 (Almacen/Despensa_C),27200876674,0,MOVER A MASTER Y MARCAR DELETED
GEO_2661,1541,LA VIEJA ESQUINA 2 (Almacen/Despensa_C),27200876674,0,6607,LA VIEJA ESQUINA 2 (Almacen/Despensa_C),27200876674,0,MOVER A MASTER Y MARCAR DELETED
GEO_2661,1541,LA VIEJA ESQUINA 2 (Almacen/Despensa_C),27200876674,0,103239,LA VIEJA ESQUINA 2 (Almacen/Despensa_C),27200876674,0,MOVER A MASTER Y MARCAR DELETED
GEO_2662,1546,MAFALDA (Almacen/Despensa_C),27113459404,0,6620,MAFALDA (Almacen/Despensa_C),27113459404,0,MOVER A MASTER Y MARCAR DELETED
GEO_2662,1546,MAFALDA (Almacen/Despensa_C),27113459404,0,103230,MAFALDA (Almacen/Despensa_C),27113459404,0,MOVER A MASTER Y MARCAR DELETED
GEO_2663,1549,SIMON (Almacen/Despensa_B),23373473359,0,6617,SIMON (Almacen/Despensa_B),23373473359,0,MOVER A MASTER Y MARCAR DELETED
GEO_2663,1549,SIMON (Almacen/Despensa_B),23373473359,0,103226,SIMON (Almacen/Despensa_B),23373473359,0,MOVER A MASTER Y MARCAR DELETED
GEO_2664,1549,SIMON (Almacen/Despensa_B),23373473359,0,6617,SIMON (Almacen/Despensa_B),23373473359,0,MOVER A MASTER Y MARCAR DELETED
GEO_2664,1549,SIMON (Almacen/Despensa_B),23373473359,0,103226,SIMON (Almacen/Despensa_B),23373473359,0,MOVER A MASTER Y MARCAR DELETED
GEO_2665,1552,BRUNCHERIE (Resto de Tradicionales_A),27386878051,0,6614,BRUNCHERIE (Resto de Tradicionales_A),27386878051,0,MOVER A MASTER Y MARCAR DELETED
GEO_2665,1552,BRUNCHERIE (Resto de Tradicionales_A),27386878051,0,103223,BRUNCHERIE (Resto de Tradicionales_A),27386878051,0,MOVER A MASTER Y MARCAR DELETED
GEO_2666,1552,BRUNCHERIE (Resto de Tradicionales_A),27386878051,0,6614,BRUNCHERIE (Resto de Tradicionales_A),27386878051,0,MOVER A MASTER Y MARCAR DELETED
GEO_2666,1552,BRUNCHERIE (Resto de Tradicionales_A),27386878051,0,103223,BRUNCHERIE (Resto de Tradicionales_A),27386878051,0,MOVER A MASTER Y MARCAR DELETED
GEO_2667,1556,POLLERIA Y FIAMBRERIA FH (Carniceria/Granja_A),23258972864,0,6612,POLLERIA Y FIAMBRERIA FH (Carniceria/Granja_A),23258972864,0,MOVER A MASTER Y MARCAR DELETED
GEO_2667,1556,POLLERIA Y FIAMBRERIA FH (Carniceria/Granja_A),23258972864,0,103221,POLLERIA Y FIAMBRERIA FH (Carniceria/Granja_A),23258972864,0,MOVER A MASTER Y MARCAR DELETED
GEO_2668,1557,Couquen centro (Resto de Tradicionales_B),30717956423,0,6613,Couquen centro (Resto de Tradicionales_B),30717956423,0,MOVER A MASTER Y MARCAR DELETED
GEO_2668,1557,Couquen centro (Resto de Tradicionales_B),30717956423,0,103222,Couquen centro (Resto de Tradicionales_B),30717956423,0,MOVER A MASTER Y MARCAR DELETED
GEO_2669,1560,VERDULERIA LA NUBE (Resto de Tradicionales_C),20388046408,0,6630,VERDULERIA LA NUBE (Resto de Tradicionales_C),20388046408,0,MOVER A MASTER Y MARCAR DELETED
GEO_2669,1560,VERDULERIA LA NUBE (Resto de Tradicionales_C),20388046408,0,103219,VERDULERIA LA NUBE (Resto de Tradicionales_C),20388046408,0,MOVER A MASTER Y MARCAR DELETED
GEO_2670,1562,JYM FORRAJERIA (Almacen/Despensa_A),20265669949,0,6626,JYM FORRAJERIA (Almacen/Despensa_A),20265669949,0,MOVER A MASTER Y MARCAR DELETED
GEO_2670,1562,JYM FORRAJERIA (Almacen/Despensa_A),20265669949,0,103215,JYM FORRAJERIA (Almacen/Despensa_A),20265669949,0,MOVER A MASTER Y MARCAR DELETED
GEO_2671,1578,5 ESQUINAS (Resto de Tradicionales_P),27942269566,0,6642,5 ESQUINAS (Resto de Tradicionales_P),27942269566,0,MOVER A MASTER Y MARCAR DELETED
GEO_2671,1578,5 ESQUINAS (Resto de Tradicionales_P),27942269566,0,103201,5 ESQUINAS (Resto de Tradicionales_P),27942269566,0,MOVER A MASTER Y MARCAR DELETED
GEO_2672,1578,5 ESQUINAS (Resto de Tradicionales_P),27942269566,0,6642,5 ESQUINAS (Resto de Tradicionales_P),27942269566,0,MOVER A MASTER Y MARCAR DELETED
GEO_2672,1578,5 ESQUINAS (Resto de Tradicionales_P),27942269566,0,103201,5 ESQUINAS (Resto de Tradicionales_P),27942269566,0,MOVER A MASTER Y MARCAR DELETED
GEO_2673,1578,5 ESQUINAS (Resto de Tradicionales_P),27942269566,0,6642,5 ESQUINAS (Resto de Tradicionales_P),27942269566,0,MOVER A MASTER Y MARCAR DELETED
GEO_2673,1578,5 ESQUINAS (Resto de Tradicionales_P),27942269566,0,103201,5 ESQUINAS (Resto de Tradicionales_P),27942269566,0,MOVER A MASTER Y MARCAR DELETED
GEO_2674,1606,EL PAMPA (Almacen/Despensa_B),27414755971,0,6663,EL PAMPA (Almacen/Despensa_B),27414755971,0,MOVER A MASTER Y MARCAR DELETED
GEO_2674,1606,EL PAMPA (Almacen/Despensa_B),27414755971,0,103170,EL PAMPA (Almacen/Despensa_B),27414755971,0,MOVER A MASTER Y MARCAR DELETED
GEO_2675,1609,EL PORTEZUELO (Almacen/Despensa_P),20334649406,0,6595,EL PORTEZUELO (Almacen/Despensa_P),20334649406,0,MOVER A MASTER Y MARCAR DELETED
GEO_2675,1609,EL PORTEZUELO (Almacen/Despensa_P),20334649406,0,103248,EL PORTEZUELO (Almacen/Despensa_P),20334649406,0,MOVER A MASTER Y MARCAR DELETED
GEO_2676,1609,EL PORTEZUELO (Almacen/Despensa_P),20334649406,0,6595,EL PORTEZUELO (Almacen/Despensa_P),20334649406,0,MOVER A MASTER Y MARCAR DELETED
GEO_2676,1609,EL PORTEZUELO (Almacen/Despensa_P),20334649406,0,103248,EL PORTEZUELO (Almacen/Despensa_P),20334649406,0,MOVER A MASTER Y MARCAR DELETED
GEO_2677,1621,VERDULERIA LA GRINGA (Almacen/Despensa_C),27293132483,0,6262,VERDULERIA LA GRINGA (Almacen/Despensa_C),27293132483,0,MOVER A MASTER Y MARCAR DELETED
GEO_2677,1621,VERDULERIA LA GRINGA (Almacen/Despensa_C),27293132483,0,103317,VERDULERIA LA GRINGA (Almacen/Despensa_C),27293132483,0,MOVER A MASTER Y MARCAR DELETED
GEO_2678,1664,DESPENSA LO DE CHAVELA (Almacen/Despensa_B),27319393868,0,6580,DESPENSA LO DE CHAVELA (Almacen/Despensa_B),27319393868,0,MOVER A MASTER Y MARCAR DELETED
GEO_2678,1664,DESPENSA LO DE CHAVELA (Almacen/Despensa_B),27319393868,0,103275,DESPENSA LO DE CHAVELA (Almacen/Despensa_B),27319393868,0,MOVER A MASTER Y MARCAR DELETED
GEO_2679,1664,DESPENSA LO DE CHAVELA (Almacen/Despensa_B),27319393868,0,6580,DESPENSA LO DE CHAVELA (Almacen/Despensa_B),27319393868,0,MOVER A MASTER Y MARCAR DELETED
GEO_2679,1664,DESPENSA LO DE CHAVELA (Almacen/Despensa_B),27319393868,0,103275,DESPENSA LO DE CHAVELA (Almacen/Despensa_B),27319393868,0,MOVER A MASTER Y MARCAR DELETED
GEO_2680,1664,DESPENSA LO DE CHAVELA (Almacen/Despensa_B),27319393868,0,6580,DESPENSA LO DE CHAVELA (Almacen/Despensa_B),27319393868,0,MOVER A MASTER Y MARCAR DELETED
GEO_2680,1664,DESPENSA LO DE CHAVELA (Almacen/Despensa_B),27319393868,0,103275,DESPENSA LO DE CHAVELA (Almacen/Despensa_B),27319393868,0,MOVER A MASTER Y MARCAR DELETED
GEO_2681,1650,SANDWICH DE MIGA BRC (Resto de On Premise_B),27370998049,0,6559,SANDWICH DE MIGA BRC (Resto de On Premise_B),27370998049,0,MOVER A MASTER Y MARCAR DELETED
GEO_2681,1650,SANDWICH DE MIGA BRC (Resto de On Premise_B),27370998049,0,103294,SANDWICH DE MIGA BRC (Resto de On Premise_B),27370998049,0,MOVER A MASTER Y MARCAR DELETED
GEO_2682,1650,SANDWICH DE MIGA BRC (Resto de On Premise_B),27370998049,0,6559,SANDWICH DE MIGA BRC (Resto de On Premise_B),27370998049,0,MOVER A MASTER Y MARCAR DELETED
GEO_2682,1650,SANDWICH DE MIGA BRC (Resto de On Premise_B),27370998049,0,103294,SANDWICH DE MIGA BRC (Resto de On Premise_B),27370998049,0,MOVER A MASTER Y MARCAR DELETED
GEO_2683,1650,SANDWICH DE MIGA BRC (Resto de On Premise_B),27370998049,0,6559,SANDWICH DE MIGA BRC (Resto de On Premise_B),27370998049,0,MOVER A MASTER Y MARCAR DELETED
GEO_2683,1650,SANDWICH DE MIGA BRC (Resto de On Premise_B),27370998049,0,103294,SANDWICH DE MIGA BRC (Resto de On Premise_B),27370998049,0,MOVER A MASTER Y MARCAR DELETED
GEO_2684,1657,POLLERIA VICTORIA (Carniceria/Granja_B),27248174973,0,6565,POLLERIA VICTORIA (Carniceria/Granja_B),27248174973,0,MOVER A MASTER Y MARCAR DELETED
GEO_2684,1657,POLLERIA VICTORIA (Carniceria/Granja_B),27248174973,0,103280,POLLERIA VICTORIA (Carniceria/Granja_B),27248174973,0,MOVER A MASTER Y MARCAR DELETED
GEO_2685,1658,LA PATAGONIA EPUYEN (Autoservicio Tradicional_B),20346327902,0,6566,LA PATAGONIA EPUYEN (Autoservicio Tradicional_B),20346327902,0,MOVER A MASTER Y MARCAR DELETED
GEO_2685,1658,LA PATAGONIA EPUYEN (Autoservicio Tradicional_B),20346327902,0,103281,LA PATAGONIA EPUYEN (Autoservicio Tradicional_B),20346327902,0,MOVER A MASTER Y MARCAR DELETED
GEO_2686,1660,KIKI NANI (Almacen/Despensa_B),20295457075,0,6562,KIKI NANI (Almacen/Despensa_B),20295457075,0,MOVER A MASTER Y MARCAR DELETED
GEO_2686,1660,KIKI NANI (Almacen/Despensa_B),20295457075,0,103277,KIKI NANI (Almacen/Despensa_B),20295457075,0,MOVER A MASTER Y MARCAR DELETED
GEO_2687,1660,KIKI NANI (Almacen/Despensa_B),20295457075,0,6562,KIKI NANI (Almacen/Despensa_B),20295457075,0,MOVER A MASTER Y MARCAR DELETED
GEO_2687,1660,KIKI NANI (Almacen/Despensa_B),20295457075,0,103277,KIKI NANI (Almacen/Despensa_B),20295457075,0,MOVER A MASTER Y MARCAR DELETED
GEO_2688,1660,KIKI NANI (Almacen/Despensa_B),20295457075,0,6562,KIKI NANI (Almacen/Despensa_B),20295457075,0,MOVER A MASTER Y MARCAR DELETED
GEO_2688,1660,KIKI NANI (Almacen/Despensa_B),20295457075,0,103277,KIKI NANI (Almacen/Despensa_B),20295457075,0,MOVER A MASTER Y MARCAR DELETED
GEO_2689,1665,VERDULERIA LOS HERMANOS (Resto de Tradicionales_B),27952585180,0,6561,VERDULERIA LOS HERMANOS (Resto de Tradicionales_B),27952585180,0,MOVER A MASTER Y MARCAR DELETED
GEO_2689,1665,VERDULERIA LOS HERMANOS (Resto de Tradicionales_B),27952585180,0,103276,VERDULERIA LOS HERMANOS (Resto de Tradicionales_B),27952585180,0,MOVER A MASTER Y MARCAR DELETED
GEO_2690,1668,KIOSCO FULL TIME (Kiosco - 365_B),20409225986,0,6578,KIOSCO FULL TIME (Kiosco - 365_B),20409225986,0,MOVER A MASTER Y MARCAR DELETED
GEO_2690,1668,KIOSCO FULL TIME (Kiosco - 365_B),20409225986,0,103272,KIOSCO FULL TIME (Kiosco - 365_B),20409225986,0,MOVER A MASTER Y MARCAR DELETED
GEO_2691,1668,KIOSCO FULL TIME (Kiosco - 365_B),20409225986,0,6578,KIOSCO FULL TIME (Kiosco - 365_B),20409225986,0,MOVER A MASTER Y MARCAR DELETED
GEO_2691,1668,KIOSCO FULL TIME (Kiosco - 365_B),20409225986,0,103272,KIOSCO FULL TIME (Kiosco - 365_B),20409225986,0,MOVER A MASTER Y MARCAR DELETED
GEO_2692,1668,KIOSCO FULL TIME (Kiosco - 365_B),20409225986,0,6578,KIOSCO FULL TIME (Kiosco - 365_B),20409225986,0,MOVER A MASTER Y MARCAR DELETED
GEO_2692,1668,KIOSCO FULL TIME (Kiosco - 365_B),20409225986,0,103272,KIOSCO FULL TIME (Kiosco - 365_B),20409225986,0,MOVER A MASTER Y MARCAR DELETED
GEO_2693,1673,EL TOTIN (Almacen/Despensa_C),27255779899,0,6571,EL TOTIN (Almacen/Despensa_C),27255779899,0,MOVER A MASTER Y MARCAR DELETED
GEO_2693,1673,EL TOTIN (Almacen/Despensa_C),27255779899,0,103264,EL TOTIN (Almacen/Despensa_C),27255779899,0,MOVER A MASTER Y MARCAR DELETED
GEO_2694,1674,VALORY (Almacen/Despensa_C),27272552474,0,6572,VALORY (Almacen/Despensa_C),27272552474,0,MOVER A MASTER Y MARCAR DELETED
GEO_2694,1674,VALORY (Almacen/Despensa_C),27272552474,0,103265,VALORY (Almacen/Despensa_C),27272552474,0,MOVER A MASTER Y MARCAR DELETED
GEO_2695,1674,VALORY (Almacen/Despensa_C),27272552474,0,6572,VALORY (Almacen/Despensa_C),27272552474,0,MOVER A MASTER Y MARCAR DELETED
GEO_2695,1674,VALORY (Almacen/Despensa_C),27272552474,0,103265,VALORY (Almacen/Despensa_C),27272552474,0,MOVER A MASTER Y MARCAR DELETED
GEO_2696,1682,DESPENSA BENJAMIN (Almacen/Despensa_B),23267387834,0,6555,DESPENSA BENJAMIN (Almacen/Despensa_B),23267387834,0,MOVER A MASTER Y MARCAR DELETED
GEO_2696,1682,DESPENSA BENJAMIN (Almacen/Despensa_B),23267387834,0,103290,DESPENSA BENJAMIN (Almacen/Despensa_B),23267387834,0,MOVER A MASTER Y MARCAR DELETED
GEO_2697,1683,PUNTO CENTRO (Kiosco/Maxikiosco_B),20321426981,0,6556,PUNTO CENTRO (Kiosco/Maxikiosco_B),20321426981,0,MOVER A MASTER Y MARCAR DELETED
GEO_2697,1683,PUNTO CENTRO (Kiosco/Maxikiosco_B),20321426981,0,103291,PUNTO CENTRO (Kiosco/Maxikiosco_B),20321426981,0,MOVER A MASTER Y MARCAR DELETED
GEO_2698,309,PROVEEDURIA ANDINA (Almacen/Despensa_B),20433721447,0,5570,PROVEEDURIA ANDINA (Almacen/Despensa_B),20433721447,0,MOVER A MASTER Y MARCAR DELETED
GEO_2698,309,PROVEEDURIA ANDINA (Almacen/Despensa_B),20433721447,0,101817,PROVEEDURIA ANDINA (Almacen/Despensa_B),20433721447,0,MOVER A MASTER Y MARCAR DELETED
GEO_2699,309,PROVEEDURIA ANDINA (Almacen/Despensa_B),20433721447,0,5570,PROVEEDURIA ANDINA (Almacen/Despensa_B),20433721447,0,MOVER A MASTER Y MARCAR DELETED
GEO_2699,309,PROVEEDURIA ANDINA (Almacen/Despensa_B),20433721447,0,101817,PROVEEDURIA ANDINA (Almacen/Despensa_B),20433721447,0,MOVER A MASTER Y MARCAR DELETED
GEO_2700,1699,POP´S (Almacen/Despensa_C),20-07820186-0,0,6936,POP´S (Almacen/Despensa_C),20-07820186-0,0,MOVER A MASTER Y MARCAR DELETED
GEO_2700,1699,POP´S (Almacen/Despensa_C),20-07820186-0,0,102507,POP´S (Almacen/Despensa_C),20-07820186-0,0,MOVER A MASTER Y MARCAR DELETED
GEO_2701,1699,POP´S (Almacen/Despensa_C),20-07820186-0,0,6936,POP´S (Almacen/Despensa_C),20-07820186-0,0,MOVER A MASTER Y MARCAR DELETED
GEO_2701,1699,POP´S (Almacen/Despensa_C),20-07820186-0,0,102507,POP´S (Almacen/Despensa_C),20-07820186-0,0,MOVER A MASTER Y MARCAR DELETED
GEO_2702,1703,VALU (Autoservicio Tradicional_C),27-22868880-6,0,6934,VALU (Autoservicio Tradicional_C),27-22868880-6,0,MOVER A MASTER Y MARCAR DELETED
GEO_2702,1703,VALU (Autoservicio Tradicional_C),27-22868880-6,0,102472,VALU (Autoservicio Tradicional_C),27-22868880-6,0,MOVER A MASTER Y MARCAR DELETED
GEO_2703,1704,DOÑA FITA (Almacen/Despensa_C),27-27403522-1,0,6935,DOÑA FITA (Almacen/Despensa_C),27-27403522-1,0,MOVER A MASTER Y MARCAR DELETED
GEO_2703,1704,DOÑA FITA (Almacen/Despensa_C),27-27403522-1,0,102498,DOÑA FITA (Almacen/Despensa_C),27-27403522-1,0,MOVER A MASTER Y MARCAR DELETED
GEO_2704,1704,DOÑA FITA (Almacen/Despensa_C),27-27403522-1,0,6935,DOÑA FITA (Almacen/Despensa_C),27-27403522-1,0,MOVER A MASTER Y MARCAR DELETED
GEO_2704,1704,DOÑA FITA (Almacen/Despensa_C),27-27403522-1,0,102498,DOÑA FITA (Almacen/Despensa_C),27-27403522-1,0,MOVER A MASTER Y MARCAR DELETED
GEO_2705,1707,EL CHAQUEÑO TRES DISTRIBUIDORA (Autoservicio Tradicional_C),30-63569324-6,0,6932,EL CHAQUEÑO TRES DISTRIBUIDORA (Autoservicio Tradicional_C),30-63569324-6,0,MOVER A MASTER Y MARCAR DELETED
GEO_2705,1707,EL CHAQUEÑO TRES DISTRIBUIDORA (Autoservicio Tradicional_C),30-63569324-6,0,102435,EL CHAQUEÑO TRES DISTRIBUIDORA (Autoservicio Tradicional_C),30-63569324-6,0,MOVER A MASTER Y MARCAR DELETED
GEO_2706,1709,A´GUSTO PUNTO NIEVE (Resto de Tradicionales_B),30-71642177-1,0,1710,A´GUSTO EN PLATO (Resto de Tradicionales_P),30-71642177-1,0,MOVER A MASTER Y MARCAR DELETED
GEO_2706,1709,A´GUSTO PUNTO NIEVE (Resto de Tradicionales_B),30-71642177-1,0,6949,A´GUSTO EN PLATO (Resto de Tradicionales_P),30-71642177-1,0,MOVER A MASTER Y MARCAR DELETED
GEO_2706,1709,A´GUSTO PUNTO NIEVE (Resto de Tradicionales_B),30-71642177-1,0,6948,A´GUSTO PUNTO NIEVE (Resto de Tradicionales_B),30-71642177-1,0,MOVER A MASTER Y MARCAR DELETED
GEO_2706,1709,A´GUSTO PUNTO NIEVE (Resto de Tradicionales_B),30-71642177-1,0,102397,A´GUSTO PUNTO NIEVE (Resto de Tradicionales_B),30-71642177-1,0,MOVER A MASTER Y MARCAR DELETED
GEO_2706,1709,A´GUSTO PUNTO NIEVE (Resto de Tradicionales_B),30-71642177-1,0,102398,A´GUSTO EN PLATO (Resto de Tradicionales_P),30-71642177-1,0,MOVER A MASTER Y MARCAR DELETED
GEO_2707,1711,AUTOSERVICIO EL CHAQUEÑO EL HOYO (Autoservicio Tradicional_P),20-29863621-3,0,6944,AUTOSERVICIO EL CHAQUEÑO EL HOYO (Autoservicio Tradicional_P),20-29863621-3,0,MOVER A MASTER Y MARCAR DELETED
GEO_2707,1711,AUTOSERVICIO EL CHAQUEÑO EL HOYO (Autoservicio Tradicional_P),20-29863621-3,0,102278,AUTOSERVICIO EL CHAQUEÑO EL HOYO (Autoservicio Tradicional_P),20-29863621-3,0,MOVER A MASTER Y MARCAR DELETED
GEO_2708,1712,DESPENSA EL SUEÑO (Almacen/Despensa_C),20-24574841-9,0,6945,DESPENSA EL SUEÑO (Almacen/Despensa_C),20-24574841-9,0,MOVER A MASTER Y MARCAR DELETED
GEO_2708,1712,DESPENSA EL SUEÑO (Almacen/Despensa_C),20-24574841-9,0,102290,DESPENSA EL SUEÑO (Almacen/Despensa_C),20-24574841-9,0,MOVER A MASTER Y MARCAR DELETED
GEO_2709,1712,DESPENSA EL SUEÑO (Almacen/Despensa_C),20-24574841-9,0,6945,DESPENSA EL SUEÑO (Almacen/Despensa_C),20-24574841-9,0,MOVER A MASTER Y MARCAR DELETED
GEO_2709,1712,DESPENSA EL SUEÑO (Almacen/Despensa_C),20-24574841-9,0,102290,DESPENSA EL SUEÑO (Almacen/Despensa_C),20-24574841-9,0,MOVER A MASTER Y MARCAR DELETED
GEO_2710,1712,DESPENSA EL SUEÑO (Almacen/Despensa_C),20-24574841-9,0,6945,DESPENSA EL SUEÑO (Almacen/Despensa_C),20-24574841-9,0,MOVER A MASTER Y MARCAR DELETED
GEO_2710,1712,DESPENSA EL SUEÑO (Almacen/Despensa_C),20-24574841-9,0,102290,DESPENSA EL SUEÑO (Almacen/Despensa_C),20-24574841-9,0,MOVER A MASTER Y MARCAR DELETED
GEO_2711,1712,DESPENSA EL SUEÑO (Almacen/Despensa_C),20-24574841-9,0,6945,DESPENSA EL SUEÑO (Almacen/Despensa_C),20-24574841-9,0,MOVER A MASTER Y MARCAR DELETED
GEO_2711,1712,DESPENSA EL SUEÑO (Almacen/Despensa_C),20-24574841-9,0,102290,DESPENSA EL SUEÑO (Almacen/Despensa_C),20-24574841-9,0,MOVER A MASTER Y MARCAR DELETED
GEO_2712,1712,DESPENSA EL SUEÑO (Almacen/Despensa_C),20-24574841-9,0,6945,DESPENSA EL SUEÑO (Almacen/Despensa_C),20-24574841-9,0,MOVER A MASTER Y MARCAR DELETED
GEO_2712,1712,DESPENSA EL SUEÑO (Almacen/Despensa_C),20-24574841-9,0,102290,DESPENSA EL SUEÑO (Almacen/Despensa_C),20-24574841-9,0,MOVER A MASTER Y MARCAR DELETED
GEO_2713,1712,DESPENSA EL SUEÑO (Almacen/Despensa_C),20-24574841-9,0,6945,DESPENSA EL SUEÑO (Almacen/Despensa_C),20-24574841-9,0,MOVER A MASTER Y MARCAR DELETED
GEO_2713,1712,DESPENSA EL SUEÑO (Almacen/Despensa_C),20-24574841-9,0,102290,DESPENSA EL SUEÑO (Almacen/Despensa_C),20-24574841-9,0,MOVER A MASTER Y MARCAR DELETED
GEO_2714,1712,DESPENSA EL SUEÑO (Almacen/Despensa_C),20-24574841-9,0,6945,DESPENSA EL SUEÑO (Almacen/Despensa_C),20-24574841-9,0,MOVER A MASTER Y MARCAR DELETED
GEO_2714,1712,DESPENSA EL SUEÑO (Almacen/Despensa_C),20-24574841-9,0,102290,DESPENSA EL SUEÑO (Almacen/Despensa_C),20-24574841-9,0,MOVER A MASTER Y MARCAR DELETED
GEO_2715,1712,DESPENSA EL SUEÑO (Almacen/Despensa_C),20-24574841-9,0,6945,DESPENSA EL SUEÑO (Almacen/Despensa_C),20-24574841-9,0,MOVER A MASTER Y MARCAR DELETED
GEO_2715,1712,DESPENSA EL SUEÑO (Almacen/Despensa_C),20-24574841-9,0,102290,DESPENSA EL SUEÑO (Almacen/Despensa_C),20-24574841-9,0,MOVER A MASTER Y MARCAR DELETED
GEO_2716,1712,DESPENSA EL SUEÑO (Almacen/Despensa_C),20-24574841-9,0,6945,DESPENSA EL SUEÑO (Almacen/Despensa_C),20-24574841-9,0,MOVER A MASTER Y MARCAR DELETED
GEO_2716,1712,DESPENSA EL SUEÑO (Almacen/Despensa_C),20-24574841-9,0,102290,DESPENSA EL SUEÑO (Almacen/Despensa_C),20-24574841-9,0,MOVER A MASTER Y MARCAR DELETED
GEO_2717,1637,ANPRICA S.A.S (Resto de On Premise_C),30717615758,0,6547,ANPRICA S.A.S (Resto de On Premise_C),30717615758,0,MOVER A MASTER Y MARCAR DELETED
GEO_2717,1637,ANPRICA S.A.S (Resto de On Premise_C),30717615758,0,103302,ANPRICA S.A.S (Resto de On Premise_C),30717615758,0,MOVER A MASTER Y MARCAR DELETED
GEO_2718,1727,VERDE SUR (Almacen/Despensa_B),27-24469671-1,0,6950,VERDE SUR (Almacen/Despensa_B),27-24469671-1,0,MOVER A MASTER Y MARCAR DELETED
GEO_2718,1727,VERDE SUR (Almacen/Despensa_B),27-24469671-1,0,101921,VERDE SUR (Almacen/Despensa_B),27-24469671-1,0,MOVER A MASTER Y MARCAR DELETED
GEO_2719,1731,DESPENSA  MARTINA (Almacen/Despensa_P),27-29165733-3,0,6968,DESPENSA  MARTINA (Almacen/Despensa_P),27-29165733-3,0,MOVER A MASTER Y MARCAR DELETED
GEO_2719,1731,DESPENSA  MARTINA (Almacen/Despensa_P),27-29165733-3,0,101825,DESPENSA  MARTINA (Almacen/Despensa_P),27-29165733-3,0,MOVER A MASTER Y MARCAR DELETED
GEO_2720,1731,DESPENSA  MARTINA (Almacen/Despensa_P),27-29165733-3,0,6968,DESPENSA  MARTINA (Almacen/Despensa_P),27-29165733-3,0,MOVER A MASTER Y MARCAR DELETED
GEO_2720,1731,DESPENSA  MARTINA (Almacen/Despensa_P),27-29165733-3,0,101825,DESPENSA  MARTINA (Almacen/Despensa_P),27-29165733-3,0,MOVER A MASTER Y MARCAR DELETED
GEO_2721,1759,PIONEROS DEL VALLE (Almacen/Despensa_B),30717669734,0,6914,PIONEROS DEL VALLE (Almacen/Despensa_B),30717669734,0,MOVER A MASTER Y MARCAR DELETED
GEO_2721,1759,PIONEROS DEL VALLE (Almacen/Despensa_B),30717669734,0,103045,PIONEROS DEL VALLE (Almacen/Despensa_B),30717669734,0,MOVER A MASTER Y MARCAR DELETED
GEO_2722,1759,PIONEROS DEL VALLE (Almacen/Despensa_B),30717669734,0,6914,PIONEROS DEL VALLE (Almacen/Despensa_B),30717669734,0,MOVER A MASTER Y MARCAR DELETED
GEO_2722,1759,PIONEROS DEL VALLE (Almacen/Despensa_B),30717669734,0,103045,PIONEROS DEL VALLE (Almacen/Despensa_B),30717669734,0,MOVER A MASTER Y MARCAR DELETED
GEO_2723,1759,PIONEROS DEL VALLE (Almacen/Despensa_B),30717669734,0,6914,PIONEROS DEL VALLE (Almacen/Despensa_B),30717669734,0,MOVER A MASTER Y MARCAR DELETED
GEO_2723,1759,PIONEROS DEL VALLE (Almacen/Despensa_B),30717669734,0,103045,PIONEROS DEL VALLE (Almacen/Despensa_B),30717669734,0,MOVER A MASTER Y MARCAR DELETED
GEO_2724,1769,LOZA MAGDALENA MARCELINA  (Autoservicio Tradicional_P),27-13286385-2,0,6841,LOZA MAGDALENA MARCELINA  (Autoservicio Tradicional_P),27-13286385-2,0,MOVER A MASTER Y MARCAR DELETED
GEO_2725,1769,LOZA MAGDALENA MARCELINA  (Autoservicio Tradicional_P),27-13286385-2,0,6841,LOZA MAGDALENA MARCELINA  (Autoservicio Tradicional_P),27-13286385-2,0,MOVER A MASTER Y MARCAR DELETED
GEO_2726,1769,LOZA MAGDALENA MARCELINA  (Autoservicio Tradicional_P),27-13286385-2,0,6841,LOZA MAGDALENA MARCELINA  (Autoservicio Tradicional_P),27-13286385-2,0,MOVER A MASTER Y MARCAR DELETED
GEO_2727,3857,HELADERIA LIBERECO (Resto de On Premise_C),27-40810293-1,0,8800,HELADERIA LIBERECO (Resto de On Premise_B),27-40810293-1,0,MOVER A MASTER Y MARCAR DELETED
GEO_2728,3834,LLAMEDO MARIA PAULA (Almacen/Despensa_C),27-29147002-0,0,8877,LLAMEDO MARIA PAULA (Almacen/Despensa_C),27-29147002-0,0,MOVER A MASTER Y MARCAR DELETED
GEO_2729,3834,LLAMEDO MARIA PAULA (Almacen/Despensa_C),27-29147002-0,0,8877,LLAMEDO MARIA PAULA (Almacen/Despensa_C),27-29147002-0,0,MOVER A MASTER Y MARCAR DELETED
GEO_2730,2172,DETIENE DE GONZALEZ MARGARITA (Almacen/Despensa_B),27-95286118-8,0,7029,DETIENE DE GONZALEZ MARGARITA (Almacen/Despensa_B),27-95286118-8,0,MOVER A MASTER Y MARCAR DELETED
GEO_2731,2321,FALCINELLI FLAVIA ROMINA (Kiosco/Maxikiosco_P),27-27177950-5,0,7358,FALCINELLI FLAVIA ROMINA (Kiosco/Maxikiosco_P),27-27177950-5,0,MOVER A MASTER Y MARCAR DELETED
GEO_2732,5015,GIMENEZ DIEGO ALBERTO (Kiosco/Maxikiosco_A),20-27852793-0,0,10247,GIMENEZ DIEGO ALBERTO (Kiosco/Maxikiosco_A),20-27852793-0,0,MOVER A MASTER Y MARCAR DELETED
GEO_2733,3482,GIMENEZ ALEJANDRO (Kiosco/Maxikiosco_B),34624520,0,8555,GIMENEZ ALEJANDRO (Kiosco/Maxikiosco_B),34624520,0,MOVER A MASTER Y MARCAR DELETED
GEO_2734,3482,GIMENEZ ALEJANDRO (Kiosco/Maxikiosco_B),34624520,0,8555,GIMENEZ ALEJANDRO (Kiosco/Maxikiosco_B),34624520,0,MOVER A MASTER Y MARCAR DELETED
GEO_2735,1788,DEL PINO MIRIAM ESTER (Almacen/Despensa_P),27-29597885-1,0,6864,DEL PINO MIRIAM ESTER (Almacen/Despensa_P),27-29597885-1,0,MOVER A MASTER Y MARCAR DELETED
GEO_2736,1789,CIRULLI MARIA IRENE (Kiosco/Maxikiosco_B),23-14541934-4,0,6889,CIRULLI MARIA IRENE (Kiosco/Maxikiosco_B),23-14541934-4,0,MOVER A MASTER Y MARCAR DELETED
GEO_2737,1790,ERCULI NESTOR MARIO  (Kiosco/Maxikiosco_B),20-21950460-9,0,6890,ERCULI NESTOR MARIO  (Kiosco/Maxikiosco_B),20-21950460-9,0,MOVER A MASTER Y MARCAR DELETED
GEO_2738,5050,CONEJERA GUSTAVO (Almacen/Despensa_B),20-14582879-2,0,10193,CONEJERA GUSTAVO (Almacen/Despensa_B),20-14582879-2,0,MOVER A MASTER Y MARCAR DELETED
GEO_2739,1792,HUANG MEIXIANG (Autoservicio Tradicional_P),27-93937199-6,0,6886,HUANG MEIXIANG (Autoservicio Tradicional_P),27-93937199-6,0,MOVER A MASTER Y MARCAR DELETED
GEO_2740,3034,ORTIZ NADIA (Carniceria/Granja_C),32195911,0,8497,ORTIZ NADIA (Carniceria/Granja_C),32195911,0,MOVER A MASTER Y MARCAR DELETED
GEO_2741,1800,GIL JEREMIAS C/A (Almacen/Despensa_B),20-34632481-4,0,6885,GIL JEREMIAS C/A (Almacen/Despensa_B),20-34632481-4,0,MOVER A MASTER Y MARCAR DELETED
GEO_2742,2576,GRECO MARIA CECILIA (Resto de Tradicionales_C),27-23227647-4,0,7679,GRECO MARIA CECILIA (Resto de Tradicionales_C),27-23227647-4,0,MOVER A MASTER Y MARCAR DELETED
GEO_2743,1804,BLAIOTTA CLAUDIA NOEMI (Almacen/Despensa_B),27-16415251-6,0,6983,BLAIOTTA CLAUDIA NOEMI (Almacen/Despensa_B),27-16415251-6,0,MOVER A MASTER Y MARCAR DELETED
GEO_2744,2575,GUENZI ESPINA DANIEL (Almacen/Despensa_B),20-28390824-1,0,7664,GUENZI ESPINA DANIEL (Almacen/Despensa_B),20-28390824-1,0,MOVER A MASTER Y MARCAR DELETED
GEO_2745,1806,HUANG XIUFENG (Autoservicio Tradicional_P),20-94924737-7,0,6985,HUANG XIUFENG (Autoservicio Tradicional_P),20-94924737-7,0,MOVER A MASTER Y MARCAR DELETED
GEO_2746,1806,HUANG XIUFENG (Autoservicio Tradicional_P),20-94924737-7,0,6985,HUANG XIUFENG (Autoservicio Tradicional_P),20-94924737-7,0,MOVER A MASTER Y MARCAR DELETED
GEO_2747,1808,GRALATO CLAUDIA (Almacen/Despensa_B),21959410,0,6981,GRALATO CLAUDIA (Almacen/Despensa_B),21959410,0,MOVER A MASTER Y MARCAR DELETED
GEO_2748,1808,GRALATO CLAUDIA (Almacen/Despensa_B),21959410,0,6981,GRALATO CLAUDIA (Almacen/Despensa_B),21959410,0,MOVER A MASTER Y MARCAR DELETED
GEO_2749,1811,SAFFE ZULMA KARINA (Almacen/Despensa_B),27-23972519-3,0,6898,SAFFE ZULMA KARINA (Almacen/Despensa_B),27-23972519-3,0,MOVER A MASTER Y MARCAR DELETED
GEO_2750,1811,SAFFE ZULMA KARINA (Almacen/Despensa_B),27-23972519-3,0,6898,SAFFE ZULMA KARINA (Almacen/Despensa_B),27-23972519-3,0,MOVER A MASTER Y MARCAR DELETED
GEO_2751,1829,ARRUABARRENA SILVIA SUSANA (Almacen/Despensa_A),27-25136106-7,0,6989,ARRUABARRENA SILVIA SUSANA (Almacen/Despensa_A),27-25136106-7,0,MOVER A MASTER Y MARCAR DELETED
GEO_2752,1829,ARRUABARRENA SILVIA SUSANA (Almacen/Despensa_A),27-25136106-7,0,6989,ARRUABARRENA SILVIA SUSANA (Almacen/Despensa_A),27-25136106-7,0,MOVER A MASTER Y MARCAR DELETED
GEO_2753,1829,ARRUABARRENA SILVIA SUSANA (Almacen/Despensa_A),27-25136106-7,0,6989,ARRUABARRENA SILVIA SUSANA (Almacen/Despensa_A),27-25136106-7,0,MOVER A MASTER Y MARCAR DELETED
GEO_2754,1824,-ALMACEN ÑORQUINCO- (Almacen/Despensa_A),20249120503,0,6905,-ALMACEN ÑORQUINCO- (Almacen/Despensa_A),20249120503,0,MOVER A MASTER Y MARCAR DELETED
GEO_2754,1824,-ALMACEN ÑORQUINCO- (Almacen/Despensa_A),20249120503,0,103243,-ALMACEN ÑORQUINCO- (Almacen/Despensa_A),20249120503,0,MOVER A MASTER Y MARCAR DELETED
GEO_2755,1827,PEPONE EXPRESS 2 (Almacen/Despensa_P),30717715809,0,5258,PEPONE EXPRESS 2 (Almacen/Despensa_P),30717715809,0,MOVER A MASTER Y MARCAR DELETED
GEO_2755,1827,PEPONE EXPRESS 2 (Almacen/Despensa_P),30717715809,0,103228,PEPONE EXPRESS 2 (Almacen/Despensa_P),30717715809,0,MOVER A MASTER Y MARCAR DELETED
GEO_2756,6775,ALEM PABLO (Almacen/Despensa_B),28972504,0,1835,ALEM PABLO (Almacen/Despensa_B),28972504,0,MOVER A MASTER Y MARCAR DELETED
GEO_2757,1889,YAN HUAYING (Autoservicio Tradicional_P),27-95243296-1,0,6821,YAN HUAYING (Autoservicio Tradicional_P),27-95243296-1,0,MOVER A MASTER Y MARCAR DELETED
GEO_2758,1837,CHAZARRETA CRISTIAN (Almacen/Despensa_A),11000000,0,6777,CHAZARRETA CRISTIAN (Almacen/Despensa_A),11000000,0,MOVER A MASTER Y MARCAR DELETED
GEO_2759,1837,CHAZARRETA CRISTIAN (Almacen/Despensa_A),11000000,0,6777,CHAZARRETA CRISTIAN (Almacen/Despensa_A),11000000,0,MOVER A MASTER Y MARCAR DELETED
GEO_2760,1839,DARINO LUIS (Almacen/Despensa_B),11000000,0,6773,DARINO LUIS (Almacen/Despensa_B),11000000,0,MOVER A MASTER Y MARCAR DELETED
GEO_2761,1841,CUELLO SANDRA ELIZABETH (Almacen/Despensa_A),11000000,0,6789,CUELLO SANDRA ELIZABETH (Almacen/Despensa_A),11000000,0,MOVER A MASTER Y MARCAR DELETED
GEO_2762,1913,HERRERO JUAN JOSE (Almacen/Despensa_B),20-16302327-0,0,7202,HERRERO JUAN JOSE (Almacen/Despensa_B),20-16302327-0,0,MOVER A MASTER Y MARCAR DELETED
GEO_2763,1843,CAROLA LETICIA VALERIA  (Almacen/Despensa_A),27-29147189-2,0,6771,CAROLA LETICIA VALERIA  (Almacen/Despensa_A),27-29147189-2,0,MOVER A MASTER Y MARCAR DELETED
GEO_2764,1844,ISSETTA CARLOS GUSTAVO (Autoservicio Tradicional_P),20-30058954-6,0,6786,ISSETTA CARLOS GUSTAVO (Autoservicio Tradicional_P),20-30058954-6,0,MOVER A MASTER Y MARCAR DELETED
GEO_2765,1845,CORREA NOELIA (Carniceria/Granja_B),28012698,0,6787,CORREA NOELIA (Carniceria/Granja_B),28012698,0,MOVER A MASTER Y MARCAR DELETED
GEO_2766,1847,ZANOTTI CAMILA (Fiambreria_P),27-39922405-0,0,6783,ZANOTTI CAMILA (Fiambreria_P),27-39922405-0,0,MOVER A MASTER Y MARCAR DELETED
GEO_2767,1936,KIOSCO AVENIDA (Kiosco/Maxikiosco_A),27-24402321-0,0,7223,KIOSCO AVENIDA (Kiosco/Maxikiosco_A),27-24402321-0,0,MOVER A MASTER Y MARCAR DELETED
GEO_2768,1864,COOP. AGROP. LTDA DE CARABELAS (Autoservicio Tradicional_P),33-52542763-9,0,6810,COOP. AGROP. LTDA DE CARABELAS (Autoservicio Tradicional_P),33-52542763-9,0,MOVER A MASTER Y MARCAR DELETED
GEO_2769,1850,BAGNIS DANIEL ALBERTO  (Kiosco/Maxikiosco_B),20-21959699-6,0,6800,BAGNIS DANIEL ALBERTO  (Kiosco/Maxikiosco_B),20-21959699-6,0,MOVER A MASTER Y MARCAR DELETED
GEO_2770,2481,LOMONACO NANCY (Almacen/Despensa_B),27943340,0,7720,LOMONACO NANCY (Almacen/Despensa_B),27943340,0,MOVER A MASTER Y MARCAR DELETED
GEO_2771,1854,YAMEI CHEN (Autoservicio Tradicional_P),27-94311980-0,0,6798,YAMEI CHEN (Autoservicio Tradicional_P),27-94311980-0,0,MOVER A MASTER Y MARCAR DELETED
GEO_2772,1854,YAMEI CHEN (Autoservicio Tradicional_P),27-94311980-0,0,6798,YAMEI CHEN (Autoservicio Tradicional_P),27-94311980-0,0,MOVER A MASTER Y MARCAR DELETED
GEO_2773,1856,CALVO FABIANA GLADYS (Almacen/Despensa_P),27-23686600-4,0,6794,CALVO FABIANA GLADYS (Almacen/Despensa_P),27-23686600-4,0,MOVER A MASTER Y MARCAR DELETED
GEO_2774,1856,CALVO FABIANA GLADYS (Almacen/Despensa_P),27-23686600-4,0,6794,CALVO FABIANA GLADYS (Almacen/Despensa_P),27-23686600-4,0,MOVER A MASTER Y MARCAR DELETED
GEO_2775,1861,RUMI MARIO DANIEL (Almacen/Despensa_A),20-16301197-3,0,6793,RUMI MARIO DANIEL (Almacen/Despensa_A),20-16301197-3,0,MOVER A MASTER Y MARCAR DELETED
GEO_2776,1865,LI HONGLIN (Autoservicio Tradicional_P),11000000,0,6778,LI HONGLIN (Autoservicio Tradicional_P),11000000,0,MOVER A MASTER Y MARCAR DELETED
GEO_2777,1865,LI HONGLIN (Autoservicio Tradicional_P),11000000,0,6778,LI HONGLIN (Autoservicio Tradicional_P),11000000,0,MOVER A MASTER Y MARCAR DELETED
GEO_2778,1865,LI HONGLIN (Autoservicio Tradicional_P),11000000,0,6778,LI HONGLIN (Autoservicio Tradicional_P),11000000,0,MOVER A MASTER Y MARCAR DELETED
GEO_2779,2911,FORNERIS JAQUELINA MARIEL (Kiosco/Maxikiosco_A),27-25817416-5,0,8122,FORNERIS JAQUELINA MARIEL (Kiosco/Maxikiosco_A),27-25817416-5,0,MOVER A MASTER Y MARCAR DELETED
GEO_2780,1869,CORONEL LILIANA (Almacen/Despensa_B),27-12320615-6,0,6806,CORONEL LILIANA (Almacen/Despensa_B),27-12320615-6,0,MOVER A MASTER Y MARCAR DELETED
GEO_2781,2378,AIMAR CARNES S.A.S. (Carniceria/Granja_A),30-71585127-6,0,7367,AIMAR CARNES S.A.S. (Carniceria/Granja_A),30-71585127-6,0,MOVER A MASTER Y MARCAR DELETED
GEO_2782,1873,DADDETTA LILIANA MABEL (Kiosco/Maxikiosco_B),27-22786109-1,0,6801,DADDETTA LILIANA MABEL (Kiosco/Maxikiosco_B),27-22786109-1,0,MOVER A MASTER Y MARCAR DELETED
GEO_2783,1873,DADDETTA LILIANA MABEL (Kiosco/Maxikiosco_B),27-22786109-1,0,6801,DADDETTA LILIANA MABEL (Kiosco/Maxikiosco_B),27-22786109-1,0,MOVER A MASTER Y MARCAR DELETED
GEO_2784,1875,JUAN JOSE BASILE (Estacion de Servicio - NO OFICIALES_B),20-05033210-2,0,6817,JUAN JOSE BASILE (Estacion de Servicio - NO OFICIALES_B),20-05033210-2,0,MOVER A MASTER Y MARCAR DELETED
GEO_2785,4078,AVILES MARTIN ARIEL (Almacen/Despensa_B),20-36441855-9,0,9161,AVILES MARTIN ARIEL (Almacen/Despensa_B),20-36441855-9,0,MOVER A MASTER Y MARCAR DELETED
GEO_2786,1878,JORGELINA ALEJANDRA SOSA (Almacen/Despensa_B),27-22237277-7,0,6814,JORGELINA ALEJANDRA SOSA (Almacen/Despensa_B),27-22237277-7,0,MOVER A MASTER Y MARCAR DELETED
GEO_2787,1878,JORGELINA ALEJANDRA SOSA (Almacen/Despensa_B),27-22237277-7,0,6814,JORGELINA ALEJANDRA SOSA (Almacen/Despensa_B),27-22237277-7,0,MOVER A MASTER Y MARCAR DELETED
GEO_2788,1878,JORGELINA ALEJANDRA SOSA (Almacen/Despensa_B),27-22237277-7,0,6814,JORGELINA ALEJANDRA SOSA (Almacen/Despensa_B),27-22237277-7,0,MOVER A MASTER Y MARCAR DELETED
GEO_2789,2601,PERALTA SONIA EDITH (Kiosco/Maxikiosco_C),27-16355783-0,0,7540,PERALTA SONIA EDITH (Kiosco/Maxikiosco_B),27-16355783-0,0,MOVER A MASTER Y MARCAR DELETED
GEO_2790,1888,PECOLLO ROBERTO CARLO (Carniceria/Granja_B),20-27563486-8,0,6826,PECOLLO ROBERTO CARLO (Carniceria/Granja_B),20-27563486-8,0,MOVER A MASTER Y MARCAR DELETED
GEO_2791,1888,PECOLLO ROBERTO CARLO (Carniceria/Granja_B),20-27563486-8,0,6826,PECOLLO ROBERTO CARLO (Carniceria/Granja_B),20-27563486-8,0,MOVER A MASTER Y MARCAR DELETED
GEO_2792,1888,PECOLLO ROBERTO CARLO (Carniceria/Granja_B),20-27563486-8,0,6826,PECOLLO ROBERTO CARLO (Carniceria/Granja_B),20-27563486-8,0,MOVER A MASTER Y MARCAR DELETED
GEO_2793,1888,PECOLLO ROBERTO CARLO (Carniceria/Granja_B),20-27563486-8,0,6826,PECOLLO ROBERTO CARLO (Carniceria/Granja_B),20-27563486-8,0,MOVER A MASTER Y MARCAR DELETED
GEO_2794,1890,ZHENG ZHANPING (Autoservicio Tradicional_P),27-95811454-6,0,6822,ZHENG ZHANPING (Autoservicio Tradicional_P),27-95811454-6,0,MOVER A MASTER Y MARCAR DELETED
GEO_2795,1892,HUANG SHUJUAN  (Autoservicio Tradicional_P),27-95883264-3,0,6838,HUANG SHUJUAN  (Autoservicio Tradicional_P),27-95883264-3,0,MOVER A MASTER Y MARCAR DELETED
GEO_2796,1892,HUANG SHUJUAN  (Autoservicio Tradicional_P),27-95883264-3,0,6838,HUANG SHUJUAN  (Autoservicio Tradicional_P),27-95883264-3,0,MOVER A MASTER Y MARCAR DELETED
GEO_2797,1896,SOSIC JORGE MARIANO (Almacen/Despensa_B),20-30074572-6,0,6836,SOSIC JORGE MARIANO (Almacen/Despensa_B),20-30074572-6,0,MOVER A MASTER Y MARCAR DELETED
GEO_2798,3362,PASTOR BAUMAN 250 SRL (Almacen/Despensa_B),30-71708305-5,0,8297,PASTOR BAUMAN 250 SRL (Almacen/Despensa_B),30-71708305-5,0,MOVER A MASTER Y MARCAR DELETED
GEO_2799,1898,WENYING ZHENG (Autoservicio Tradicional_P),27-95596335-6,0,6832,WENYING ZHENG (Autoservicio Tradicional_P),27-95596335-6,0,MOVER A MASTER Y MARCAR DELETED
GEO_2800,2521,LEDESMA LUCRECIA ROMINA (Almacen/Despensa_A),27-28560433-3,0,7618,LEDESMA LUCRECIA ROMINA (Almacen/Despensa_A),27-28560433-3,0,MOVER A MASTER Y MARCAR DELETED
GEO_2801,2521,LEDESMA LUCRECIA ROMINA (Almacen/Despensa_A),27-28560433-3,0,7618,LEDESMA LUCRECIA ROMINA (Almacen/Despensa_A),27-28560433-3,0,MOVER A MASTER Y MARCAR DELETED
GEO_2802,2521,LEDESMA LUCRECIA ROMINA (Almacen/Despensa_A),27-28560433-3,0,7618,LEDESMA LUCRECIA ROMINA (Almacen/Despensa_A),27-28560433-3,0,MOVER A MASTER Y MARCAR DELETED
GEO_2803,1904,DIEGO SEBASTIAN CASCO (Kiosco/Maxikiosco_B),20-25788863-1,0,6849,DIEGO SEBASTIAN CASCO (Kiosco/Maxikiosco_B),20-25788863-1,0,MOVER A MASTER Y MARCAR DELETED
GEO_2804,1905,FORGIARINI JUAN (Almacen/Despensa_A),20-30583596-0,0,6850,FORGIARINI JUAN (Almacen/Despensa_A),20-30583596-0,0,MOVER A MASTER Y MARCAR DELETED
GEO_2805,1905,FORGIARINI JUAN (Almacen/Despensa_A),20-30583596-0,0,6850,FORGIARINI JUAN (Almacen/Despensa_A),20-30583596-0,0,MOVER A MASTER Y MARCAR DELETED
GEO_2806,2024,CAMPOS OLGA BEATRIZ (Almacen/Despensa_B),27-22890848-2,0,7175,CAMPOS OLGA BEATRIZ (Almacen/Despensa_B),27-22890848-2,0,MOVER A MASTER Y MARCAR DELETED
GEO_2807,2024,CAMPOS OLGA BEATRIZ (Almacen/Despensa_B),27-22890848-2,0,7175,CAMPOS OLGA BEATRIZ (Almacen/Despensa_B),27-22890848-2,0,MOVER A MASTER Y MARCAR DELETED
GEO_2808,2024,CAMPOS OLGA BEATRIZ (Almacen/Despensa_B),27-22890848-2,0,7175,CAMPOS OLGA BEATRIZ (Almacen/Despensa_B),27-22890848-2,0,MOVER A MASTER Y MARCAR DELETED
GEO_2809,2024,CAMPOS OLGA BEATRIZ (Almacen/Despensa_B),27-22890848-2,0,7175,CAMPOS OLGA BEATRIZ (Almacen/Despensa_B),27-22890848-2,0,MOVER A MASTER Y MARCAR DELETED
GEO_2810,2349,CAMEJO HECTOR LUIS (Almacen/Despensa_B),20-12513262-7,0,7482,CAMEJO HECTOR LUIS (Almacen/Despensa_B),20-12513262-7,0,MOVER A MASTER Y MARCAR DELETED
GEO_2811,2798,GONZALEZ YAMILA (Almacen/Despensa_C),27-31195972-2,0,7921,GONZALEZ YAMILA (Almacen/Despensa_C),27-31195972-2,0,MOVER A MASTER Y MARCAR DELETED
GEO_2812,3827,CASTRO MIRTA MABEL (Kiosco/Maxikiosco_C),27-12232434-1,0,8852,CASTRO MIRTA MABEL (Kiosco/Maxikiosco_B),27-12232434-1,0,MOVER A MASTER Y MARCAR DELETED
GEO_2813,2180,ZUCARO MONICA HAYDEE (Kiosco/Maxikiosco_B),27-26502356-3,0,7039,ZUCARO MONICA HAYDEE (Kiosco/Maxikiosco_B),27-26502356-3,0,MOVER A MASTER Y MARCAR DELETED
GEO_2814,1924,ROJAS GNC S R L (Estacion de Servicio - NO OFICIALES_P),30-66562887-2,0,7215,ROJAS GNC S R L (Estacion de Servicio - NO OFICIALES_P),30-66562887-2,0,MOVER A MASTER Y MARCAR DELETED
GEO_2815,3198,STACHIOTTI WALTER GUSTAVO (Kiosco/Maxikiosco_P),30-71666812-2,0,8423,STACHIOTTI WALTER GUSTAVO (Kiosco/Maxikiosco_P),30-71666812-2,0,MOVER A MASTER Y MARCAR DELETED
GEO_2816,3198,STACHIOTTI WALTER GUSTAVO (Kiosco/Maxikiosco_P),30-71666812-2,0,8423,STACHIOTTI WALTER GUSTAVO (Kiosco/Maxikiosco_P),30-71666812-2,0,MOVER A MASTER Y MARCAR DELETED
GEO_2817,3198,STACHIOTTI WALTER GUSTAVO (Kiosco/Maxikiosco_P),30-71666812-2,0,8423,STACHIOTTI WALTER GUSTAVO (Kiosco/Maxikiosco_P),30-71666812-2,0,MOVER A MASTER Y MARCAR DELETED
GEO_2818,3198,STACHIOTTI WALTER GUSTAVO (Kiosco/Maxikiosco_P),30-71666812-2,0,8423,STACHIOTTI WALTER GUSTAVO (Kiosco/Maxikiosco_P),30-71666812-2,0,MOVER A MASTER Y MARCAR DELETED
GEO_2819,2457,BERHELLA PABLO ANDRES (Kiosco/Maxikiosco_A),20-31265848-9,0,7704,BERHELLA PABLO ANDRES (Kiosco/Maxikiosco_A),20-31265848-9,0,MOVER A MASTER Y MARCAR DELETED
GEO_2820,2457,BERHELLA PABLO ANDRES (Kiosco/Maxikiosco_A),20-31265848-9,0,7704,BERHELLA PABLO ANDRES (Kiosco/Maxikiosco_A),20-31265848-9,0,MOVER A MASTER Y MARCAR DELETED
GEO_2821,2951,ECHECOPAR OSMAR LUIS (Kiosco/Maxikiosco_B),23-16323901-9,0,8001,ECHECOPAR OSMAR LUIS (Kiosco/Maxikiosco_B),23-16323901-9,0,MOVER A MASTER Y MARCAR DELETED
GEO_2822,4190,GARBINI GRISEL (Almacen/Despensa_C),27-24947228-5,0,9465,GARBINI GRISEL (Almacen/Despensa_B),27-24947228-5,0,MOVER A MASTER Y MARCAR DELETED
GEO_2823,1938,JANDET RICARDO EZEQUIEL  (Resto de On Premise_B),20-34125571-7,0,7239,JANDET RICARDO EZEQUIEL  (Resto de On Premise_B),20-34125571-7,0,MOVER A MASTER Y MARCAR DELETED
GEO_2824,1939,GAROZZO MARIA DE LUJAN (Almacen/Despensa_B),27-28419781-5,0,7220,GAROZZO MARIA DE LUJAN (Almacen/Despensa_B),27-28419781-5,0,MOVER A MASTER Y MARCAR DELETED
GEO_2825,3729,MGB (Kiosco/Maxikiosco_C),20-41545863-1,0,8908,MGB (Kiosco/Maxikiosco_B),20-41545863-1,0,MOVER A MASTER Y MARCAR DELETED
GEO_2826,3729,MGB (Kiosco/Maxikiosco_C),20-41545863-1,0,8908,MGB (Kiosco/Maxikiosco_B),20-41545863-1,0,MOVER A MASTER Y MARCAR DELETED
GEO_2827,3729,MGB (Kiosco/Maxikiosco_C),20-41545863-1,0,8908,MGB (Kiosco/Maxikiosco_B),20-41545863-1,0,MOVER A MASTER Y MARCAR DELETED
GEO_2828,3729,MGB (Kiosco/Maxikiosco_C),20-41545863-1,0,8908,MGB (Kiosco/Maxikiosco_B),20-41545863-1,0,MOVER A MASTER Y MARCAR DELETED
GEO_2829,3729,MGB (Kiosco/Maxikiosco_C),20-41545863-1,0,8908,MGB (Kiosco/Maxikiosco_B),20-41545863-1,0,MOVER A MASTER Y MARCAR DELETED
GEO_2830,1948,ARGAÑARAZ (Almacen/Despensa_B),30376921,0,7234,ARGAÑARAZ (Almacen/Despensa_B),30376921,0,MOVER A MASTER Y MARCAR DELETED
GEO_2831,4258,4 SOLES (SUCURSAL 2) (Almacen/Despensa_C),27-25817485-8,0,9385,4 SOLES (SUCURSAL 2) (Almacen/Despensa_A),27-25817485-8,0,MOVER A MASTER Y MARCAR DELETED
GEO_2832,1952,NUEVO ETERNO (Autoservicio Tradicional_P),27-95308292-1,0,7013,NUEVO ETERNO (Autoservicio Tradicional_P),27-95308292-1,0,MOVER A MASTER Y MARCAR DELETED
GEO_2833,2754,ORIENTE II (Autoservicio Tradicional_P),20-94029883-1,0,7887,ORIENTE II (Autoservicio Tradicional_P),20-94029883-1,0,MOVER A MASTER Y MARCAR DELETED
GEO_2834,2754,ORIENTE II (Autoservicio Tradicional_P),20-94029883-1,0,7887,ORIENTE II (Autoservicio Tradicional_P),20-94029883-1,0,MOVER A MASTER Y MARCAR DELETED
GEO_2835,2754,ORIENTE II (Autoservicio Tradicional_P),20-94029883-1,0,7887,ORIENTE II (Autoservicio Tradicional_P),20-94029883-1,0,MOVER A MASTER Y MARCAR DELETED
GEO_2836,2754,ORIENTE II (Autoservicio Tradicional_P),20-94029883-1,0,7887,ORIENTE II (Autoservicio Tradicional_P),20-94029883-1,0,MOVER A MASTER Y MARCAR DELETED
GEO_2837,2754,ORIENTE II (Autoservicio Tradicional_P),20-94029883-1,0,7887,ORIENTE II (Autoservicio Tradicional_P),20-94029883-1,0,MOVER A MASTER Y MARCAR DELETED
GEO_2838,2754,ORIENTE II (Autoservicio Tradicional_P),20-94029883-1,0,7887,ORIENTE II (Autoservicio Tradicional_P),20-94029883-1,0,MOVER A MASTER Y MARCAR DELETED
GEO_2839,1964,MIS NIETOS (Almacen/Despensa_B),18578000,0,7121,MIS NIETOS (Almacen/Despensa_B),18578000,0,MOVER A MASTER Y MARCAR DELETED
GEO_2840,3844,BULLEGHINI IARA MAILEN (Almacen/Despensa_C),27-40716865-3,0,8989,BULLEGHINI IARA MAILEN (Almacen/Despensa_C),27-40716865-3,0,MOVER A MASTER Y MARCAR DELETED
GEO_2841,1966,DI PINTO MARIA FERNANDA (Kiosco/Maxikiosco_B),18159245,0,7123,DI PINTO MARIA FERNANDA (Kiosco/Maxikiosco_B),18159245,0,MOVER A MASTER Y MARCAR DELETED
GEO_2842,1967,AMANECER (Autoservicio Tradicional_P),27-94129306-4,0,7008,AMANECER (Autoservicio Tradicional_P),27-94129306-4,0,MOVER A MASTER Y MARCAR DELETED
GEO_2843,1967,AMANECER (Autoservicio Tradicional_P),27-94129306-4,0,7008,AMANECER (Autoservicio Tradicional_P),27-94129306-4,0,MOVER A MASTER Y MARCAR DELETED
GEO_2844,1976,EL CICLON (Almacen/Despensa_B),17125280,0,6880,EL CICLON (Almacen/Despensa_B),17125280,0,MOVER A MASTER Y MARCAR DELETED
GEO_2845,2205,LOPEZ JOSE MARIA (Kiosco/Maxikiosco_A),20-34086043-9,0,7059,LOPEZ JOSE MARIA (Kiosco/Maxikiosco_A),20-34086043-9,0,MOVER A MASTER Y MARCAR DELETED
GEO_2846,2205,LOPEZ JOSE MARIA (Kiosco/Maxikiosco_A),20-34086043-9,0,7059,LOPEZ JOSE MARIA (Kiosco/Maxikiosco_A),20-34086043-9,0,MOVER A MASTER Y MARCAR DELETED
GEO_2847,1984,GONZALEZ HECTOR FABIAN  (Autoservicio Tradicional_A),20-20389375-3,0,7057,GONZALEZ HECTOR FABIAN  (Autoservicio Tradicional_A),20-20389375-3,0,MOVER A MASTER Y MARCAR DELETED
GEO_2848,3945,BASUALDO SANDRA NOEMI (Almacen/Despensa_B),27-20499199-0,0,9196,BASUALDO SANDRA NOEMI (Almacen/Despensa_A),27-20499199-0,0,MOVER A MASTER Y MARCAR DELETED
GEO_2849,1986,SUPER LIDER (Autoservicio Tradicional_P),20-95723024-6,0,7245,SUPER LIDER (Autoservicio Tradicional_P),20-95723024-6,0,MOVER A MASTER Y MARCAR DELETED
GEO_2850,2882,ANDRIOLA DANIEL  - BANANA (Resto de On Premise_C),13582056,0,8155,ANDRIOLA DANIEL  - BANANA (Resto de On Premise_C),13582056,0,MOVER A MASTER Y MARCAR DELETED
GEO_2851,2882,ANDRIOLA DANIEL  - BANANA (Resto de On Premise_C),13582056,0,8155,ANDRIOLA DANIEL  - BANANA (Resto de On Premise_C),13582056,0,MOVER A MASTER Y MARCAR DELETED
GEO_2852,3085,LARRIAGA MAURICIO (Almacen/Despensa_A),39506268,0,8248,LARRIAGA MAURICIO (Almacen/Despensa_P),39506268,0,MOVER A MASTER Y MARCAR DELETED
GEO_2853,3085,LARRIAGA MAURICIO (Almacen/Despensa_A),39506268,0,8248,LARRIAGA MAURICIO (Almacen/Despensa_P),39506268,0,MOVER A MASTER Y MARCAR DELETED
GEO_2854,3085,LARRIAGA MAURICIO (Almacen/Despensa_A),39506268,0,8248,LARRIAGA MAURICIO (Almacen/Despensa_P),39506268,0,MOVER A MASTER Y MARCAR DELETED
GEO_2855,1996,AUTOSERVICIO SARMIENTO (Almacen/Despensa_B),20-20063226-6,0,7147,AUTOSERVICIO SARMIENTO (Almacen/Despensa_B),20-20063226-6,0,MOVER A MASTER Y MARCAR DELETED
GEO_2856,1997,RIVARA S.A (Estacion de Servicio - AXION_P),30-60119164-0,0,7142,RIVARA S.A (Estacion de Servicio - AXION_P),30-60119164-0,0,MOVER A MASTER Y MARCAR DELETED
GEO_2857,3035,CARE SILVIA MARIELA (Almacen/Despensa_P),27-21786560-9,0,8084,CARE SILVIA MARIELA (Almacen/Despensa_B),27-21786560-9,0,MOVER A MASTER Y MARCAR DELETED
GEO_2858,1999,XIANGJIN ZHANG (Autoservicio Tradicional_P),27-95713278-8,0,7144,XIANGJIN ZHANG (Autoservicio Tradicional_P),27-95713278-8,0,MOVER A MASTER Y MARCAR DELETED
GEO_2859,1999,XIANGJIN ZHANG (Autoservicio Tradicional_P),27-95713278-8,0,7144,XIANGJIN ZHANG (Autoservicio Tradicional_P),27-95713278-8,0,MOVER A MASTER Y MARCAR DELETED
GEO_2860,2003,ROMERO MARCOS (Almacen/Despensa_B),23346870,0,7156,ROMERO MARCOS (Almacen/Despensa_B),23346870,0,MOVER A MASTER Y MARCAR DELETED
GEO_2861,2004,MARTINEZ PABLO (Almacen/Despensa_A),20-23686535-6,0,7157,MARTINEZ PABLO (Almacen/Despensa_A),20-23686535-6,0,MOVER A MASTER Y MARCAR DELETED
GEO_2862,2740,FULL TIME (Almacen/Despensa_C),29240118,0,7873,FULL TIME (Almacen/Despensa_C),29240118,0,MOVER A MASTER Y MARCAR DELETED
GEO_2863,2006,ARTIGAU CARLOS ENRIQUE (Almacen/Despensa_A),20-14076891-0,0,7153,ARTIGAU CARLOS ENRIQUE (Almacen/Despensa_A),20-14076891-0,0,MOVER A MASTER Y MARCAR DELETED
GEO_2864,2007,FERNANDEZ MARCOS DARIO (Almacen/Despensa_P),20-30918743-2,0,7154,FERNANDEZ MARCOS DARIO (Almacen/Despensa_P),20-30918743-2,0,MOVER A MASTER Y MARCAR DELETED
GEO_2865,2011,LAGUNA JOSE LUIS (Autoservicio Tradicional_A),20-14076763-9,0,7152,LAGUNA JOSE LUIS (Autoservicio Tradicional_A),20-14076763-9,0,MOVER A MASTER Y MARCAR DELETED
GEO_2866,3183,ZUZZI GIULIANO (Almacen/Despensa_C),20-36512610-1,0,8336,ZUZZI GIULIANO (Almacen/Despensa_C),20-36512610-1,0,MOVER A MASTER Y MARCAR DELETED
GEO_2867,3183,ZUZZI GIULIANO (Almacen/Despensa_C),20-36512610-1,0,8336,ZUZZI GIULIANO (Almacen/Despensa_C),20-36512610-1,0,MOVER A MASTER Y MARCAR DELETED
GEO_2868,2018,PEVERINI GRISELDA MABEL (Almacen/Despensa_B),27-17471659-0,0,7164,PEVERINI GRISELDA MABEL (Almacen/Despensa_B),27-17471659-0,0,MOVER A MASTER Y MARCAR DELETED
GEO_2869,2019,HUANG LIN (Autoservicio Tradicional_P),20-94975487-2,0,7165,HUANG LIN (Autoservicio Tradicional_P),20-94975487-2,0,MOVER A MASTER Y MARCAR DELETED
GEO_2870,2256,CORDON SERGIO ALFREDO (Kiosco/Maxikiosco_P),20226463,0,7421,CORDON SERGIO ALFREDO (Kiosco/Maxikiosco_P),20226463,0,MOVER A MASTER Y MARCAR DELETED
GEO_2871,2256,CORDON SERGIO ALFREDO (Kiosco/Maxikiosco_P),20226463,0,7421,CORDON SERGIO ALFREDO (Kiosco/Maxikiosco_P),20226463,0,MOVER A MASTER Y MARCAR DELETED
GEO_2872,2256,CORDON SERGIO ALFREDO (Kiosco/Maxikiosco_P),20226463,0,7421,CORDON SERGIO ALFREDO (Kiosco/Maxikiosco_P),20226463,0,MOVER A MASTER Y MARCAR DELETED
GEO_2873,2743,TIO LIN (Autoservicio Tradicional_P),27-94741322-3,0,7870,TIO LIN (Autoservicio Tradicional_P),27-94741322-3,0,MOVER A MASTER Y MARCAR DELETED
GEO_2874,2029,VILLEGAS ANDREA (Almacen/Despensa_A),28252954,0,7174,VILLEGAS ANDREA (Almacen/Despensa_A),28252954,0,MOVER A MASTER Y MARCAR DELETED
GEO_2875,3632,CORREA HORACIO (Empleados_C),27507771,0,8885,CORREA HORACIO (Empleados_C),27507771,0,MOVER A MASTER Y MARCAR DELETED
GEO_2876,3192,SALOMON ANA MARIA (Almacen/Despensa_B),27-16415994-4,0,8429,SALOMON ANA MARIA (Almacen/Despensa_B),27-16415994-4,0,MOVER A MASTER Y MARCAR DELETED
GEO_2877,2035,BEDOYA ALBERTO RUFINO (Almacen/Despensa_B),20-11817164-1,0,7188,BEDOYA ALBERTO RUFINO (Almacen/Despensa_B),20-11817164-1,0,MOVER A MASTER Y MARCAR DELETED
GEO_2878,2035,BEDOYA ALBERTO RUFINO (Almacen/Despensa_B),20-11817164-1,0,7188,BEDOYA ALBERTO RUFINO (Almacen/Despensa_B),20-11817164-1,0,MOVER A MASTER Y MARCAR DELETED
GEO_2879,2044,LA TERMINAL (Kiosco/Maxikiosco_B),23-36050650-9,0,7199,LA TERMINAL (Kiosco/Maxikiosco_B),23-36050650-9,0,MOVER A MASTER Y MARCAR DELETED
GEO_2880,2044,LA TERMINAL (Kiosco/Maxikiosco_B),23-36050650-9,0,7199,LA TERMINAL (Kiosco/Maxikiosco_B),23-36050650-9,0,MOVER A MASTER Y MARCAR DELETED
GEO_2881,2045,CABALLINI MARIA DE LOS ANGELES (Kiosco/Maxikiosco_A),27-23153110-1,0,7194,CABALLINI MARIA DE LOS ANGELES (Kiosco/Maxikiosco_A),27-23153110-1,0,MOVER A MASTER Y MARCAR DELETED
GEO_2882,2045,CABALLINI MARIA DE LOS ANGELES (Kiosco/Maxikiosco_A),27-23153110-1,0,7194,CABALLINI MARIA DE LOS ANGELES (Kiosco/Maxikiosco_A),27-23153110-1,0,MOVER A MASTER Y MARCAR DELETED
GEO_2883,2051,SERVIO NIVIA MARIA Y SERVIO EDGARDO AMILCAR (Autoservicio Tradicional_P),30-66561044-2,0,7161,SERVIO NIVIA MARIA Y SERVIO EDGARDO AMILCAR (Autoservicio Tradicional_P),30-66561044-2,0,MOVER A MASTER Y MARCAR DELETED
GEO_2884,2051,SERVIO NIVIA MARIA Y SERVIO EDGARDO AMILCAR (Autoservicio Tradicional_P),30-66561044-2,0,7161,SERVIO NIVIA MARIA Y SERVIO EDGARDO AMILCAR (Autoservicio Tradicional_P),30-66561044-2,0,MOVER A MASTER Y MARCAR DELETED
GEO_2885,2051,SERVIO NIVIA MARIA Y SERVIO EDGARDO AMILCAR (Autoservicio Tradicional_P),30-66561044-2,0,7161,SERVIO NIVIA MARIA Y SERVIO EDGARDO AMILCAR (Autoservicio Tradicional_P),30-66561044-2,0,MOVER A MASTER Y MARCAR DELETED
GEO_2886,2204,FRANCHINI ALEJANDRO JAVIER  (Resto de On Premise_B),20-21534880-7,0,7058,FRANCHINI ALEJANDRO JAVIER  (Resto de On Premise_B),20-21534880-7,0,MOVER A MASTER Y MARCAR DELETED
GEO_2887,3314,SPOSITO AGUSTIN (Almacen/Despensa_C),23-05064029-9,0,8381,SPOSITO AGUSTIN (Almacen/Despensa_C),23-05064029-9,0,MOVER A MASTER Y MARCAR DELETED
GEO_2888,3352,OCHOA CRISTIAN GUSTAVO (Almacen/Despensa_C),20-21970123-4,0,8271,OCHOA CRISTIAN GUSTAVO (Almacen/Despensa_C),20-21970123-4,0,MOVER A MASTER Y MARCAR DELETED
GEO_2889,2066,GARCIA HUGO ADALBERTO (Almacen/Despensa_A),20-29808260-9,0,7069,GARCIA HUGO ADALBERTO (Almacen/Despensa_A),20-29808260-9,0,MOVER A MASTER Y MARCAR DELETED
GEO_2890,2066,GARCIA HUGO ADALBERTO (Almacen/Despensa_A),20-29808260-9,0,7069,GARCIA HUGO ADALBERTO (Almacen/Despensa_A),20-29808260-9,0,MOVER A MASTER Y MARCAR DELETED
GEO_2891,4908,GARCIA CELESTE PAULA (Kiosco/Maxikiosco_P),27-37837854-6,0,9861,GARCIA CELESTE PAULA (Kiosco/Maxikiosco_P),27-37837854-6,0,MOVER A MASTER Y MARCAR DELETED
GEO_2892,2074,CHEN JIANXIA (Almacen/Despensa_A),20-95326856-7,0,7065,CHEN JIANXIA (Almacen/Despensa_A),20-95326856-7,0,MOVER A MASTER Y MARCAR DELETED
GEO_2893,2075,ZHUANG YI (Almacen/Despensa_P),20-94038336-7,0,7060,ZHUANG YI (Almacen/Despensa_P),20-94038336-7,0,MOVER A MASTER Y MARCAR DELETED
GEO_2894,4415,CIARALLI MARIA  (POLLERIA) (Carniceria/Granja_C),27-21556830-5,0,9737,CIARALLI MARIA  (POLLERIA) (Carniceria/Granja_C),27-21556830-5,0,MOVER A MASTER Y MARCAR DELETED
GEO_2895,4415,CIARALLI MARIA  (POLLERIA) (Carniceria/Granja_C),27-21556830-5,0,9737,CIARALLI MARIA  (POLLERIA) (Carniceria/Granja_C),27-21556830-5,0,MOVER A MASTER Y MARCAR DELETED
GEO_2896,2079,TAFFIRELLI OSCAR (Almacen/Despensa_B),20-17471550-6,0,7078,TAFFIRELLI OSCAR (Almacen/Despensa_B),20-17471550-6,0,MOVER A MASTER Y MARCAR DELETED
GEO_2897,2081,GARZILLO ISABEL (Almacen/Despensa_B),22605631,0,7074,GARZILLO ISABEL (Almacen/Despensa_B),22605631,0,MOVER A MASTER Y MARCAR DELETED
GEO_2898,2081,GARZILLO ISABEL (Almacen/Despensa_B),22605631,0,7074,GARZILLO ISABEL (Almacen/Despensa_B),22605631,0,MOVER A MASTER Y MARCAR DELETED
GEO_2899,3232,PANICHELLI ANDREA (Almacen/Despensa_A),22927046,0,8451,PANICHELLI ANDREA (Almacen/Despensa_A),22927046,0,MOVER A MASTER Y MARCAR DELETED
GEO_2900,2593,DON ENRIQUE PARA DARTE UN GUSTO SRL  (Autoservicio Tradicional_B),30-71016381-9,0,7530,DON ENRIQUE PARA DARTE UN GUSTO SRL  (Autoservicio Tradicional_P),30-71016381-9,0,MOVER A MASTER Y MARCAR DELETED
GEO_2901,2593,DON ENRIQUE PARA DARTE UN GUSTO SRL  (Autoservicio Tradicional_B),30-71016381-9,0,7530,DON ENRIQUE PARA DARTE UN GUSTO SRL  (Autoservicio Tradicional_P),30-71016381-9,0,MOVER A MASTER Y MARCAR DELETED
GEO_2902,2593,DON ENRIQUE PARA DARTE UN GUSTO SRL  (Autoservicio Tradicional_B),30-71016381-9,0,7530,DON ENRIQUE PARA DARTE UN GUSTO SRL  (Autoservicio Tradicional_P),30-71016381-9,0,MOVER A MASTER Y MARCAR DELETED
GEO_2903,2333,VIGLIERCHIO MARIO ALBERTO (Kiosco/Maxikiosco_P),20-05087549-1,0,7376,VIGLIERCHIO MARIO ALBERTO (Kiosco/Maxikiosco_P),20-05087549-1,0,MOVER A MASTER Y MARCAR DELETED
GEO_2904,3201,RODRIGUEZ LUCAS MARTIN (Almacen/Despensa_C),23-33576104-9,0,4930,RODRIGUEZ LUCAS MART (Almacen/Despensa_C),23-33576104-9,0,MOVER A MASTER Y MARCAR DELETED
GEO_2904,3201,RODRIGUEZ LUCAS MARTIN (Almacen/Despensa_C),23-33576104-9,0,8420,RODRIGUEZ LUCAS MARTIN (Almacen/Despensa_C),23-33576104-9,0,MOVER A MASTER Y MARCAR DELETED
GEO_2904,3201,RODRIGUEZ LUCAS MARTIN (Almacen/Despensa_C),23-33576104-9,0,10229,RODRIGUEZ LUCAS MART (Almacen/Despensa_C),23-33576104-9,0,MOVER A MASTER Y MARCAR DELETED
GEO_2905,2097,SUPER PASSERINI (Autoservicio Tradicional_P),27-96221108-4,0,7083,SUPER PASSERINI (Autoservicio Tradicional_P),27-96221108-4,0,MOVER A MASTER Y MARCAR DELETED
GEO_2906,3934,IMPARRAGUIRRE JUDIT MARILIN (Almacen/Despensa_B),27-32748907-6,0,9107,IMPARRAGUIRRE JUDIT MARILIN (Almacen/Despensa_B),27-32748907-6,0,MOVER A MASTER Y MARCAR DELETED
GEO_2907,3934,IMPARRAGUIRRE JUDIT MARILIN (Almacen/Despensa_B),27-32748907-6,0,9107,IMPARRAGUIRRE JUDIT MARILIN (Almacen/Despensa_B),27-32748907-6,0,MOVER A MASTER Y MARCAR DELETED
GEO_2908,3195,PRELISTOS SRL EN FORMACION  (Carniceria/Granja_A),30-71689630-3,0,8426,PRELISTOS SRL EN FORMACION  (Carniceria/Granja_B),30-71689630-3,0,MOVER A MASTER Y MARCAR DELETED
GEO_2909,3458,JONES MATIAS TOMAS  (Kiosco/Maxikiosco_A),20-41686579-6,0,8627,JONES MATIAS TOMAS  (Kiosco/Maxikiosco_A),20-41686579-6,0,MOVER A MASTER Y MARCAR DELETED
GEO_2910,2109,ARTIGAS DARIO (Kiosco/Maxikiosco_P),31998142,0,7108,ARTIGAS DARIO (Kiosco/Maxikiosco_P),31998142,0,MOVER A MASTER Y MARCAR DELETED
GEO_2911,2109,ARTIGAS DARIO (Kiosco/Maxikiosco_P),31998142,0,7108,ARTIGAS DARIO (Kiosco/Maxikiosco_P),31998142,0,MOVER A MASTER Y MARCAR DELETED
GEO_2912,2109,ARTIGAS DARIO (Kiosco/Maxikiosco_P),31998142,0,7108,ARTIGAS DARIO (Kiosco/Maxikiosco_P),31998142,0,MOVER A MASTER Y MARCAR DELETED
GEO_2913,2109,ARTIGAS DARIO (Kiosco/Maxikiosco_P),31998142,0,7108,ARTIGAS DARIO (Kiosco/Maxikiosco_P),31998142,0,MOVER A MASTER Y MARCAR DELETED
GEO_2914,4130,LESCANO ALEJANDRO (Almacen/Despensa_C),24377540,0,9089,LESCANO ALEJANDRO (Almacen/Despensa_B),24377540,0,MOVER A MASTER Y MARCAR DELETED
GEO_2915,3083,PIBES (Resto de Tradicionales_B),23-05397508-9,0,8246,PIBES (Resto de Tradicionales_B),23-05397508-9,0,MOVER A MASTER Y MARCAR DELETED
GEO_2916,2121,LORENZATTI RICARDO (Almacen/Despensa_P),20-18089175-8,0,7116,LORENZATTI RICARDO (Almacen/Despensa_P),20-18089175-8,0,MOVER A MASTER Y MARCAR DELETED
GEO_2917,2121,LORENZATTI RICARDO (Almacen/Despensa_P),20-18089175-8,0,7116,LORENZATTI RICARDO (Almacen/Despensa_P),20-18089175-8,0,MOVER A MASTER Y MARCAR DELETED
GEO_2918,3112,BORDIGNON ARMANDO (Almacen/Despensa_P),20-10211782-5,0,8078,BORDIGNON ARMANDO (Almacen/Despensa_A),20-10211782-5,0,MOVER A MASTER Y MARCAR DELETED
GEO_2919,3112,BORDIGNON ARMANDO (Almacen/Despensa_P),20-10211782-5,0,8078,BORDIGNON ARMANDO (Almacen/Despensa_A),20-10211782-5,0,MOVER A MASTER Y MARCAR DELETED
GEO_2920,3887,ALIFANO GABRIELA MARTINA (Carniceria/Granja_P),27-23347083-5,0,8768,ALIFANO GABRIELA MARTINA (Carniceria/Granja_B),27-23347083-5,0,MOVER A MASTER Y MARCAR DELETED
GEO_2921,2127,FERRARI NATALIA LORENA (Centros de entrenamiento/Espacios Deportivos_B),27-28154491-3,0,7110,FERRARI NATALIA LORENA (Centros de entrenamiento/Espacios Deportivos_B),27-28154491-3,0,MOVER A MASTER Y MARCAR DELETED
GEO_2922,2127,FERRARI NATALIA LORENA (Centros de entrenamiento/Espacios Deportivos_B),27-28154491-3,0,7110,FERRARI NATALIA LORENA (Centros de entrenamiento/Espacios Deportivos_B),27-28154491-3,0,MOVER A MASTER Y MARCAR DELETED
GEO_2923,2127,FERRARI NATALIA LORENA (Centros de entrenamiento/Espacios Deportivos_B),27-28154491-3,0,7110,FERRARI NATALIA LORENA (Centros de entrenamiento/Espacios Deportivos_B),27-28154491-3,0,MOVER A MASTER Y MARCAR DELETED
GEO_2924,2133,LOLAPALUZA S.A. (Estacion de Servicio - NO OFICIALES_A),30-71217514-8,0,7386,LOLAPALUZA S.A. (Estacion de Servicio - NO OFICIALES_A),30-71217514-8,0,MOVER A MASTER Y MARCAR DELETED
GEO_2925,2135,KIOSCO ESQUINA CERO (Kiosco/Maxikiosco_A),20-16579210-7,0,7464,KIOSCO ESQUINA CERO (Kiosco/Maxikiosco_A),20-16579210-7,0,MOVER A MASTER Y MARCAR DELETED
GEO_2926,2135,KIOSCO ESQUINA CERO (Kiosco/Maxikiosco_A),20-16579210-7,0,7464,KIOSCO ESQUINA CERO (Kiosco/Maxikiosco_A),20-16579210-7,0,MOVER A MASTER Y MARCAR DELETED
GEO_2927,2867,BUSTOS BELEN  (Kiosco/Maxikiosco_C),27-39981197-5,0,7848,BUSTOS BELEN  (Kiosco/Maxikiosco_C),27-39981197-5,0,MOVER A MASTER Y MARCAR DELETED
GEO_2928,2138,GONZALEZ LILIANA (Almacen/Despensa_B),16387043,0,7461,GONZALEZ LILIANA (Almacen/Despensa_B),16387043,0,MOVER A MASTER Y MARCAR DELETED
GEO_2929,2138,GONZALEZ LILIANA (Almacen/Despensa_B),16387043,0,7461,GONZALEZ LILIANA (Almacen/Despensa_B),16387043,0,MOVER A MASTER Y MARCAR DELETED
GEO_2930,2140,VILLA GISELA  (Kiosco/Maxikiosco_B),23-26758810-4,0,7463,VILLA GISELA  (Kiosco/Maxikiosco_B),23-26758810-4,0,MOVER A MASTER Y MARCAR DELETED
GEO_2931,2329,PALLERO AMILCAR RUBEN (Kiosco/Maxikiosco_A),20-30553076-0,0,7354,PALLERO AMILCAR RUBEN (Kiosco/Maxikiosco_A),20-30553076-0,0,MOVER A MASTER Y MARCAR DELETED
GEO_2932,2329,PALLERO AMILCAR RUBEN (Kiosco/Maxikiosco_A),20-30553076-0,0,7354,PALLERO AMILCAR RUBEN (Kiosco/Maxikiosco_A),20-30553076-0,0,MOVER A MASTER Y MARCAR DELETED
GEO_2933,2329,PALLERO AMILCAR RUBEN (Kiosco/Maxikiosco_A),20-30553076-0,0,7354,PALLERO AMILCAR RUBEN (Kiosco/Maxikiosco_A),20-30553076-0,0,MOVER A MASTER Y MARCAR DELETED
GEO_2934,2329,PALLERO AMILCAR RUBEN (Kiosco/Maxikiosco_A),20-30553076-0,0,7354,PALLERO AMILCAR RUBEN (Kiosco/Maxikiosco_A),20-30553076-0,0,MOVER A MASTER Y MARCAR DELETED
GEO_2935,2329,PALLERO AMILCAR RUBEN (Kiosco/Maxikiosco_A),20-30553076-0,0,7354,PALLERO AMILCAR RUBEN (Kiosco/Maxikiosco_A),20-30553076-0,0,MOVER A MASTER Y MARCAR DELETED
GEO_2936,3022,AGRO Y SERVICIOS LOS HNOS S.R.L (Estacion de Servicio - NO OFICIALES_B),30-71598511-6,0,8217,AGRO Y SERVICIOS LOS HNOS S.R.L (Estacion de Servicio - NO OFICIALES_B),30-71598511-6,0,MOVER A MASTER Y MARCAR DELETED
GEO_2937,2849,DURAN SILVIA MONICA (Kiosco/Maxikiosco_C),27-21715571-7,0,7826,DURAN SILVIA MONICA (Kiosco/Maxikiosco_C),27-21715571-7,0,MOVER A MASTER Y MARCAR DELETED
GEO_2938,2152,SOFIA BIL (Kiosco/Maxikiosco_A),27-37859163-0,0,7471,SOFIA BIL (Kiosco/Maxikiosco_A),27-37859163-0,0,MOVER A MASTER Y MARCAR DELETED
GEO_2939,2152,SOFIA BIL (Kiosco/Maxikiosco_A),27-37859163-0,0,7471,SOFIA BIL (Kiosco/Maxikiosco_A),27-37859163-0,0,MOVER A MASTER Y MARCAR DELETED
GEO_2940,2152,SOFIA BIL (Kiosco/Maxikiosco_A),27-37859163-0,0,7471,SOFIA BIL (Kiosco/Maxikiosco_A),27-37859163-0,0,MOVER A MASTER Y MARCAR DELETED
GEO_2941,3025,OBANDO JULIETA (Kiosco/Maxikiosco_B),14942896,0,8214,OBANDO JULIETA (Kiosco/Maxikiosco_B),14942896,0,MOVER A MASTER Y MARCAR DELETED
GEO_2942,2158,PEOVICH BRANCO PEOVICH ADALBERTO DANIEL Y PEOVICH  (Estacion de Servicio - NO OFICIALES_A),30-66585512-7,0,7495,PEOVICH BRANCO PEOVICH ADALBERTO DANIEL Y PEOVICH  (Estacion de Servicio - NO OFICIALES_A),30-66585512-7,0,MOVER A MASTER Y MARCAR DELETED
GEO_2943,2159,MAFFIA JORGE LUIS SA (Estacion de Servicio - YPF_P),30-71028910-3,0,7490,MAFFIA JORGE LUIS SA (Estacion de Servicio - YPF_P),30-71028910-3,0,MOVER A MASTER Y MARCAR DELETED
GEO_2944,2159,MAFFIA JORGE LUIS SA (Estacion de Servicio - YPF_P),30-71028910-3,0,7490,MAFFIA JORGE LUIS SA (Estacion de Servicio - YPF_P),30-71028910-3,0,MOVER A MASTER Y MARCAR DELETED
GEO_2945,2322,ESTACION PARADOR 188 SRL (Estacion de Servicio_B),30-71694966-0,0,7359,ESTACION PARADOR 188 SRL (Estacion de Servicio_B),30-71694966-0,0,MOVER A MASTER Y MARCAR DELETED
GEO_2946,2322,ESTACION PARADOR 188 SRL (Estacion de Servicio_B),30-71694966-0,0,7359,ESTACION PARADOR 188 SRL (Estacion de Servicio_B),30-71694966-0,0,MOVER A MASTER Y MARCAR DELETED
GEO_2947,2322,ESTACION PARADOR 188 SRL (Estacion de Servicio_B),30-71694966-0,0,7359,ESTACION PARADOR 188 SRL (Estacion de Servicio_B),30-71694966-0,0,MOVER A MASTER Y MARCAR DELETED
GEO_2948,2164,LARRAÑAGA JUAN PABLO (Resto de On Premise_P),20-30859174-4,0,6770,LARRAÑAGA JUAN PABLO (Resto de On Premise_P),20-30859174-4,0,MOVER A MASTER Y MARCAR DELETED
GEO_2949,2164,LARRAÑAGA JUAN PABLO (Resto de On Premise_P),20-30859174-4,0,6770,LARRAÑAGA JUAN PABLO (Resto de On Premise_P),20-30859174-4,0,MOVER A MASTER Y MARCAR DELETED
GEO_2950,2166,RAPETTI HERNAN OSCAR (Autoservicio Tradicional_A),23-25034086-9,0,7468,RAPETTI HERNAN OSCAR (Autoservicio Tradicional_A),23-25034086-9,0,MOVER A MASTER Y MARCAR DELETED
GEO_2951,2166,RAPETTI HERNAN OSCAR (Autoservicio Tradicional_A),23-25034086-9,0,7468,RAPETTI HERNAN OSCAR (Autoservicio Tradicional_A),23-25034086-9,0,MOVER A MASTER Y MARCAR DELETED
GEO_2952,2174,GUEMIL ROSANA ANAHI (Autoservicio Tradicional_P),23-21647827-4,0,7025,GUEMIL ROSANA ANAHI (Autoservicio Tradicional_P),23-21647827-4,0,MOVER A MASTER Y MARCAR DELETED
GEO_2953,3249,RIOS ROBERTO ARIEL (Almacen/Despensa_A),23-22116551-9,0,8472,RIOS ROBERTO ARIEL (Almacen/Despensa_A),23-22116551-9,0,MOVER A MASTER Y MARCAR DELETED
GEO_2954,2178,MARTINEZ ROBERTO DAMIAN (Almacen/Despensa_P),20-37054044-7,0,7023,MARTINEZ ROBERTO DAMIAN (Almacen/Despensa_P),20-37054044-7,0,MOVER A MASTER Y MARCAR DELETED
GEO_2955,2983,EL DOLAR (Resto de Tradicionales_B),0,0,8176,EL DOLAR (Resto de Tradicionales_B),0,0,MOVER A MASTER Y MARCAR DELETED
GEO_2956,2983,EL DOLAR (Resto de Tradicionales_B),0,0,8176,EL DOLAR (Resto de Tradicionales_B),0,0,MOVER A MASTER Y MARCAR DELETED
GEO_2957,2983,EL DOLAR (Resto de Tradicionales_B),0,0,8176,EL DOLAR (Resto de Tradicionales_B),0,0,MOVER A MASTER Y MARCAR DELETED
GEO_2958,2579,SANTINELLI BLANCA AURELIA (Carniceria/Granja_C),27-13054239-0,0,7649,SANTINELLI BLANCA AURELIA (Carniceria/Granja_C),27-13054239-0,0,MOVER A MASTER Y MARCAR DELETED
GEO_2959,2189,GARCIA JOSE (Almacen/Despensa_P),20-17055566-0,0,7030,GARCIA JOSE (Almacen/Despensa_P),20-17055566-0,0,MOVER A MASTER Y MARCAR DELETED
GEO_2960,3320,EPAZIANO SERGIO HUMBERTO  (Almacen/Despensa_B),20-22643964-2,0,8395,EPAZIANO SERGIO HUMBERTO  (Almacen/Despensa_A),20-22643964-2,0,MOVER A MASTER Y MARCAR DELETED
GEO_2961,3320,EPAZIANO SERGIO HUMBERTO  (Almacen/Despensa_B),20-22643964-2,0,8395,EPAZIANO SERGIO HUMBERTO  (Almacen/Despensa_A),20-22643964-2,0,MOVER A MASTER Y MARCAR DELETED
GEO_2962,3320,EPAZIANO SERGIO HUMBERTO  (Almacen/Despensa_B),20-22643964-2,0,8395,EPAZIANO SERGIO HUMBERTO  (Almacen/Despensa_A),20-22643964-2,0,MOVER A MASTER Y MARCAR DELETED
GEO_2963,3320,EPAZIANO SERGIO HUMBERTO  (Almacen/Despensa_B),20-22643964-2,0,8395,EPAZIANO SERGIO HUMBERTO  (Almacen/Despensa_A),20-22643964-2,0,MOVER A MASTER Y MARCAR DELETED
GEO_2964,3148,GARCIA MARTA INES (Almacen/Despensa_B),27-18198065-1,0,8034,GARCIA MARTA INES (Almacen/Despensa_B),27-18198065-1,0,MOVER A MASTER Y MARCAR DELETED
GEO_2965,4176,FREDA ERNESTO FABIAN (Kiosco/Maxikiosco_P),23-17466054-9,0,9441,FREDA ERNESTO FABIAN (Kiosco/Maxikiosco_P),23-17466054-9,0,MOVER A MASTER Y MARCAR DELETED
GEO_2966,4176,FREDA ERNESTO FABIAN (Kiosco/Maxikiosco_P),23-17466054-9,0,9441,FREDA ERNESTO FABIAN (Kiosco/Maxikiosco_P),23-17466054-9,0,MOVER A MASTER Y MARCAR DELETED
GEO_2967,4176,FREDA ERNESTO FABIAN (Kiosco/Maxikiosco_P),23-17466054-9,0,9441,FREDA ERNESTO FABIAN (Kiosco/Maxikiosco_P),23-17466054-9,0,MOVER A MASTER Y MARCAR DELETED
GEO_2968,3371,LEDESMA DELIA BEATRIZ  (Almacen/Despensa_C),27-16080387-3,0,8308,LEDESMA DELIA BEATRIZ  (Almacen/Despensa_B),27-16080387-3,0,MOVER A MASTER Y MARCAR DELETED
GEO_2969,3127,PAEZ JULIO CESAR (Almacen/Despensa_A),20-16398046-1,0,7752,PAEZ JULIO CESAR (Almacen/Despensa_A),20-16398046-1,0,MOVER A MASTER Y MARCAR DELETED
GEO_2970,3127,PAEZ JULIO CESAR (Almacen/Despensa_A),20-16398046-1,0,7752,PAEZ JULIO CESAR (Almacen/Despensa_A),20-16398046-1,0,MOVER A MASTER Y MARCAR DELETED
GEO_2971,2210,MILANO JOSE MANUEL (Carniceria/Granja_A),35032737,0,7456,MILANO JOSE MANUEL (Carniceria/Granja_A),35032737,0,MOVER A MASTER Y MARCAR DELETED
GEO_2972,2210,MILANO JOSE MANUEL (Carniceria/Granja_A),35032737,0,7456,MILANO JOSE MANUEL (Carniceria/Granja_A),35032737,0,MOVER A MASTER Y MARCAR DELETED
GEO_2973,2210,MILANO JOSE MANUEL (Carniceria/Granja_A),35032737,0,7456,MILANO JOSE MANUEL (Carniceria/Granja_A),35032737,0,MOVER A MASTER Y MARCAR DELETED
GEO_2974,2217,CABRERA GUILLERMO DAVID (Almacen/Despensa_B),20-24947185-3,0,7380,CABRERA GUILLERMO DAVID (Almacen/Despensa_B),20-24947185-3,0,MOVER A MASTER Y MARCAR DELETED
GEO_2975,2218,GAVAZZI VERONICA ELIANA (Almacen/Despensa_P),23-24796492-4,0,7381,GAVAZZI VERONICA ELIANA (Almacen/Despensa_P),23-24796492-4,0,MOVER A MASTER Y MARCAR DELETED
GEO_2976,2223,CAIRO JOSE MARIA (Fiambreria_A),20-27776312-6,0,7394,CAIRO JOSE MARIA (Fiambreria_A),20-27776312-6,0,MOVER A MASTER Y MARCAR DELETED
GEO_2977,2223,CAIRO JOSE MARIA (Fiambreria_A),20-27776312-6,0,7394,CAIRO JOSE MARIA (Fiambreria_A),20-27776312-6,0,MOVER A MASTER Y MARCAR DELETED
GEO_2978,2223,CAIRO JOSE MARIA (Fiambreria_A),20-27776312-6,0,7394,CAIRO JOSE MARIA (Fiambreria_A),20-27776312-6,0,MOVER A MASTER Y MARCAR DELETED
GEO_2979,2227,GONZALEZ LUCIA  (Autoservicio Tradicional_P),27-40633857-1,0,7392,GONZALEZ LUCIA  (Autoservicio Tradicional_P),27-40633857-1,0,MOVER A MASTER Y MARCAR DELETED
GEO_2980,2227,GONZALEZ LUCIA  (Autoservicio Tradicional_P),27-40633857-1,0,7392,GONZALEZ LUCIA  (Autoservicio Tradicional_P),27-40633857-1,0,MOVER A MASTER Y MARCAR DELETED
GEO_2981,2227,GONZALEZ LUCIA  (Autoservicio Tradicional_P),27-40633857-1,0,7392,GONZALEZ LUCIA  (Autoservicio Tradicional_P),27-40633857-1,0,MOVER A MASTER Y MARCAR DELETED
GEO_2982,2232,BERNARDI MARIA LAURA  (Almacen/Despensa_B),27-25034191-7,0,7405,BERNARDI MARIA LAURA  (Almacen/Despensa_B),27-25034191-7,0,MOVER A MASTER Y MARCAR DELETED
GEO_2983,2823,TOMATIS SEBASTIAN DANIEL (Kiosco/Maxikiosco_P),20-27776526-9,0,7794,TOMATIS SEBASTIAN DANIEL (Kiosco/Maxikiosco_P),20-27776526-9,0,MOVER A MASTER Y MARCAR DELETED
GEO_2984,2235,BUSTOS DANIELA ALEJANDRA (Almacen/Despensa_B),27-29405890-2,0,7402,BUSTOS DANIELA ALEJANDRA (Almacen/Despensa_B),27-29405890-2,0,MOVER A MASTER Y MARCAR DELETED
GEO_2985,2236,LEDESMA MONICA MABEL (Almacen/Despensa_B),27-22934400-0,0,7403,LEDESMA MONICA MABEL (Almacen/Despensa_B),27-22934400-0,0,MOVER A MASTER Y MARCAR DELETED
GEO_2986,2237,BARRIONUEVO MARIA MAGDALENA (Almacen/Despensa_A),27-31242420-2,0,7418,BARRIONUEVO MARIA MAGDALENA (Almacen/Despensa_A),27-31242420-2,0,MOVER A MASTER Y MARCAR DELETED
GEO_2987,2239,SALAZAR ROCIO (Almacen/Despensa_P),34214059,0,7400,SALAZAR ROCIO (Almacen/Despensa_P),34214059,0,MOVER A MASTER Y MARCAR DELETED
GEO_2988,2240,VARGAS ALEJO TOMAS (Kiosco/Maxikiosco_A),42093634,0,7415,VARGAS ALEJO TOMAS (Kiosco/Maxikiosco_A),42093634,0,MOVER A MASTER Y MARCAR DELETED
GEO_2989,4142,RODRIGUEZ JOSE LUIS (Almacen/Despensa_B),20-32773302-9,0,9097,RODRIGUEZ JOSE LUIS (Almacen/Despensa_B),20-32773302-9,0,MOVER A MASTER Y MARCAR DELETED
GEO_2990,4142,RODRIGUEZ JOSE LUIS (Almacen/Despensa_B),20-32773302-9,0,9097,RODRIGUEZ JOSE LUIS (Almacen/Despensa_B),20-32773302-9,0,MOVER A MASTER Y MARCAR DELETED
GEO_2991,2543,FARHA PABLO DANIEL (Almacen/Despensa_A),20-23053379-3,0,7673,FARHA PABLO DANIEL (Almacen/Despensa_A),20-23053379-3,0,MOVER A MASTER Y MARCAR DELETED
GEO_2992,2861,RIVERO FERNANDA (Almacen/Despensa_B),27-26376016-1,0,7834,RIVERO FERNANDA (Almacen/Despensa_B),27-26376016-1,0,MOVER A MASTER Y MARCAR DELETED
GEO_2993,2808,RADINI MARIA LUISA (Kiosco/Maxikiosco_C),27-06151897-0,0,7851,RADINI MARIA LUISA (Kiosco/Maxikiosco_B),27-06151897-0,0,MOVER A MASTER Y MARCAR DELETED
GEO_2994,2808,RADINI MARIA LUISA (Kiosco/Maxikiosco_C),27-06151897-0,0,7851,RADINI MARIA LUISA (Kiosco/Maxikiosco_B),27-06151897-0,0,MOVER A MASTER Y MARCAR DELETED
GEO_2995,2808,RADINI MARIA LUISA (Kiosco/Maxikiosco_C),27-06151897-0,0,7851,RADINI MARIA LUISA (Kiosco/Maxikiosco_B),27-06151897-0,0,MOVER A MASTER Y MARCAR DELETED
GEO_2996,2254,GUZMAN GABRIELA (Almacen/Despensa_A),23957342,0,7425,GUZMAN GABRIELA (Almacen/Despensa_A),23957342,0,MOVER A MASTER Y MARCAR DELETED
GEO_2997,2254,GUZMAN GABRIELA (Almacen/Despensa_A),23957342,0,7425,GUZMAN GABRIELA (Almacen/Despensa_A),23957342,0,MOVER A MASTER Y MARCAR DELETED
GEO_2998,2257,PIEDRABUENA CLAUDIO (Almacen/Despensa_B),20398421,0,7422,PIEDRABUENA CLAUDIO (Almacen/Despensa_B),20398421,0,MOVER A MASTER Y MARCAR DELETED
GEO_2999,2258,CEBALLOS MARISA (Kiosco/Maxikiosco_B),22258482,0,7437,CEBALLOS MARISA (Kiosco/Maxikiosco_B),22258482,0,MOVER A MASTER Y MARCAR DELETED
GEO_3000,2258,CEBALLOS MARISA (Kiosco/Maxikiosco_B),22258482,0,7437,CEBALLOS MARISA (Kiosco/Maxikiosco_B),22258482,0,MOVER A MASTER Y MARCAR DELETED
GEO_3001,2258,CEBALLOS MARISA (Kiosco/Maxikiosco_B),22258482,0,7437,CEBALLOS MARISA (Kiosco/Maxikiosco_B),22258482,0,MOVER A MASTER Y MARCAR DELETED
GEO_3002,2258,CEBALLOS MARISA (Kiosco/Maxikiosco_B),22258482,0,7437,CEBALLOS MARISA (Kiosco/Maxikiosco_B),22258482,0,MOVER A MASTER Y MARCAR DELETED
GEO_3003,2258,CEBALLOS MARISA (Kiosco/Maxikiosco_B),22258482,0,7437,CEBALLOS MARISA (Kiosco/Maxikiosco_B),22258482,0,MOVER A MASTER Y MARCAR DELETED
GEO_3004,2269,GRANDEZ GUSTAVO JAVIER (Almacen/Despensa_A),20-35893479-0,0,7430,GRANDEZ GUSTAVO JAVIER (Almacen/Despensa_A),20-35893479-0,0,MOVER A MASTER Y MARCAR DELETED
GEO_3005,2269,GRANDEZ GUSTAVO JAVIER (Almacen/Despensa_A),20-35893479-0,0,7430,GRANDEZ GUSTAVO JAVIER (Almacen/Despensa_A),20-35893479-0,0,MOVER A MASTER Y MARCAR DELETED
GEO_3006,2273,PAPA HUGO CESAR (Almacen/Despensa_A),20-13740459-2,0,7442,PAPA HUGO CESAR (Almacen/Despensa_A),20-13740459-2,0,MOVER A MASTER Y MARCAR DELETED
GEO_3007,2273,PAPA HUGO CESAR (Almacen/Despensa_A),20-13740459-2,0,7442,PAPA HUGO CESAR (Almacen/Despensa_A),20-13740459-2,0,MOVER A MASTER Y MARCAR DELETED
GEO_3008,2281,MORELLI MARTINA GRACIELA (Almacen/Despensa_B),27-21445064-5,0,7411,MORELLI MARTINA GRACIELA (Almacen/Despensa_B),27-21445064-5,0,MOVER A MASTER Y MARCAR DELETED
GEO_3009,2281,MORELLI MARTINA GRACIELA (Almacen/Despensa_B),27-21445064-5,0,7411,MORELLI MARTINA GRACIELA (Almacen/Despensa_B),27-21445064-5,0,MOVER A MASTER Y MARCAR DELETED
GEO_3010,3199,HEREDIA MANUEL (Almacen/Despensa_B),20-39925031-6,0,8424,HEREDIA MANUEL (Almacen/Despensa_B),20-39925031-6,0,MOVER A MASTER Y MARCAR DELETED
GEO_3011,3199,HEREDIA MANUEL (Almacen/Despensa_B),20-39925031-6,0,8424,HEREDIA MANUEL (Almacen/Despensa_B),20-39925031-6,0,MOVER A MASTER Y MARCAR DELETED
GEO_3012,3132,ADROVER ALICIA ROSANA (Kiosco/Maxikiosco_C),27-32507768-4,0,8025,ADROVER ALICIA ROSANA (Kiosco/Maxikiosco_C),27-32507768-4,0,MOVER A MASTER Y MARCAR DELETED
GEO_3013,3132,ADROVER ALICIA ROSANA (Kiosco/Maxikiosco_C),27-32507768-4,0,8025,ADROVER ALICIA ROSANA (Kiosco/Maxikiosco_C),27-32507768-4,0,MOVER A MASTER Y MARCAR DELETED
GEO_3014,3132,ADROVER ALICIA ROSANA (Kiosco/Maxikiosco_C),27-32507768-4,0,8025,ADROVER ALICIA ROSANA (Kiosco/Maxikiosco_C),27-32507768-4,0,MOVER A MASTER Y MARCAR DELETED
GEO_3015,2291,LOBADA MATIAS EMANUEL (Almacen/Despensa_B),20-32866109-9,0,7328,LOBADA MATIAS EMANUEL (Almacen/Despensa_B),20-32866109-9,0,MOVER A MASTER Y MARCAR DELETED
GEO_3016,2293,SAURO JESUS MARIA  (Almacen/Despensa_P),20-27852794-9,0,7310,SAURO JESUS MARIA  (Almacen/Despensa_P),20-27852794-9,0,MOVER A MASTER Y MARCAR DELETED
GEO_3017,2293,SAURO JESUS MARIA  (Almacen/Despensa_P),20-27852794-9,0,7310,SAURO JESUS MARIA  (Almacen/Despensa_P),20-27852794-9,0,MOVER A MASTER Y MARCAR DELETED
GEO_3018,2293,SAURO JESUS MARIA  (Almacen/Despensa_P),20-27852794-9,0,7310,SAURO JESUS MARIA  (Almacen/Despensa_P),20-27852794-9,0,MOVER A MASTER Y MARCAR DELETED
GEO_3019,2293,SAURO JESUS MARIA  (Almacen/Despensa_P),20-27852794-9,0,7310,SAURO JESUS MARIA  (Almacen/Despensa_P),20-27852794-9,0,MOVER A MASTER Y MARCAR DELETED
GEO_3020,2293,SAURO JESUS MARIA  (Almacen/Despensa_P),20-27852794-9,0,7310,SAURO JESUS MARIA  (Almacen/Despensa_P),20-27852794-9,0,MOVER A MASTER Y MARCAR DELETED
GEO_3021,2652,CAPDEVILLA MARIA CRISTINA (Kiosco/Maxikiosco_C),27-12653230-5,0,7562,CAPDEVILLA MARIA CRISTINA (Kiosco/Maxikiosco_B),27-12653230-5,0,MOVER A MASTER Y MARCAR DELETED
GEO_3022,2303,SANSONE ANDREA (Kiosco/Maxikiosco_A),30772514,0,7336,SANSONE ANDREA (Kiosco/Maxikiosco_A),30772514,0,MOVER A MASTER Y MARCAR DELETED
GEO_3023,2304,CAPIZI JAVIER ALBERTO (Almacen/Despensa_A),20-23467182-1,0,7337,CAPIZI JAVIER ALBERTO (Almacen/Despensa_A),20-23467182-1,0,MOVER A MASTER Y MARCAR DELETED
GEO_3024,2852,LUCERO MARIA LOURDES (Kiosco/Maxikiosco_C),27-22274680-4,0,7823,LUCERO MARIA LOURDES (Kiosco/Maxikiosco_C),27-22274680-4,0,MOVER A MASTER Y MARCAR DELETED
GEO_3025,2313,GUAYTA ALAN (Almacen/Despensa_A),38553335,0,7348,GUAYTA ALAN (Almacen/Despensa_A),38553335,0,MOVER A MASTER Y MARCAR DELETED
GEO_3026,2313,GUAYTA ALAN (Almacen/Despensa_A),38553335,0,7348,GUAYTA ALAN (Almacen/Despensa_A),38553335,0,MOVER A MASTER Y MARCAR DELETED
GEO_3027,2814,RIOS DANIEL ALBERTO  (Almacen/Despensa_B),20-14697518-7,0,7783,RIOS DANIEL ALBERTO  (Almacen/Despensa_B),20-14697518-7,0,MOVER A MASTER Y MARCAR DELETED
GEO_3028,2316,GUERRERO GUILLERMO MIGUEL (Kiosco/Maxikiosco_A),20-36441761-7,0,7318,GUERRERO GUILLERMO MIGUEL (Kiosco/Maxikiosco_A),20-36441761-7,0,MOVER A MASTER Y MARCAR DELETED
GEO_3029,3419,VON GLASBERG CHAET RAFAEL ALEJO (Vinoteca_C),20-16938452-6,0,8716,VON GLASBERG CHAET RAFAEL ALEJO (Vinoteca_C),20-16938452-6,0,MOVER A MASTER Y MARCAR DELETED
GEO_3030,2387,VITAR LUCIA ALEJANDRA (Kiosco/Maxikiosco_B),27-33096548-2,0,7268,VITAR LUCIA ALEJANDRA (Kiosco/Maxikiosco_B),27-33096548-2,0,MOVER A MASTER Y MARCAR DELETED
GEO_3031,2387,VITAR LUCIA ALEJANDRA (Kiosco/Maxikiosco_B),27-33096548-2,0,7268,VITAR LUCIA ALEJANDRA (Kiosco/Maxikiosco_B),27-33096548-2,0,MOVER A MASTER Y MARCAR DELETED
GEO_3032,2387,VITAR LUCIA ALEJANDRA (Kiosco/Maxikiosco_B),27-33096548-2,0,7268,VITAR LUCIA ALEJANDRA (Kiosco/Maxikiosco_B),27-33096548-2,0,MOVER A MASTER Y MARCAR DELETED
GEO_3033,2573,SALAZON SRL (Autoservicio Tradicional_P),30-70958156-9,0,7662,SALAZON SRL (Autoservicio Tradicional_P),30-70958156-9,0,MOVER A MASTER Y MARCAR DELETED
GEO_3034,2327,MILOVIC SANDRA MERCEDES (Almacen/Despensa_B),18011530,0,7352,MILOVIC SANDRA MERCEDES (Almacen/Despensa_B),18011530,0,MOVER A MASTER Y MARCAR DELETED
GEO_3035,2330,MONTANARI MARINO (Autoservicio Tradicional_A),20-33479783-0,0,7379,MONTANARI MARINO (Autoservicio Tradicional_A),20-33479783-0,0,MOVER A MASTER Y MARCAR DELETED
GEO_3036,2330,MONTANARI MARINO (Autoservicio Tradicional_A),20-33479783-0,0,7379,MONTANARI MARINO (Autoservicio Tradicional_A),20-33479783-0,0,MOVER A MASTER Y MARCAR DELETED
GEO_3037,2330,MONTANARI MARINO (Autoservicio Tradicional_A),20-33479783-0,0,7379,MONTANARI MARINO (Autoservicio Tradicional_A),20-33479783-0,0,MOVER A MASTER Y MARCAR DELETED
GEO_3038,2331,SANZ EVANGELINA (Kiosco/Maxikiosco_B),27-32066687-8,0,7350,SANZ EVANGELINA (Kiosco/Maxikiosco_B),27-32066687-8,0,MOVER A MASTER Y MARCAR DELETED
GEO_3039,2332,BARRERA ROCIO NAHIR (Almacen/Despensa_A),27-37846551-1,0,7351,BARRERA ROCIO NAHIR (Almacen/Despensa_A),27-37846551-1,0,MOVER A MASTER Y MARCAR DELETED
GEO_3040,2332,BARRERA ROCIO NAHIR (Almacen/Despensa_A),27-37846551-1,0,7351,BARRERA ROCIO NAHIR (Almacen/Despensa_A),27-37846551-1,0,MOVER A MASTER Y MARCAR DELETED
GEO_3041,2650,SANCHEZ GRACIELA ESTER (Almacen/Despensa_C),27-10209826-4,0,7593,SANCHEZ GRACIELA ESTER (Almacen/Despensa_C),27-10209826-4,0,MOVER A MASTER Y MARCAR DELETED
GEO_3042,2650,SANCHEZ GRACIELA ESTER (Almacen/Despensa_C),27-10209826-4,0,7593,SANCHEZ GRACIELA ESTER (Almacen/Despensa_C),27-10209826-4,0,MOVER A MASTER Y MARCAR DELETED
GEO_3043,3496,GIMENEZ GRACIELA MATILDE (Almacen/Despensa_C),27-11728932-5,0,8647,GIMENEZ GRACIELA MATILDE (Almacen/Despensa_C),27-11728932-5,0,MOVER A MASTER Y MARCAR DELETED
GEO_3044,2338,FITTIPALDE MARCOS ANTONIO (Almacen/Despensa_B),20-28871799-1,0,7375,FITTIPALDE MARCOS ANTONIO (Almacen/Despensa_B),20-28871799-1,0,MOVER A MASTER Y MARCAR DELETED
GEO_3045,2339,ANZANI MARIA EUGENIA ANZANI (Kiosco/Maxikiosco_B),27-33859181-6,0,7370,ANZANI MARIA EUGENIA ANZANI (Kiosco/Maxikiosco_B),27-33859181-6,0,MOVER A MASTER Y MARCAR DELETED
GEO_3046,2339,ANZANI MARIA EUGENIA ANZANI (Kiosco/Maxikiosco_B),27-33859181-6,0,7370,ANZANI MARIA EUGENIA ANZANI (Kiosco/Maxikiosco_B),27-33859181-6,0,MOVER A MASTER Y MARCAR DELETED
GEO_3047,3877,KIOSCO LUMA (Kiosco/Maxikiosco_C),22568385,0,9002,KIOSCO LUMA (Kiosco/Maxikiosco_C),22568385,0,MOVER A MASTER Y MARCAR DELETED
GEO_3048,4303,COTTA MARIA JOSE (Almacen/Despensa_A),32195983,0,9393,COTTA MARIA JOSE (Almacen/Despensa_A),32195983,0,MOVER A MASTER Y MARCAR DELETED
GEO_3049,4303,COTTA MARIA JOSE (Almacen/Despensa_A),32195983,0,9393,COTTA MARIA JOSE (Almacen/Despensa_A),32195983,0,MOVER A MASTER Y MARCAR DELETED
GEO_3050,4202,ACOSTA NORMA BEATRIZ (Almacen/Despensa_C),27-23786400-5,0,9473,ACOSTA NORMA BEATRIZ (Almacen/Despensa_C),27-23786400-5,0,MOVER A MASTER Y MARCAR DELETED
GEO_3051,2350,IBRAHIN CECILIA (Almacen/Despensa_A),25186846,0,7483,IBRAHIN CECILIA (Almacen/Despensa_A),25186846,0,MOVER A MASTER Y MARCAR DELETED
GEO_3052,2350,IBRAHIN CECILIA (Almacen/Despensa_A),25186846,0,7483,IBRAHIN CECILIA (Almacen/Despensa_A),25186846,0,MOVER A MASTER Y MARCAR DELETED
GEO_3053,2350,IBRAHIN CECILIA (Almacen/Despensa_A),25186846,0,7483,IBRAHIN CECILIA (Almacen/Despensa_A),25186846,0,MOVER A MASTER Y MARCAR DELETED
GEO_3054,2354,JUSMA DE ARGENTINA SRL (Estacion de Servicio - YPF_P),30-71016381-9,0,7388,JUSMA DE ARGENTINA SRL (Estacion de Servicio - YPF_P),30-71016381-9,0,MOVER A MASTER Y MARCAR DELETED
GEO_3055,2355,CATANIA JOSE LUIS (Almacen/Despensa_B),25492097,0,7389,CATANIA JOSE LUIS (Almacen/Despensa_B),25492097,0,MOVER A MASTER Y MARCAR DELETED
GEO_3056,3359,FRIAS LUCIANO JAVIER  (Almacen/Despensa_B),20-27943348-4,0,8280,FRIAS LUCIANO JAVIER  (Almacen/Despensa_B),20-27943348-4,0,MOVER A MASTER Y MARCAR DELETED
GEO_3057,3359,FRIAS LUCIANO JAVIER  (Almacen/Despensa_B),20-27943348-4,0,8280,FRIAS LUCIANO JAVIER  (Almacen/Despensa_B),20-27943348-4,0,MOVER A MASTER Y MARCAR DELETED
GEO_3058,3359,FRIAS LUCIANO JAVIER  (Almacen/Despensa_B),20-27943348-4,0,8280,FRIAS LUCIANO JAVIER  (Almacen/Despensa_B),20-27943348-4,0,MOVER A MASTER Y MARCAR DELETED
GEO_3059,3359,FRIAS LUCIANO JAVIER  (Almacen/Despensa_B),20-27943348-4,0,8280,FRIAS LUCIANO JAVIER  (Almacen/Despensa_B),20-27943348-4,0,MOVER A MASTER Y MARCAR DELETED
GEO_3060,2363,ROLLHISER JOSE LUIS (Autoservicio Tradicional_B),21500450,0,7622,ROLLHISER JOSE LUIS (Autoservicio Tradicional_B),21500450,0,MOVER A MASTER Y MARCAR DELETED
GEO_3061,2363,ROLLHISER JOSE LUIS (Autoservicio Tradicional_B),21500450,0,7622,ROLLHISER JOSE LUIS (Autoservicio Tradicional_B),21500450,0,MOVER A MASTER Y MARCAR DELETED
GEO_3062,2363,ROLLHISER JOSE LUIS (Autoservicio Tradicional_B),21500450,0,7622,ROLLHISER JOSE LUIS (Autoservicio Tradicional_B),21500450,0,MOVER A MASTER Y MARCAR DELETED
GEO_3063,4634,CORDIDO MIGUEL (Almacen/Despensa_C),20-12846950-9,0,9521,CORDIDO MIGUEL (Almacen/Despensa_C),20-12846950-9,0,MOVER A MASTER Y MARCAR DELETED
GEO_3064,2370,AUTOSERVICIO LOS CUÑADOS (Almacen/Despensa_A),30-66500427-5,0,7507,AUTOSERVICIO LOS CUÑADOS (Almacen/Despensa_A),30-66500427-5,0,MOVER A MASTER Y MARCAR DELETED
GEO_3065,2370,AUTOSERVICIO LOS CUÑADOS (Almacen/Despensa_A),30-66500427-5,0,7507,AUTOSERVICIO LOS CUÑADOS (Almacen/Despensa_A),30-66500427-5,0,MOVER A MASTER Y MARCAR DELETED
GEO_3066,5106,FOTI MARIA LUJAN (Almacen/Despensa_B),23053482,0,10091,FOTI MARIA LUJAN (Almacen/Despensa_B),23053482,0,MOVER A MASTER Y MARCAR DELETED
GEO_3067,2376,ROJAS FABIANA BEATRIZ (Almacen/Despensa_P),27-20830751-2,0,7501,ROJAS FABIANA BEATRIZ (Almacen/Despensa_P),27-20830751-2,0,MOVER A MASTER Y MARCAR DELETED
GEO_3068,2376,ROJAS FABIANA BEATRIZ (Almacen/Despensa_P),27-20830751-2,0,7501,ROJAS FABIANA BEATRIZ (Almacen/Despensa_P),27-20830751-2,0,MOVER A MASTER Y MARCAR DELETED
GEO_3069,2376,ROJAS FABIANA BEATRIZ (Almacen/Despensa_P),27-20830751-2,0,7501,ROJAS FABIANA BEATRIZ (Almacen/Despensa_P),27-20830751-2,0,MOVER A MASTER Y MARCAR DELETED
GEO_3070,2393,FENG LIN (Autoservicio Tradicional_P),20-94025263-7,0,7303,FENG LIN (Autoservicio Tradicional_P),20-94025263-7,0,MOVER A MASTER Y MARCAR DELETED
GEO_3071,2393,FENG LIN (Autoservicio Tradicional_P),20-94025263-7,0,7303,FENG LIN (Autoservicio Tradicional_P),20-94025263-7,0,MOVER A MASTER Y MARCAR DELETED
GEO_3072,2632,CHEMILE JUAN JOSE (Almacen/Despensa_C),20-13612610-6,0,7571,CHEMILE JUAN JOSE (Almacen/Despensa_C),20-13612610-6,0,MOVER A MASTER Y MARCAR DELETED
GEO_3073,2632,CHEMILE JUAN JOSE (Almacen/Despensa_C),20-13612610-6,0,7571,CHEMILE JUAN JOSE (Almacen/Despensa_C),20-13612610-6,0,MOVER A MASTER Y MARCAR DELETED
GEO_3074,1798,PLAZA MARIA DANIELA C/A (Kiosco/Maxikiosco_B),27-25702272-8,0,6883,PLAZA MARIA DANIELA C/A (Kiosco/Maxikiosco_B),27-25702272-8,0,MOVER A MASTER Y MARCAR DELETED
GEO_3075,1798,PLAZA MARIA DANIELA C/A (Kiosco/Maxikiosco_B),27-25702272-8,0,6883,PLAZA MARIA DANIELA C/A (Kiosco/Maxikiosco_B),27-25702272-8,0,MOVER A MASTER Y MARCAR DELETED
GEO_3076,1798,PLAZA MARIA DANIELA C/A (Kiosco/Maxikiosco_B),27-25702272-8,0,6883,PLAZA MARIA DANIELA C/A (Kiosco/Maxikiosco_B),27-25702272-8,0,MOVER A MASTER Y MARCAR DELETED
GEO_3077,1798,PLAZA MARIA DANIELA C/A (Kiosco/Maxikiosco_B),27-25702272-8,0,6883,PLAZA MARIA DANIELA C/A (Kiosco/Maxikiosco_B),27-25702272-8,0,MOVER A MASTER Y MARCAR DELETED
GEO_3078,2418,MILIONE HECTOR EMANUEL (Almacen/Despensa_B),34240814,0,7299,MILIONE HECTOR EMANUEL (Almacen/Despensa_B),34240814,0,MOVER A MASTER Y MARCAR DELETED
GEO_3079,4293,OVIEDO VALERIO (Almacen/Despensa_C),20-42090864-5,0,9428,OVIEDO VALERIO (Almacen/Despensa_B),20-42090864-5,0,MOVER A MASTER Y MARCAR DELETED
GEO_3080,4293,OVIEDO VALERIO (Almacen/Despensa_C),20-42090864-5,0,9428,OVIEDO VALERIO (Almacen/Despensa_B),20-42090864-5,0,MOVER A MASTER Y MARCAR DELETED
GEO_3081,4293,OVIEDO VALERIO (Almacen/Despensa_C),20-42090864-5,0,9428,OVIEDO VALERIO (Almacen/Despensa_B),20-42090864-5,0,MOVER A MASTER Y MARCAR DELETED
GEO_3082,4293,OVIEDO VALERIO (Almacen/Despensa_C),20-42090864-5,0,9428,OVIEDO VALERIO (Almacen/Despensa_B),20-42090864-5,0,MOVER A MASTER Y MARCAR DELETED
GEO_3083,2425,KIOSCO EL LAGO (Kiosco/Maxikiosco_B),20-25643832-2,0,7294,KIOSCO EL LAGO (Kiosco/Maxikiosco_B),20-25643832-2,0,MOVER A MASTER Y MARCAR DELETED
GEO_3084,2425,KIOSCO EL LAGO (Kiosco/Maxikiosco_B),20-25643832-2,0,7294,KIOSCO EL LAGO (Kiosco/Maxikiosco_B),20-25643832-2,0,MOVER A MASTER Y MARCAR DELETED
GEO_3085,2943,SCAPACINO WALTER DARIO (Almacen/Despensa_C),20-25623693-2,0,7778,SCAPACINO WALTER DARIO (Almacen/Despensa_B),20-25623693-2,0,MOVER A MASTER Y MARCAR DELETED
GEO_3086,2429,MAXIKIOSCO DYLAN (Kiosco/Maxikiosco_A),94743594,0,7279,MAXIKIOSCO DYLAN (Kiosco/Maxikiosco_A),94743594,0,MOVER A MASTER Y MARCAR DELETED
GEO_3087,2429,MAXIKIOSCO DYLAN (Kiosco/Maxikiosco_A),94743594,0,7279,MAXIKIOSCO DYLAN (Kiosco/Maxikiosco_A),94743594,0,MOVER A MASTER Y MARCAR DELETED
GEO_3088,2432,YOCCO LORENA PAOLA (Almacen/Despensa_A),23-29827782-4,0,7605,YOCCO LORENA PAOLA (Almacen/Despensa_A),23-29827782-4,0,MOVER A MASTER Y MARCAR DELETED
GEO_3089,2574,PARISI CARLOS JAVIER (Autoservicio Tradicional_C),20-28794473-0,0,7663,PARISI CARLOS JAVIER (Autoservicio Tradicional_C),20-28794473-0,0,MOVER A MASTER Y MARCAR DELETED
GEO_3090,2574,PARISI CARLOS JAVIER (Autoservicio Tradicional_C),20-28794473-0,0,7663,PARISI CARLOS JAVIER (Autoservicio Tradicional_C),20-28794473-0,0,MOVER A MASTER Y MARCAR DELETED
GEO_3091,2443,SUAN MARIA GRACIA (Fiambreria_B),27-30346999-6,0,7680,SUAN MARIA GRACIA (Fiambreria_B),27-30346999-6,0,MOVER A MASTER Y MARCAR DELETED
GEO_3092,2443,SUAN MARIA GRACIA (Fiambreria_B),27-30346999-6,0,7680,SUAN MARIA GRACIA (Fiambreria_B),27-30346999-6,0,MOVER A MASTER Y MARCAR DELETED
GEO_3093,2443,SUAN MARIA GRACIA (Fiambreria_B),27-30346999-6,0,7680,SUAN MARIA GRACIA (Fiambreria_B),27-30346999-6,0,MOVER A MASTER Y MARCAR DELETED
GEO_3094,2449,DADAMIA EUGENIA DANIELA (Resto de Tradicionales_C),27-23686416-8,0,7694,DADAMIA EUGENIA DANIELA (Resto de Tradicionales_C),27-23686416-8,0,MOVER A MASTER Y MARCAR DELETED
GEO_3095,3962,LEDESMA CRISTINA (Almacen/Despensa_C),23346992,0,9217,LEDESMA CRISTINA (Almacen/Despensa_C),23346992,0,MOVER A MASTER Y MARCAR DELETED
GEO_3096,3962,LEDESMA CRISTINA (Almacen/Despensa_C),23346992,0,9217,LEDESMA CRISTINA (Almacen/Despensa_C),23346992,0,MOVER A MASTER Y MARCAR DELETED
GEO_3097,4416,LEGUIZAMO DIEGO GERMAN (Empleados_C),28259279,0,9738,LEGUIZAMO DIEGO GERMAN (Empleados_C),28259279,0,MOVER A MASTER Y MARCAR DELETED
GEO_3098,4416,LEGUIZAMO DIEGO GERMAN (Empleados_C),28259279,0,9738,LEGUIZAMO DIEGO GERMAN (Empleados_C),28259279,0,MOVER A MASTER Y MARCAR DELETED
GEO_3099,4416,LEGUIZAMO DIEGO GERMAN (Empleados_C),28259279,0,9738,LEGUIZAMO DIEGO GERMAN (Empleados_C),28259279,0,MOVER A MASTER Y MARCAR DELETED
GEO_3100,4416,LEGUIZAMO DIEGO GERMAN (Empleados_C),28259279,0,9738,LEGUIZAMO DIEGO GERMAN (Empleados_C),28259279,0,MOVER A MASTER Y MARCAR DELETED
GEO_3101,4416,LEGUIZAMO DIEGO GERMAN (Empleados_C),28259279,0,9738,LEGUIZAMO DIEGO GERMAN (Empleados_C),28259279,0,MOVER A MASTER Y MARCAR DELETED
GEO_3102,4416,LEGUIZAMO DIEGO GERMAN (Empleados_C),28259279,0,9738,LEGUIZAMO DIEGO GERMAN (Empleados_C),28259279,0,MOVER A MASTER Y MARCAR DELETED
GEO_3103,4416,LEGUIZAMO DIEGO GERMAN (Empleados_C),28259279,0,9738,LEGUIZAMO DIEGO GERMAN (Empleados_C),28259279,0,MOVER A MASTER Y MARCAR DELETED
GEO_3104,2508,TOSCANO SUSANA CRISTINA (Almacen/Despensa_B),27-10418478-8,0,7671,TOSCANO SUSANA CRISTINA (Almacen/Despensa_B),27-10418478-8,0,MOVER A MASTER Y MARCAR DELETED
GEO_3105,2508,TOSCANO SUSANA CRISTINA (Almacen/Despensa_B),27-10418478-8,0,7671,TOSCANO SUSANA CRISTINA (Almacen/Despensa_B),27-10418478-8,0,MOVER A MASTER Y MARCAR DELETED
GEO_3106,2510,ELSENBACH JOSE LUIS (Almacen/Despensa_C),25505929,0,7676,ELSENBACH JOSE LUIS (Almacen/Despensa_C),25505929,0,MOVER A MASTER Y MARCAR DELETED
GEO_3107,2510,ELSENBACH JOSE LUIS (Almacen/Despensa_C),25505929,0,7676,ELSENBACH JOSE LUIS (Almacen/Despensa_C),25505929,0,MOVER A MASTER Y MARCAR DELETED
GEO_3108,2510,ELSENBACH JOSE LUIS (Almacen/Despensa_C),25505929,0,7676,ELSENBACH JOSE LUIS (Almacen/Despensa_C),25505929,0,MOVER A MASTER Y MARCAR DELETED
GEO_3109,2510,ELSENBACH JOSE LUIS (Almacen/Despensa_C),25505929,0,7676,ELSENBACH JOSE LUIS (Almacen/Despensa_C),25505929,0,MOVER A MASTER Y MARCAR DELETED
GEO_3110,2516,AGUILAR MARICEL SILVANA (Almacen/Despensa_C),27-16042845-2,0,7619,AGUILAR MARICEL SILVANA (Almacen/Despensa_C),27-16042845-2,0,MOVER A MASTER Y MARCAR DELETED
GEO_3111,2846,COOP. AGROP. LTDA DE CARABELAS (Almacen/Despensa_B),33-52542763-9,0,7812,COOP. AGROP. LTDA DE CARABELAS (Almacen/Despensa_B),33-52542763-9,0,MOVER A MASTER Y MARCAR DELETED
GEO_3112,2519,KALPA GROUP SA. (Cadena Regional_P),30-71548265-3,0,7616,KALPA GROUP SA. (Cadena Regional_P),30-71548265-3,0,MOVER A MASTER Y MARCAR DELETED
GEO_3113,2519,KALPA GROUP SA. (Cadena Regional_P),30-71548265-3,0,7616,KALPA GROUP SA. (Cadena Regional_P),30-71548265-3,0,MOVER A MASTER Y MARCAR DELETED
GEO_3114,2523,RUS ESTELA EDITH (Almacen/Despensa_P),27-05868739-7,0,7614,RUS ESTELA EDITH (Almacen/Despensa_P),27-05868739-7,0,MOVER A MASTER Y MARCAR DELETED
GEO_3115,2523,RUS ESTELA EDITH (Almacen/Despensa_P),27-05868739-7,0,7614,RUS ESTELA EDITH (Almacen/Despensa_P),27-05868739-7,0,MOVER A MASTER Y MARCAR DELETED
GEO_3116,2526,GONZALEZ GRACIELA INES (Almacen/Despensa_C),27-17466165-6,0,7611,GONZALEZ GRACIELA INES (Almacen/Despensa_C),27-17466165-6,0,MOVER A MASTER Y MARCAR DELETED
GEO_3117,2528,NORMA BEATRIZ GIORDANO (Kiosco/Maxikiosco_A),27-05178863-5,0,7637,NORMA BEATRIZ GIORDANO (Kiosco/Maxikiosco_A),27-05178863-5,0,MOVER A MASTER Y MARCAR DELETED
GEO_3118,3836,ALFONSO AGUSTIN (Kiosco/Maxikiosco_P),44110460,0,8873,ALFONSO AGUSTIN (Kiosco/Maxikiosco_P),44110460,0,MOVER A MASTER Y MARCAR DELETED
GEO_3119,3836,ALFONSO AGUSTIN (Kiosco/Maxikiosco_P),44110460,0,8873,ALFONSO AGUSTIN (Kiosco/Maxikiosco_P),44110460,0,MOVER A MASTER Y MARCAR DELETED
GEO_3120,3836,ALFONSO AGUSTIN (Kiosco/Maxikiosco_P),44110460,0,8873,ALFONSO AGUSTIN (Kiosco/Maxikiosco_P),44110460,0,MOVER A MASTER Y MARCAR DELETED
GEO_3121,3836,ALFONSO AGUSTIN (Kiosco/Maxikiosco_P),44110460,0,8873,ALFONSO AGUSTIN (Kiosco/Maxikiosco_P),44110460,0,MOVER A MASTER Y MARCAR DELETED
GEO_3122,2544,BELDA VICENTE OSCAR (Almacen/Despensa_B),23-07655572-9,0,7674,BELDA VICENTE OSCAR (Almacen/Despensa_B),23-07655572-9,0,MOVER A MASTER Y MARCAR DELETED
GEO_3123,2544,BELDA VICENTE OSCAR (Almacen/Despensa_B),23-07655572-9,0,7674,BELDA VICENTE OSCAR (Almacen/Despensa_B),23-07655572-9,0,MOVER A MASTER Y MARCAR DELETED
GEO_3124,2544,BELDA VICENTE OSCAR (Almacen/Despensa_B),23-07655572-9,0,7674,BELDA VICENTE OSCAR (Almacen/Despensa_B),23-07655572-9,0,MOVER A MASTER Y MARCAR DELETED
GEO_3125,2550,SPELZINI MARIA DE LOS ANGELES (Kiosco/Maxikiosco_A),27-21444563-3,0,7647,SPELZINI MARIA DE LOS ANGELES (Kiosco/Maxikiosco_A),27-21444563-3,0,MOVER A MASTER Y MARCAR DELETED
GEO_3126,2550,SPELZINI MARIA DE LOS ANGELES (Kiosco/Maxikiosco_A),27-21444563-3,0,7647,SPELZINI MARIA DE LOS ANGELES (Kiosco/Maxikiosco_A),27-21444563-3,0,MOVER A MASTER Y MARCAR DELETED
GEO_3127,2682,BENITEZ LUCIO (Resto de Tradicionales_A),11000000,0,7955,BENITEZ LUCIO (Resto de Tradicionales_A),11000000,0,MOVER A MASTER Y MARCAR DELETED
GEO_3128,2619,SAUCO LORENA BEATRIZ (Kiosco/Maxikiosco_B),32773273,0,7565,SAUCO LORENA BEATRIZ (Kiosco/Maxikiosco_A),32773273,0,MOVER A MASTER Y MARCAR DELETED
GEO_3129,2619,SAUCO LORENA BEATRIZ (Kiosco/Maxikiosco_B),32773273,0,7565,SAUCO LORENA BEATRIZ (Kiosco/Maxikiosco_A),32773273,0,MOVER A MASTER Y MARCAR DELETED
GEO_3130,2619,SAUCO LORENA BEATRIZ (Kiosco/Maxikiosco_B),32773273,0,7565,SAUCO LORENA BEATRIZ (Kiosco/Maxikiosco_A),32773273,0,MOVER A MASTER Y MARCAR DELETED
GEO_3131,2557,MADERO MICAELA (Almacen/Despensa_C),27-40425443-5,0,7642,MADERO MICAELA (Almacen/Despensa_B),27-40425443-5,0,MOVER A MASTER Y MARCAR DELETED
GEO_3132,2557,MADERO MICAELA (Almacen/Despensa_C),27-40425443-5,0,7642,MADERO MICAELA (Almacen/Despensa_B),27-40425443-5,0,MOVER A MASTER Y MARCAR DELETED
GEO_3133,2557,MADERO MICAELA (Almacen/Despensa_C),27-40425443-5,0,7642,MADERO MICAELA (Almacen/Despensa_B),27-40425443-5,0,MOVER A MASTER Y MARCAR DELETED
GEO_3134,2564,CIRULLI MIGUEL ANGEL (Kiosco/Maxikiosco_C),20-30573332-7,0,7651,CIRULLI MIGUEL ANGEL (Kiosco/Maxikiosco_C),20-30573332-7,0,MOVER A MASTER Y MARCAR DELETED
GEO_3135,2683,ROMERO LUIS (Almacen/Despensa_B),28626719,0,7956,ROMERO LUIS (Almacen/Despensa_B),28626719,0,MOVER A MASTER Y MARCAR DELETED
GEO_3136,3410,MILLAN MARTA INES  (Almacen/Despensa_C),27-17393522-1,0,8366,MILLAN MARTA INES  (Almacen/Despensa_C),27-17393522-1,0,MOVER A MASTER Y MARCAR DELETED
GEO_3137,3410,MILLAN MARTA INES  (Almacen/Despensa_C),27-17393522-1,0,8366,MILLAN MARTA INES  (Almacen/Despensa_C),27-17393522-1,0,MOVER A MASTER Y MARCAR DELETED
GEO_3138,3410,MILLAN MARTA INES  (Almacen/Despensa_C),27-17393522-1,0,8366,MILLAN MARTA INES  (Almacen/Despensa_C),27-17393522-1,0,MOVER A MASTER Y MARCAR DELETED
GEO_3139,3410,MILLAN MARTA INES  (Almacen/Despensa_C),27-17393522-1,0,8366,MILLAN MARTA INES  (Almacen/Despensa_C),27-17393522-1,0,MOVER A MASTER Y MARCAR DELETED
GEO_3140,3410,MILLAN MARTA INES  (Almacen/Despensa_C),27-17393522-1,0,8366,MILLAN MARTA INES  (Almacen/Despensa_C),27-17393522-1,0,MOVER A MASTER Y MARCAR DELETED
GEO_3141,3017,GUILLERMO ALBERTO QUIRICONI (Kiosco/Maxikiosco_A),20-17471619-7,0,8218,GUILLERMO ALBERTO QUIRICONI (Kiosco/Maxikiosco_A),20-17471619-7,0,MOVER A MASTER Y MARCAR DELETED
GEO_3142,2581,CABRAL DIEGO ALBERTO (Almacen/Despensa_B),20-32209522-9,0,7741,CABRAL DIEGO ALBERTO (Almacen/Despensa_B),20-32209522-9,0,MOVER A MASTER Y MARCAR DELETED
GEO_3143,2581,CABRAL DIEGO ALBERTO (Almacen/Despensa_B),20-32209522-9,0,7741,CABRAL DIEGO ALBERTO (Almacen/Despensa_B),20-32209522-9,0,MOVER A MASTER Y MARCAR DELETED
GEO_3144,2581,CABRAL DIEGO ALBERTO (Almacen/Despensa_B),20-32209522-9,0,7741,CABRAL DIEGO ALBERTO (Almacen/Despensa_B),20-32209522-9,0,MOVER A MASTER Y MARCAR DELETED
GEO_3145,2581,CABRAL DIEGO ALBERTO (Almacen/Despensa_B),20-32209522-9,0,7741,CABRAL DIEGO ALBERTO (Almacen/Despensa_B),20-32209522-9,0,MOVER A MASTER Y MARCAR DELETED
GEO_3146,2581,CABRAL DIEGO ALBERTO (Almacen/Despensa_B),20-32209522-9,0,7741,CABRAL DIEGO ALBERTO (Almacen/Despensa_B),20-32209522-9,0,MOVER A MASTER Y MARCAR DELETED
GEO_3147,2581,CABRAL DIEGO ALBERTO (Almacen/Despensa_B),20-32209522-9,0,7741,CABRAL DIEGO ALBERTO (Almacen/Despensa_B),20-32209522-9,0,MOVER A MASTER Y MARCAR DELETED
GEO_3148,2581,CABRAL DIEGO ALBERTO (Almacen/Despensa_B),20-32209522-9,0,7741,CABRAL DIEGO ALBERTO (Almacen/Despensa_B),20-32209522-9,0,MOVER A MASTER Y MARCAR DELETED
GEO_3149,3868,ALE MARCELO ALEJANDRO (Kiosco/Maxikiosco_C),20-36050667-4,0,9121,ALE MARCELO ALEJANDRO (Kiosco/Maxikiosco_C),20-36050667-4,0,MOVER A MASTER Y MARCAR DELETED
GEO_3150,2606,ESPINDOLA NANCY CARINA  (Kiosco/Maxikiosco_B),23-27851454-4,0,7553,ESPINDOLA NANCY CARINA  (Kiosco/Maxikiosco_B),23-27851454-4,0,MOVER A MASTER Y MARCAR DELETED
GEO_3151,2609,DAIUB DAMIAN (Kiosco/Maxikiosco_B),20-27943017-5,0,7550,DAIUB DAMIAN (Kiosco/Maxikiosco_B),20-27943017-5,0,MOVER A MASTER Y MARCAR DELETED
GEO_3152,2609,DAIUB DAMIAN (Kiosco/Maxikiosco_B),20-27943017-5,0,7550,DAIUB DAMIAN (Kiosco/Maxikiosco_B),20-27943017-5,0,MOVER A MASTER Y MARCAR DELETED
GEO_3153,2609,DAIUB DAMIAN (Kiosco/Maxikiosco_B),20-27943017-5,0,7550,DAIUB DAMIAN (Kiosco/Maxikiosco_B),20-27943017-5,0,MOVER A MASTER Y MARCAR DELETED
GEO_3154,2609,DAIUB DAMIAN (Kiosco/Maxikiosco_B),20-27943017-5,0,7550,DAIUB DAMIAN (Kiosco/Maxikiosco_B),20-27943017-5,0,MOVER A MASTER Y MARCAR DELETED
GEO_3155,2609,DAIUB DAMIAN (Kiosco/Maxikiosco_B),20-27943017-5,0,7550,DAIUB DAMIAN (Kiosco/Maxikiosco_B),20-27943017-5,0,MOVER A MASTER Y MARCAR DELETED
GEO_3156,2609,DAIUB DAMIAN (Kiosco/Maxikiosco_B),20-27943017-5,0,7550,DAIUB DAMIAN (Kiosco/Maxikiosco_B),20-27943017-5,0,MOVER A MASTER Y MARCAR DELETED
GEO_3157,2609,DAIUB DAMIAN (Kiosco/Maxikiosco_B),20-27943017-5,0,7550,DAIUB DAMIAN (Kiosco/Maxikiosco_B),20-27943017-5,0,MOVER A MASTER Y MARCAR DELETED
GEO_3158,2609,DAIUB DAMIAN (Kiosco/Maxikiosco_B),20-27943017-5,0,7550,DAIUB DAMIAN (Kiosco/Maxikiosco_B),20-27943017-5,0,MOVER A MASTER Y MARCAR DELETED
GEO_3159,2609,DAIUB DAMIAN (Kiosco/Maxikiosco_B),20-27943017-5,0,7550,DAIUB DAMIAN (Kiosco/Maxikiosco_B),20-27943017-5,0,MOVER A MASTER Y MARCAR DELETED
GEO_3160,2609,DAIUB DAMIAN (Kiosco/Maxikiosco_B),20-27943017-5,0,7550,DAIUB DAMIAN (Kiosco/Maxikiosco_B),20-27943017-5,0,MOVER A MASTER Y MARCAR DELETED
GEO_3161,2609,DAIUB DAMIAN (Kiosco/Maxikiosco_B),20-27943017-5,0,7550,DAIUB DAMIAN (Kiosco/Maxikiosco_B),20-27943017-5,0,MOVER A MASTER Y MARCAR DELETED
GEO_3162,2609,DAIUB DAMIAN (Kiosco/Maxikiosco_B),20-27943017-5,0,7550,DAIUB DAMIAN (Kiosco/Maxikiosco_B),20-27943017-5,0,MOVER A MASTER Y MARCAR DELETED
GEO_3163,3412,BANFI VERONICA (Almacen/Despensa_C),21959587,0,8368,BANFI VERONICA (Almacen/Despensa_C),21959587,0,MOVER A MASTER Y MARCAR DELETED
GEO_3164,2638,RUIZ MIRTA GRACIELA (Almacen/Despensa_C),27-10197997-6,0,7585,RUIZ MIRTA GRACIELA (Almacen/Despensa_C),27-10197997-6,0,MOVER A MASTER Y MARCAR DELETED
GEO_3165,2638,RUIZ MIRTA GRACIELA (Almacen/Despensa_C),27-10197997-6,0,7585,RUIZ MIRTA GRACIELA (Almacen/Despensa_C),27-10197997-6,0,MOVER A MASTER Y MARCAR DELETED
GEO_3166,2721,HECTOR OSCAR PEREZ (Resto de Tradicionales_A),20-13763530-6,0,7256,HECTOR OSCAR PEREZ (Resto de Tradicionales_A),20-13763530-6,0,MOVER A MASTER Y MARCAR DELETED
GEO_3167,2721,HECTOR OSCAR PEREZ (Resto de Tradicionales_A),20-13763530-6,0,7256,HECTOR OSCAR PEREZ (Resto de Tradicionales_A),20-13763530-6,0,MOVER A MASTER Y MARCAR DELETED
GEO_3168,2721,HECTOR OSCAR PEREZ (Resto de Tradicionales_A),20-13763530-6,0,7256,HECTOR OSCAR PEREZ (Resto de Tradicionales_A),20-13763530-6,0,MOVER A MASTER Y MARCAR DELETED
GEO_3169,2721,HECTOR OSCAR PEREZ (Resto de Tradicionales_A),20-13763530-6,0,7256,HECTOR OSCAR PEREZ (Resto de Tradicionales_A),20-13763530-6,0,MOVER A MASTER Y MARCAR DELETED
GEO_3170,2721,HECTOR OSCAR PEREZ (Resto de Tradicionales_A),20-13763530-6,0,7256,HECTOR OSCAR PEREZ (Resto de Tradicionales_A),20-13763530-6,0,MOVER A MASTER Y MARCAR DELETED
GEO_3171,2721,HECTOR OSCAR PEREZ (Resto de Tradicionales_A),20-13763530-6,0,7256,HECTOR OSCAR PEREZ (Resto de Tradicionales_A),20-13763530-6,0,MOVER A MASTER Y MARCAR DELETED
GEO_3172,2721,HECTOR OSCAR PEREZ (Resto de Tradicionales_A),20-13763530-6,0,7256,HECTOR OSCAR PEREZ (Resto de Tradicionales_A),20-13763530-6,0,MOVER A MASTER Y MARCAR DELETED
GEO_3173,2721,HECTOR OSCAR PEREZ (Resto de Tradicionales_A),20-13763530-6,0,7256,HECTOR OSCAR PEREZ (Resto de Tradicionales_A),20-13763530-6,0,MOVER A MASTER Y MARCAR DELETED
GEO_3174,2656,"ELISEI NORBERTO,ELISEI SERGIO Y ELISEI BASILIO  (Almacen/Despensa_P)",30-71424083-4,0,7590,"ELISEI NORBERTO,ELISEI SERGIO Y ELISEI BASILIO  (Almacen/Despensa_P)",30-71424083-4,0,MOVER A MASTER Y MARCAR DELETED
GEO_3175,2656,"ELISEI NORBERTO,ELISEI SERGIO Y ELISEI BASILIO  (Almacen/Despensa_P)",30-71424083-4,0,7590,"ELISEI NORBERTO,ELISEI SERGIO Y ELISEI BASILIO  (Almacen/Despensa_P)",30-71424083-4,0,MOVER A MASTER Y MARCAR DELETED
GEO_3176,2659,TAGGIO CARLOS MARIA  (Kiosco/Maxikiosco_C),20-22888672-7,0,7522,TAGGIO CARLOS MARIA  (Kiosco/Maxikiosco_C),20-22888672-7,0,MOVER A MASTER Y MARCAR DELETED
GEO_3177,2659,TAGGIO CARLOS MARIA  (Kiosco/Maxikiosco_C),20-22888672-7,0,7522,TAGGIO CARLOS MARIA  (Kiosco/Maxikiosco_C),20-22888672-7,0,MOVER A MASTER Y MARCAR DELETED
GEO_3178,3316,LI HONGJUAN  (Autoservicio Tradicional_P),27-95743773-2,0,8383,LI HONGJUAN  (Autoservicio Tradicional_P),27-95743773-2,0,MOVER A MASTER Y MARCAR DELETED
GEO_3179,3316,LI HONGJUAN  (Autoservicio Tradicional_P),27-95743773-2,0,8383,LI HONGJUAN  (Autoservicio Tradicional_P),27-95743773-2,0,MOVER A MASTER Y MARCAR DELETED
GEO_3180,3316,LI HONGJUAN  (Autoservicio Tradicional_P),27-95743773-2,0,8383,LI HONGJUAN  (Autoservicio Tradicional_P),27-95743773-2,0,MOVER A MASTER Y MARCAR DELETED
GEO_3181,2670,GODOY MARIANA (Resto de Tradicionales_C),11000000,0,7947,GODOY MARIANA (Resto de Tradicionales_C),11000000,0,MOVER A MASTER Y MARCAR DELETED
GEO_3182,3762,FIAMBRERIA KIARA (Kiosco/Maxikiosco_C),35407191,0,8935,FIAMBRERIA KIARA (Kiosco/Maxikiosco_B),35407191,0,MOVER A MASTER Y MARCAR DELETED
GEO_3183,2672,MAIDA OSVALDO (Resto de Tradicionales_A),27-30346999-6,0,7943,MAIDA OSVALDO (Resto de Tradicionales_A),27-30346999-6,0,MOVER A MASTER Y MARCAR DELETED
GEO_3184,2942,DANIEL HERNAN MONASTERIO (Almacen/Despensa_A),23-24742369-9,0,7777,DANIEL HERNAN MONASTERIO (Almacen/Despensa_A),23-24742369-9,0,MOVER A MASTER Y MARCAR DELETED
GEO_3185,2685,SPITALE CLAUDIO (Almacen/Despensa_C),11000000,0,7952,SPITALE CLAUDIO (Almacen/Despensa_C),11000000,0,MOVER A MASTER Y MARCAR DELETED
GEO_3186,2686,ARATA AUTOMOTORES S.C.A. (Estacion de Servicio - YPF_C),30-56099937-9,0,7953,ARATA AUTOMOTORES S.C.A. (Estacion de Servicio - YPF_C),30-56099937-9,0,MOVER A MASTER Y MARCAR DELETED
GEO_3187,2690,DEPARIS LUIS ALBERTO (Almacen/Despensa_A),11000000,0,7965,DEPARIS LUIS ALBERTO (Almacen/Despensa_A),11000000,0,MOVER A MASTER Y MARCAR DELETED
GEO_3188,2690,DEPARIS LUIS ALBERTO (Almacen/Despensa_A),11000000,0,7965,DEPARIS LUIS ALBERTO (Almacen/Despensa_A),11000000,0,MOVER A MASTER Y MARCAR DELETED
GEO_3189,2697,MATO  CARLOS (Almacen/Despensa_C),20-23756172-5,0,7963,MATO  CARLOS (Almacen/Despensa_B),20-23756172-5,0,MOVER A MASTER Y MARCAR DELETED
GEO_3190,2698,CASTRO PABLO GABRIEL  (Resto de On Premise_P),20-25294921-7,0,7964,CASTRO PABLO GABRIEL  (Resto de On Premise_P),20-25294921-7,0,MOVER A MASTER Y MARCAR DELETED
GEO_3191,2699,BARTOMEOLI MARIA LORENA (Resto de Tradicionales_A),11000000,0,7976,BARTOMEOLI MARIA LORENA (Resto de Tradicionales_A),11000000,0,MOVER A MASTER Y MARCAR DELETED
GEO_3192,2829,FERREYRA OSVALDO DAVID (Almacen/Despensa_P),20-31530533-1,0,7808,FERREYRA OSVALDO DAVID (Almacen/Despensa_P),20-31530533-1,0,MOVER A MASTER Y MARCAR DELETED
GEO_3193,2705,VILLALBA ROBERTO MATIAS (Resto de On Premise_C),20-28562950-1,0,7970,VILLALBA ROBERTO MATIAS (Resto de On Premise_A),20-28562950-1,0,MOVER A MASTER Y MARCAR DELETED
GEO_3194,2705,VILLALBA ROBERTO MATIAS (Resto de On Premise_C),20-28562950-1,0,7970,VILLALBA ROBERTO MATIAS (Resto de On Premise_A),20-28562950-1,0,MOVER A MASTER Y MARCAR DELETED
GEO_3195,2714,LAGNEAUX WALTER ALEJANDRO (Almacen/Despensa_A),20-20584949-2,0,7991,LAGNEAUX WALTER ALEJANDRO (Almacen/Despensa_A),20-20584949-2,0,MOVER A MASTER Y MARCAR DELETED
GEO_3196,2715,CORA DANIEL ANGEL (Almacen/Despensa_A),20-13931271-7,0,7992,CORA DANIEL ANGEL (Almacen/Despensa_A),20-13931271-7,0,MOVER A MASTER Y MARCAR DELETED
GEO_3197,3196,POMPONIO VALERIA ALEXANDRA (Kiosco/Maxikiosco_C),27-28794427-1,0,8427,POMPONIO VALERIA ALEXANDRA (Kiosco/Maxikiosco_C),27-28794427-1,0,MOVER A MASTER Y MARCAR DELETED
GEO_3198,2889,JIANMING SHI (Autoservicio Tradicional_P),20-95551887-0,0,8232,JIANMING SHI (Autoservicio Tradicional_P),20-95551887-0,0,MOVER A MASTER Y MARCAR DELETED
GEO_3199,4052,MUÑECOS PAMARSE DISTRIBUIDORA S.A. (Kiosco/Maxikiosco_A),30-71814731-6,0,9143,MUÑECOS PAMARSE DISTRIBUIDORA S.A. (Kiosco/Maxikiosco_A),30-71814731-6,0,MOVER A MASTER Y MARCAR DELETED
GEO_3200,4052,MUÑECOS PAMARSE DISTRIBUIDORA S.A. (Kiosco/Maxikiosco_A),30-71814731-6,0,9143,MUÑECOS PAMARSE DISTRIBUIDORA S.A. (Kiosco/Maxikiosco_A),30-71814731-6,0,MOVER A MASTER Y MARCAR DELETED
GEO_3201,2729,GONZALEZ MARTA ALICIA (Almacen/Despensa_P),11000000,0,7979,GONZALEZ MARTA ALICIA (Almacen/Despensa_P),11000000,0,MOVER A MASTER Y MARCAR DELETED
GEO_3202,2730,STANISCIA NOELIA BEATRIZ (Almacen/Despensa_B),27-26668884-4,0,7960,STANISCIA NOELIA BEATRIZ (Almacen/Despensa_B),27-26668884-4,0,MOVER A MASTER Y MARCAR DELETED
GEO_3203,2730,STANISCIA NOELIA BEATRIZ (Almacen/Despensa_B),27-26668884-4,0,7960,STANISCIA NOELIA BEATRIZ (Almacen/Despensa_B),27-26668884-4,0,MOVER A MASTER Y MARCAR DELETED
GEO_3204,2735,CORDOBA CORDOBA JORGE (Almacen/Despensa_B),11000000,0,2742,ANTONIO ANTONIO NAHUEL (Almacen/Despensa_B),11000000,0,MOVER A MASTER Y MARCAR DELETED
GEO_3204,2735,CORDOBA CORDOBA JORGE (Almacen/Despensa_B),11000000,0,7874,CORDOBA CORDOBA JORGE (Almacen/Despensa_B),11000000,0,MOVER A MASTER Y MARCAR DELETED
GEO_3204,2735,CORDOBA CORDOBA JORGE (Almacen/Despensa_B),11000000,0,7989,ANTONIO ANTONIO NAHUEL (Almacen/Despensa_B),11000000,0,MOVER A MASTER Y MARCAR DELETED
GEO_3205,4015,AQUILANO ANDREA CECILIA (Kiosco/Maxikiosco_C),27-26811658-9,0,9104,AQUILANO ANDREA CECILIA (Kiosco/Maxikiosco_C),27-26811658-9,0,MOVER A MASTER Y MARCAR DELETED
GEO_3206,4015,AQUILANO ANDREA CECILIA (Kiosco/Maxikiosco_C),27-26811658-9,0,9104,AQUILANO ANDREA CECILIA (Kiosco/Maxikiosco_C),27-26811658-9,0,MOVER A MASTER Y MARCAR DELETED
GEO_3207,2739,DANIEL (Carniceria/Granja_B),20-22934140-6,0,7872,DANIEL (Carniceria/Granja_B),20-22934140-6,0,MOVER A MASTER Y MARCAR DELETED
GEO_3208,2739,DANIEL (Carniceria/Granja_B),20-22934140-6,0,7872,DANIEL (Carniceria/Granja_B),20-22934140-6,0,MOVER A MASTER Y MARCAR DELETED
GEO_3209,2739,DANIEL (Carniceria/Granja_B),20-22934140-6,0,7872,DANIEL (Carniceria/Granja_B),20-22934140-6,0,MOVER A MASTER Y MARCAR DELETED
GEO_3210,2745,EMANUELE JAVIER HERNAN (Almacen/Despensa_B),20-25817406-3,0,7986,EMANUELE JAVIER HERNAN (Almacen/Despensa_B),20-25817406-3,0,MOVER A MASTER Y MARCAR DELETED
GEO_3211,2745,EMANUELE JAVIER HERNAN (Almacen/Despensa_B),20-25817406-3,0,7986,EMANUELE JAVIER HERNAN (Almacen/Despensa_B),20-25817406-3,0,MOVER A MASTER Y MARCAR DELETED
GEO_3212,2745,EMANUELE JAVIER HERNAN (Almacen/Despensa_B),20-25817406-3,0,7986,EMANUELE JAVIER HERNAN (Almacen/Despensa_B),20-25817406-3,0,MOVER A MASTER Y MARCAR DELETED
GEO_3213,2745,EMANUELE JAVIER HERNAN (Almacen/Despensa_B),20-25817406-3,0,7986,EMANUELE JAVIER HERNAN (Almacen/Despensa_B),20-25817406-3,0,MOVER A MASTER Y MARCAR DELETED
GEO_3214,2745,EMANUELE JAVIER HERNAN (Almacen/Despensa_B),20-25817406-3,0,7986,EMANUELE JAVIER HERNAN (Almacen/Despensa_B),20-25817406-3,0,MOVER A MASTER Y MARCAR DELETED
GEO_3215,2758,LOS HNOS. NICO (Almacen/Despensa_A),23373040,0,7885,LOS HNOS. NICO (Almacen/Despensa_A),23373040,0,MOVER A MASTER Y MARCAR DELETED
GEO_3216,4259,LO DE LOLO (Almacen/Despensa_C),39802158,0,9380,LO DE LOLO (Almacen/Despensa_C),39802158,0,MOVER A MASTER Y MARCAR DELETED
GEO_3217,3840,TERRUZI VIVIANA (Kiosco/Maxikiosco_C),20751758,0,8871,TERRUZI VIVIANA (Kiosco/Maxikiosco_B),20751758,0,MOVER A MASTER Y MARCAR DELETED
GEO_3218,4269,AYALA VICTOR ANTONIO (Kiosco/Maxikiosco_C),20-30376861-1,0,9395,AYALA VICTOR ANTONIO (Kiosco/Maxikiosco_C),20-30376861-1,0,MOVER A MASTER Y MARCAR DELETED
GEO_3219,2763,HOCHMAIER HOCHMAIER NESTOR (Almacen/Despensa_B),20918844,0,7898,HOCHMAIER HOCHMAIER NESTOR (Almacen/Despensa_B),20918844,0,MOVER A MASTER Y MARCAR DELETED
GEO_3220,2764,AUTOSERVICIO ACCESO S.R.L. (Almacen/Despensa_B),30-71144214-2,0,7899,AUTOSERVICIO ACCESO S.R.L. (Almacen/Despensa_A),30-71144214-2,0,MOVER A MASTER Y MARCAR DELETED
GEO_3221,2765,PELUCCA  ADRIANA (Kiosco/Maxikiosco_C),1111111,0,7877,PELUCCA  ADRIANA (Kiosco/Maxikiosco_C),1111111,0,MOVER A MASTER Y MARCAR DELETED
GEO_3222,2765,PELUCCA  ADRIANA (Kiosco/Maxikiosco_C),1111111,0,7877,PELUCCA  ADRIANA (Kiosco/Maxikiosco_C),1111111,0,MOVER A MASTER Y MARCAR DELETED
GEO_3223,4000,FITIPALDI MARCIA MAILEN (Kiosco/Maxikiosco_C),27-36905560-2,0,9013,FITIPALDI MARCIA MAILEN (Kiosco/Maxikiosco_C),27-36905560-2,0,MOVER A MASTER Y MARCAR DELETED
GEO_3224,2770,SUPERMERCADO SAN LORENZO  SRL (Autoservicio Tradicional_P),30-66503228-7,0,7896,SUPERMERCADO SAN LORENZO  SRL (Autoservicio Tradicional_P),30-66503228-7,0,MOVER A MASTER Y MARCAR DELETED
GEO_3225,2770,SUPERMERCADO SAN LORENZO  SRL (Autoservicio Tradicional_P),30-66503228-7,0,7896,SUPERMERCADO SAN LORENZO  SRL (Autoservicio Tradicional_P),30-66503228-7,0,MOVER A MASTER Y MARCAR DELETED
GEO_3226,2781,FRONTERA FELIX LUIS (Resto de Tradicionales_A),1111111,0,7900,FRONTERA FELIX LUIS (Resto de Tradicionales_A),1111111,0,MOVER A MASTER Y MARCAR DELETED
GEO_3227,2782,LOS DOS HERMANOS (Kiosco/Maxikiosco_C),27-11149015-0,0,7901,LOS DOS HERMANOS (Kiosco/Maxikiosco_A),27-11149015-0,0,MOVER A MASTER Y MARCAR DELETED
GEO_3228,2782,LOS DOS HERMANOS (Kiosco/Maxikiosco_C),27-11149015-0,0,7901,LOS DOS HERMANOS (Kiosco/Maxikiosco_A),27-11149015-0,0,MOVER A MASTER Y MARCAR DELETED
GEO_3229,4295,DRAFTING ARGENTINA SA (Almacen/Despensa_B),30-71559709-4,0,9424,DRAFTING ARGENTINA SA (Almacen/Despensa_A),30-71559709-4,0,MOVER A MASTER Y MARCAR DELETED
GEO_3230,4295,DRAFTING ARGENTINA SA (Almacen/Despensa_B),30-71559709-4,0,9424,DRAFTING ARGENTINA SA (Almacen/Despensa_A),30-71559709-4,0,MOVER A MASTER Y MARCAR DELETED
GEO_3231,2792,EL MOLINO 2 (Fiambreria_C),27-10668340-4,0,7927,EL MOLINO 2 (Fiambreria_C),27-10668340-4,0,MOVER A MASTER Y MARCAR DELETED
GEO_3232,2787,FELLAY FELLAY WALTER ADOLFO (Almacen/Despensa_B),20-28140240-5,0,7914,FELLAY FELLAY WALTER ADOLFO (Almacen/Despensa_B),20-28140240-5,0,MOVER A MASTER Y MARCAR DELETED
GEO_3233,2790,KIOSCO 62 (Kiosco/Maxikiosco_B),20-27849872-8,0,7911,KIOSCO 62 (Kiosco/Maxikiosco_B),20-27849872-8,0,MOVER A MASTER Y MARCAR DELETED
GEO_3234,2790,KIOSCO 62 (Kiosco/Maxikiosco_B),20-27849872-8,0,7911,KIOSCO 62 (Kiosco/Maxikiosco_B),20-27849872-8,0,MOVER A MASTER Y MARCAR DELETED
GEO_3235,4088,MONACO LUCIANO (Almacen/Despensa_C),20-34125708-6,0,9031,MONACO LUCIANO (Almacen/Despensa_C),20-34125708-6,0,MOVER A MASTER Y MARCAR DELETED
GEO_3236,4088,MONACO LUCIANO (Almacen/Despensa_C),20-34125708-6,0,9031,MONACO LUCIANO (Almacen/Despensa_C),20-34125708-6,0,MOVER A MASTER Y MARCAR DELETED
GEO_3237,4088,MONACO LUCIANO (Almacen/Despensa_C),20-34125708-6,0,9031,MONACO LUCIANO (Almacen/Despensa_C),20-34125708-6,0,MOVER A MASTER Y MARCAR DELETED
GEO_3238,4088,MONACO LUCIANO (Almacen/Despensa_C),20-34125708-6,0,9031,MONACO LUCIANO (Almacen/Despensa_C),20-34125708-6,0,MOVER A MASTER Y MARCAR DELETED
GEO_3239,4088,MONACO LUCIANO (Almacen/Despensa_C),20-34125708-6,0,9031,MONACO LUCIANO (Almacen/Despensa_C),20-34125708-6,0,MOVER A MASTER Y MARCAR DELETED
GEO_3240,2802,ESTAÑITO ESTAÑITO MARISA (Almacen/Despensa_C),34245656,0,7892,ESTAÑITO ESTAÑITO MARISA (Almacen/Despensa_C),34245656,0,MOVER A MASTER Y MARCAR DELETED
GEO_3241,2802,ESTAÑITO ESTAÑITO MARISA (Almacen/Despensa_C),34245656,0,7892,ESTAÑITO ESTAÑITO MARISA (Almacen/Despensa_C),34245656,0,MOVER A MASTER Y MARCAR DELETED
GEO_3242,2807,LUNA (Autoservicio Tradicional_P),20-93974488-7,0,7850,LUNA (Autoservicio Tradicional_P),20-93974488-7,0,MOVER A MASTER Y MARCAR DELETED
GEO_3243,2807,LUNA (Autoservicio Tradicional_P),20-93974488-7,0,7850,LUNA (Autoservicio Tradicional_P),20-93974488-7,0,MOVER A MASTER Y MARCAR DELETED
GEO_3244,2807,LUNA (Autoservicio Tradicional_P),20-93974488-7,0,7850,LUNA (Autoservicio Tradicional_P),20-93974488-7,0,MOVER A MASTER Y MARCAR DELETED
GEO_3245,2807,LUNA (Autoservicio Tradicional_P),20-93974488-7,0,7850,LUNA (Autoservicio Tradicional_P),20-93974488-7,0,MOVER A MASTER Y MARCAR DELETED
GEO_3246,2815,GLORIA ESTHER MABEL MENSOR (Almacen/Despensa_A),27-03890410-3,0,7784,GLORIA ESTHER MABEL MENSOR (Almacen/Despensa_A),27-03890410-3,0,MOVER A MASTER Y MARCAR DELETED
GEO_3247,2815,GLORIA ESTHER MABEL MENSOR (Almacen/Despensa_A),27-03890410-3,0,7784,GLORIA ESTHER MABEL MENSOR (Almacen/Despensa_A),27-03890410-3,0,MOVER A MASTER Y MARCAR DELETED
GEO_3248,2815,GLORIA ESTHER MABEL MENSOR (Almacen/Despensa_A),27-03890410-3,0,7784,GLORIA ESTHER MABEL MENSOR (Almacen/Despensa_A),27-03890410-3,0,MOVER A MASTER Y MARCAR DELETED
GEO_3249,2819,BONAPASTA GERMAN (Kiosco/Maxikiosco_B),21433801,0,7796,BONAPASTA GERMAN (Kiosco/Maxikiosco_B),21433801,0,MOVER A MASTER Y MARCAR DELETED
GEO_3250,2819,BONAPASTA GERMAN (Kiosco/Maxikiosco_B),21433801,0,7796,BONAPASTA GERMAN (Kiosco/Maxikiosco_B),21433801,0,MOVER A MASTER Y MARCAR DELETED
GEO_3251,2819,BONAPASTA GERMAN (Kiosco/Maxikiosco_B),21433801,0,7796,BONAPASTA GERMAN (Kiosco/Maxikiosco_B),21433801,0,MOVER A MASTER Y MARCAR DELETED
GEO_3252,2819,BONAPASTA GERMAN (Kiosco/Maxikiosco_B),21433801,0,7796,BONAPASTA GERMAN (Kiosco/Maxikiosco_B),21433801,0,MOVER A MASTER Y MARCAR DELETED
GEO_3253,2830,MARIA  FLORENCIA BIRD (Kiosco/Maxikiosco_A),27-34974630-7,0,7809,MARIA  FLORENCIA BIRD (Kiosco/Maxikiosco_A),27-34974630-7,0,MOVER A MASTER Y MARCAR DELETED
GEO_3254,2830,MARIA  FLORENCIA BIRD (Kiosco/Maxikiosco_A),27-34974630-7,0,7809,MARIA  FLORENCIA BIRD (Kiosco/Maxikiosco_A),27-34974630-7,0,MOVER A MASTER Y MARCAR DELETED
GEO_3255,2834,CORNUCHO ANA GRACIELA (Kiosco/Maxikiosco_P),27-30830706-4,0,7801,CORNUCHO ANA GRACIELA (Kiosco/Maxikiosco_P),27-30830706-4,0,MOVER A MASTER Y MARCAR DELETED
GEO_3256,2834,CORNUCHO ANA GRACIELA (Kiosco/Maxikiosco_P),27-30830706-4,0,7801,CORNUCHO ANA GRACIELA (Kiosco/Maxikiosco_P),27-30830706-4,0,MOVER A MASTER Y MARCAR DELETED
GEO_3257,2834,CORNUCHO ANA GRACIELA (Kiosco/Maxikiosco_P),27-30830706-4,0,7801,CORNUCHO ANA GRACIELA (Kiosco/Maxikiosco_P),27-30830706-4,0,MOVER A MASTER Y MARCAR DELETED
GEO_3258,2834,CORNUCHO ANA GRACIELA (Kiosco/Maxikiosco_P),27-30830706-4,0,7801,CORNUCHO ANA GRACIELA (Kiosco/Maxikiosco_P),27-30830706-4,0,MOVER A MASTER Y MARCAR DELETED
GEO_3259,2834,CORNUCHO ANA GRACIELA (Kiosco/Maxikiosco_P),27-30830706-4,0,7801,CORNUCHO ANA GRACIELA (Kiosco/Maxikiosco_P),27-30830706-4,0,MOVER A MASTER Y MARCAR DELETED
GEO_3260,2834,CORNUCHO ANA GRACIELA (Kiosco/Maxikiosco_P),27-30830706-4,0,7801,CORNUCHO ANA GRACIELA (Kiosco/Maxikiosco_P),27-30830706-4,0,MOVER A MASTER Y MARCAR DELETED
GEO_3261,2834,CORNUCHO ANA GRACIELA (Kiosco/Maxikiosco_P),27-30830706-4,0,7801,CORNUCHO ANA GRACIELA (Kiosco/Maxikiosco_P),27-30830706-4,0,MOVER A MASTER Y MARCAR DELETED
GEO_3262,2847,ZHIYONG YAN (Kiosco/Maxikiosco_P),20-94454602-3,0,7813,ZHIYONG YAN (Kiosco/Maxikiosco_P),20-94454602-3,0,MOVER A MASTER Y MARCAR DELETED
GEO_3263,2847,ZHIYONG YAN (Kiosco/Maxikiosco_P),20-94454602-3,0,7813,ZHIYONG YAN (Kiosco/Maxikiosco_P),20-94454602-3,0,MOVER A MASTER Y MARCAR DELETED
GEO_3264,2851,ABRIL JUAN MANUEL  (Kiosco/Maxikiosco_A),20-24834154-9,0,7828,ABRIL JUAN MANUEL  (Kiosco/Maxikiosco_A),20-24834154-9,0,MOVER A MASTER Y MARCAR DELETED
GEO_3265,2928,ANDREOZZI MARCELO (Kiosco/Maxikiosco_P),20-17609462-2,0,7863,ANDREOZZI MARCELO (Kiosco/Maxikiosco_P),20-17609462-2,0,MOVER A MASTER Y MARCAR DELETED
GEO_3266,2858,KIOSCO LA PISTA (Kiosco/Maxikiosco_P),27-29095392-3,0,7837,KIOSCO LA PISTA (Kiosco/Maxikiosco_P),27-29095392-3,0,MOVER A MASTER Y MARCAR DELETED
GEO_3267,2858,KIOSCO LA PISTA (Kiosco/Maxikiosco_P),27-29095392-3,0,7837,KIOSCO LA PISTA (Kiosco/Maxikiosco_P),27-29095392-3,0,MOVER A MASTER Y MARCAR DELETED
GEO_3268,2858,KIOSCO LA PISTA (Kiosco/Maxikiosco_P),27-29095392-3,0,7837,KIOSCO LA PISTA (Kiosco/Maxikiosco_P),27-29095392-3,0,MOVER A MASTER Y MARCAR DELETED
GEO_3269,2858,KIOSCO LA PISTA (Kiosco/Maxikiosco_P),27-29095392-3,0,7837,KIOSCO LA PISTA (Kiosco/Maxikiosco_P),27-29095392-3,0,MOVER A MASTER Y MARCAR DELETED
GEO_3270,2858,KIOSCO LA PISTA (Kiosco/Maxikiosco_P),27-29095392-3,0,7837,KIOSCO LA PISTA (Kiosco/Maxikiosco_P),27-29095392-3,0,MOVER A MASTER Y MARCAR DELETED
GEO_3271,2858,KIOSCO LA PISTA (Kiosco/Maxikiosco_P),27-29095392-3,0,7837,KIOSCO LA PISTA (Kiosco/Maxikiosco_P),27-29095392-3,0,MOVER A MASTER Y MARCAR DELETED
GEO_3272,2868,SARQUIS PABLO ANIBAL (Almacen/Despensa_A),20-25034139-4,0,7849,SARQUIS PABLO ANIBAL (Almacen/Despensa_A),20-25034139-4,0,MOVER A MASTER Y MARCAR DELETED
GEO_3273,2868,SARQUIS PABLO ANIBAL (Almacen/Despensa_A),20-25034139-4,0,7849,SARQUIS PABLO ANIBAL (Almacen/Despensa_A),20-25034139-4,0,MOVER A MASTER Y MARCAR DELETED
GEO_3274,2868,SARQUIS PABLO ANIBAL (Almacen/Despensa_A),20-25034139-4,0,7849,SARQUIS PABLO ANIBAL (Almacen/Despensa_A),20-25034139-4,0,MOVER A MASTER Y MARCAR DELETED
GEO_3275,2923,SOUMITH SYPHANOUNNEVA (Kiosco/Maxikiosco_B),92420157,0,8000,SOUMITH SYPHANOUNNEVA (Kiosco/Maxikiosco_B),92420157,0,MOVER A MASTER Y MARCAR DELETED
GEO_3276,2923,SOUMITH SYPHANOUNNEVA (Kiosco/Maxikiosco_B),92420157,0,8000,SOUMITH SYPHANOUNNEVA (Kiosco/Maxikiosco_B),92420157,0,MOVER A MASTER Y MARCAR DELETED
GEO_3277,3548,NUÑEZ ANA BELEN (Kiosco/Maxikiosco_A),27-38282814-9,0,8691,NUÑEZ ANA BELEN (Kiosco/Maxikiosco_A),27-38282814-9,0,MOVER A MASTER Y MARCAR DELETED
GEO_3278,2891,SIST DAIANA  (Resto de Tradicionales_A),35408245,0,8018,SIST DAIANA  (Resto de Tradicionales_A),35408245,0,MOVER A MASTER Y MARCAR DELETED
GEO_3279,2895,CARLOS SERGIO GONZALEZ (Resto de Tradicionales_A),20-18544865-8,0,8016,CARLOS SERGIO GONZALEZ (Resto de Tradicionales_A),20-18544865-8,0,MOVER A MASTER Y MARCAR DELETED
GEO_3280,2896,BONARDI CRISTIAN HERNAN (Almacen/Despensa_C),20-28252771-6,0,8017,BONARDI CRISTIAN HERNAN (Almacen/Despensa_B),20-28252771-6,0,MOVER A MASTER Y MARCAR DELETED
GEO_3281,2901,ENRIQUE OMAR BARTHES (Resto de Tradicionales_A),20-14933937-0,0,8010,ENRIQUE OMAR BARTHES (Resto de Tradicionales_A),20-14933937-0,0,MOVER A MASTER Y MARCAR DELETED
GEO_3282,2901,ENRIQUE OMAR BARTHES (Resto de Tradicionales_A),20-14933937-0,0,8010,ENRIQUE OMAR BARTHES (Resto de Tradicionales_A),20-14933937-0,0,MOVER A MASTER Y MARCAR DELETED
GEO_3283,2901,ENRIQUE OMAR BARTHES (Resto de Tradicionales_A),20-14933937-0,0,8010,ENRIQUE OMAR BARTHES (Resto de Tradicionales_A),20-14933937-0,0,MOVER A MASTER Y MARCAR DELETED
GEO_3284,2901,ENRIQUE OMAR BARTHES (Resto de Tradicionales_A),20-14933937-0,0,8010,ENRIQUE OMAR BARTHES (Resto de Tradicionales_A),20-14933937-0,0,MOVER A MASTER Y MARCAR DELETED
GEO_3285,2914,PROVENZANO JORGE RUBEN (Kiosco/Maxikiosco_C),20-12217068-4,0,8009,PROVENZANO JORGE RUBEN (Kiosco/Maxikiosco_C),20-12217068-4,0,MOVER A MASTER Y MARCAR DELETED
GEO_3286,2918,DE BLASI GUSTAVO  (Almacen/Despensa_P),20-18147956-7,0,8004,DE BLASI GUSTAVO  (Almacen/Despensa_P),20-18147956-7,0,MOVER A MASTER Y MARCAR DELETED
GEO_3287,2921,PANADERIA LA UNION SRL (Resto de On Premise_C),30-71057785-0,0,7868,PANADERIA LA UNION SRL (Resto de On Premise_C),30-71057785-0,0,MOVER A MASTER Y MARCAR DELETED
GEO_3288,2921,PANADERIA LA UNION SRL (Resto de On Premise_C),30-71057785-0,0,7868,PANADERIA LA UNION SRL (Resto de On Premise_C),30-71057785-0,0,MOVER A MASTER Y MARCAR DELETED
GEO_3289,2921,PANADERIA LA UNION SRL (Resto de On Premise_C),30-71057785-0,0,7868,PANADERIA LA UNION SRL (Resto de On Premise_C),30-71057785-0,0,MOVER A MASTER Y MARCAR DELETED
GEO_3290,2921,PANADERIA LA UNION SRL (Resto de On Premise_C),30-71057785-0,0,7868,PANADERIA LA UNION SRL (Resto de On Premise_C),30-71057785-0,0,MOVER A MASTER Y MARCAR DELETED
GEO_3291,2921,PANADERIA LA UNION SRL (Resto de On Premise_C),30-71057785-0,0,7868,PANADERIA LA UNION SRL (Resto de On Premise_C),30-71057785-0,0,MOVER A MASTER Y MARCAR DELETED
GEO_3292,2921,PANADERIA LA UNION SRL (Resto de On Premise_C),30-71057785-0,0,7868,PANADERIA LA UNION SRL (Resto de On Premise_C),30-71057785-0,0,MOVER A MASTER Y MARCAR DELETED
GEO_3293,2921,PANADERIA LA UNION SRL (Resto de On Premise_C),30-71057785-0,0,7868,PANADERIA LA UNION SRL (Resto de On Premise_C),30-71057785-0,0,MOVER A MASTER Y MARCAR DELETED
GEO_3294,2933,POLLY HORACIO ENRIQUE (Almacen/Despensa_A),20-23153230-8,0,7766,POLLY HORACIO ENRIQUE (Almacen/Despensa_A),20-23153230-8,0,MOVER A MASTER Y MARCAR DELETED
GEO_3295,3786,ESPINDOLA ESTEFANIA (Almacen/Despensa_C),35221136,0,8815,ESPINDOLA ESTEFANIA (Almacen/Despensa_A),35221136,0,MOVER A MASTER Y MARCAR DELETED
GEO_3296,3786,ESPINDOLA ESTEFANIA (Almacen/Despensa_C),35221136,0,8815,ESPINDOLA ESTEFANIA (Almacen/Despensa_A),35221136,0,MOVER A MASTER Y MARCAR DELETED
GEO_3297,2944,EL PAJARITO (Almacen/Despensa_P),20-11733887-9,0,7779,EL PAJARITO (Almacen/Despensa_P),20-11733887-9,0,MOVER A MASTER Y MARCAR DELETED
GEO_3298,2944,EL PAJARITO (Almacen/Despensa_P),20-11733887-9,0,7779,EL PAJARITO (Almacen/Despensa_P),20-11733887-9,0,MOVER A MASTER Y MARCAR DELETED
GEO_3299,2944,EL PAJARITO (Almacen/Despensa_P),20-11733887-9,0,7779,EL PAJARITO (Almacen/Despensa_P),20-11733887-9,0,MOVER A MASTER Y MARCAR DELETED
GEO_3300,2948,LO DE QUELO (Kiosco/Maxikiosco_C),32101667,0,7771,LO DE QUELO (Kiosco/Maxikiosco_B),32101667,0,MOVER A MASTER Y MARCAR DELETED
GEO_3301,2948,LO DE QUELO (Kiosco/Maxikiosco_C),32101667,0,7771,LO DE QUELO (Kiosco/Maxikiosco_B),32101667,0,MOVER A MASTER Y MARCAR DELETED
GEO_3302,2948,LO DE QUELO (Kiosco/Maxikiosco_C),32101667,0,7771,LO DE QUELO (Kiosco/Maxikiosco_B),32101667,0,MOVER A MASTER Y MARCAR DELETED
GEO_3303,2948,LO DE QUELO (Kiosco/Maxikiosco_C),32101667,0,7771,LO DE QUELO (Kiosco/Maxikiosco_B),32101667,0,MOVER A MASTER Y MARCAR DELETED
GEO_3304,2171,FERREYRA MARIA BELEN  (Autoservicio Tradicional_B),27-36364404-5,0,7028,FERREYRA MARIA BELEN  (Autoservicio Tradicional_B),27-36364404-5,0,MOVER A MASTER Y MARCAR DELETED
GEO_3305,2171,FERREYRA MARIA BELEN  (Autoservicio Tradicional_B),27-36364404-5,0,7028,FERREYRA MARIA BELEN  (Autoservicio Tradicional_B),27-36364404-5,0,MOVER A MASTER Y MARCAR DELETED
GEO_3306,2171,FERREYRA MARIA BELEN  (Autoservicio Tradicional_B),27-36364404-5,0,7028,FERREYRA MARIA BELEN  (Autoservicio Tradicional_B),27-36364404-5,0,MOVER A MASTER Y MARCAR DELETED
GEO_3307,2171,FERREYRA MARIA BELEN  (Autoservicio Tradicional_B),27-36364404-5,0,7028,FERREYRA MARIA BELEN  (Autoservicio Tradicional_B),27-36364404-5,0,MOVER A MASTER Y MARCAR DELETED
GEO_3308,3820,VALENZUELA SOLEDAD (Almacen/Despensa_B),29876170,0,8846,VALENZUELA SOLEDAD (Almacen/Despensa_B),29876170,0,MOVER A MASTER Y MARCAR DELETED
GEO_3309,2986,PIELVITORI ANABELA (Kiosco/Maxikiosco_A),30312745,0,8173,PIELVITORI ANABELA (Kiosco/Maxikiosco_A),30312745,0,MOVER A MASTER Y MARCAR DELETED
GEO_3310,2986,PIELVITORI ANABELA (Kiosco/Maxikiosco_A),30312745,0,8173,PIELVITORI ANABELA (Kiosco/Maxikiosco_A),30312745,0,MOVER A MASTER Y MARCAR DELETED
GEO_3311,2989,FALCA STELLA MARIS (Almacen/Despensa_B),27-12591992-3,0,8170,FALCA STELLA MARIS (Almacen/Despensa_B),27-12591992-3,0,MOVER A MASTER Y MARCAR DELETED
GEO_3312,2989,FALCA STELLA MARIS (Almacen/Despensa_B),27-12591992-3,0,8170,FALCA STELLA MARIS (Almacen/Despensa_B),27-12591992-3,0,MOVER A MASTER Y MARCAR DELETED
GEO_3313,2989,FALCA STELLA MARIS (Almacen/Despensa_B),27-12591992-3,0,8170,FALCA STELLA MARIS (Almacen/Despensa_B),27-12591992-3,0,MOVER A MASTER Y MARCAR DELETED
GEO_3314,3008,WANG CHEN (Autoservicio Tradicional_P),20-95704559-7,0,8207,WANG CHEN (Autoservicio Tradicional_P),20-95704559-7,0,MOVER A MASTER Y MARCAR DELETED
GEO_3315,3797,PINGQIN LIN (Autoservicio Tradicional_P),27-95342758-9,0,8822,PINGQIN LIN (Autoservicio Tradicional_P),27-95342758-9,0,MOVER A MASTER Y MARCAR DELETED
GEO_3316,3013,MOLINA MONICA (Almacen/Despensa_C),27-24648689-7,0,8206,MOLINA MONICA (Almacen/Despensa_A),27-24648689-7,0,MOVER A MASTER Y MARCAR DELETED
GEO_3317,3013,MOLINA MONICA (Almacen/Despensa_C),27-24648689-7,0,8206,MOLINA MONICA (Almacen/Despensa_A),27-24648689-7,0,MOVER A MASTER Y MARCAR DELETED
GEO_3318,2693,XIANEN YAN (Autoservicio Tradicional_P),23-94721199-4,0,7523,XIANEN YAN (Autoservicio Tradicional_P),23-94721199-4,0,MOVER A MASTER Y MARCAR DELETED
GEO_3319,2693,XIANEN YAN (Autoservicio Tradicional_P),23-94721199-4,0,7523,XIANEN YAN (Autoservicio Tradicional_P),23-94721199-4,0,MOVER A MASTER Y MARCAR DELETED
GEO_3320,2693,XIANEN YAN (Autoservicio Tradicional_P),23-94721199-4,0,7523,XIANEN YAN (Autoservicio Tradicional_P),23-94721199-4,0,MOVER A MASTER Y MARCAR DELETED
GEO_3321,2693,XIANEN YAN (Autoservicio Tradicional_P),23-94721199-4,0,7523,XIANEN YAN (Autoservicio Tradicional_P),23-94721199-4,0,MOVER A MASTER Y MARCAR DELETED
GEO_3322,3030,COLANERI HECTOR ORLANDO (Almacen/Despensa_C),20-17466154-6,0,8180,COLANERI HECTOR ORLANDO (Almacen/Despensa_B),20-17466154-6,0,MOVER A MASTER Y MARCAR DELETED
GEO_3323,3031,GRANEROS Y ELEVADORES ARGENTINOS DE COLON SOCIEDAD (Autoservicio Tradicional_P),30-58185694-2,0,8181,GRANEROS Y ELEVADORES ARGENTINOS DE COLON SOCIEDAD (Autoservicio Tradicional_P),30-58185694-2,0,MOVER A MASTER Y MARCAR DELETED
GEO_3324,3033,QIN SHILI (Almacen/Despensa_P),27-95550763-6,0,8496,QIN SHILI (Almacen/Despensa_P),27-95550763-6,0,MOVER A MASTER Y MARCAR DELETED
GEO_3325,3033,QIN SHILI (Almacen/Despensa_P),27-95550763-6,0,8496,QIN SHILI (Almacen/Despensa_P),27-95550763-6,0,MOVER A MASTER Y MARCAR DELETED
GEO_3326,3033,QIN SHILI (Almacen/Despensa_P),27-95550763-6,0,8496,QIN SHILI (Almacen/Despensa_P),27-95550763-6,0,MOVER A MASTER Y MARCAR DELETED
GEO_3327,3033,QIN SHILI (Almacen/Despensa_P),27-95550763-6,0,8496,QIN SHILI (Almacen/Despensa_P),27-95550763-6,0,MOVER A MASTER Y MARCAR DELETED
GEO_3328,3158,SARALEGUI VERONICA (Almacen/Despensa_B),27-32555276-5,0,8057,SARALEGUI VERONICA (Almacen/Despensa_B),27-32555276-5,0,MOVER A MASTER Y MARCAR DELETED
GEO_3329,3158,SARALEGUI VERONICA (Almacen/Despensa_B),27-32555276-5,0,8057,SARALEGUI VERONICA (Almacen/Despensa_B),27-32555276-5,0,MOVER A MASTER Y MARCAR DELETED
GEO_3330,3158,SARALEGUI VERONICA (Almacen/Despensa_B),27-32555276-5,0,8057,SARALEGUI VERONICA (Almacen/Despensa_B),27-32555276-5,0,MOVER A MASTER Y MARCAR DELETED
GEO_3331,3158,SARALEGUI VERONICA (Almacen/Despensa_B),27-32555276-5,0,8057,SARALEGUI VERONICA (Almacen/Despensa_B),27-32555276-5,0,MOVER A MASTER Y MARCAR DELETED
GEO_3332,3051,DIEGO BOSSO (Almacen/Despensa_A),0,0,8090,DIEGO BOSSO (Almacen/Despensa_A),0,0,MOVER A MASTER Y MARCAR DELETED
GEO_3333,3052,ALVAREZ NESTOR HERNAN (Fiambreria_A),20-25153072-7,0,8091,ALVAREZ NESTOR HERNAN (Fiambreria_A),20-25153072-7,0,MOVER A MASTER Y MARCAR DELETED
GEO_3334,3052,ALVAREZ NESTOR HERNAN (Fiambreria_A),20-25153072-7,0,8091,ALVAREZ NESTOR HERNAN (Fiambreria_A),20-25153072-7,0,MOVER A MASTER Y MARCAR DELETED
GEO_3335,4065,RILLO MATIAS OSMAR (Almacen/Despensa_B),20-27855129-7,0,9152,RILLO MATIAS OSMAR (Almacen/Despensa_B),20-27855129-7,0,MOVER A MASTER Y MARCAR DELETED
GEO_3336,4065,RILLO MATIAS OSMAR (Almacen/Despensa_B),20-27855129-7,0,9152,RILLO MATIAS OSMAR (Almacen/Despensa_B),20-27855129-7,0,MOVER A MASTER Y MARCAR DELETED
GEO_3337,4065,RILLO MATIAS OSMAR (Almacen/Despensa_B),20-27855129-7,0,9152,RILLO MATIAS OSMAR (Almacen/Despensa_B),20-27855129-7,0,MOVER A MASTER Y MARCAR DELETED
GEO_3338,3064,POLIRUBRO ABRIL (Kiosco/Maxikiosco_B),27-21785722-3,0,8119,POLIRUBRO ABRIL (Kiosco/Maxikiosco_B),27-21785722-3,0,MOVER A MASTER Y MARCAR DELETED
GEO_3339,3071,SUPER FELIZ (Autoservicio Tradicional_B),27-96073271-0,0,8138,SUPER FELIZ (Autoservicio Tradicional_B),27-96073271-0,0,MOVER A MASTER Y MARCAR DELETED
GEO_3340,3071,SUPER FELIZ (Autoservicio Tradicional_B),27-96073271-0,0,8138,SUPER FELIZ (Autoservicio Tradicional_B),27-96073271-0,0,MOVER A MASTER Y MARCAR DELETED
GEO_3341,3071,SUPER FELIZ (Autoservicio Tradicional_B),27-96073271-0,0,8138,SUPER FELIZ (Autoservicio Tradicional_B),27-96073271-0,0,MOVER A MASTER Y MARCAR DELETED
GEO_3342,3068,DESPENSA MARI (Almacen/Despensa_B),23-11212174-9,0,8114,DESPENSA MARI (Almacen/Despensa_B),23-11212174-9,0,MOVER A MASTER Y MARCAR DELETED
GEO_3343,3068,DESPENSA MARI (Almacen/Despensa_B),23-11212174-9,0,8114,DESPENSA MARI (Almacen/Despensa_B),23-11212174-9,0,MOVER A MASTER Y MARCAR DELETED
GEO_3344,3068,DESPENSA MARI (Almacen/Despensa_B),23-11212174-9,0,8114,DESPENSA MARI (Almacen/Despensa_B),23-11212174-9,0,MOVER A MASTER Y MARCAR DELETED
GEO_3345,3068,DESPENSA MARI (Almacen/Despensa_B),23-11212174-9,0,8114,DESPENSA MARI (Almacen/Despensa_B),23-11212174-9,0,MOVER A MASTER Y MARCAR DELETED
GEO_3346,3068,DESPENSA MARI (Almacen/Despensa_B),23-11212174-9,0,8114,DESPENSA MARI (Almacen/Despensa_B),23-11212174-9,0,MOVER A MASTER Y MARCAR DELETED
GEO_3347,3091,DESPENSA BETO (Carniceria/Granja_C),20-20499002-7,0,8242,DESPENSA BETO (Carniceria/Granja_C),20-20499002-7,0,MOVER A MASTER Y MARCAR DELETED
GEO_3348,3091,DESPENSA BETO (Carniceria/Granja_C),20-20499002-7,0,8242,DESPENSA BETO (Carniceria/Granja_C),20-20499002-7,0,MOVER A MASTER Y MARCAR DELETED
GEO_3349,3091,DESPENSA BETO (Carniceria/Granja_C),20-20499002-7,0,8242,DESPENSA BETO (Carniceria/Granja_C),20-20499002-7,0,MOVER A MASTER Y MARCAR DELETED
GEO_3350,3091,DESPENSA BETO (Carniceria/Granja_C),20-20499002-7,0,8242,DESPENSA BETO (Carniceria/Granja_C),20-20499002-7,0,MOVER A MASTER Y MARCAR DELETED
GEO_3351,3098,MUÑOZ LORENA (Resto de Tradicionales_C),27-27626182-2,0,8141,MUÑOZ LORENA (Resto de Tradicionales_B),27-27626182-2,0,MOVER A MASTER Y MARCAR DELETED
GEO_3352,3099,MARTINEZ DANIEL (Almacen/Despensa_P),20-34546852-9,0,8142,MARTINEZ DANIEL (Almacen/Despensa_P),20-34546852-9,0,MOVER A MASTER Y MARCAR DELETED
GEO_3353,3100,BERAZA Y CIA S.R.L (Estacion de Servicio - YPF_B),30-66446354-3,0,8143,BERAZA Y CIA S.R.L (Estacion de Servicio - YPF_P),30-66446354-3,0,MOVER A MASTER Y MARCAR DELETED
GEO_3354,3100,BERAZA Y CIA S.R.L (Estacion de Servicio - YPF_B),30-66446354-3,0,8143,BERAZA Y CIA S.R.L (Estacion de Servicio - YPF_P),30-66446354-3,0,MOVER A MASTER Y MARCAR DELETED
GEO_3355,3106,FRAN 2 (Almacen/Despensa_C),22171486,0,8140,FRAN 2 (Almacen/Despensa_C),22171486,0,MOVER A MASTER Y MARCAR DELETED
GEO_3356,3106,FRAN 2 (Almacen/Despensa_C),22171486,0,8140,FRAN 2 (Almacen/Despensa_C),22171486,0,MOVER A MASTER Y MARCAR DELETED
GEO_3357,3106,FRAN 2 (Almacen/Despensa_C),22171486,0,8140,FRAN 2 (Almacen/Despensa_C),22171486,0,MOVER A MASTER Y MARCAR DELETED
GEO_3358,3115,ORPELLA FLAVIA LORENA (Kiosco/Maxikiosco_P),27-24329795-3,0,8494,ORPELLA FLAVIA LORENA (Kiosco/Maxikiosco_P),27-24329795-3,0,MOVER A MASTER Y MARCAR DELETED
GEO_3359,3115,ORPELLA FLAVIA LORENA (Kiosco/Maxikiosco_P),27-24329795-3,0,8494,ORPELLA FLAVIA LORENA (Kiosco/Maxikiosco_P),27-24329795-3,0,MOVER A MASTER Y MARCAR DELETED
GEO_3360,3115,ORPELLA FLAVIA LORENA (Kiosco/Maxikiosco_P),27-24329795-3,0,8494,ORPELLA FLAVIA LORENA (Kiosco/Maxikiosco_P),27-24329795-3,0,MOVER A MASTER Y MARCAR DELETED
GEO_3361,3115,ORPELLA FLAVIA LORENA (Kiosco/Maxikiosco_P),27-24329795-3,0,8494,ORPELLA FLAVIA LORENA (Kiosco/Maxikiosco_P),27-24329795-3,0,MOVER A MASTER Y MARCAR DELETED
GEO_3362,3120,BURGAT JUAN (Carniceria/Granja_C),20-29376029-3,0,7757,BURGAT JUAN (Carniceria/Granja_C),20-29376029-3,0,MOVER A MASTER Y MARCAR DELETED
GEO_3363,3121,CAVALLE MARIA LAURA (Almacen/Despensa_C),27-32038293-4,0,7758,CAVALLE MARIA LAURA (Almacen/Despensa_C),27-32038293-4,0,MOVER A MASTER Y MARCAR DELETED
GEO_3364,3122,MONTERO SILVIO ARIEL (Almacen/Despensa_P),20-25577344-6,0,7753,MONTERO SILVIO ARIEL (Almacen/Despensa_P),20-25577344-6,0,MOVER A MASTER Y MARCAR DELETED
GEO_3365,3122,MONTERO SILVIO ARIEL (Almacen/Despensa_P),20-25577344-6,0,7753,MONTERO SILVIO ARIEL (Almacen/Despensa_P),20-25577344-6,0,MOVER A MASTER Y MARCAR DELETED
GEO_3366,3122,MONTERO SILVIO ARIEL (Almacen/Despensa_P),20-25577344-6,0,7753,MONTERO SILVIO ARIEL (Almacen/Despensa_P),20-25577344-6,0,MOVER A MASTER Y MARCAR DELETED
GEO_3367,3122,MONTERO SILVIO ARIEL (Almacen/Despensa_P),20-25577344-6,0,7753,MONTERO SILVIO ARIEL (Almacen/Despensa_P),20-25577344-6,0,MOVER A MASTER Y MARCAR DELETED
GEO_3368,3122,MONTERO SILVIO ARIEL (Almacen/Despensa_P),20-25577344-6,0,7753,MONTERO SILVIO ARIEL (Almacen/Despensa_P),20-25577344-6,0,MOVER A MASTER Y MARCAR DELETED
GEO_3369,3129,ILARDO FABIAN ALEJANDRO (Almacen/Despensa_P),20-17498508-2,0,8028,ILARDO FABIAN ALEJANDRO (Almacen/Despensa_P),20-17498508-2,0,MOVER A MASTER Y MARCAR DELETED
GEO_3370,3130,RUSSO SANTIAGO (Almacen/Despensa_B),20-34090517-3,0,8029,RUSSO SANTIAGO (Almacen/Despensa_B),20-34090517-3,0,MOVER A MASTER Y MARCAR DELETED
GEO_3371,3131,GARVINI ANA CLAUDIA-EST. SERVICIO (Estacion de Servicio - NO OFICIALES_C),23-20033183-4,0,8024,GARVINI ANA CLAUDIA-EST. SERVICIO (Estacion de Servicio - NO OFICIALES_C),23-20033183-4,0,MOVER A MASTER Y MARCAR DELETED
GEO_3372,3131,GARVINI ANA CLAUDIA-EST. SERVICIO (Estacion de Servicio - NO OFICIALES_C),23-20033183-4,0,8024,GARVINI ANA CLAUDIA-EST. SERVICIO (Estacion de Servicio - NO OFICIALES_C),23-20033183-4,0,MOVER A MASTER Y MARCAR DELETED
GEO_3373,3134,ZHENG YING (Autoservicio Tradicional_C),27-60438403-1,0,8021,ZHENG YING (Autoservicio Tradicional_C),27-60438403-1,0,MOVER A MASTER Y MARCAR DELETED
GEO_3374,3135,NOCELLI BRIAN Y CARBALLO LEANDRO (Almacen/Despensa_C),30-71226588-0,0,8022,NOCELLI BRIAN Y CARBALLO LEANDRO (Almacen/Despensa_C),30-71226588-0,0,MOVER A MASTER Y MARCAR DELETED
GEO_3375,3135,NOCELLI BRIAN Y CARBALLO LEANDRO (Almacen/Despensa_C),30-71226588-0,0,8022,NOCELLI BRIAN Y CARBALLO LEANDRO (Almacen/Despensa_C),30-71226588-0,0,MOVER A MASTER Y MARCAR DELETED
GEO_3376,3135,NOCELLI BRIAN Y CARBALLO LEANDRO (Almacen/Despensa_C),30-71226588-0,0,8022,NOCELLI BRIAN Y CARBALLO LEANDRO (Almacen/Despensa_C),30-71226588-0,0,MOVER A MASTER Y MARCAR DELETED
GEO_3377,3110,BIHUIRRET GUILLERMO DARIO (Almacen/Despensa_B),20-17335787-8,0,8076,BIHUIRRET GUILLERMO DARIO (Almacen/Despensa_B),20-17335787-8,0,MOVER A MASTER Y MARCAR DELETED
GEO_3378,3110,BIHUIRRET GUILLERMO DARIO (Almacen/Despensa_B),20-17335787-8,0,8076,BIHUIRRET GUILLERMO DARIO (Almacen/Despensa_B),20-17335787-8,0,MOVER A MASTER Y MARCAR DELETED
GEO_3379,3154,DANA HORACIO  (Kiosco/Maxikiosco_B),20-17241656-0,0,8045,DANA HORACIO  (Kiosco/Maxikiosco_B),20-17241656-0,0,MOVER A MASTER Y MARCAR DELETED
GEO_3380,3154,DANA HORACIO  (Kiosco/Maxikiosco_B),20-17241656-0,0,8045,DANA HORACIO  (Kiosco/Maxikiosco_B),20-17241656-0,0,MOVER A MASTER Y MARCAR DELETED
GEO_3381,3154,DANA HORACIO  (Kiosco/Maxikiosco_B),20-17241656-0,0,8045,DANA HORACIO  (Kiosco/Maxikiosco_B),20-17241656-0,0,MOVER A MASTER Y MARCAR DELETED
GEO_3382,3154,DANA HORACIO  (Kiosco/Maxikiosco_B),20-17241656-0,0,8045,DANA HORACIO  (Kiosco/Maxikiosco_B),20-17241656-0,0,MOVER A MASTER Y MARCAR DELETED
GEO_3383,3154,DANA HORACIO  (Kiosco/Maxikiosco_B),20-17241656-0,0,8045,DANA HORACIO  (Kiosco/Maxikiosco_B),20-17241656-0,0,MOVER A MASTER Y MARCAR DELETED
GEO_3384,3161,GUILLOTI (Resto de Tradicionales_C),27-23925888-9,0,8054,GUILLOTI (Resto de Tradicionales_C),27-23925888-9,0,MOVER A MASTER Y MARCAR DELETED
GEO_3385,3172,HERRERA CARLA (Almacen/Despensa_C),0,0,8067,HERRERA CARLA (Almacen/Despensa_C),0,0,MOVER A MASTER Y MARCAR DELETED
GEO_3386,3165,DE CHICHO (Almacen/Despensa_C),27-20391701-0,0,8052,DE CHICHO (Almacen/Despensa_A),27-20391701-0,0,MOVER A MASTER Y MARCAR DELETED
GEO_3387,3165,DE CHICHO (Almacen/Despensa_C),27-20391701-0,0,8052,DE CHICHO (Almacen/Despensa_A),27-20391701-0,0,MOVER A MASTER Y MARCAR DELETED
GEO_3388,3165,DE CHICHO (Almacen/Despensa_C),27-20391701-0,0,8052,DE CHICHO (Almacen/Despensa_A),27-20391701-0,0,MOVER A MASTER Y MARCAR DELETED
GEO_3389,3165,DE CHICHO (Almacen/Despensa_C),27-20391701-0,0,8052,DE CHICHO (Almacen/Despensa_A),27-20391701-0,0,MOVER A MASTER Y MARCAR DELETED
GEO_3390,3165,DE CHICHO (Almacen/Despensa_C),27-20391701-0,0,8052,DE CHICHO (Almacen/Despensa_A),27-20391701-0,0,MOVER A MASTER Y MARCAR DELETED
GEO_3391,3182,GARCIA CARLA EUGENIA (Autoservicio Tradicional_C),27-30571628-1,0,8335,GARCIA CARLA EUGENIA (Autoservicio Tradicional_B),27-30571628-1,0,MOVER A MASTER Y MARCAR DELETED
GEO_3392,3182,GARCIA CARLA EUGENIA (Autoservicio Tradicional_C),27-30571628-1,0,8335,GARCIA CARLA EUGENIA (Autoservicio Tradicional_B),27-30571628-1,0,MOVER A MASTER Y MARCAR DELETED
GEO_3393,3182,GARCIA CARLA EUGENIA (Autoservicio Tradicional_C),27-30571628-1,0,8335,GARCIA CARLA EUGENIA (Autoservicio Tradicional_B),27-30571628-1,0,MOVER A MASTER Y MARCAR DELETED
GEO_3394,3182,GARCIA CARLA EUGENIA (Autoservicio Tradicional_C),27-30571628-1,0,8335,GARCIA CARLA EUGENIA (Autoservicio Tradicional_B),27-30571628-1,0,MOVER A MASTER Y MARCAR DELETED
GEO_3395,3182,GARCIA CARLA EUGENIA (Autoservicio Tradicional_C),27-30571628-1,0,8335,GARCIA CARLA EUGENIA (Autoservicio Tradicional_B),27-30571628-1,0,MOVER A MASTER Y MARCAR DELETED
GEO_3396,3182,GARCIA CARLA EUGENIA (Autoservicio Tradicional_C),27-30571628-1,0,8335,GARCIA CARLA EUGENIA (Autoservicio Tradicional_B),27-30571628-1,0,MOVER A MASTER Y MARCAR DELETED
GEO_3397,3469,ROJO FRANCO  (Almacen/Despensa_B),20-44930361-0,0,8620,ROJO FRANCO  (Almacen/Despensa_B),20-44930361-0,0,MOVER A MASTER Y MARCAR DELETED
GEO_3398,3194,DAFFONCHIO FLORENCIA  (Kiosco/Maxikiosco_B),27-40222871-2,0,8425,DAFFONCHIO FLORENCIA  (Kiosco/Maxikiosco_B),27-40222871-2,0,MOVER A MASTER Y MARCAR DELETED
GEO_3399,3043,VENI ACA (Carniceria/Granja_B),20-32066507-9,0,8080,VENI ACA (Carniceria/Granja_B),20-32066507-9,0,MOVER A MASTER Y MARCAR DELETED
GEO_3400,3043,VENI ACA (Carniceria/Granja_B),20-32066507-9,0,8080,VENI ACA (Carniceria/Granja_B),20-32066507-9,0,MOVER A MASTER Y MARCAR DELETED
GEO_3401,3043,VENI ACA (Carniceria/Granja_B),20-32066507-9,0,8080,VENI ACA (Carniceria/Granja_B),20-32066507-9,0,MOVER A MASTER Y MARCAR DELETED
GEO_3402,3043,VENI ACA (Carniceria/Granja_B),20-32066507-9,0,8080,VENI ACA (Carniceria/Granja_B),20-32066507-9,0,MOVER A MASTER Y MARCAR DELETED
GEO_3403,3043,VENI ACA (Carniceria/Granja_B),20-32066507-9,0,8080,VENI ACA (Carniceria/Granja_B),20-32066507-9,0,MOVER A MASTER Y MARCAR DELETED
GEO_3404,4100,BARBERO SERGIO (Almacen/Despensa_C),28329522,0,9059,BARBERO SERGIO (Almacen/Despensa_C),28329522,0,MOVER A MASTER Y MARCAR DELETED
GEO_3405,3211,MARTINEZ NATALIA (Kiosco/Maxikiosco_C),31656665,0,8432,MARTINEZ NATALIA (Kiosco/Maxikiosco_C),31656665,0,MOVER A MASTER Y MARCAR DELETED
GEO_3406,3212,AUTOSERVICIO DEL SOL (Almacen/Despensa_C),20-16846680-4,0,8447,AUTOSERVICIO DEL SOL (Almacen/Despensa_C),20-16846680-4,0,MOVER A MASTER Y MARCAR DELETED
GEO_3407,3214,RODRIGUEZ MARIA YESICA (Almacen/Despensa_C),27-31905653-5,0,8449,RODRIGUEZ MARIA YESICA (Almacen/Despensa_C),27-31905653-5,0,MOVER A MASTER Y MARCAR DELETED
GEO_3408,3214,RODRIGUEZ MARIA YESICA (Almacen/Despensa_C),27-31905653-5,0,8449,RODRIGUEZ MARIA YESICA (Almacen/Despensa_C),27-31905653-5,0,MOVER A MASTER Y MARCAR DELETED
GEO_3409,3214,RODRIGUEZ MARIA YESICA (Almacen/Despensa_C),27-31905653-5,0,8449,RODRIGUEZ MARIA YESICA (Almacen/Despensa_C),27-31905653-5,0,MOVER A MASTER Y MARCAR DELETED
GEO_3410,3220,CARINI CECILIA SOLEDAD (Almacen/Despensa_C),23-33432970-4,0,8446,CARINI CECILIA SOLEDAD (Almacen/Despensa_C),23-33432970-4,0,MOVER A MASTER Y MARCAR DELETED
GEO_3411,3757,GONZALEZ PATRICIA ALEJANDRA (Resto de On Premise_C),24125596,0,8922,GONZALEZ PATRICIA ALEJANDRA (Resto de On Premise_C),24125596,0,MOVER A MASTER Y MARCAR DELETED
GEO_3412,3757,GONZALEZ PATRICIA ALEJANDRA (Resto de On Premise_C),24125596,0,8922,GONZALEZ PATRICIA ALEJANDRA (Resto de On Premise_C),24125596,0,MOVER A MASTER Y MARCAR DELETED
GEO_3413,3255,PONCE ADRIANA (Almacen/Despensa_C),18198071,0,8499,PONCE ADRIANA (Almacen/Despensa_C),18198071,0,MOVER A MASTER Y MARCAR DELETED
GEO_3414,3255,PONCE ADRIANA (Almacen/Despensa_C),18198071,0,8499,PONCE ADRIANA (Almacen/Despensa_C),18198071,0,MOVER A MASTER Y MARCAR DELETED
GEO_3415,3226,FERNANDEZ ADRIANA (Almacen/Despensa_C),23373143,0,8457,FERNANDEZ ADRIANA (Almacen/Despensa_C),23373143,0,MOVER A MASTER Y MARCAR DELETED
GEO_3416,3227,CARDACIA PATRICIA  (Kiosco/Maxikiosco_C),13898065,0,8452,CARDACIA PATRICIA  (Kiosco/Maxikiosco_C),13898065,0,MOVER A MASTER Y MARCAR DELETED
GEO_3417,3227,CARDACIA PATRICIA  (Kiosco/Maxikiosco_C),13898065,0,8452,CARDACIA PATRICIA  (Kiosco/Maxikiosco_C),13898065,0,MOVER A MASTER Y MARCAR DELETED
GEO_3418,3227,CARDACIA PATRICIA  (Kiosco/Maxikiosco_C),13898065,0,8452,CARDACIA PATRICIA  (Kiosco/Maxikiosco_C),13898065,0,MOVER A MASTER Y MARCAR DELETED
GEO_3419,3227,CARDACIA PATRICIA  (Kiosco/Maxikiosco_C),13898065,0,8452,CARDACIA PATRICIA  (Kiosco/Maxikiosco_C),13898065,0,MOVER A MASTER Y MARCAR DELETED
GEO_3420,3227,CARDACIA PATRICIA  (Kiosco/Maxikiosco_C),13898065,0,8452,CARDACIA PATRICIA  (Kiosco/Maxikiosco_C),13898065,0,MOVER A MASTER Y MARCAR DELETED
GEO_3421,3227,CARDACIA PATRICIA  (Kiosco/Maxikiosco_C),13898065,0,8452,CARDACIA PATRICIA  (Kiosco/Maxikiosco_C),13898065,0,MOVER A MASTER Y MARCAR DELETED
GEO_3422,3236,SOSA MARIELA FABIANA (Almacen/Despensa_C),27-26080221-1,0,8463,SOSA MARIELA FABIANA (Almacen/Despensa_C),27-26080221-1,0,MOVER A MASTER Y MARCAR DELETED
GEO_3423,3236,SOSA MARIELA FABIANA (Almacen/Despensa_C),27-26080221-1,0,8463,SOSA MARIELA FABIANA (Almacen/Despensa_C),27-26080221-1,0,MOVER A MASTER Y MARCAR DELETED
GEO_3424,3236,SOSA MARIELA FABIANA (Almacen/Despensa_C),27-26080221-1,0,8463,SOSA MARIELA FABIANA (Almacen/Despensa_C),27-26080221-1,0,MOVER A MASTER Y MARCAR DELETED
GEO_3425,3247,CORRAL GUSTAVO (Autoservicio Tradicional_C),20-05067509-3,0,8476,CORRAL GUSTAVO (Autoservicio Tradicional_C),20-05067509-3,0,MOVER A MASTER Y MARCAR DELETED
GEO_3426,3248,AGUIAR PEDRO LUIS (Almacen/Despensa_C),11613098,0,8471,AGUIAR PEDRO LUIS (Almacen/Despensa_C),11613098,0,MOVER A MASTER Y MARCAR DELETED
GEO_3427,3250,MARTIRENA MARIA VANESA (Almacen/Despensa_C),23-26524618-4,0,8473,MARTIRENA MARIA VANESA (Almacen/Despensa_C),23-26524618-4,0,MOVER A MASTER Y MARCAR DELETED
GEO_3428,3250,MARTIRENA MARIA VANESA (Almacen/Despensa_C),23-26524618-4,0,8473,MARTIRENA MARIA VANESA (Almacen/Despensa_C),23-26524618-4,0,MOVER A MASTER Y MARCAR DELETED
GEO_3429,3250,MARTIRENA MARIA VANESA (Almacen/Despensa_C),23-26524618-4,0,8473,MARTIRENA MARIA VANESA (Almacen/Despensa_C),23-26524618-4,0,MOVER A MASTER Y MARCAR DELETED
GEO_3430,3250,MARTIRENA MARIA VANESA (Almacen/Despensa_C),23-26524618-4,0,8473,MARTIRENA MARIA VANESA (Almacen/Despensa_C),23-26524618-4,0,MOVER A MASTER Y MARCAR DELETED
GEO_3431,3261,LOPEZ CAMILA (Almacen/Despensa_C),43657280,0,8407,LOPEZ CAMILA (Almacen/Despensa_C),43657280,0,MOVER A MASTER Y MARCAR DELETED
GEO_3432,3262,PERALTA ADITA (Almacen/Despensa_C),14627666,0,8408,PERALTA ADITA (Almacen/Despensa_C),14627666,0,MOVER A MASTER Y MARCAR DELETED
GEO_3433,3263,MENTA NANCY ELISABET (Almacen/Despensa_C),27-16846619-1,0,8332,MENTA NANCY ELISABET (Almacen/Despensa_C),27-16846619-1,0,MOVER A MASTER Y MARCAR DELETED
GEO_3434,3263,MENTA NANCY ELISABET (Almacen/Despensa_C),27-16846619-1,0,8332,MENTA NANCY ELISABET (Almacen/Despensa_C),27-16846619-1,0,MOVER A MASTER Y MARCAR DELETED
GEO_3435,3263,MENTA NANCY ELISABET (Almacen/Despensa_C),27-16846619-1,0,8332,MENTA NANCY ELISABET (Almacen/Despensa_C),27-16846619-1,0,MOVER A MASTER Y MARCAR DELETED
GEO_3436,3273,LEGUIZAMON ADRIAN (Kiosco/Maxikiosco_C),12135160,0,8344,LEGUIZAMON ADRIAN (Kiosco/Maxikiosco_C),12135160,0,MOVER A MASTER Y MARCAR DELETED
GEO_3437,4224,ALFOCEA LUCIANO NAHUEL  (Almacen/Despensa_P),20-40944160-3,0,8753,ALFOCEA LUCIANO NAHUEL  (Almacen/Despensa_P),20-40944160-3,0,MOVER A MASTER Y MARCAR DELETED
GEO_3438,4224,ALFOCEA LUCIANO NAHUEL  (Almacen/Despensa_P),20-40944160-3,0,8753,ALFOCEA LUCIANO NAHUEL  (Almacen/Despensa_P),20-40944160-3,0,MOVER A MASTER Y MARCAR DELETED
GEO_3439,4224,ALFOCEA LUCIANO NAHUEL  (Almacen/Despensa_P),20-40944160-3,0,8753,ALFOCEA LUCIANO NAHUEL  (Almacen/Despensa_P),20-40944160-3,0,MOVER A MASTER Y MARCAR DELETED
GEO_3440,3281,EL KAFU STELLA MARIS (Kiosco/Maxikiosco_C),27-16388417-3,0,8354,EL KAFU STELLA MARIS (Kiosco/Maxikiosco_C),27-16388417-3,0,MOVER A MASTER Y MARCAR DELETED
GEO_3441,3281,EL KAFU STELLA MARIS (Kiosco/Maxikiosco_C),27-16388417-3,0,8354,EL KAFU STELLA MARIS (Kiosco/Maxikiosco_C),27-16388417-3,0,MOVER A MASTER Y MARCAR DELETED
GEO_3442,3281,EL KAFU STELLA MARIS (Kiosco/Maxikiosco_C),27-16388417-3,0,8354,EL KAFU STELLA MARIS (Kiosco/Maxikiosco_C),27-16388417-3,0,MOVER A MASTER Y MARCAR DELETED
GEO_3443,3287,CASTELU CLAUDIA SUSANA (Kiosco/Maxikiosco_C),27-18470105-2,0,8378,CASTELU CLAUDIA SUSANA (Kiosco/Maxikiosco_A),27-18470105-2,0,MOVER A MASTER Y MARCAR DELETED
GEO_3444,3287,CASTELU CLAUDIA SUSANA (Kiosco/Maxikiosco_C),27-18470105-2,0,8378,CASTELU CLAUDIA SUSANA (Kiosco/Maxikiosco_A),27-18470105-2,0,MOVER A MASTER Y MARCAR DELETED
GEO_3445,4041,DECUNDO DANIEL ANTONIO (Kiosco/Maxikiosco_C),20-17528244-1,0,9246,DECUNDO DANIEL ANTONIO (Kiosco/Maxikiosco_C),20-17528244-1,0,MOVER A MASTER Y MARCAR DELETED
GEO_3446,4041,DECUNDO DANIEL ANTONIO (Kiosco/Maxikiosco_C),20-17528244-1,0,9246,DECUNDO DANIEL ANTONIO (Kiosco/Maxikiosco_C),20-17528244-1,0,MOVER A MASTER Y MARCAR DELETED
GEO_3447,4041,DECUNDO DANIEL ANTONIO (Kiosco/Maxikiosco_C),20-17528244-1,0,9246,DECUNDO DANIEL ANTONIO (Kiosco/Maxikiosco_C),20-17528244-1,0,MOVER A MASTER Y MARCAR DELETED
GEO_3448,4041,DECUNDO DANIEL ANTONIO (Kiosco/Maxikiosco_C),20-17528244-1,0,9246,DECUNDO DANIEL ANTONIO (Kiosco/Maxikiosco_C),20-17528244-1,0,MOVER A MASTER Y MARCAR DELETED
GEO_3449,3297,CERESANI MARCELO (Resto de On Premise_C),30553255,0,8373,CERESANI MARCELO (Resto de On Premise_C),30553255,0,MOVER A MASTER Y MARCAR DELETED
GEO_3450,3297,CERESANI MARCELO (Resto de On Premise_C),30553255,0,8373,CERESANI MARCELO (Resto de On Premise_C),30553255,0,MOVER A MASTER Y MARCAR DELETED
GEO_3451,3746,JUNGLEIB VALERIA (Almacen/Despensa_C),25577342,0,8912,JUNGLEIB VALERIA (Almacen/Despensa_C),25577342,0,MOVER A MASTER Y MARCAR DELETED
GEO_3452,3746,JUNGLEIB VALERIA (Almacen/Despensa_C),25577342,0,8912,JUNGLEIB VALERIA (Almacen/Despensa_C),25577342,0,MOVER A MASTER Y MARCAR DELETED
GEO_3453,3746,JUNGLEIB VALERIA (Almacen/Despensa_C),25577342,0,8912,JUNGLEIB VALERIA (Almacen/Despensa_C),25577342,0,MOVER A MASTER Y MARCAR DELETED
GEO_3454,3746,JUNGLEIB VALERIA (Almacen/Despensa_C),25577342,0,8912,JUNGLEIB VALERIA (Almacen/Despensa_C),25577342,0,MOVER A MASTER Y MARCAR DELETED
GEO_3455,3315,SIDOTTI GERARDO LUIS (Almacen/Despensa_C),27635097,0,8382,SIDOTTI GERARDO LUIS (Almacen/Despensa_C),27635097,0,MOVER A MASTER Y MARCAR DELETED
GEO_3456,3315,SIDOTTI GERARDO LUIS (Almacen/Despensa_C),27635097,0,8382,SIDOTTI GERARDO LUIS (Almacen/Despensa_C),27635097,0,MOVER A MASTER Y MARCAR DELETED
GEO_3457,5044,GONZALEZ GERARDO (Almacen/Despensa_A),111111,0,10199,GONZALEZ GERARDO (Almacen/Despensa_A),111111,0,MOVER A MASTER Y MARCAR DELETED
GEO_3458,5044,GONZALEZ GERARDO (Almacen/Despensa_A),111111,0,10199,GONZALEZ GERARDO (Almacen/Despensa_A),111111,0,MOVER A MASTER Y MARCAR DELETED
GEO_3459,5044,GONZALEZ GERARDO (Almacen/Despensa_A),111111,0,10199,GONZALEZ GERARDO (Almacen/Despensa_A),111111,0,MOVER A MASTER Y MARCAR DELETED
GEO_3460,5044,GONZALEZ GERARDO (Almacen/Despensa_A),111111,0,10199,GONZALEZ GERARDO (Almacen/Despensa_A),111111,0,MOVER A MASTER Y MARCAR DELETED
GEO_3461,3323,LA CHAROLA (Fiambreria_C),27-31710178-9,0,8392,LA CHAROLA (Fiambreria_C),27-31710178-9,0,MOVER A MASTER Y MARCAR DELETED
GEO_3462,3323,LA CHAROLA (Fiambreria_C),27-31710178-9,0,8392,LA CHAROLA (Fiambreria_C),27-31710178-9,0,MOVER A MASTER Y MARCAR DELETED
GEO_3463,3323,LA CHAROLA (Fiambreria_C),27-31710178-9,0,8392,LA CHAROLA (Fiambreria_C),27-31710178-9,0,MOVER A MASTER Y MARCAR DELETED
GEO_3464,3323,LA CHAROLA (Fiambreria_C),27-31710178-9,0,8392,LA CHAROLA (Fiambreria_C),27-31710178-9,0,MOVER A MASTER Y MARCAR DELETED
GEO_3465,3323,LA CHAROLA (Fiambreria_C),27-31710178-9,0,8392,LA CHAROLA (Fiambreria_C),27-31710178-9,0,MOVER A MASTER Y MARCAR DELETED
GEO_3466,3323,LA CHAROLA (Fiambreria_C),27-31710178-9,0,8392,LA CHAROLA (Fiambreria_C),27-31710178-9,0,MOVER A MASTER Y MARCAR DELETED
GEO_3467,3341,FUENTES MARIA JOSE (Kiosco/Maxikiosco_C),20-25577323-3,0,8278,FUENTES MARIA JOSE (Kiosco/Maxikiosco_C),20-25577323-3,0,MOVER A MASTER Y MARCAR DELETED
GEO_3468,3344,CASADO GRACIELA (Almacen/Despensa_C),14780765,0,8275,CASADO GRACIELA (Almacen/Despensa_C),14780765,0,MOVER A MASTER Y MARCAR DELETED
GEO_3469,3346,RIOS ALBERTO (Almacen/Despensa_B),20-20257821-8,0,8277,RIOS ALBERTO (Almacen/Despensa_B),20-20257821-8,0,MOVER A MASTER Y MARCAR DELETED
GEO_3470,3349,MARTINEZ MIRTA MABEL (Almacen/Despensa_B),27-16301093-9,0,8274,MARTINEZ MIRTA MABEL (Almacen/Despensa_B),27-16301093-9,0,MOVER A MASTER Y MARCAR DELETED
GEO_3471,3349,MARTINEZ MIRTA MABEL (Almacen/Despensa_B),27-16301093-9,0,8274,MARTINEZ MIRTA MABEL (Almacen/Despensa_B),27-16301093-9,0,MOVER A MASTER Y MARCAR DELETED
GEO_3472,3349,MARTINEZ MIRTA MABEL (Almacen/Despensa_B),27-16301093-9,0,8274,MARTINEZ MIRTA MABEL (Almacen/Despensa_B),27-16301093-9,0,MOVER A MASTER Y MARCAR DELETED
GEO_3473,3355,BELAUSTEGUI HNOS S.H (Resto de Tradicionales_P),30-71223454-3,0,8288,BELAUSTEGUI HNOS S.H (Resto de Tradicionales_P),30-71223454-3,0,MOVER A MASTER Y MARCAR DELETED
GEO_3474,3356,MALDONADO ESTEFANIA (Almacen/Despensa_C),36905411,0,8283,MALDONADO ESTEFANIA (Almacen/Despensa_B),36905411,0,MOVER A MASTER Y MARCAR DELETED
GEO_3475,3356,MALDONADO ESTEFANIA (Almacen/Despensa_C),36905411,0,8283,MALDONADO ESTEFANIA (Almacen/Despensa_B),36905411,0,MOVER A MASTER Y MARCAR DELETED
GEO_3476,3356,MALDONADO ESTEFANIA (Almacen/Despensa_C),36905411,0,8283,MALDONADO ESTEFANIA (Almacen/Despensa_B),36905411,0,MOVER A MASTER Y MARCAR DELETED
GEO_3477,3360,CASADO LEGUIZAMON FACUNDO DAMIAN (Almacen/Despensa_C),20-41103770-4,0,8281,CASADO LEGUIZAMON FACUNDO DAMIAN (Almacen/Despensa_C),20-41103770-4,0,MOVER A MASTER Y MARCAR DELETED
GEO_3478,3360,CASADO LEGUIZAMON FACUNDO DAMIAN (Almacen/Despensa_C),20-41103770-4,0,8281,CASADO LEGUIZAMON FACUNDO DAMIAN (Almacen/Despensa_C),20-41103770-4,0,MOVER A MASTER Y MARCAR DELETED
GEO_3479,3360,CASADO LEGUIZAMON FACUNDO DAMIAN (Almacen/Despensa_C),20-41103770-4,0,8281,CASADO LEGUIZAMON FACUNDO DAMIAN (Almacen/Despensa_C),20-41103770-4,0,MOVER A MASTER Y MARCAR DELETED
GEO_3480,3360,CASADO LEGUIZAMON FACUNDO DAMIAN (Almacen/Despensa_C),20-41103770-4,0,8281,CASADO LEGUIZAMON FACUNDO DAMIAN (Almacen/Despensa_C),20-41103770-4,0,MOVER A MASTER Y MARCAR DELETED
GEO_3481,3360,CASADO LEGUIZAMON FACUNDO DAMIAN (Almacen/Despensa_C),20-41103770-4,0,8281,CASADO LEGUIZAMON FACUNDO DAMIAN (Almacen/Despensa_C),20-41103770-4,0,MOVER A MASTER Y MARCAR DELETED
GEO_3482,3360,CASADO LEGUIZAMON FACUNDO DAMIAN (Almacen/Despensa_C),20-41103770-4,0,8281,CASADO LEGUIZAMON FACUNDO DAMIAN (Almacen/Despensa_C),20-41103770-4,0,MOVER A MASTER Y MARCAR DELETED
GEO_3483,3360,CASADO LEGUIZAMON FACUNDO DAMIAN (Almacen/Despensa_C),20-41103770-4,0,8281,CASADO LEGUIZAMON FACUNDO DAMIAN (Almacen/Despensa_C),20-41103770-4,0,MOVER A MASTER Y MARCAR DELETED
GEO_3484,3360,CASADO LEGUIZAMON FACUNDO DAMIAN (Almacen/Despensa_C),20-41103770-4,0,8281,CASADO LEGUIZAMON FACUNDO DAMIAN (Almacen/Despensa_C),20-41103770-4,0,MOVER A MASTER Y MARCAR DELETED
GEO_3485,3360,CASADO LEGUIZAMON FACUNDO DAMIAN (Almacen/Despensa_C),20-41103770-4,0,8281,CASADO LEGUIZAMON FACUNDO DAMIAN (Almacen/Despensa_C),20-41103770-4,0,MOVER A MASTER Y MARCAR DELETED
GEO_3486,3389,MANESSI MAURICIO NICOLAS (Resto de On Premise_P),20-35907164-8,0,8310,MANESSI MAURICIO NICOLAS (Resto de On Premise_P),20-35907164-8,0,MOVER A MASTER Y MARCAR DELETED
GEO_3487,3389,MANESSI MAURICIO NICOLAS (Resto de On Premise_P),20-35907164-8,0,8310,MANESSI MAURICIO NICOLAS (Resto de On Premise_P),20-35907164-8,0,MOVER A MASTER Y MARCAR DELETED
GEO_3488,3389,MANESSI MAURICIO NICOLAS (Resto de On Premise_P),20-35907164-8,0,8310,MANESSI MAURICIO NICOLAS (Resto de On Premise_P),20-35907164-8,0,MOVER A MASTER Y MARCAR DELETED
GEO_3489,3389,MANESSI MAURICIO NICOLAS (Resto de On Premise_P),20-35907164-8,0,8310,MANESSI MAURICIO NICOLAS (Resto de On Premise_P),20-35907164-8,0,MOVER A MASTER Y MARCAR DELETED
GEO_3490,3402,CASTELLANO VICTOR LAUREANO (Resto de On Premise_A),20-21459010-8,0,8292,CASTELLANO VICTOR LAUREANO (Resto de On Premise_A),20-21459010-8,0,MOVER A MASTER Y MARCAR DELETED
GEO_3491,3402,CASTELLANO VICTOR LAUREANO (Resto de On Premise_A),20-21459010-8,0,8292,CASTELLANO VICTOR LAUREANO (Resto de On Premise_A),20-21459010-8,0,MOVER A MASTER Y MARCAR DELETED
GEO_3492,3409,VINOTECA LA BODEGA DE BRAGADO (Mayoristas_C),20-24413964-8,0,8362,VINOTECA LA BODEGA DE BRAGADO (Mayoristas_C),20-24413964-8,0,MOVER A MASTER Y MARCAR DELETED
GEO_3493,3409,VINOTECA LA BODEGA DE BRAGADO (Mayoristas_C),20-24413964-8,0,8362,VINOTECA LA BODEGA DE BRAGADO (Mayoristas_C),20-24413964-8,0,MOVER A MASTER Y MARCAR DELETED
GEO_3494,3409,VINOTECA LA BODEGA DE BRAGADO (Mayoristas_C),20-24413964-8,0,8362,VINOTECA LA BODEGA DE BRAGADO (Mayoristas_C),20-24413964-8,0,MOVER A MASTER Y MARCAR DELETED
GEO_3495,3409,VINOTECA LA BODEGA DE BRAGADO (Mayoristas_C),20-24413964-8,0,8362,VINOTECA LA BODEGA DE BRAGADO (Mayoristas_C),20-24413964-8,0,MOVER A MASTER Y MARCAR DELETED
GEO_3496,3418,CHUIT VALERIA NOEMI (Almacen/Despensa_C),27-31435310-8,0,8701,CHUIT VALERIA NOEMI (Almacen/Despensa_C),27-31435310-8,0,MOVER A MASTER Y MARCAR DELETED
GEO_3497,3418,CHUIT VALERIA NOEMI (Almacen/Despensa_C),27-31435310-8,0,8701,CHUIT VALERIA NOEMI (Almacen/Despensa_C),27-31435310-8,0,MOVER A MASTER Y MARCAR DELETED
GEO_3498,3423,LEIVA ROSANA (Almacen/Despensa_B),14534136,0,8714,LEIVA ROSANA (Almacen/Despensa_B),14534136,0,MOVER A MASTER Y MARCAR DELETED
GEO_3499,3424,VIGNAU HORACIO (Almacen/Despensa_C),17498561,0,8715,VIGNAU HORACIO (Almacen/Despensa_C),17498561,0,MOVER A MASTER Y MARCAR DELETED
GEO_3500,3424,VIGNAU HORACIO (Almacen/Despensa_C),17498561,0,8715,VIGNAU HORACIO (Almacen/Despensa_C),17498561,0,MOVER A MASTER Y MARCAR DELETED
GEO_3501,3436,SAN PABLO SILVIA ADRIANA (Almacen/Despensa_C),27-18147836-0,0,8723,SAN PABLO SILVIA ADRIANA (Almacen/Despensa_C),27-18147836-0,0,MOVER A MASTER Y MARCAR DELETED
GEO_3502,3436,SAN PABLO SILVIA ADRIANA (Almacen/Despensa_C),27-18147836-0,0,8723,SAN PABLO SILVIA ADRIANA (Almacen/Despensa_C),27-18147836-0,0,MOVER A MASTER Y MARCAR DELETED
GEO_3503,3442,RODRIGUEZ YANINA (Almacen/Despensa_C),35828647,0,8737,RODRIGUEZ YANINA (Almacen/Despensa_A),35828647,0,MOVER A MASTER Y MARCAR DELETED
GEO_3504,3446,PEDERSOLI CRISTIAN LUCIANO (Almacen/Despensa_C),20-26928600-9,0,8732,PEDERSOLI CRISTIAN LUCIANO (Almacen/Despensa_C),20-26928600-9,0,MOVER A MASTER Y MARCAR DELETED
GEO_3505,3446,PEDERSOLI CRISTIAN LUCIANO (Almacen/Despensa_C),20-26928600-9,0,8732,PEDERSOLI CRISTIAN LUCIANO (Almacen/Despensa_C),20-26928600-9,0,MOVER A MASTER Y MARCAR DELETED
GEO_3506,3446,PEDERSOLI CRISTIAN LUCIANO (Almacen/Despensa_C),20-26928600-9,0,8732,PEDERSOLI CRISTIAN LUCIANO (Almacen/Despensa_C),20-26928600-9,0,MOVER A MASTER Y MARCAR DELETED
GEO_3507,3446,PEDERSOLI CRISTIAN LUCIANO (Almacen/Despensa_C),20-26928600-9,0,8732,PEDERSOLI CRISTIAN LUCIANO (Almacen/Despensa_C),20-26928600-9,0,MOVER A MASTER Y MARCAR DELETED
GEO_3508,3446,PEDERSOLI CRISTIAN LUCIANO (Almacen/Despensa_C),20-26928600-9,0,8732,PEDERSOLI CRISTIAN LUCIANO (Almacen/Despensa_C),20-26928600-9,0,MOVER A MASTER Y MARCAR DELETED
GEO_3509,3446,PEDERSOLI CRISTIAN LUCIANO (Almacen/Despensa_C),20-26928600-9,0,8732,PEDERSOLI CRISTIAN LUCIANO (Almacen/Despensa_C),20-26928600-9,0,MOVER A MASTER Y MARCAR DELETED
GEO_3510,3446,PEDERSOLI CRISTIAN LUCIANO (Almacen/Despensa_C),20-26928600-9,0,8732,PEDERSOLI CRISTIAN LUCIANO (Almacen/Despensa_C),20-26928600-9,0,MOVER A MASTER Y MARCAR DELETED
GEO_3511,3473,GAUNA EZEQUIEL HERNAN (Almacen/Despensa_C),20-27509035-3,0,8502,GAUNA EZEQUIEL HERNAN (Almacen/Despensa_C),20-27509035-3,0,MOVER A MASTER Y MARCAR DELETED
GEO_3512,3480,VENTRE ANDREA ELBA ELIZABETH (Almacen/Despensa_C),27-24219949-4,0,8730,VENTRE ANDREA ELBA ELIZABETH (Almacen/Despensa_C),27-24219949-4,0,MOVER A MASTER Y MARCAR DELETED
GEO_3513,3480,VENTRE ANDREA ELBA ELIZABETH (Almacen/Despensa_C),27-24219949-4,0,8730,VENTRE ANDREA ELBA ELIZABETH (Almacen/Despensa_C),27-24219949-4,0,MOVER A MASTER Y MARCAR DELETED
GEO_3514,3483,FERRARI PATRICIA ALEJANDRA (Almacen/Despensa_A),27-16775429-0,0,8556,FERRARI PATRICIA ALEJANDRA (Almacen/Despensa_A),27-16775429-0,0,MOVER A MASTER Y MARCAR DELETED
GEO_3515,3484,MOLINO ARROCERO MILENIUM S. A. (Resto de Tradicionales_C),30-70710560-3,0,8557,MOLINO ARROCERO MILENIUM S. A. (Resto de Tradicionales_C),30-70710560-3,0,MOVER A MASTER Y MARCAR DELETED
GEO_3516,3484,MOLINO ARROCERO MILENIUM S. A. (Resto de Tradicionales_C),30-70710560-3,0,8557,MOLINO ARROCERO MILENIUM S. A. (Resto de Tradicionales_C),30-70710560-3,0,MOVER A MASTER Y MARCAR DELETED
GEO_3517,3484,MOLINO ARROCERO MILENIUM S. A. (Resto de Tradicionales_C),30-70710560-3,0,8557,MOLINO ARROCERO MILENIUM S. A. (Resto de Tradicionales_C),30-70710560-3,0,MOVER A MASTER Y MARCAR DELETED
GEO_3518,3517,YOCARO S.A. (Almacen/Despensa_C),30-71017870-0,0,8749,YOCARO S.A. (Almacen/Despensa_C),30-71017870-0,0,MOVER A MASTER Y MARCAR DELETED
GEO_3519,3536,GONZALEZ DANIEL ALBERTO (Resto de Tradicionales_A),20-35833513-7,0,8683,GONZALEZ DANIEL ALBERTO (Resto de Tradicionales_P),20-35833513-7,0,MOVER A MASTER Y MARCAR DELETED
GEO_3520,3539,SOSA HEBER DAVID (Almacen/Despensa_A),20-37791319-2,0,8680,SOSA HEBER DAVID (Almacen/Despensa_A),20-37791319-2,0,MOVER A MASTER Y MARCAR DELETED
GEO_3521,3546,SIMIONATA ANDREA (Almacen/Despensa_B),35828630,0,8695,SIMIONATA ANDREA (Almacen/Despensa_B),35828630,0,MOVER A MASTER Y MARCAR DELETED
GEO_3522,3546,SIMIONATA ANDREA (Almacen/Despensa_B),35828630,0,8695,SIMIONATA ANDREA (Almacen/Despensa_B),35828630,0,MOVER A MASTER Y MARCAR DELETED
GEO_3523,3552,CLAUDIA VANESA BRAMAJO (Almacen/Despensa_C),23-26351344-4,0,8662,CLAUDIA VANESA BRAMAJO (Almacen/Despensa_C),23-26351344-4,0,MOVER A MASTER Y MARCAR DELETED
GEO_3524,3553,ADROVER FLAVIA (Almacen/Despensa_C),35063391,0,8663,ADROVER FLAVIA (Almacen/Despensa_C),35063391,0,MOVER A MASTER Y MARCAR DELETED
GEO_3525,3554,BEVILACQUA HECTOR GABRIEL (Almacen/Despensa_B),23-27635091-9,0,8708,BEVILACQUA HECTOR GABRIEL (Almacen/Despensa_B),23-27635091-9,0,MOVER A MASTER Y MARCAR DELETED
GEO_3526,3554,BEVILACQUA HECTOR GABRIEL (Almacen/Despensa_B),23-27635091-9,0,8708,BEVILACQUA HECTOR GABRIEL (Almacen/Despensa_B),23-27635091-9,0,MOVER A MASTER Y MARCAR DELETED
GEO_3527,3554,BEVILACQUA HECTOR GABRIEL (Almacen/Despensa_B),23-27635091-9,0,8708,BEVILACQUA HECTOR GABRIEL (Almacen/Despensa_B),23-27635091-9,0,MOVER A MASTER Y MARCAR DELETED
GEO_3528,3610,DIRECCION GENERAL DE CULTURA Y EDUCACIONDE LA PROV (Instituciones_C),30-62739371-3,0,8609,DIRECCION GENERAL DE CULTURA Y EDUCACIONDE LA PROV (Instituciones_C),30-62739371-3,0,MOVER A MASTER Y MARCAR DELETED
GEO_3529,3576,LECAM GISELA (Almacen/Despensa_B),27-31265804-1,0,8561,LECAM GISELA (Almacen/Despensa_B),27-31265804-1,0,MOVER A MASTER Y MARCAR DELETED
GEO_3530,3576,LECAM GISELA (Almacen/Despensa_B),27-31265804-1,0,8561,LECAM GISELA (Almacen/Despensa_B),27-31265804-1,0,MOVER A MASTER Y MARCAR DELETED
GEO_3531,2630,VANINETTI VERONICA MARINA (Almacen/Despensa_C),27-25564461-6,0,7589,VANINETTI VERONICA MARINA (Almacen/Despensa_C),27-25564461-6,0,MOVER A MASTER Y MARCAR DELETED
GEO_3532,2630,VANINETTI VERONICA MARINA (Almacen/Despensa_C),27-25564461-6,0,7589,VANINETTI VERONICA MARINA (Almacen/Despensa_C),27-25564461-6,0,MOVER A MASTER Y MARCAR DELETED
GEO_3533,2630,VANINETTI VERONICA MARINA (Almacen/Despensa_C),27-25564461-6,0,7589,VANINETTI VERONICA MARINA (Almacen/Despensa_C),27-25564461-6,0,MOVER A MASTER Y MARCAR DELETED
GEO_3534,3614,ESTABLECIMIENTO HUMBERTO CANALE S A COMERCIAL INDU (Instituciones_C),33-50210468-9,0,8601,ESTABLECIMIENTO HUMBERTO CANALE S A COMERCIAL INDU (Instituciones_C),33-50210468-9,0,MOVER A MASTER Y MARCAR DELETED
GEO_3535,3614,ESTABLECIMIENTO HUMBERTO CANALE S A COMERCIAL INDU (Instituciones_C),33-50210468-9,0,8601,ESTABLECIMIENTO HUMBERTO CANALE S A COMERCIAL INDU (Instituciones_C),33-50210468-9,0,MOVER A MASTER Y MARCAR DELETED
GEO_3536,3614,ESTABLECIMIENTO HUMBERTO CANALE S A COMERCIAL INDU (Instituciones_C),33-50210468-9,0,8601,ESTABLECIMIENTO HUMBERTO CANALE S A COMERCIAL INDU (Instituciones_C),33-50210468-9,0,MOVER A MASTER Y MARCAR DELETED
GEO_3537,3614,ESTABLECIMIENTO HUMBERTO CANALE S A COMERCIAL INDU (Instituciones_C),33-50210468-9,0,8601,ESTABLECIMIENTO HUMBERTO CANALE S A COMERCIAL INDU (Instituciones_C),33-50210468-9,0,MOVER A MASTER Y MARCAR DELETED
GEO_3538,4227,LEY SECA SOCIEDAD ANONIMA (PARTICULAR_C),30-71482506-9,0,8750,LEY SECA SOCIEDAD ANONIMA (PARTICULAR_C),30-71482506-9,0,MOVER A MASTER Y MARCAR DELETED
GEO_3539,4227,LEY SECA SOCIEDAD ANONIMA (PARTICULAR_C),30-71482506-9,0,8750,LEY SECA SOCIEDAD ANONIMA (PARTICULAR_C),30-71482506-9,0,MOVER A MASTER Y MARCAR DELETED
GEO_3540,4227,LEY SECA SOCIEDAD ANONIMA (PARTICULAR_C),30-71482506-9,0,8750,LEY SECA SOCIEDAD ANONIMA (PARTICULAR_C),30-71482506-9,0,MOVER A MASTER Y MARCAR DELETED
GEO_3541,3634,DEL VALLE SILVIA CRISTINA (Resto de Tradicionales_C),27-92794460-5,0,8887,DEL VALLE SILVIA CRISTINA (Resto de Tradicionales_C),27-92794460-5,0,MOVER A MASTER Y MARCAR DELETED
GEO_3542,3642,ISASI JOSE MARIA (Almacen/Despensa_B),16207040,0,8979,ISASI JOSE MARIA (Almacen/Despensa_B),16207040,0,MOVER A MASTER Y MARCAR DELETED
GEO_3543,3643,HERNANDEZ FRANCISCO MARTIN (Almacen/Despensa_B),20-30057500-6,0,8960,HERNANDEZ FRANCISCO MARTIN (Almacen/Despensa_B),20-30057500-6,0,MOVER A MASTER Y MARCAR DELETED
GEO_3544,3645,MALASEVICH DANIELA MABEL (Almacen/Despensa_C),27-20653828-2,0,8976,MALASEVICH DANIELA MABEL (Almacen/Despensa_C),27-20653828-2,0,MOVER A MASTER Y MARCAR DELETED
GEO_3545,3645,MALASEVICH DANIELA MABEL (Almacen/Despensa_C),27-20653828-2,0,8976,MALASEVICH DANIELA MABEL (Almacen/Despensa_C),27-20653828-2,0,MOVER A MASTER Y MARCAR DELETED
GEO_3546,3645,MALASEVICH DANIELA MABEL (Almacen/Despensa_C),27-20653828-2,0,8976,MALASEVICH DANIELA MABEL (Almacen/Despensa_C),27-20653828-2,0,MOVER A MASTER Y MARCAR DELETED
GEO_3547,3645,MALASEVICH DANIELA MABEL (Almacen/Despensa_C),27-20653828-2,0,8976,MALASEVICH DANIELA MABEL (Almacen/Despensa_C),27-20653828-2,0,MOVER A MASTER Y MARCAR DELETED
GEO_3548,3645,MALASEVICH DANIELA MABEL (Almacen/Despensa_C),27-20653828-2,0,8976,MALASEVICH DANIELA MABEL (Almacen/Despensa_C),27-20653828-2,0,MOVER A MASTER Y MARCAR DELETED
GEO_3549,3661,CHIRINO NOELIA SOLEDAD (Almacen/Despensa_P),27-30312523-5,0,8992,CHIRINO NOELIA SOLEDAD (Almacen/Despensa_P),27-30312523-5,0,MOVER A MASTER Y MARCAR DELETED
GEO_3550,3661,CHIRINO NOELIA SOLEDAD (Almacen/Despensa_P),27-30312523-5,0,8992,CHIRINO NOELIA SOLEDAD (Almacen/Despensa_P),27-30312523-5,0,MOVER A MASTER Y MARCAR DELETED
GEO_3551,3666,BORZALES ALEJANDRA (Almacen/Despensa_C),16806983,0,8968,BORZALES ALEJANDRA (Almacen/Despensa_C),16806983,0,MOVER A MASTER Y MARCAR DELETED
GEO_3552,3707,CAMPIONE HECTOR (Almacen/Despensa_C),5042865,0,8950,CAMPIONE HECTOR (Almacen/Despensa_C),5042865,0,MOVER A MASTER Y MARCAR DELETED
GEO_3553,3707,CAMPIONE HECTOR (Almacen/Despensa_C),5042865,0,8950,CAMPIONE HECTOR (Almacen/Despensa_C),5042865,0,MOVER A MASTER Y MARCAR DELETED
GEO_3554,3707,CAMPIONE HECTOR (Almacen/Despensa_C),5042865,0,8950,CAMPIONE HECTOR (Almacen/Despensa_C),5042865,0,MOVER A MASTER Y MARCAR DELETED
GEO_3555,3707,CAMPIONE HECTOR (Almacen/Despensa_C),5042865,0,8950,CAMPIONE HECTOR (Almacen/Despensa_C),5042865,0,MOVER A MASTER Y MARCAR DELETED
GEO_3556,3707,CAMPIONE HECTOR (Almacen/Despensa_C),5042865,0,8950,CAMPIONE HECTOR (Almacen/Despensa_C),5042865,0,MOVER A MASTER Y MARCAR DELETED
GEO_3557,3690,YESICA MARILIN ANDRES (Almacen/Despensa_C),27-27857995-1,0,8531,YESICA MARILIN ANDRES (Almacen/Despensa_B),27-27857995-1,0,MOVER A MASTER Y MARCAR DELETED
GEO_3558,3693,ZANELLA IARA BELEN (Almacen/Despensa_C),27-38351666-3,0,8548,ZANELLA IARA BELEN (Almacen/Despensa_C),27-38351666-3,0,MOVER A MASTER Y MARCAR DELETED
GEO_3559,3693,ZANELLA IARA BELEN (Almacen/Despensa_C),27-38351666-3,0,8548,ZANELLA IARA BELEN (Almacen/Despensa_C),27-38351666-3,0,MOVER A MASTER Y MARCAR DELETED
GEO_3560,3701,CLAUDEL  R (Almacen/Despensa_C),20-23052420-4,0,8251,CLAUDEL  R (Almacen/Despensa_C),20-23052420-4,0,MOVER A MASTER Y MARCAR DELETED
GEO_3561,3704,CALVO GASTON (Almacen/Despensa_C),28390853,0,8558,CALVO GASTON (Almacen/Despensa_B),28390853,0,MOVER A MASTER Y MARCAR DELETED
GEO_3562,3705,SALVATORI ADALBERTO OSCAR (Estacion de Servicio - NO OFICIALES_C),20-14822634-3,0,8559,SALVATORI ADALBERTO OSCAR (Estacion de Servicio - NO OFICIALES_B),20-14822634-3,0,MOVER A MASTER Y MARCAR DELETED
GEO_3563,3705,SALVATORI ADALBERTO OSCAR (Estacion de Servicio - NO OFICIALES_C),20-14822634-3,0,8559,SALVATORI ADALBERTO OSCAR (Estacion de Servicio - NO OFICIALES_B),20-14822634-3,0,MOVER A MASTER Y MARCAR DELETED
GEO_3564,3705,SALVATORI ADALBERTO OSCAR (Estacion de Servicio - NO OFICIALES_C),20-14822634-3,0,8559,SALVATORI ADALBERTO OSCAR (Estacion de Servicio - NO OFICIALES_B),20-14822634-3,0,MOVER A MASTER Y MARCAR DELETED
GEO_3565,3705,SALVATORI ADALBERTO OSCAR (Estacion de Servicio - NO OFICIALES_C),20-14822634-3,0,8559,SALVATORI ADALBERTO OSCAR (Estacion de Servicio - NO OFICIALES_B),20-14822634-3,0,MOVER A MASTER Y MARCAR DELETED
GEO_3566,3705,SALVATORI ADALBERTO OSCAR (Estacion de Servicio - NO OFICIALES_C),20-14822634-3,0,8559,SALVATORI ADALBERTO OSCAR (Estacion de Servicio - NO OFICIALES_B),20-14822634-3,0,MOVER A MASTER Y MARCAR DELETED
GEO_3567,3705,SALVATORI ADALBERTO OSCAR (Estacion de Servicio - NO OFICIALES_C),20-14822634-3,0,8559,SALVATORI ADALBERTO OSCAR (Estacion de Servicio - NO OFICIALES_B),20-14822634-3,0,MOVER A MASTER Y MARCAR DELETED
GEO_3568,3705,SALVATORI ADALBERTO OSCAR (Estacion de Servicio - NO OFICIALES_C),20-14822634-3,0,8559,SALVATORI ADALBERTO OSCAR (Estacion de Servicio - NO OFICIALES_B),20-14822634-3,0,MOVER A MASTER Y MARCAR DELETED
GEO_3569,3737,CARRASCO CARLOS RUBEN (Kiosco/Maxikiosco_C),22275094,0,8918,CARRASCO CARLOS RUBEN (Kiosco/Maxikiosco_C),22275094,0,MOVER A MASTER Y MARCAR DELETED
GEO_3570,3738,DEVITE PATRICIA ELIZABETH (Kiosco/Maxikiosco_C),13814291,0,8919,DEVITE PATRICIA ELIZABETH (Kiosco/Maxikiosco_C),13814291,0,MOVER A MASTER Y MARCAR DELETED
GEO_3571,3740,PEREZ CRISTIAN ALBERTO (Kiosco/Maxikiosco_B),20-35031559-5,0,8915,PEREZ CRISTIAN ALBERTO (Kiosco/Maxikiosco_B),20-35031559-5,0,MOVER A MASTER Y MARCAR DELETED
GEO_3572,3740,PEREZ CRISTIAN ALBERTO (Kiosco/Maxikiosco_B),20-35031559-5,0,8915,PEREZ CRISTIAN ALBERTO (Kiosco/Maxikiosco_B),20-35031559-5,0,MOVER A MASTER Y MARCAR DELETED
GEO_3573,3740,PEREZ CRISTIAN ALBERTO (Kiosco/Maxikiosco_B),20-35031559-5,0,8915,PEREZ CRISTIAN ALBERTO (Kiosco/Maxikiosco_B),20-35031559-5,0,MOVER A MASTER Y MARCAR DELETED
GEO_3574,3740,PEREZ CRISTIAN ALBERTO (Kiosco/Maxikiosco_B),20-35031559-5,0,8915,PEREZ CRISTIAN ALBERTO (Kiosco/Maxikiosco_B),20-35031559-5,0,MOVER A MASTER Y MARCAR DELETED
GEO_3575,3740,PEREZ CRISTIAN ALBERTO (Kiosco/Maxikiosco_B),20-35031559-5,0,8915,PEREZ CRISTIAN ALBERTO (Kiosco/Maxikiosco_B),20-35031559-5,0,MOVER A MASTER Y MARCAR DELETED
GEO_3576,3740,PEREZ CRISTIAN ALBERTO (Kiosco/Maxikiosco_B),20-35031559-5,0,8915,PEREZ CRISTIAN ALBERTO (Kiosco/Maxikiosco_B),20-35031559-5,0,MOVER A MASTER Y MARCAR DELETED
GEO_3577,3740,PEREZ CRISTIAN ALBERTO (Kiosco/Maxikiosco_B),20-35031559-5,0,8915,PEREZ CRISTIAN ALBERTO (Kiosco/Maxikiosco_B),20-35031559-5,0,MOVER A MASTER Y MARCAR DELETED
GEO_3578,3740,PEREZ CRISTIAN ALBERTO (Kiosco/Maxikiosco_B),20-35031559-5,0,8915,PEREZ CRISTIAN ALBERTO (Kiosco/Maxikiosco_B),20-35031559-5,0,MOVER A MASTER Y MARCAR DELETED
GEO_3579,3740,PEREZ CRISTIAN ALBERTO (Kiosco/Maxikiosco_B),20-35031559-5,0,8915,PEREZ CRISTIAN ALBERTO (Kiosco/Maxikiosco_B),20-35031559-5,0,MOVER A MASTER Y MARCAR DELETED
GEO_3580,8948,ROSSINI HERNAN (Kiosco/Maxikiosco_C),41549465,0,3767,ROSSINI HERNAN (Kiosco/Maxikiosco_C),41549465,0,MOVER A MASTER Y MARCAR DELETED
GEO_3581,3772,RESK ALICIA (Resto de On Premise_C),27-12143215-9,0,8947,RESK ALICIA (Resto de On Premise_A),27-12143215-9,0,MOVER A MASTER Y MARCAR DELETED
GEO_3582,3774,CABRERA ROMERO ANGELICA (Almacen/Despensa_C),27-94295989-9,0,8943,CABRERA ROMERO ANGELICA (Almacen/Despensa_C),27-94295989-9,0,MOVER A MASTER Y MARCAR DELETED
GEO_3583,3774,CABRERA ROMERO ANGELICA (Almacen/Despensa_C),27-94295989-9,0,8943,CABRERA ROMERO ANGELICA (Almacen/Despensa_C),27-94295989-9,0,MOVER A MASTER Y MARCAR DELETED
GEO_3584,3774,CABRERA ROMERO ANGELICA (Almacen/Despensa_C),27-94295989-9,0,8943,CABRERA ROMERO ANGELICA (Almacen/Despensa_C),27-94295989-9,0,MOVER A MASTER Y MARCAR DELETED
GEO_3585,3790,CARDOZO VALERIA (Almacen/Despensa_C),27-22913399-9,0,8813,CARDOZO VALERIA (Almacen/Despensa_B),27-22913399-9,0,MOVER A MASTER Y MARCAR DELETED
GEO_3586,3790,CARDOZO VALERIA (Almacen/Despensa_C),27-22913399-9,0,8813,CARDOZO VALERIA (Almacen/Despensa_B),27-22913399-9,0,MOVER A MASTER Y MARCAR DELETED
GEO_3587,3793,AUTOSERVICIO EL REY (Almacen/Despensa_C),23-04946461-4,0,8810,AUTOSERVICIO EL REY (Almacen/Despensa_C),23-04946461-4,0,MOVER A MASTER Y MARCAR DELETED
GEO_3588,3798,COSTA CLAUDIO RUBEN (Kiosco/Maxikiosco_C),20-24423700-3,0,8823,COSTA CLAUDIO RUBEN (Kiosco/Maxikiosco_B),20-24423700-3,0,MOVER A MASTER Y MARCAR DELETED
GEO_3589,3798,COSTA CLAUDIO RUBEN (Kiosco/Maxikiosco_C),20-24423700-3,0,8823,COSTA CLAUDIO RUBEN (Kiosco/Maxikiosco_B),20-24423700-3,0,MOVER A MASTER Y MARCAR DELETED
GEO_3590,3798,COSTA CLAUDIO RUBEN (Kiosco/Maxikiosco_C),20-24423700-3,0,8823,COSTA CLAUDIO RUBEN (Kiosco/Maxikiosco_B),20-24423700-3,0,MOVER A MASTER Y MARCAR DELETED
GEO_3591,3798,COSTA CLAUDIO RUBEN (Kiosco/Maxikiosco_C),20-24423700-3,0,8823,COSTA CLAUDIO RUBEN (Kiosco/Maxikiosco_B),20-24423700-3,0,MOVER A MASTER Y MARCAR DELETED
GEO_3592,3798,COSTA CLAUDIO RUBEN (Kiosco/Maxikiosco_C),20-24423700-3,0,8823,COSTA CLAUDIO RUBEN (Kiosco/Maxikiosco_B),20-24423700-3,0,MOVER A MASTER Y MARCAR DELETED
GEO_3593,3821,MARTINEZ YANINA CECILIA (Kiosco/Maxikiosco_C),27-29343080-8,0,8858,MARTINEZ YANINA CECILIA (Kiosco/Maxikiosco_B),27-29343080-8,0,MOVER A MASTER Y MARCAR DELETED
GEO_3594,3821,MARTINEZ YANINA CECILIA (Kiosco/Maxikiosco_C),27-29343080-8,0,8858,MARTINEZ YANINA CECILIA (Kiosco/Maxikiosco_B),27-29343080-8,0,MOVER A MASTER Y MARCAR DELETED
GEO_3595,3821,MARTINEZ YANINA CECILIA (Kiosco/Maxikiosco_C),27-29343080-8,0,8858,MARTINEZ YANINA CECILIA (Kiosco/Maxikiosco_B),27-29343080-8,0,MOVER A MASTER Y MARCAR DELETED
GEO_3596,3821,MARTINEZ YANINA CECILIA (Kiosco/Maxikiosco_C),27-29343080-8,0,8858,MARTINEZ YANINA CECILIA (Kiosco/Maxikiosco_B),27-29343080-8,0,MOVER A MASTER Y MARCAR DELETED
GEO_3597,3830,ANDRADE SILVIA ADRIANA (Almacen/Despensa_C),27-20825972-0,0,8879,ANDRADE SILVIA ADRIANA (Almacen/Despensa_C),27-20825972-0,0,MOVER A MASTER Y MARCAR DELETED
GEO_3598,3830,ANDRADE SILVIA ADRIANA (Almacen/Despensa_C),27-20825972-0,0,8879,ANDRADE SILVIA ADRIANA (Almacen/Despensa_C),27-20825972-0,0,MOVER A MASTER Y MARCAR DELETED
GEO_3599,3830,ANDRADE SILVIA ADRIANA (Almacen/Despensa_C),27-20825972-0,0,8879,ANDRADE SILVIA ADRIANA (Almacen/Despensa_C),27-20825972-0,0,MOVER A MASTER Y MARCAR DELETED
GEO_3600,3830,ANDRADE SILVIA ADRIANA (Almacen/Despensa_C),27-20825972-0,0,8879,ANDRADE SILVIA ADRIANA (Almacen/Despensa_C),27-20825972-0,0,MOVER A MASTER Y MARCAR DELETED
GEO_3601,3830,ANDRADE SILVIA ADRIANA (Almacen/Despensa_C),27-20825972-0,0,8879,ANDRADE SILVIA ADRIANA (Almacen/Despensa_C),27-20825972-0,0,MOVER A MASTER Y MARCAR DELETED
GEO_3602,3830,ANDRADE SILVIA ADRIANA (Almacen/Despensa_C),27-20825972-0,0,8879,ANDRADE SILVIA ADRIANA (Almacen/Despensa_C),27-20825972-0,0,MOVER A MASTER Y MARCAR DELETED
GEO_3603,3830,ANDRADE SILVIA ADRIANA (Almacen/Despensa_C),27-20825972-0,0,8879,ANDRADE SILVIA ADRIANA (Almacen/Despensa_C),27-20825972-0,0,MOVER A MASTER Y MARCAR DELETED
GEO_3604,3839,VILLALVA DANIEL (Kiosco/Maxikiosco_C),25207770,0,8870,VILLALVA DANIEL (Kiosco/Maxikiosco_C),25207770,0,MOVER A MASTER Y MARCAR DELETED
GEO_3605,3839,VILLALVA DANIEL (Kiosco/Maxikiosco_C),25207770,0,8870,VILLALVA DANIEL (Kiosco/Maxikiosco_C),25207770,0,MOVER A MASTER Y MARCAR DELETED
GEO_3606,3839,VILLALVA DANIEL (Kiosco/Maxikiosco_C),25207770,0,8870,VILLALVA DANIEL (Kiosco/Maxikiosco_C),25207770,0,MOVER A MASTER Y MARCAR DELETED
GEO_3607,3843,CARINI CECILIA SOLEDAD (Almacen/Despensa_C),23-33432970-4,0,8988,CARINI CECILIA SOLEDAD (Almacen/Despensa_C),23-33432970-4,0,MOVER A MASTER Y MARCAR DELETED
GEO_3608,3848,COTTA IVANA VALERIA (Almacen/Despensa_C),23-30020021-4,0,8981,COTTA IVANA VALERIA (Almacen/Despensa_C),23-30020021-4,0,MOVER A MASTER Y MARCAR DELETED
GEO_3609,3852,MUCIO SOFIA MICAELA (Almacen/Despensa_B),27-43799782-4,0,8842,MUCIO SOFIA MICAELA (Almacen/Despensa_B),27-43799782-4,0,MOVER A MASTER Y MARCAR DELETED
GEO_3610,3855,SERRANO RUTH ELIZABETH (Almacen/Despensa_B),31526777,0,8889,SERRANO RUTH ELIZABETH (Almacen/Despensa_B),31526777,0,MOVER A MASTER Y MARCAR DELETED
GEO_3611,3855,SERRANO RUTH ELIZABETH (Almacen/Despensa_B),31526777,0,8889,SERRANO RUTH ELIZABETH (Almacen/Despensa_B),31526777,0,MOVER A MASTER Y MARCAR DELETED
GEO_3612,3855,SERRANO RUTH ELIZABETH (Almacen/Despensa_B),31526777,0,8889,SERRANO RUTH ELIZABETH (Almacen/Despensa_B),31526777,0,MOVER A MASTER Y MARCAR DELETED
GEO_3613,3855,SERRANO RUTH ELIZABETH (Almacen/Despensa_B),31526777,0,8889,SERRANO RUTH ELIZABETH (Almacen/Despensa_B),31526777,0,MOVER A MASTER Y MARCAR DELETED
GEO_3614,3855,SERRANO RUTH ELIZABETH (Almacen/Despensa_B),31526777,0,8889,SERRANO RUTH ELIZABETH (Almacen/Despensa_B),31526777,0,MOVER A MASTER Y MARCAR DELETED
GEO_3615,3855,SERRANO RUTH ELIZABETH (Almacen/Despensa_B),31526777,0,8889,SERRANO RUTH ELIZABETH (Almacen/Despensa_B),31526777,0,MOVER A MASTER Y MARCAR DELETED
GEO_3616,3855,SERRANO RUTH ELIZABETH (Almacen/Despensa_B),31526777,0,8889,SERRANO RUTH ELIZABETH (Almacen/Despensa_B),31526777,0,MOVER A MASTER Y MARCAR DELETED
GEO_3617,3870,SEIRA JULIO ALBERTO (Almacen/Despensa_C),20-08428225-2,0,9007,SEIRA JULIO ALBERTO (Almacen/Despensa_C),20-08428225-2,0,MOVER A MASTER Y MARCAR DELETED
GEO_3618,3872,SARRIA JORGELINA MARICEL (Almacen/Despensa_B),24-27329323-6,0,9003,SARRIA JORGELINA MARICEL (Almacen/Despensa_B),24-27329323-6,0,MOVER A MASTER Y MARCAR DELETED
GEO_3619,3872,SARRIA JORGELINA MARICEL (Almacen/Despensa_B),24-27329323-6,0,9003,SARRIA JORGELINA MARICEL (Almacen/Despensa_B),24-27329323-6,0,MOVER A MASTER Y MARCAR DELETED
GEO_3620,3872,SARRIA JORGELINA MARICEL (Almacen/Despensa_B),24-27329323-6,0,9003,SARRIA JORGELINA MARICEL (Almacen/Despensa_B),24-27329323-6,0,MOVER A MASTER Y MARCAR DELETED
GEO_3621,3891,HANSEN BRAIAN  (Almacen/Despensa_P),20-36537501-2,0,8766,HANSEN BRAIAN  (Almacen/Despensa_P),20-36537501-2,0,MOVER A MASTER Y MARCAR DELETED
GEO_3622,3899,RONGVAUX NICOLAS SUCURSAL (Almacen/Despensa_P),20-44698141-3,0,8776,RONGVAUX NICOLAS SUCURSAL (Almacen/Despensa_P),20-44698141-3,0,MOVER A MASTER Y MARCAR DELETED
GEO_3623,3899,RONGVAUX NICOLAS SUCURSAL (Almacen/Despensa_P),20-44698141-3,0,8776,RONGVAUX NICOLAS SUCURSAL (Almacen/Despensa_P),20-44698141-3,0,MOVER A MASTER Y MARCAR DELETED
GEO_3624,3903,MELION DAVID ESTEBAN MELION (Almacen/Despensa_B),20-39367998-1,0,8774,MELION DAVID ESTEBAN MELION (Almacen/Despensa_B),20-39367998-1,0,MOVER A MASTER Y MARCAR DELETED
GEO_3625,3919,ALVAREZ ANTONELA (Almacen/Despensa_B),38042844,0,8780,ALVAREZ ANTONELA (Almacen/Despensa_B),38042844,0,MOVER A MASTER Y MARCAR DELETED
GEO_3626,3921,BOTTA ANDREA FABIANA (Almacen/Despensa_C),25817608,0,8796,BOTTA ANDREA FABIANA (Almacen/Despensa_B),25817608,0,MOVER A MASTER Y MARCAR DELETED
GEO_3627,3923,SANCHEZ VERONICA (Almacen/Despensa_C),25179011,0,8792,SANCHEZ VERONICA (Almacen/Despensa_C),25179011,0,MOVER A MASTER Y MARCAR DELETED
GEO_3628,3923,SANCHEZ VERONICA (Almacen/Despensa_C),25179011,0,8792,SANCHEZ VERONICA (Almacen/Despensa_C),25179011,0,MOVER A MASTER Y MARCAR DELETED
GEO_3629,3923,SANCHEZ VERONICA (Almacen/Despensa_C),25179011,0,8792,SANCHEZ VERONICA (Almacen/Despensa_C),25179011,0,MOVER A MASTER Y MARCAR DELETED
GEO_3630,3923,SANCHEZ VERONICA (Almacen/Despensa_C),25179011,0,8792,SANCHEZ VERONICA (Almacen/Despensa_C),25179011,0,MOVER A MASTER Y MARCAR DELETED
GEO_3631,3923,SANCHEZ VERONICA (Almacen/Despensa_C),25179011,0,8792,SANCHEZ VERONICA (Almacen/Despensa_C),25179011,0,MOVER A MASTER Y MARCAR DELETED
GEO_3632,3955,COSTANTINI Y CIA SOCIEDAD ANONIMA (Almacen/Despensa_B),30-53031190-9,0,9208,COSTANTINI Y CIA SOCIEDAD ANONIMA (Almacen/Despensa_A),30-53031190-9,0,MOVER A MASTER Y MARCAR DELETED
GEO_3633,3955,COSTANTINI Y CIA SOCIEDAD ANONIMA (Almacen/Despensa_B),30-53031190-9,0,9208,COSTANTINI Y CIA SOCIEDAD ANONIMA (Almacen/Despensa_A),30-53031190-9,0,MOVER A MASTER Y MARCAR DELETED
GEO_3634,2437,WENG WENGONG (Autoservicio Tradicional_P),20-95444529-2,0,7686,WENG WENGONG (Autoservicio Tradicional_P),20-95444529-2,0,MOVER A MASTER Y MARCAR DELETED
GEO_3635,2437,WENG WENGONG (Autoservicio Tradicional_P),20-95444529-2,0,7686,WENG WENGONG (Autoservicio Tradicional_P),20-95444529-2,0,MOVER A MASTER Y MARCAR DELETED
GEO_3636,2437,WENG WENGONG (Autoservicio Tradicional_P),20-95444529-2,0,7686,WENG WENGONG (Autoservicio Tradicional_P),20-95444529-2,0,MOVER A MASTER Y MARCAR DELETED
GEO_3637,2437,WENG WENGONG (Autoservicio Tradicional_P),20-95444529-2,0,7686,WENG WENGONG (Autoservicio Tradicional_P),20-95444529-2,0,MOVER A MASTER Y MARCAR DELETED
GEO_3638,2437,WENG WENGONG (Autoservicio Tradicional_P),20-95444529-2,0,7686,WENG WENGONG (Autoservicio Tradicional_P),20-95444529-2,0,MOVER A MASTER Y MARCAR DELETED
GEO_3639,2437,WENG WENGONG (Autoservicio Tradicional_P),20-95444529-2,0,7686,WENG WENGONG (Autoservicio Tradicional_P),20-95444529-2,0,MOVER A MASTER Y MARCAR DELETED
GEO_3640,3970,AUTOVEDIA DE LOBATO OSCAR MARTIN Y CAMPI DAIANA GI (SUBDISTRIBUIDOR_C),30-71526503-2,0,9216,AUTOVEDIA DE LOBATO OSCAR MARTIN Y CAMPI DAIANA GI (SUBDISTRIBUIDOR_C),30-71526503-2,0,MOVER A MASTER Y MARCAR DELETED
GEO_3641,3970,AUTOVEDIA DE LOBATO OSCAR MARTIN Y CAMPI DAIANA GI (SUBDISTRIBUIDOR_C),30-71526503-2,0,9216,AUTOVEDIA DE LOBATO OSCAR MARTIN Y CAMPI DAIANA GI (SUBDISTRIBUIDOR_C),30-71526503-2,0,MOVER A MASTER Y MARCAR DELETED
GEO_3642,3972,PLAZA MIRTA (Almacen/Despensa_C),17775060,0,9229,PLAZA MIRTA (Almacen/Despensa_C),17775060,0,MOVER A MASTER Y MARCAR DELETED
GEO_3643,3972,PLAZA MIRTA (Almacen/Despensa_C),17775060,0,9229,PLAZA MIRTA (Almacen/Despensa_C),17775060,0,MOVER A MASTER Y MARCAR DELETED
GEO_3644,3974,TOLEDO GUIDO ALBERTO (Carniceria/Granja_C),20-37785100-6,0,9225,TOLEDO GUIDO ALBERTO (Carniceria/Granja_B),20-37785100-6,0,MOVER A MASTER Y MARCAR DELETED
GEO_3645,3974,TOLEDO GUIDO ALBERTO (Carniceria/Granja_C),20-37785100-6,0,9225,TOLEDO GUIDO ALBERTO (Carniceria/Granja_B),20-37785100-6,0,MOVER A MASTER Y MARCAR DELETED
GEO_3646,3981,ECHEVARRIA THOMAS (Resto de On Premise_C),43589146,0,9220,ECHEVARRIA THOMAS (Resto de On Premise_C),43589146,0,MOVER A MASTER Y MARCAR DELETED
GEO_3647,3981,ECHEVARRIA THOMAS (Resto de On Premise_C),43589146,0,9220,ECHEVARRIA THOMAS (Resto de On Premise_C),43589146,0,MOVER A MASTER Y MARCAR DELETED
GEO_3648,3986,AGUIRRE MARIA VANESA (Almacen/Despensa_C),27-34115807-4,0,9233,AGUIRRE MARIA VANESA (Almacen/Despensa_C),27-34115807-4,0,MOVER A MASTER Y MARCAR DELETED
GEO_3649,3995,CUFFINI ALEJANDRA ELENA (Kiosco/Maxikiosco_B),27-17741786-1,0,9014,CUFFINI ALEJANDRA ELENA (Kiosco/Maxikiosco_B),27-17741786-1,0,MOVER A MASTER Y MARCAR DELETED
GEO_3650,3995,CUFFINI ALEJANDRA ELENA (Kiosco/Maxikiosco_B),27-17741786-1,0,9014,CUFFINI ALEJANDRA ELENA (Kiosco/Maxikiosco_B),27-17741786-1,0,MOVER A MASTER Y MARCAR DELETED
GEO_3651,3995,CUFFINI ALEJANDRA ELENA (Kiosco/Maxikiosco_B),27-17741786-1,0,9014,CUFFINI ALEJANDRA ELENA (Kiosco/Maxikiosco_B),27-17741786-1,0,MOVER A MASTER Y MARCAR DELETED
GEO_3652,3995,CUFFINI ALEJANDRA ELENA (Kiosco/Maxikiosco_B),27-17741786-1,0,9014,CUFFINI ALEJANDRA ELENA (Kiosco/Maxikiosco_B),27-17741786-1,0,MOVER A MASTER Y MARCAR DELETED
GEO_3653,3995,CUFFINI ALEJANDRA ELENA (Kiosco/Maxikiosco_B),27-17741786-1,0,9014,CUFFINI ALEJANDRA ELENA (Kiosco/Maxikiosco_B),27-17741786-1,0,MOVER A MASTER Y MARCAR DELETED
GEO_3654,4014,MARQUEZ CLAUDIO ANDRES (Fiambreria_C),20-36574495-6,0,9103,MARQUEZ CLAUDIO ANDRES (Fiambreria_B),20-36574495-6,0,MOVER A MASTER Y MARCAR DELETED
GEO_3655,4014,MARQUEZ CLAUDIO ANDRES (Fiambreria_C),20-36574495-6,0,9103,MARQUEZ CLAUDIO ANDRES (Fiambreria_B),20-36574495-6,0,MOVER A MASTER Y MARCAR DELETED
GEO_3656,4014,MARQUEZ CLAUDIO ANDRES (Fiambreria_C),20-36574495-6,0,9103,MARQUEZ CLAUDIO ANDRES (Fiambreria_B),20-36574495-6,0,MOVER A MASTER Y MARCAR DELETED
GEO_3657,4021,PAGGIO VIVIANA BEATRIZ (Kiosco/Maxikiosco_C),27-18147711-9,0,9118,PAGGIO VIVIANA BEATRIZ (Kiosco/Maxikiosco_C),27-18147711-9,0,MOVER A MASTER Y MARCAR DELETED
GEO_3658,4021,PAGGIO VIVIANA BEATRIZ (Kiosco/Maxikiosco_C),27-18147711-9,0,9118,PAGGIO VIVIANA BEATRIZ (Kiosco/Maxikiosco_C),27-18147711-9,0,MOVER A MASTER Y MARCAR DELETED
GEO_3659,4021,PAGGIO VIVIANA BEATRIZ (Kiosco/Maxikiosco_C),27-18147711-9,0,9118,PAGGIO VIVIANA BEATRIZ (Kiosco/Maxikiosco_C),27-18147711-9,0,MOVER A MASTER Y MARCAR DELETED
GEO_3660,4029,DANTE TANINO HOGAR SOCIEDAD ANONIMA (PARTICULAR_C),30-54371934-6,0,9138,DANTE TANINO HOGAR SOCIEDAD ANONIMA (PARTICULAR_C),30-54371934-6,0,MOVER A MASTER Y MARCAR DELETED
GEO_3661,4029,DANTE TANINO HOGAR SOCIEDAD ANONIMA (PARTICULAR_C),30-54371934-6,0,9138,DANTE TANINO HOGAR SOCIEDAD ANONIMA (PARTICULAR_C),30-54371934-6,0,MOVER A MASTER Y MARCAR DELETED
GEO_3662,4029,DANTE TANINO HOGAR SOCIEDAD ANONIMA (PARTICULAR_C),30-54371934-6,0,9138,DANTE TANINO HOGAR SOCIEDAD ANONIMA (PARTICULAR_C),30-54371934-6,0,MOVER A MASTER Y MARCAR DELETED
GEO_3663,4029,DANTE TANINO HOGAR SOCIEDAD ANONIMA (PARTICULAR_C),30-54371934-6,0,9138,DANTE TANINO HOGAR SOCIEDAD ANONIMA (PARTICULAR_C),30-54371934-6,0,MOVER A MASTER Y MARCAR DELETED
GEO_3664,4049,FABIO MARCELO RIGUETTI (PARTICULAR_C),20-16210306-8,0,9146,FABIO MARCELO RIGUETTI (PARTICULAR_C),20-16210306-8,0,MOVER A MASTER Y MARCAR DELETED
GEO_3665,4049,FABIO MARCELO RIGUETTI (PARTICULAR_C),20-16210306-8,0,9146,FABIO MARCELO RIGUETTI (PARTICULAR_C),20-16210306-8,0,MOVER A MASTER Y MARCAR DELETED
GEO_3666,4057,ALEMANDI AYELEN (Kiosco/Maxikiosco_A),27-38523076-7,0,9142,ALEMANDI AYELEN (Kiosco/Maxikiosco_A),27-38523076-7,0,MOVER A MASTER Y MARCAR DELETED
GEO_3667,4057,ALEMANDI AYELEN (Kiosco/Maxikiosco_A),27-38523076-7,0,9142,ALEMANDI AYELEN (Kiosco/Maxikiosco_A),27-38523076-7,0,MOVER A MASTER Y MARCAR DELETED
GEO_3668,4057,ALEMANDI AYELEN (Kiosco/Maxikiosco_A),27-38523076-7,0,9142,ALEMANDI AYELEN (Kiosco/Maxikiosco_A),27-38523076-7,0,MOVER A MASTER Y MARCAR DELETED
GEO_3669,4263,DON LORENZO (Almacen/Despensa_C),35051416,0,9398,DON LORENZO (Almacen/Despensa_B),35051416,0,MOVER A MASTER Y MARCAR DELETED
GEO_3670,4263,DON LORENZO (Almacen/Despensa_C),35051416,0,9398,DON LORENZO (Almacen/Despensa_B),35051416,0,MOVER A MASTER Y MARCAR DELETED
GEO_3671,4094,SOTO CARLOS MARTIN  (Autoservicio Tradicional_C),20-36117997-9,0,9045,SOTO CARLOS MARTIN  (Autoservicio Tradicional_C),20-36117997-9,0,MOVER A MASTER Y MARCAR DELETED
GEO_3672,4095,TURQUIETO GRISELDA (Autoservicio Tradicional_C),14382106,0,9046,TURQUIETO GRISELDA (Autoservicio Tradicional_C),14382106,0,MOVER A MASTER Y MARCAR DELETED
GEO_3673,4095,TURQUIETO GRISELDA (Autoservicio Tradicional_C),14382106,0,9046,TURQUIETO GRISELDA (Autoservicio Tradicional_C),14382106,0,MOVER A MASTER Y MARCAR DELETED
GEO_3674,4103,BRAMAJO RODRIGO LISANDRO (CUBA) (BAILANTA_C),20-37251208-4,0,9056,BRAMAJO RODRIGO LISANDRO (CUBA) (BAILANTA_C),20-37251208-4,0,MOVER A MASTER Y MARCAR DELETED
GEO_3675,4103,BRAMAJO RODRIGO LISANDRO (CUBA) (BAILANTA_C),20-37251208-4,0,9056,BRAMAJO RODRIGO LISANDRO (CUBA) (BAILANTA_C),20-37251208-4,0,MOVER A MASTER Y MARCAR DELETED
GEO_3676,4103,BRAMAJO RODRIGO LISANDRO (CUBA) (BAILANTA_C),20-37251208-4,0,9056,BRAMAJO RODRIGO LISANDRO (CUBA) (BAILANTA_C),20-37251208-4,0,MOVER A MASTER Y MARCAR DELETED
GEO_3677,4103,BRAMAJO RODRIGO LISANDRO (CUBA) (BAILANTA_C),20-37251208-4,0,9056,BRAMAJO RODRIGO LISANDRO (CUBA) (BAILANTA_C),20-37251208-4,0,MOVER A MASTER Y MARCAR DELETED
GEO_3678,4103,BRAMAJO RODRIGO LISANDRO (CUBA) (BAILANTA_C),20-37251208-4,0,9056,BRAMAJO RODRIGO LISANDRO (CUBA) (BAILANTA_C),20-37251208-4,0,MOVER A MASTER Y MARCAR DELETED
GEO_3679,4517,BODEGAS NORTON S.A. (Instituciones_C),30-50165782-0,0,9718,BODEGAS NORTON S.A. (Instituciones_C),30-50165782-0,0,MOVER A MASTER Y MARCAR DELETED
GEO_3680,4517,BODEGAS NORTON S.A. (Instituciones_C),30-50165782-0,0,9718,BODEGAS NORTON S.A. (Instituciones_C),30-50165782-0,0,MOVER A MASTER Y MARCAR DELETED
GEO_3681,4517,BODEGAS NORTON S.A. (Instituciones_C),30-50165782-0,0,9718,BODEGAS NORTON S.A. (Instituciones_C),30-50165782-0,0,MOVER A MASTER Y MARCAR DELETED
GEO_3682,4517,BODEGAS NORTON S.A. (Instituciones_C),30-50165782-0,0,9718,BODEGAS NORTON S.A. (Instituciones_C),30-50165782-0,0,MOVER A MASTER Y MARCAR DELETED
GEO_3683,4156,SALAS MARCELO (Kiosco/Maxikiosco_B),27112252,0,9090,SALAS MARCELO (Kiosco/Maxikiosco_B),27112252,0,MOVER A MASTER Y MARCAR DELETED
GEO_3684,4156,SALAS MARCELO (Kiosco/Maxikiosco_B),27112252,0,9090,SALAS MARCELO (Kiosco/Maxikiosco_B),27112252,0,MOVER A MASTER Y MARCAR DELETED
GEO_3685,4156,SALAS MARCELO (Kiosco/Maxikiosco_B),27112252,0,9090,SALAS MARCELO (Kiosco/Maxikiosco_B),27112252,0,MOVER A MASTER Y MARCAR DELETED
GEO_3686,4156,SALAS MARCELO (Kiosco/Maxikiosco_B),27112252,0,9090,SALAS MARCELO (Kiosco/Maxikiosco_B),27112252,0,MOVER A MASTER Y MARCAR DELETED
GEO_3687,4184,SOSA MACARENA (Fiambreria_P),27-30074301-9,0,9451,SOSA MACARENA (Fiambreria_P),27-30074301-9,0,MOVER A MASTER Y MARCAR DELETED
GEO_3688,4184,SOSA MACARENA (Fiambreria_P),27-30074301-9,0,9451,SOSA MACARENA (Fiambreria_P),27-30074301-9,0,MOVER A MASTER Y MARCAR DELETED
GEO_3689,4184,SOSA MACARENA (Fiambreria_P),27-30074301-9,0,9451,SOSA MACARENA (Fiambreria_P),27-30074301-9,0,MOVER A MASTER Y MARCAR DELETED
GEO_3690,4204,MAURO ANDREA MARIELA (Kiosco/Maxikiosco_C),27-20751518-9,0,9475,MAURO ANDREA MARIELA (Kiosco/Maxikiosco_C),27-20751518-9,0,MOVER A MASTER Y MARCAR DELETED
GEO_3691,4204,MAURO ANDREA MARIELA (Kiosco/Maxikiosco_C),27-20751518-9,0,9475,MAURO ANDREA MARIELA (Kiosco/Maxikiosco_C),27-20751518-9,0,MOVER A MASTER Y MARCAR DELETED
GEO_3692,4204,MAURO ANDREA MARIELA (Kiosco/Maxikiosco_C),27-20751518-9,0,9475,MAURO ANDREA MARIELA (Kiosco/Maxikiosco_C),27-20751518-9,0,MOVER A MASTER Y MARCAR DELETED
GEO_3693,4204,MAURO ANDREA MARIELA (Kiosco/Maxikiosco_C),27-20751518-9,0,9475,MAURO ANDREA MARIELA (Kiosco/Maxikiosco_C),27-20751518-9,0,MOVER A MASTER Y MARCAR DELETED
GEO_3694,4204,MAURO ANDREA MARIELA (Kiosco/Maxikiosco_C),27-20751518-9,0,9475,MAURO ANDREA MARIELA (Kiosco/Maxikiosco_C),27-20751518-9,0,MOVER A MASTER Y MARCAR DELETED
GEO_3695,4204,MAURO ANDREA MARIELA (Kiosco/Maxikiosco_C),27-20751518-9,0,9475,MAURO ANDREA MARIELA (Kiosco/Maxikiosco_C),27-20751518-9,0,MOVER A MASTER Y MARCAR DELETED
GEO_3696,4204,MAURO ANDREA MARIELA (Kiosco/Maxikiosco_C),27-20751518-9,0,9475,MAURO ANDREA MARIELA (Kiosco/Maxikiosco_C),27-20751518-9,0,MOVER A MASTER Y MARCAR DELETED
GEO_3697,4245,DESPENSA MITRE (Almacen/Despensa_C),28877241,0,9486,DESPENSA MITRE (Almacen/Despensa_C),28877241,0,MOVER A MASTER Y MARCAR DELETED
GEO_3698,4252,PREMIUM CARNES  (Carniceria/Granja_A),20-20400912-1,0,9481,PREMIUM CARNES  (Carniceria/Granja_B),20-20400912-1,0,MOVER A MASTER Y MARCAR DELETED
GEO_3699,4254,CARTASSO ALBERTO (Almacen/Despensa_C),21497875,0,9387,CARTASSO ALBERTO (Almacen/Despensa_C),21497875,0,MOVER A MASTER Y MARCAR DELETED
GEO_3700,4254,CARTASSO ALBERTO (Almacen/Despensa_C),21497875,0,9387,CARTASSO ALBERTO (Almacen/Despensa_C),21497875,0,MOVER A MASTER Y MARCAR DELETED
GEO_3701,4254,CARTASSO ALBERTO (Almacen/Despensa_C),21497875,0,9387,CARTASSO ALBERTO (Almacen/Despensa_C),21497875,0,MOVER A MASTER Y MARCAR DELETED
GEO_3702,4254,CARTASSO ALBERTO (Almacen/Despensa_C),21497875,0,9387,CARTASSO ALBERTO (Almacen/Despensa_C),21497875,0,MOVER A MASTER Y MARCAR DELETED
GEO_3703,4254,CARTASSO ALBERTO (Almacen/Despensa_C),21497875,0,9387,CARTASSO ALBERTO (Almacen/Despensa_C),21497875,0,MOVER A MASTER Y MARCAR DELETED
GEO_3704,4254,CARTASSO ALBERTO (Almacen/Despensa_C),21497875,0,9387,CARTASSO ALBERTO (Almacen/Despensa_C),21497875,0,MOVER A MASTER Y MARCAR DELETED
GEO_3705,4266,CANTORAL ELBA (Almacen/Despensa_C),10668746,0,9378,CANTORAL ELBA (Almacen/Despensa_C),10668746,0,MOVER A MASTER Y MARCAR DELETED
GEO_3706,4266,CANTORAL ELBA (Almacen/Despensa_C),10668746,0,9378,CANTORAL ELBA (Almacen/Despensa_C),10668746,0,MOVER A MASTER Y MARCAR DELETED
GEO_3707,4279,ESTEVEZ FERNANDO VEGA (Almacen/Despensa_A),20-36189062-1,0,9404,ESTEVEZ FERNANDO VEGA (Almacen/Despensa_A),20-36189062-1,0,MOVER A MASTER Y MARCAR DELETED
GEO_3708,4279,ESTEVEZ FERNANDO VEGA (Almacen/Despensa_A),20-36189062-1,0,9404,ESTEVEZ FERNANDO VEGA (Almacen/Despensa_A),20-36189062-1,0,MOVER A MASTER Y MARCAR DELETED
GEO_3709,4279,ESTEVEZ FERNANDO VEGA (Almacen/Despensa_A),20-36189062-1,0,9404,ESTEVEZ FERNANDO VEGA (Almacen/Despensa_A),20-36189062-1,0,MOVER A MASTER Y MARCAR DELETED
GEO_3710,4288,MERINGER JAQUELINA (Almacen/Despensa_B),27-34717606-6,0,9415,MERINGER JAQUELINA (Almacen/Despensa_B),27-34717606-6,0,MOVER A MASTER Y MARCAR DELETED
GEO_3711,4288,MERINGER JAQUELINA (Almacen/Despensa_B),27-34717606-6,0,9415,MERINGER JAQUELINA (Almacen/Despensa_B),27-34717606-6,0,MOVER A MASTER Y MARCAR DELETED
GEO_3712,4288,MERINGER JAQUELINA (Almacen/Despensa_B),27-34717606-6,0,9415,MERINGER JAQUELINA (Almacen/Despensa_B),27-34717606-6,0,MOVER A MASTER Y MARCAR DELETED
GEO_3713,4288,MERINGER JAQUELINA (Almacen/Despensa_B),27-34717606-6,0,9415,MERINGER JAQUELINA (Almacen/Despensa_B),27-34717606-6,0,MOVER A MASTER Y MARCAR DELETED
GEO_3714,4297,DRAFTING ARGENTINA SA (Carniceria/Granja_P),30-71559709-4,0,9426,DRAFTING ARGENTINA SA (Carniceria/Granja_P),30-71559709-4,0,MOVER A MASTER Y MARCAR DELETED
GEO_3715,4297,DRAFTING ARGENTINA SA (Carniceria/Granja_P),30-71559709-4,0,9426,DRAFTING ARGENTINA SA (Carniceria/Granja_P),30-71559709-4,0,MOVER A MASTER Y MARCAR DELETED
GEO_3716,4311,FRUTSERVICES EN FORMACION S. A. S. (DISCO_C),30-71790391-5,0,9357,FRUTSERVICES EN FORMACION S. A. S. (DISCO_C),30-71790391-5,0,MOVER A MASTER Y MARCAR DELETED
GEO_3717,4334,El Stud Restaurante de Campo (RESTAURANT DE CAMPO_C),23-32034577-4,0,9301,El Stud Restaurante de Campo (RESTAURANT DE CAMPO_C),23-32034577-4,0,MOVER A MASTER Y MARCAR DELETED
GEO_3718,4334,El Stud Restaurante de Campo (RESTAURANT DE CAMPO_C),23-32034577-4,0,9301,El Stud Restaurante de Campo (RESTAURANT DE CAMPO_C),23-32034577-4,0,MOVER A MASTER Y MARCAR DELETED
GEO_3719,4357,BAUTISTA ALEJANDRO ALBERTO (Almacen/Despensa_B),20-28562879-3,0,9322,BAUTISTA ALEJANDRO ALBERTO (Almacen/Despensa_B),20-28562879-3,0,MOVER A MASTER Y MARCAR DELETED
GEO_3720,4402,ASOCIACION CIVIL CLUB SOCIAL Y DEPORTIVO ARENAZA (Mayoristas_C),33-71695608-9,0,9511,ASOCIACION CIVIL CLUB SOCIAL Y DEPORTIVO ARENAZA (Mayoristas_C),33-71695608-9,0,MOVER A MASTER Y MARCAR DELETED
GEO_3721,4402,ASOCIACION CIVIL CLUB SOCIAL Y DEPORTIVO ARENAZA (Mayoristas_C),33-71695608-9,0,9511,ASOCIACION CIVIL CLUB SOCIAL Y DEPORTIVO ARENAZA (Mayoristas_C),33-71695608-9,0,MOVER A MASTER Y MARCAR DELETED
GEO_3722,4402,ASOCIACION CIVIL CLUB SOCIAL Y DEPORTIVO ARENAZA (Mayoristas_C),33-71695608-9,0,9511,ASOCIACION CIVIL CLUB SOCIAL Y DEPORTIVO ARENAZA (Mayoristas_C),33-71695608-9,0,MOVER A MASTER Y MARCAR DELETED
GEO_3723,4420,HERRERA MARIA DE LOS ANGELES (Almacen/Despensa_C),18623789,0,9506,HERRERA MARIA DE LOS ANGELES (Almacen/Despensa_C),18623789,0,MOVER A MASTER Y MARCAR DELETED
GEO_3724,4420,HERRERA MARIA DE LOS ANGELES (Almacen/Despensa_C),18623789,0,9506,HERRERA MARIA DE LOS ANGELES (Almacen/Despensa_C),18623789,0,MOVER A MASTER Y MARCAR DELETED
GEO_3725,4420,HERRERA MARIA DE LOS ANGELES (Almacen/Despensa_C),18623789,0,9506,HERRERA MARIA DE LOS ANGELES (Almacen/Despensa_C),18623789,0,MOVER A MASTER Y MARCAR DELETED
GEO_3726,4461,DISTRIBUIDORA ZEOLITTI S.A. (0_C),30-70813475-5,0,9727,DISTRIBUIDORA ZEOLITTI S.A. (0_C),30-70813475-5,0,MOVER A MASTER Y MARCAR DELETED
GEO_3727,4491,ALANIS LORENA MARIA JOSE (Almacen/Despensa_C),27-27433935-2,0,9686,ALANIS LORENA MARIA JOSE (Almacen/Despensa_C),27-27433935-2,0,MOVER A MASTER Y MARCAR DELETED
GEO_3728,4496,SALOMÓN ROSANA MARGARITA (Resto de On Premise_C),27-20032085-4,0,9682,SALOMÓN ROSANA MARGARITA (Resto de On Premise_C),27-20032085-4,0,MOVER A MASTER Y MARCAR DELETED
GEO_3729,4496,SALOMÓN ROSANA MARGARITA (Resto de On Premise_C),27-20032085-4,0,9682,SALOMÓN ROSANA MARGARITA (Resto de On Premise_C),27-20032085-4,0,MOVER A MASTER Y MARCAR DELETED
GEO_3730,4613,PONCE JORGE (Kiosco/Maxikiosco_C),11101814,0,9992,PONCE JORGE (Kiosco/Maxikiosco_C),11101814,0,MOVER A MASTER Y MARCAR DELETED
GEO_3731,4638,SIMAL LUCAS GASTON (Resto de On Premise_P),20-30090533-2,0,9539,SIMAL LUCAS GASTON (Resto de On Premise_P),20-30090533-2,0,MOVER A MASTER Y MARCAR DELETED
GEO_3732,4659,HUANG QINFANG-(J. M.) (Autoservicio Tradicional_C),20-95698272-4,0,4978,HUANG QINFANG -(R. H.) (Autoservicio Tradicional_C),20-95698272-4,0,MOVER A MASTER Y MARCAR DELETED
GEO_3732,4659,HUANG QINFANG-(J. M.) (Autoservicio Tradicional_C),20-95698272-4,0,10001,HUANG QINFANG -(R. H.) (Autoservicio Tradicional_C),20-95698272-4,0,MOVER A MASTER Y MARCAR DELETED
GEO_3732,4659,HUANG QINFANG-(J. M.) (Autoservicio Tradicional_C),20-95698272-4,0,9558,HUANG QINFANG-(J. M.) (Autoservicio Tradicional_C),20-95698272-4,0,MOVER A MASTER Y MARCAR DELETED
GEO_3733,4659,HUANG QINFANG-(J. M.) (Autoservicio Tradicional_C),20-95698272-4,0,4978,HUANG QINFANG -(R. H.) (Autoservicio Tradicional_C),20-95698272-4,0,MOVER A MASTER Y MARCAR DELETED
GEO_3733,4659,HUANG QINFANG-(J. M.) (Autoservicio Tradicional_C),20-95698272-4,0,10001,HUANG QINFANG -(R. H.) (Autoservicio Tradicional_C),20-95698272-4,0,MOVER A MASTER Y MARCAR DELETED
GEO_3733,4659,HUANG QINFANG-(J. M.) (Autoservicio Tradicional_C),20-95698272-4,0,9558,HUANG QINFANG-(J. M.) (Autoservicio Tradicional_C),20-95698272-4,0,MOVER A MASTER Y MARCAR DELETED
GEO_3734,4687,BORREGO GERARDO (Almacen/Despensa_B),20-12165843-8,0,9916,BORREGO GERARDO (Almacen/Despensa_B),20-12165843-8,0,MOVER A MASTER Y MARCAR DELETED
GEO_3735,4810,HUANG SHAOBING-SUPER CH (0_C),11111111,0,9889,HUANG SHAOBING-SUPER CH (0_C),11111111,0,MOVER A MASTER Y MARCAR DELETED
GEO_3736,4749,LIN MENG LONG (0_C),23-94027696-9,0,9972,LIN MENG LONG (0_C),23-94027696-9,0,MOVER A MASTER Y MARCAR DELETED
GEO_3737,4749,LIN MENG LONG (0_C),23-94027696-9,0,9972,LIN MENG LONG (0_C),23-94027696-9,0,MOVER A MASTER Y MARCAR DELETED
GEO_3738,4800,REYNOSO GASTON (Resto de On Premise_C),24952915,0,9987,REYNOSO GASTON (Resto de On Premise_B),24952915,0,MOVER A MASTER Y MARCAR DELETED
GEO_3739,4800,REYNOSO GASTON (Resto de On Premise_C),24952915,0,9987,REYNOSO GASTON (Resto de On Premise_B),24952915,0,MOVER A MASTER Y MARCAR DELETED
GEO_3740,4847,SUPER RI DO S.A. (Autoservicio Tradicional_C),30-71226895-2,0,9772,SUPER RI DO S.A. (Autoservicio Tradicional_C),30-71226895-2,0,MOVER A MASTER Y MARCAR DELETED
GEO_3741,4847,SUPER RI DO S.A. (Autoservicio Tradicional_C),30-71226895-2,0,9772,SUPER RI DO S.A. (Autoservicio Tradicional_C),30-71226895-2,0,MOVER A MASTER Y MARCAR DELETED
GEO_3742,4914,LAUTARO KELLY (Almacen/Despensa_C),20-43303948-4,0,10203,LAUTARO KELLY (Almacen/Despensa_C),20-43303948-4,0,MOVER A MASTER Y MARCAR DELETED
GEO_3743,4914,LAUTARO KELLY (Almacen/Despensa_C),20-43303948-4,0,10203,LAUTARO KELLY (Almacen/Despensa_C),20-43303948-4,0,MOVER A MASTER Y MARCAR DELETED
GEO_3744,4914,LAUTARO KELLY (Almacen/Despensa_C),20-43303948-4,0,10203,LAUTARO KELLY (Almacen/Despensa_C),20-43303948-4,0,MOVER A MASTER Y MARCAR DELETED
GEO_3745,4914,LAUTARO KELLY (Almacen/Despensa_C),20-43303948-4,0,10203,LAUTARO KELLY (Almacen/Despensa_C),20-43303948-4,0,MOVER A MASTER Y MARCAR DELETED
GEO_3746,4914,LAUTARO KELLY (Almacen/Despensa_C),20-43303948-4,0,10203,LAUTARO KELLY (Almacen/Despensa_C),20-43303948-4,0,MOVER A MASTER Y MARCAR DELETED
GEO_3747,4914,LAUTARO KELLY (Almacen/Despensa_C),20-43303948-4,0,10203,LAUTARO KELLY (Almacen/Despensa_C),20-43303948-4,0,MOVER A MASTER Y MARCAR DELETED
GEO_3748,5007,NIRICHE ENRIQUE DARIO (Almacen/Despensa_C),20-14541764-4,0,10154,NIRICHE ENRIQUE DARIO (Almacen/Despensa_C),20-14541764-4,0,MOVER A MASTER Y MARCAR DELETED
GEO_3749,5007,NIRICHE ENRIQUE DARIO (Almacen/Despensa_C),20-14541764-4,0,10154,NIRICHE ENRIQUE DARIO (Almacen/Despensa_C),20-14541764-4,0,MOVER A MASTER Y MARCAR DELETED
GEO_3750,5017,LUCERO MARINA  (Kiosco/Maxikiosco_A),27-26225917-5,0,10249,LUCERO MARINA  (Kiosco/Maxikiosco_A),27-26225917-5,0,MOVER A MASTER Y MARCAR DELETED
GEO_3751,5033,MAGALLANES NELSON J.  (EX-MOLINARI ) (Almacen/Despensa_C),20-29416423-6,0,10186,MAGALLANES NELSON J.  (EX-MOLINARI ) (Almacen/Despensa_B),20-29416423-6,0,MOVER A MASTER Y MARCAR DELETED
GEO_3752,5033,MAGALLANES NELSON J.  (EX-MOLINARI ) (Almacen/Despensa_C),20-29416423-6,0,10186,MAGALLANES NELSON J.  (EX-MOLINARI ) (Almacen/Despensa_B),20-29416423-6,0,MOVER A MASTER Y MARCAR DELETED
GEO_3753,5033,MAGALLANES NELSON J.  (EX-MOLINARI ) (Almacen/Despensa_C),20-29416423-6,0,10186,MAGALLANES NELSON J.  (EX-MOLINARI ) (Almacen/Despensa_B),20-29416423-6,0,MOVER A MASTER Y MARCAR DELETED
GEO_3754,5033,MAGALLANES NELSON J.  (EX-MOLINARI ) (Almacen/Despensa_C),20-29416423-6,0,10186,MAGALLANES NELSON J.  (EX-MOLINARI ) (Almacen/Despensa_B),20-29416423-6,0,MOVER A MASTER Y MARCAR DELETED
GEO_3755,5033,MAGALLANES NELSON J.  (EX-MOLINARI ) (Almacen/Despensa_C),20-29416423-6,0,10186,MAGALLANES NELSON J.  (EX-MOLINARI ) (Almacen/Despensa_B),20-29416423-6,0,MOVER A MASTER Y MARCAR DELETED
GEO_3756,5169,BODEGAS CUVILLIER S.A. (Instituciones_A),30-70741571-8,0,10031,BODEGAS CUVILLIER S.A. (Instituciones_A),30-70741571-8,0,MOVER A MASTER Y MARCAR DELETED
GEO_3757,5193,COCCO DIEGO LEONARDO (RESTAURANT_C),20-27055908-6,0,10253,COCCO DIEGO LEONARDO (RESTAURANT_C),20-27055908-6,0,MOVER A MASTER Y MARCAR DELETED
GEO_3758,5205,Despensa La Tera - Alfonso Lucio Martin (RESTAURANT DE CAMPO_B),31169641,0,10259,Despensa La Tera - Alfonso Lucio Martin (RESTAURANT DE CAMPO_B),31169641,0,MOVER A MASTER Y MARCAR DELETED
GEO_3759,5205,Despensa La Tera - Alfonso Lucio Martin (RESTAURANT DE CAMPO_B),31169641,0,10259,Despensa La Tera - Alfonso Lucio Martin (RESTAURANT DE CAMPO_B),31169641,0,MOVER A MASTER Y MARCAR DELETED
GEO_3760,5219,TORLO  ALTAMIRANDA OLGUIN (Almacen/Despensa_A),30-71713314-1,0,10283,TORLO  ALTAMIRANDA OLGUIN (Almacen/Despensa_A),30-71713314-1,0,MOVER A MASTER Y MARCAR DELETED
GEO_3761,5226,LANFRANCO MARCELO CESAR (Kiosco/Maxikiosco_C),20-25113501-1,0,10278,LANFRANCO MARCELO CESAR (Kiosco/Maxikiosco_C),20-25113501-1,0,MOVER A MASTER Y MARCAR DELETED
GEO_3762,5240,GALLOTTI RICARDO DANIEL (Almacen/Despensa_C),46637540,0,5260,GALLOTTI RICARDO DANIEL (Almacen/Despensa_A),46637540,0,MOVER A MASTER Y MARCAR DELETED
GEO_3763,5240,GALLOTTI RICARDO DANIEL (Almacen/Despensa_C),46637540,0,5260,GALLOTTI RICARDO DANIEL (Almacen/Despensa_A),46637540,0,MOVER A MASTER Y MARCAR DELETED
GEO_3764,5240,GALLOTTI RICARDO DANIEL (Almacen/Despensa_C),46637540,0,5260,GALLOTTI RICARDO DANIEL (Almacen/Despensa_A),46637540,0,MOVER A MASTER Y MARCAR DELETED
GEO_3765,1830,BERNARDI RAUL ALBERTO (Almacen/Despensa_A),20-12193537-7,0,6881,BERNARDI RAUL ALBERTO (Almacen/Despensa_A),20-12193537-7,0,MOVER A MASTER Y MARCAR DELETED
GEO_3766,1830,BERNARDI RAUL ALBERTO (Almacen/Despensa_A),20-12193537-7,0,6881,BERNARDI RAUL ALBERTO (Almacen/Despensa_A),20-12193537-7,0,MOVER A MASTER Y MARCAR DELETED
GEO_3767,1830,BERNARDI RAUL ALBERTO (Almacen/Despensa_A),20-12193537-7,0,6881,BERNARDI RAUL ALBERTO (Almacen/Despensa_A),20-12193537-7,0,MOVER A MASTER Y MARCAR DELETED
GEO_3768,1830,BERNARDI RAUL ALBERTO (Almacen/Despensa_A),20-12193537-7,0,6881,BERNARDI RAUL ALBERTO (Almacen/Despensa_A),20-12193537-7,0,MOVER A MASTER Y MARCAR DELETED
GEO_3769,1830,BERNARDI RAUL ALBERTO (Almacen/Despensa_A),20-12193537-7,0,6881,BERNARDI RAUL ALBERTO (Almacen/Despensa_A),20-12193537-7,0,MOVER A MASTER Y MARCAR DELETED
GEO_3770,1830,BERNARDI RAUL ALBERTO (Almacen/Despensa_A),20-12193537-7,0,6881,BERNARDI RAUL ALBERTO (Almacen/Despensa_A),20-12193537-7,0,MOVER A MASTER Y MARCAR DELETED
GEO_3771,2118,MOLINA CLEMEN (Kiosco/Maxikiosco_B),27-14319942-3,0,7119,MOLINA CLEMEN (Kiosco/Maxikiosco_B),27-14319942-3,0,MOVER A MASTER Y MARCAR DELETED
GEO_3772,2150,SERVICENTRO EL ALAMO SA (Estacion de Servicio - NO OFICIALES_P),30-71591036-1,0,7499,SERVICENTRO EL ALAMO SA (Estacion de Servicio - NO OFICIALES_P),30-71591036-1,0,MOVER A MASTER Y MARCAR DELETED
GEO_3773,2150,SERVICENTRO EL ALAMO SA (Estacion de Servicio - NO OFICIALES_P),30-71591036-1,0,7499,SERVICENTRO EL ALAMO SA (Estacion de Servicio - NO OFICIALES_P),30-71591036-1,0,MOVER A MASTER Y MARCAR DELETED
GEO_3774,2150,SERVICENTRO EL ALAMO SA (Estacion de Servicio - NO OFICIALES_P),30-71591036-1,0,7499,SERVICENTRO EL ALAMO SA (Estacion de Servicio - NO OFICIALES_P),30-71591036-1,0,MOVER A MASTER Y MARCAR DELETED
GEO_3775,2275,GRUPO GONERBU S.A. (Estacion de Servicio - SHELL_B),30-71694997-0,0,7444,GRUPO GONERBU S.A. (Estacion de Servicio - SHELL_B),30-71694997-0,0,MOVER A MASTER Y MARCAR DELETED
GEO_3776,2275,GRUPO GONERBU S.A. (Estacion de Servicio - SHELL_B),30-71694997-0,0,7444,GRUPO GONERBU S.A. (Estacion de Servicio - SHELL_B),30-71694997-0,0,MOVER A MASTER Y MARCAR DELETED
GEO_3777,2311,BUSTAMANTE MARIA DE LOS ANGELES (Almacen/Despensa_B),28390719,0,7332,BUSTAMANTE MARIA DE LOS ANGELES (Almacen/Despensa_B),28390719,0,MOVER A MASTER Y MARCAR DELETED
GEO_3778,2311,BUSTAMANTE MARIA DE LOS ANGELES (Almacen/Despensa_B),28390719,0,7332,BUSTAMANTE MARIA DE LOS ANGELES (Almacen/Despensa_B),28390719,0,MOVER A MASTER Y MARCAR DELETED
GEO_3779,2395,SUAREZ ROSANA BEATRIZ (Almacen/Despensa_A),27-29210063-4,0,7305,SUAREZ ROSANA BEATRIZ (Almacen/Despensa_A),27-29210063-4,0,MOVER A MASTER Y MARCAR DELETED
GEO_3780,2395,SUAREZ ROSANA BEATRIZ (Almacen/Despensa_A),27-29210063-4,0,7305,SUAREZ ROSANA BEATRIZ (Almacen/Despensa_A),27-29210063-4,0,MOVER A MASTER Y MARCAR DELETED
GEO_3781,2395,SUAREZ ROSANA BEATRIZ (Almacen/Despensa_A),27-29210063-4,0,7305,SUAREZ ROSANA BEATRIZ (Almacen/Despensa_A),27-29210063-4,0,MOVER A MASTER Y MARCAR DELETED
GEO_3782,2395,SUAREZ ROSANA BEATRIZ (Almacen/Despensa_A),27-29210063-4,0,7305,SUAREZ ROSANA BEATRIZ (Almacen/Despensa_A),27-29210063-4,0,MOVER A MASTER Y MARCAR DELETED
GEO_3783,2395,SUAREZ ROSANA BEATRIZ (Almacen/Despensa_A),27-29210063-4,0,7305,SUAREZ ROSANA BEATRIZ (Almacen/Despensa_A),27-29210063-4,0,MOVER A MASTER Y MARCAR DELETED
GEO_3784,2395,SUAREZ ROSANA BEATRIZ (Almacen/Despensa_A),27-29210063-4,0,7305,SUAREZ ROSANA BEATRIZ (Almacen/Despensa_A),27-29210063-4,0,MOVER A MASTER Y MARCAR DELETED
GEO_3785,2395,SUAREZ ROSANA BEATRIZ (Almacen/Despensa_A),27-29210063-4,0,7305,SUAREZ ROSANA BEATRIZ (Almacen/Despensa_A),27-29210063-4,0,MOVER A MASTER Y MARCAR DELETED
GEO_3786,2395,SUAREZ ROSANA BEATRIZ (Almacen/Despensa_A),27-29210063-4,0,7305,SUAREZ ROSANA BEATRIZ (Almacen/Despensa_A),27-29210063-4,0,MOVER A MASTER Y MARCAR DELETED
GEO_3787,2751,AUT 25 DE MAYO 425 SRL (Autoservicio Tradicional_P),30-71533413-1,0,7980,AUT 25 DE MAYO 425 SRL (Autoservicio Tradicional_P),30-71533413-1,0,MOVER A MASTER Y MARCAR DELETED
GEO_3788,2756,MOGLIA MOGLIA SILVIO JAVIER (Almacen/Despensa_B),20-23467211-9,0,7883,MOGLIA MOGLIA SILVIO JAVIER (Almacen/Despensa_B),20-23467211-9,0,MOVER A MASTER Y MARCAR DELETED
GEO_3789,2756,MOGLIA MOGLIA SILVIO JAVIER (Almacen/Despensa_B),20-23467211-9,0,7883,MOGLIA MOGLIA SILVIO JAVIER (Almacen/Despensa_B),20-23467211-9,0,MOVER A MASTER Y MARCAR DELETED
GEO_3790,2820,FELICE CARLOS MARTIN (Almacen/Despensa_C),26225604,0,7797,FELICE CARLOS MARTIN (Almacen/Despensa_C),26225604,0,MOVER A MASTER Y MARCAR DELETED
GEO_3791,2820,FELICE CARLOS MARTIN (Almacen/Despensa_C),26225604,0,7797,FELICE CARLOS MARTIN (Almacen/Despensa_C),26225604,0,MOVER A MASTER Y MARCAR DELETED
GEO_3792,2894,MAXIMILIANO LEGONE (Almacen/Despensa_A),20-32527281-4,0,8015,MAXIMILIANO LEGONE (Almacen/Despensa_A),20-32527281-4,0,MOVER A MASTER Y MARCAR DELETED
GEO_3793,2946,RIZZI MARIA DE LOS ANGELES (Kiosco/Maxikiosco_A),24-26197437-8,0,7775,RIZZI MARIA DE LOS ANGELES (Kiosco/Maxikiosco_A),24-26197437-8,0,MOVER A MASTER Y MARCAR DELETED
GEO_3794,2979,MOSCA MONICA LIULIANA (Almacen/Despensa_B),27-14187613-4,0,8178,MOSCA MONICA LIULIANA (Almacen/Despensa_B),27-14187613-4,0,MOVER A MASTER Y MARCAR DELETED
GEO_3795,3020,PELLEGRINO SILVINA DEL ROSARIO  (Almacen/Despensa_B),27-20143816-6,0,8215,PELLEGRINO SILVINA DEL ROSARIO  (Almacen/Despensa_B),27-20143816-6,0,MOVER A MASTER Y MARCAR DELETED
GEO_3796,3020,PELLEGRINO SILVINA DEL ROSARIO  (Almacen/Despensa_B),27-20143816-6,0,8215,PELLEGRINO SILVINA DEL ROSARIO  (Almacen/Despensa_B),27-20143816-6,0,MOVER A MASTER Y MARCAR DELETED
GEO_3797,3020,PELLEGRINO SILVINA DEL ROSARIO  (Almacen/Despensa_B),27-20143816-6,0,8215,PELLEGRINO SILVINA DEL ROSARIO  (Almacen/Despensa_B),27-20143816-6,0,MOVER A MASTER Y MARCAR DELETED
GEO_3798,3020,PELLEGRINO SILVINA DEL ROSARIO  (Almacen/Despensa_B),27-20143816-6,0,8215,PELLEGRINO SILVINA DEL ROSARIO  (Almacen/Despensa_B),27-20143816-6,0,MOVER A MASTER Y MARCAR DELETED
GEO_3799,3020,PELLEGRINO SILVINA DEL ROSARIO  (Almacen/Despensa_B),27-20143816-6,0,8215,PELLEGRINO SILVINA DEL ROSARIO  (Almacen/Despensa_B),27-20143816-6,0,MOVER A MASTER Y MARCAR DELETED
GEO_3800,3020,PELLEGRINO SILVINA DEL ROSARIO  (Almacen/Despensa_B),27-20143816-6,0,8215,PELLEGRINO SILVINA DEL ROSARIO  (Almacen/Despensa_B),27-20143816-6,0,MOVER A MASTER Y MARCAR DELETED
GEO_3801,3020,PELLEGRINO SILVINA DEL ROSARIO  (Almacen/Despensa_B),27-20143816-6,0,8215,PELLEGRINO SILVINA DEL ROSARIO  (Almacen/Despensa_B),27-20143816-6,0,MOVER A MASTER Y MARCAR DELETED
GEO_3802,3557,DESPENSA CACHETE (Kiosco/Maxikiosco_B),14995499,0,8630,DESPENSA CACHETE (Kiosco/Maxikiosco_B),14995499,0,MOVER A MASTER Y MARCAR DELETED
GEO_3803,3557,DESPENSA CACHETE (Kiosco/Maxikiosco_B),14995499,0,8630,DESPENSA CACHETE (Kiosco/Maxikiosco_B),14995499,0,MOVER A MASTER Y MARCAR DELETED
GEO_3804,3557,DESPENSA CACHETE (Kiosco/Maxikiosco_B),14995499,0,8630,DESPENSA CACHETE (Kiosco/Maxikiosco_B),14995499,0,MOVER A MASTER Y MARCAR DELETED
GEO_3805,3270,MATIAS JAVIER LOVIZZIO (Almacen/Despensa_B),20-31427278-2,0,8347,MATIAS JAVIER LOVIZZIO (Almacen/Despensa_B),20-31427278-2,0,MOVER A MASTER Y MARCAR DELETED
GEO_3806,3270,MATIAS JAVIER LOVIZZIO (Almacen/Despensa_B),20-31427278-2,0,8347,MATIAS JAVIER LOVIZZIO (Almacen/Despensa_B),20-31427278-2,0,MOVER A MASTER Y MARCAR DELETED
GEO_3807,3270,MATIAS JAVIER LOVIZZIO (Almacen/Despensa_B),20-31427278-2,0,8347,MATIAS JAVIER LOVIZZIO (Almacen/Despensa_B),20-31427278-2,0,MOVER A MASTER Y MARCAR DELETED
GEO_3808,3644,PEREZ ANIBAL (Almacen/Despensa_C),17688334,0,8975,PEREZ ANIBAL (Almacen/Despensa_C),17688334,0,MOVER A MASTER Y MARCAR DELETED
GEO_3809,3653,VILLALBA LILIANA (Kiosco/Maxikiosco_A),21869206,0,8996,VILLALBA LILIANA (Kiosco/Maxikiosco_A),21869206,0,MOVER A MASTER Y MARCAR DELETED
GEO_3810,3653,VILLALBA LILIANA (Kiosco/Maxikiosco_A),21869206,0,8996,VILLALBA LILIANA (Kiosco/Maxikiosco_A),21869206,0,MOVER A MASTER Y MARCAR DELETED
GEO_3811,3781,BALIN QUIROGA MARIANELA (Kiosco/Maxikiosco_C),30530013,0,8911,BALIN QUIROGA MARIANELA (Kiosco/Maxikiosco_B),30530013,0,MOVER A MASTER Y MARCAR DELETED
GEO_3812,3781,BALIN QUIROGA MARIANELA (Kiosco/Maxikiosco_C),30530013,0,8911,BALIN QUIROGA MARIANELA (Kiosco/Maxikiosco_B),30530013,0,MOVER A MASTER Y MARCAR DELETED
GEO_3813,3881,PEPE CINTIA ALEJANDRA (Almacen/Despensa_C),27-29807095-8,0,8864,PEPE CINTIA ALEJANDRA (Almacen/Despensa_C),27-29807095-8,0,MOVER A MASTER Y MARCAR DELETED
GEO_3814,4039,BELTRAMINO MARISOL  (Almacen/Despensa_C),27-27729515-1,0,9130,BELTRAMINO MARISOL  (Almacen/Despensa_C),27-27729515-1,0,MOVER A MASTER Y MARCAR DELETED
GEO_3815,4039,BELTRAMINO MARISOL  (Almacen/Despensa_C),27-27729515-1,0,9130,BELTRAMINO MARISOL  (Almacen/Despensa_C),27-27729515-1,0,MOVER A MASTER Y MARCAR DELETED
GEO_3816,4039,BELTRAMINO MARISOL  (Almacen/Despensa_C),27-27729515-1,0,9130,BELTRAMINO MARISOL  (Almacen/Despensa_C),27-27729515-1,0,MOVER A MASTER Y MARCAR DELETED
GEO_3817,4039,BELTRAMINO MARISOL  (Almacen/Despensa_C),27-27729515-1,0,9130,BELTRAMINO MARISOL  (Almacen/Despensa_C),27-27729515-1,0,MOVER A MASTER Y MARCAR DELETED
GEO_3818,4039,BELTRAMINO MARISOL  (Almacen/Despensa_C),27-27729515-1,0,9130,BELTRAMINO MARISOL  (Almacen/Despensa_C),27-27729515-1,0,MOVER A MASTER Y MARCAR DELETED
GEO_3819,4436,BODEGAS Y VIÑEDOS CASA MONTES S.A. (Instituciones_C),30-65980394-8,0,9263,BODEGAS Y VIÑEDOS CASA MONTES S.A. (Instituciones_C),30-65980394-8,0,MOVER A MASTER Y MARCAR DELETED
GEO_3820,4897,SUPER CUENCA (Autoservicio Tradicional_C),71631353,0,9826,SUPER CUENCA (Autoservicio Tradicional_C),71631353,0,MOVER A MASTER Y MARCAR DELETED
GEO_3821,4897,SUPER CUENCA (Autoservicio Tradicional_C),71631353,0,9826,SUPER CUENCA (Autoservicio Tradicional_C),71631353,0,MOVER A MASTER Y MARCAR DELETED
GEO_3822,4897,SUPER CUENCA (Autoservicio Tradicional_C),71631353,0,9826,SUPER CUENCA (Autoservicio Tradicional_C),71631353,0,MOVER A MASTER Y MARCAR DELETED
GEO_3823,4897,SUPER CUENCA (Autoservicio Tradicional_C),71631353,0,9826,SUPER CUENCA (Autoservicio Tradicional_C),71631353,0,MOVER A MASTER Y MARCAR DELETED
GEO_3824,4897,SUPER CUENCA (Autoservicio Tradicional_C),71631353,0,9826,SUPER CUENCA (Autoservicio Tradicional_C),71631353,0,MOVER A MASTER Y MARCAR DELETED
GEO_3825,4897,SUPER CUENCA (Autoservicio Tradicional_C),71631353,0,9826,SUPER CUENCA (Autoservicio Tradicional_C),71631353,0,MOVER A MASTER Y MARCAR DELETED
GEO_3826,469,HOTEL PATAGONIA (Leiva) (Resto de On Premise_B),27183047677,0,5633,HOTEL PATAGONIA (Leiva) (Resto de On Premise_B),27183047677,0,MOVER A MASTER Y MARCAR DELETED
GEO_3826,469,HOTEL PATAGONIA (Leiva) (Resto de On Premise_B),27183047677,0,102010,HOTEL PATAGONIA (Leiva) (Resto de On Premise_B),27183047677,0,MOVER A MASTER Y MARCAR DELETED
GEO_3827,565,DESP. AILEN (Almacen/Despensa_B),20-25619555-1,0,5447,DESP. AILEN (Almacen/Despensa_B),20-25619555-1,0,MOVER A MASTER Y MARCAR DELETED
GEO_3827,565,DESP. AILEN (Almacen/Despensa_B),20-25619555-1,0,102223,DESP. AILEN (Almacen/Despensa_B),20-25619555-1,0,MOVER A MASTER Y MARCAR DELETED
GEO_3828,565,DESP. AILEN (Almacen/Despensa_B),20-25619555-1,0,5447,DESP. AILEN (Almacen/Despensa_B),20-25619555-1,0,MOVER A MASTER Y MARCAR DELETED
GEO_3828,565,DESP. AILEN (Almacen/Despensa_B),20-25619555-1,0,102223,DESP. AILEN (Almacen/Despensa_B),20-25619555-1,0,MOVER A MASTER Y MARCAR DELETED
GEO_3829,598,DESPENSA NICOLAS (Almacen/Despensa_C),27-20888549-4,0,5417,DESPENSA NICOLAS (Almacen/Despensa_C),27-20888549-4,0,MOVER A MASTER Y MARCAR DELETED
GEO_3829,598,DESPENSA NICOLAS (Almacen/Despensa_C),27-20888549-4,0,102191,DESPENSA NICOLAS (Almacen/Despensa_C),27-20888549-4,0,MOVER A MASTER Y MARCAR DELETED
GEO_3830,631,KIOSKO ZOE (Almacen/Despensa_C),27-31552351-1,0,5414,KIOSKO ZOE (Almacen/Despensa_C),27-31552351-1,0,MOVER A MASTER Y MARCAR DELETED
GEO_3830,631,KIOSKO ZOE (Almacen/Despensa_C),27-31552351-1,0,102188,KIOSKO ZOE (Almacen/Despensa_C),27-31552351-1,0,MOVER A MASTER Y MARCAR DELETED
GEO_3831,631,KIOSKO ZOE (Almacen/Despensa_C),27-31552351-1,0,5414,KIOSKO ZOE (Almacen/Despensa_C),27-31552351-1,0,MOVER A MASTER Y MARCAR DELETED
GEO_3831,631,KIOSKO ZOE (Almacen/Despensa_C),27-31552351-1,0,102188,KIOSKO ZOE (Almacen/Despensa_C),27-31552351-1,0,MOVER A MASTER Y MARCAR DELETED
GEO_3832,663,YPF PICHI HUE (Estacion de Servicio - YPF_B),30-64531722-6,0,5507,YPF PICHI HUE (Estacion de Servicio - YPF_B),30-64531722-6,0,MOVER A MASTER Y MARCAR DELETED
GEO_3832,663,YPF PICHI HUE (Estacion de Servicio - YPF_B),30-64531722-6,0,102276,YPF PICHI HUE (Estacion de Servicio - YPF_B),30-64531722-6,0,MOVER A MASTER Y MARCAR DELETED
GEO_3833,663,YPF PICHI HUE (Estacion de Servicio - YPF_B),30-64531722-6,0,5507,YPF PICHI HUE (Estacion de Servicio - YPF_B),30-64531722-6,0,MOVER A MASTER Y MARCAR DELETED
GEO_3833,663,YPF PICHI HUE (Estacion de Servicio - YPF_B),30-64531722-6,0,102276,YPF PICHI HUE (Estacion de Servicio - YPF_B),30-64531722-6,0,MOVER A MASTER Y MARCAR DELETED
GEO_3834,663,YPF PICHI HUE (Estacion de Servicio - YPF_B),30-64531722-6,0,5507,YPF PICHI HUE (Estacion de Servicio - YPF_B),30-64531722-6,0,MOVER A MASTER Y MARCAR DELETED
GEO_3834,663,YPF PICHI HUE (Estacion de Servicio - YPF_B),30-64531722-6,0,102276,YPF PICHI HUE (Estacion de Servicio - YPF_B),30-64531722-6,0,MOVER A MASTER Y MARCAR DELETED
GEO_3835,771,KIOSCO DO. YA. JI. (Kiosco/Maxikiosco_C),27-10027793-5,0,5954,KIOSCO DO. YA. JI. (Kiosco/Maxikiosco_C),27-10027793-5,0,MOVER A MASTER Y MARCAR DELETED
GEO_3835,771,KIOSCO DO. YA. JI. (Kiosco/Maxikiosco_C),27-10027793-5,0,102326,KIOSCO DO. YA. JI. (Kiosco/Maxikiosco_C),27-10027793-5,0,MOVER A MASTER Y MARCAR DELETED
GEO_3836,771,KIOSCO DO. YA. JI. (Kiosco/Maxikiosco_C),27-10027793-5,0,5954,KIOSCO DO. YA. JI. (Kiosco/Maxikiosco_C),27-10027793-5,0,MOVER A MASTER Y MARCAR DELETED
GEO_3836,771,KIOSCO DO. YA. JI. (Kiosco/Maxikiosco_C),27-10027793-5,0,102326,KIOSCO DO. YA. JI. (Kiosco/Maxikiosco_C),27-10027793-5,0,MOVER A MASTER Y MARCAR DELETED
GEO_3837,823,POLIRUBRO LA OLA  (Almacen/Despensa_B),20293133485,0,5862,POLIRUBRO LA OLA  (Almacen/Despensa_B),20293133485,0,MOVER A MASTER Y MARCAR DELETED
GEO_3837,823,POLIRUBRO LA OLA  (Almacen/Despensa_B),20293133485,0,102418,POLIRUBRO LA OLA  (Almacen/Despensa_B),20293133485,0,MOVER A MASTER Y MARCAR DELETED
GEO_3838,823,POLIRUBRO LA OLA  (Almacen/Despensa_B),20293133485,0,5862,POLIRUBRO LA OLA  (Almacen/Despensa_B),20293133485,0,MOVER A MASTER Y MARCAR DELETED
GEO_3838,823,POLIRUBRO LA OLA  (Almacen/Despensa_B),20293133485,0,102418,POLIRUBRO LA OLA  (Almacen/Despensa_B),20293133485,0,MOVER A MASTER Y MARCAR DELETED
GEO_3839,886,CABALLEROS DEL SUR S.R.L (Estacion de Servicio - YPF_C),20-12363632-6,0,5776,CABALLEROS DEL SUR S.R.L (Estacion de Servicio - YPF_C),20-12363632-6,0,MOVER A MASTER Y MARCAR DELETED
GEO_3839,886,CABALLEROS DEL SUR S.R.L (Estacion de Servicio - YPF_C),20-12363632-6,0,102518,CABALLEROS DEL SUR S.R.L (Estacion de Servicio - YPF_C),20-12363632-6,0,MOVER A MASTER Y MARCAR DELETED
GEO_3840,887,MERCADO JOSE LUIS (Kiosco/Maxikiosco_C),27-27403137-4,0,5777,MERCADO JOSE LUIS (Kiosco/Maxikiosco_C),27-27403137-4,0,MOVER A MASTER Y MARCAR DELETED
GEO_3840,887,MERCADO JOSE LUIS (Kiosco/Maxikiosco_C),27-27403137-4,0,102519,MERCADO JOSE LUIS (Kiosco/Maxikiosco_C),27-27403137-4,0,MOVER A MASTER Y MARCAR DELETED
GEO_3841,985,AUTOSERVICIO MENDOZA (Resto de Tradicionales_B),27947736111,0,6031,AUTOSERVICIO MENDOZA (Resto de Tradicionales_B),27947736111,0,MOVER A MASTER Y MARCAR DELETED
GEO_3841,985,AUTOSERVICIO MENDOZA (Resto de Tradicionales_B),27947736111,0,102563,AUTOSERVICIO MENDOZA (Resto de Tradicionales_B),27947736111,0,MOVER A MASTER Y MARCAR DELETED
GEO_3842,985,AUTOSERVICIO MENDOZA (Resto de Tradicionales_B),27947736111,0,6031,AUTOSERVICIO MENDOZA (Resto de Tradicionales_B),27947736111,0,MOVER A MASTER Y MARCAR DELETED
GEO_3842,985,AUTOSERVICIO MENDOZA (Resto de Tradicionales_B),27947736111,0,102563,AUTOSERVICIO MENDOZA (Resto de Tradicionales_B),27947736111,0,MOVER A MASTER Y MARCAR DELETED
GEO_3843,985,AUTOSERVICIO MENDOZA (Resto de Tradicionales_B),27947736111,0,6031,AUTOSERVICIO MENDOZA (Resto de Tradicionales_B),27947736111,0,MOVER A MASTER Y MARCAR DELETED
GEO_3843,985,AUTOSERVICIO MENDOZA (Resto de Tradicionales_B),27947736111,0,102563,AUTOSERVICIO MENDOZA (Resto de Tradicionales_B),27947736111,0,MOVER A MASTER Y MARCAR DELETED
GEO_3844,1146,ANDES MARKET (Kiosco/Maxikiosco_P),27-32699716-7,0,6104,ANDES MARKET (Kiosco/Maxikiosco_P),27-32699716-7,0,MOVER A MASTER Y MARCAR DELETED
GEO_3844,1146,ANDES MARKET (Kiosco/Maxikiosco_P),27-32699716-7,0,102712,ANDES MARKET (Kiosco/Maxikiosco_P),27-32699716-7,0,MOVER A MASTER Y MARCAR DELETED
GEO_3845,1146,ANDES MARKET (Kiosco/Maxikiosco_P),27-32699716-7,0,6104,ANDES MARKET (Kiosco/Maxikiosco_P),27-32699716-7,0,MOVER A MASTER Y MARCAR DELETED
GEO_3845,1146,ANDES MARKET (Kiosco/Maxikiosco_P),27-32699716-7,0,102712,ANDES MARKET (Kiosco/Maxikiosco_P),27-32699716-7,0,MOVER A MASTER Y MARCAR DELETED
GEO_3846,1425,CARNICERIA LAGOS (Carniceria/Granja_B),20415973536,0,6375,CARNICERIA LAGOS (Carniceria/Granja_B),20415973536,0,MOVER A MASTER Y MARCAR DELETED
GEO_3846,1425,CARNICERIA LAGOS (Carniceria/Granja_B),20415973536,0,103044,CARNICERIA LAGOS (Carniceria/Granja_B),20415973536,0,MOVER A MASTER Y MARCAR DELETED
GEO_3847,1478,VERDULERIA LUXI (Resto de Tradicionales_A),27285175807,0,6686,VERDULERIA LUXI (Resto de Tradicionales_A),27285175807,0,MOVER A MASTER Y MARCAR DELETED
GEO_3847,1478,VERDULERIA LUXI (Resto de Tradicionales_A),27285175807,0,103149,VERDULERIA LUXI (Resto de Tradicionales_A),27285175807,0,MOVER A MASTER Y MARCAR DELETED
GEO_3848,1478,VERDULERIA LUXI (Resto de Tradicionales_A),27285175807,0,6686,VERDULERIA LUXI (Resto de Tradicionales_A),27285175807,0,MOVER A MASTER Y MARCAR DELETED
GEO_3848,1478,VERDULERIA LUXI (Resto de Tradicionales_A),27285175807,0,103149,VERDULERIA LUXI (Resto de Tradicionales_A),27285175807,0,MOVER A MASTER Y MARCAR DELETED
GEO_3849,1478,VERDULERIA LUXI (Resto de Tradicionales_A),27285175807,0,6686,VERDULERIA LUXI (Resto de Tradicionales_A),27285175807,0,MOVER A MASTER Y MARCAR DELETED
GEO_3849,1478,VERDULERIA LUXI (Resto de Tradicionales_A),27285175807,0,103149,VERDULERIA LUXI (Resto de Tradicionales_A),27285175807,0,MOVER A MASTER Y MARCAR DELETED
GEO_3850,1701,LA ESPAÑOLA (Almacen/Despensa_C),27-25323064-4,0,6938,LA ESPAÑOLA (Almacen/Despensa_C),27-25323064-4,0,MOVER A MASTER Y MARCAR DELETED
GEO_3850,1701,LA ESPAÑOLA (Almacen/Despensa_C),27-25323064-4,0,102610,LA ESPAÑOLA (Almacen/Despensa_C),27-25323064-4,0,MOVER A MASTER Y MARCAR DELETED
GEO_3851,89824,LUNADELABRAH S.C.S.,30715470868,0,101081,Farmacia Matheu,30-71547086-8,10,MOVER A MASTER Y MARCAR DELETED
GEO_3851,89824,LUNADELABRAH S.C.S.,30715470868,0,98865,LUNADELABRAH S.C.S.,30715470868,0,MOVER A MASTER Y MARCAR DELETED
GEO_3852,86185,DUMM,27221851094,0,95223,DUMM,27221851094,0,MOVER A MASTER Y MARCAR DELETED
GEO_3853,86185,DUMM,27221851094,0,95223,DUMM,27221851094,0,MOVER A MASTER Y MARCAR DELETED
GEO_3854,87015,PERFUMERIA BIANCA,27281688885,0,96052,PERFUMERIA BIANCA,27281688885,0,MOVER A MASTER Y MARCAR DELETED
GEO_3855,86219,PORCEL JORGELINA  JORGELINA,27223291673,5,95257,PORCEL JORGELINA  JORGELINA,27223291673,0,MOVER A MASTER Y MARCAR DELETED
GEO_3856,89581,COMUFARMA S.C.S,30714317381,0,28137,COMUFARMA S.C.S,30-71431738-1,0,MOVER A MASTER Y MARCAR DELETED
GEO_3856,89581,COMUFARMA S.C.S,30714317381,0,98622,COMUFARMA S.C.S,30714317381,0,MOVER A MASTER Y MARCAR DELETED
GEO_3857,89581,COMUFARMA S.C.S,30714317381,0,28137,COMUFARMA S.C.S,30-71431738-1,0,MOVER A MASTER Y MARCAR DELETED
GEO_3857,89581,COMUFARMA S.C.S,30714317381,0,98622,COMUFARMA S.C.S,30714317381,0,MOVER A MASTER Y MARCAR DELETED
GEO_3858,87200,FARMACIA AIMARETTI,27307634045,8,96237,FARMACIA AIMARETTI,27307634045,0,MOVER A MASTER Y MARCAR DELETED
GEO_3859,86251,GIACUMELLI SILVANA C.  SILVANA,27224153584,0,95289,GIACUMELLI SILVANA C.  SILVANA,27224153584,0,MOVER A MASTER Y MARCAR DELETED
GEO_3860,86258,CORNAGO MIRIAM  FARMACIA CORNAGO,27224499081,26,95296,CORNAGO MIRIAM  FARMACIA CORNAGO,27224499081,0,MOVER A MASTER Y MARCAR DELETED
GEO_3861,86279,PERFUMERIA BIDU,27225745175,0,95317,PERFUMERIA BIDU,27225745175,0,MOVER A MASTER Y MARCAR DELETED
GEO_3862,86281,SANTA ROSA  ALICIA,27225994345,0,95319,SANTA ROSA  ALICIA,27225994345,0,MOVER A MASTER Y MARCAR DELETED
GEO_3863,86292,JEREZ,27226643899,0,95330,JEREZ,27226643899,0,MOVER A MASTER Y MARCAR DELETED
GEO_3864,86297,CUBELLS ALE/ JORGELINA  CUBELLS,27226835631,0,101179,FARMACIA CUBELLS,27-22683563-1,0,MOVER A MASTER Y MARCAR DELETED
GEO_3864,86297,CUBELLS ALE/ JORGELINA  CUBELLS,27226835631,0,95335,CUBELLS ALE/ JORGELINA  CUBELLS,27226835631,0,MOVER A MASTER Y MARCAR DELETED
GEO_3865,86306,LEDESMA,27227222137,0,95344,LEDESMA,27227222137,0,MOVER A MASTER Y MARCAR DELETED
GEO_3866,86284,RUSTICI MARISA GISELA,27226236851,10,95322,RUSTICI MARISA GISELA,27226236851,0,MOVER A MASTER Y MARCAR DELETED
GEO_3867,86310,GOMEZ MARIANA CARINA,27227325726,0,95348,GOMEZ MARIANA CARINA,27227325726,0,MOVER A MASTER Y MARCAR DELETED
GEO_3868,85926,SAN CAMILO  CARO,27208497060,0,94964,SAN CAMILO  CARO,27208497060,0,MOVER A MASTER Y MARCAR DELETED
GEO_3869,86235,NOVARINO  MARITA,27223747073,0,95273,NOVARINO  MARITA,27223747073,0,MOVER A MASTER Y MARCAR DELETED
GEO_3870,86319,NEWBERY  ALEJANDRA,27227736696,0,95357,NEWBERY  ALEJANDRA,27227736696,0,MOVER A MASTER Y MARCAR DELETED
GEO_3871,86331,BONAZZOLA DE CARAMUTI MARIA JOSE,27228437757,0,95369,BONAZZOLA DE CARAMUTI MARIA JOSE,27228437757,0,MOVER A MASTER Y MARCAR DELETED
GEO_3872,86334,NUEVA FULCHI  VIRGINIA,27228781199,0,95372,NUEVA FULCHI  VIRGINIA,27228781199,0,MOVER A MASTER Y MARCAR DELETED
GEO_3873,86341,3422 CANDISANO JOSE CARLOS  LAS CANDELAS,27229038104,0,95379,3422 CANDISANO JOSE CARLOS  LAS CANDELAS,27229038104,0,MOVER A MASTER Y MARCAR DELETED
GEO_3874,86340,3098 CANDISANO MARIA JOSE  FARMACIA CANDISANO,27229038104,0,95378,"3098 CANDISANO, MARIA JOSE  FARMACIA CANDISANO",27229038104,0,MOVER A MASTER Y MARCAR DELETED
GEO_3875,88025,MAFEI,30602302896,0,97064,MAFEI,30602302896,0,MOVER A MASTER Y MARCAR DELETED
GEO_3876,86346,FILIPPINI SANDRA V  SANDRA,27229326991,12,95384,FILIPPINI SANDRA V  SANDRA,27229326991,0,MOVER A MASTER Y MARCAR DELETED
GEO_3877,86364,DE PAOLI,27230458974,0,95402,DE PAOLI,27230458974,0,MOVER A MASTER Y MARCAR DELETED
GEO_3878,86364,DE PAOLI,27230458974,0,95402,DE PAOLI,27230458974,0,MOVER A MASTER Y MARCAR DELETED
GEO_3879,86374,ALFA  CLAUDIA,27230966821,0,95412,ALFA  CLAUDIA,27230966821,0,MOVER A MASTER Y MARCAR DELETED
GEO_3880,86376,NANCY  NANCY,27231054249,0,95414,NANCY  NANCY,27231054249,0,MOVER A MASTER Y MARCAR DELETED
GEO_3881,86376,NANCY  NANCY,27231054249,0,95414,NANCY  NANCY,27231054249,0,MOVER A MASTER Y MARCAR DELETED
GEO_3882,86388,BENITEZ1,27231536219,0,95426,BENITEZ1,27231536219,0,MOVER A MASTER Y MARCAR DELETED
GEO_3883,86392,VIDELA,27231664772,0,95430,VIDELA,27231664772,0,MOVER A MASTER Y MARCAR DELETED
GEO_3884,86391,STRICKER MARIA CECILIA,27231643023,0,95429,STRICKER MARIA CECILIA,27231643023,0,MOVER A MASTER Y MARCAR DELETED
GEO_3885,86420,VALLECILLO LORENA  LORENA,27232819346,1,95458,VALLECILLO LORENA  LORENA,27232819346,0,MOVER A MASTER Y MARCAR DELETED
GEO_3886,86420,VALLECILLO LORENA  LORENA,27232819346,1,95458,VALLECILLO LORENA  LORENA,27232819346,0,MOVER A MASTER Y MARCAR DELETED
GEO_3887,86432,BARRIO BANCARIO,27233187181,0,95470,BARRIO BANCARIO,27233187181,0,MOVER A MASTER Y MARCAR DELETED
GEO_3888,89904,PHARMAVIP S.C.S  BAUZA PASEO SUR,30715908820,0,98945,PHARMAVIP S.C.S  BAUZA PASEO SUR,30715908820,0,MOVER A MASTER Y MARCAR DELETED
GEO_3888,89904,PHARMAVIP S.C.S  BAUZA PASEO SUR,30715908820,0,101133,PHARMAVIP,30-71590882-0,3,MOVER A MASTER Y MARCAR DELETED
GEO_3889,86458,NUEVO MILENIO,27235188495,0,95496,NUEVO MILENIO,27235188495,0,MOVER A MASTER Y MARCAR DELETED
GEO_3890,86464,BLANCA ISABEL TROZZI,27235356185,0,95502,BLANCA ISABEL TROZZI,27235356185,0,MOVER A MASTER Y MARCAR DELETED
GEO_3891,86464,BLANCA ISABEL TROZZI,27235356185,0,95502,BLANCA ISABEL TROZZI,27235356185,0,MOVER A MASTER Y MARCAR DELETED
GEO_3892,86464,BLANCA ISABEL TROZZI,27235356185,0,95502,BLANCA ISABEL TROZZI,27235356185,0,MOVER A MASTER Y MARCAR DELETED
GEO_3893,86473,BENITEZ,27235885110,0,95511,BENITEZ,27235885110,0,MOVER A MASTER Y MARCAR DELETED
GEO_3894,90105,RED MARKET POSADAS  MILAGROS,30716866013,0,99146,RED MARKET POSADAS  MILAGROS,30716866013,0,MOVER A MASTER Y MARCAR DELETED
GEO_3895,86493,IMVINKELRIED PATRICIA GUADALUPE,27236981415,0,95531,IMVINKELRIED PATRICIA GUADALUPE,27236981415,0,MOVER A MASTER Y MARCAR DELETED
GEO_3896,86496,FCIA.ALBANESICELINA  FARMACIA ALBANESI,27237197793,0,95534,"FCIA.ALBANESI,CELINA  FARMACIA ALBANESI",27237197793,0,MOVER A MASTER Y MARCAR DELETED
GEO_3897,86528,CASTRO KARINA,27239268051,0,95566,CASTRO KARINA,27239268051,0,MOVER A MASTER Y MARCAR DELETED
GEO_3898,89830,ALEMANA DE LOPERGOLO V. Y CORDEIRO M. S.  VERONICA SOLEDAD.,30715566059,0,98871,"ALEMANA DE LOPERGOLO V. Y CORDEIRO M. S.  VERONICA, SOLEDAD.",30715566059,0,MOVER A MASTER Y MARCAR DELETED
GEO_3899,86535,TERZAGHI FLAVIA L.  FARMACIA TERZAGHI,27239618591,0,95573,TERZAGHI FLAVIA L.  FARMACIA TERZAGHI,27239618591,0,MOVER A MASTER Y MARCAR DELETED
GEO_3900,86537,LIBERATORE DANIELA  DANIELA (JUEVES NO ESTA),27239641356,0,95575,LIBERATORE DANIELA  DANIELA (JUEVES NO ESTA),27239641356,0,MOVER A MASTER Y MARCAR DELETED
GEO_3901,86558,3446 PACHECO ERICA PAOLA  FARMACIA RUTINI 2,27241163313,0,95596,"3446 PACHECO, ERICA PAOLA  FARMACIA RUTINI 2",27241163313,0,MOVER A MASTER Y MARCAR DELETED
GEO_3902,86558,3446 PACHECO ERICA PAOLA  FARMACIA RUTINI 2,27241163313,0,95596,"3446 PACHECO, ERICA PAOLA  FARMACIA RUTINI 2",27241163313,0,MOVER A MASTER Y MARCAR DELETED
GEO_3903,86563,FARMACENTER,27241380071,0,95601,FARMACENTER,27241380071,0,MOVER A MASTER Y MARCAR DELETED
GEO_3904,86568,3381 ARRIGONE PAOLA EVA  FARMACIA ANDINA,27241535571,0,95606,3381 ARRIGONE PAOLA EVA  FARMACIA ANDINA,27241535571,0,MOVER A MASTER Y MARCAR DELETED
GEO_3905,86568,3381 ARRIGONE PAOLA EVA  FARMACIA ANDINA,27241535571,0,95606,3381 ARRIGONE PAOLA EVA  FARMACIA ANDINA,27241535571,0,MOVER A MASTER Y MARCAR DELETED
GEO_3906,84565,MANDRILE  RITA,27121556370,0,93602,MANDRILE  RITA,27121556370,0,MOVER A MASTER Y MARCAR DELETED
GEO_3907,86590,NUEVA ITUZAINGO  SONIA ANDREA,27242998311,0,95628,NUEVA ITUZAINGO  SONIA ANDREA,27242998311,0,MOVER A MASTER Y MARCAR DELETED
GEO_3908,88150,POPULAR,30638405241,0,97189,POPULAR,30638405241,0,MOVER A MASTER Y MARCAR DELETED
GEO_3908,88150,POPULAR,30638405241,0,101563,FARMACIA POPULAR ,30-63840524-1,0,MOVER A MASTER Y MARCAR DELETED
GEO_3909,101173,Perfumeria Recal,20-10619045-4,0,101387,PERFUMERIA RECAL,20-10619045-4,0,MOVER A MASTER Y MARCAR DELETED
GEO_3910,88546,CENTRAL MUNRO,30695120490,0,155,Central Munro,30-69512049-0,0,MOVER A MASTER Y MARCAR DELETED
GEO_3910,88546,CENTRAL MUNRO,30695120490,0,97585,CENTRAL MUNRO,30695120490,0,MOVER A MASTER Y MARCAR DELETED
GEO_3911,81710,20 RINI LUIS ARTURO  FCIA RINI,20033247673,1,90745,"20 RINI, LUIS ARTURO  FCIA RINI",20033247673,0,MOVER A MASTER Y MARCAR DELETED
GEO_3912,86600,JUAN B. JUSTO CENTRO  LORENA,27243570242,0,95638,JUAN B. JUSTO CENTRO  LORENA,27243570242,0,MOVER A MASTER Y MARCAR DELETED
GEO_3913,81866,EL MIRADOR - LASTENIA  ESPER FERNANDO ENRIQUE,20102194714,0,90902,EL MIRADOR - LASTENIA  ESPER FERNANDO ENRIQUE,20102194714,0,MOVER A MASTER Y MARCAR DELETED
GEO_3914,86603,FARMACIA PASCHETA,27243897357,0,95641,FARMACIA PASCHETA,27243897357,0,MOVER A MASTER Y MARCAR DELETED
GEO_3915,88195,2815       MARILYN  S.R.L.,30658042307,0,97235,2815       MARILYN  S.R.L.,30658042307,0,MOVER A MASTER Y MARCAR DELETED
GEO_3916,86617,PELLEGRINO CECILIA,27244398419,0,95655,PELLEGRINO CECILIA,27244398419,0,MOVER A MASTER Y MARCAR DELETED
GEO_3917,86626,STRELUK IRIS GRACIELA  WALTER,27244867591,0,95664,STRELUK IRIS GRACIELA  WALTER,27244867591,0,MOVER A MASTER Y MARCAR DELETED
GEO_3918,86632,SAN LORENZO,27245396819,0,95670,SAN LORENZO,27245396819,0,MOVER A MASTER Y MARCAR DELETED
GEO_3919,86636,IGLESIAS CLAUDIA V.  CLAUDIA IGLESIA,27245674339,0,95674,IGLESIAS CLAUDIA V.  CLAUDIA IGLESIA,27245674339,0,MOVER A MASTER Y MARCAR DELETED
GEO_3920,84062,ZAMACZUCK ROSANA VANESA  OCCI,23284103084,0,93099,ZAMACZUCK ROSANA VANESA  OCCI,23284103084,0,MOVER A MASTER Y MARCAR DELETED
GEO_3921,86644,PRINCIPAL  CHAHLA ELIANA SILVANA,27246418492,0,95682,PRINCIPAL  CHAHLA ELIANA SILVANA,27246418492,0,MOVER A MASTER Y MARCAR DELETED
GEO_3922,86644,PRINCIPAL  CHAHLA ELIANA SILVANA,27246418492,0,95682,PRINCIPAL  CHAHLA ELIANA SILVANA,27246418492,0,MOVER A MASTER Y MARCAR DELETED
GEO_3923,87036,NOVO MARIA JULIANA  FARMACIA NOVO,27283944684,0,96073,NOVO MARIA JULIANA  FARMACIA NOVO,27283944684,0,MOVER A MASTER Y MARCAR DELETED
GEO_3924,86654,MOSCOVICH  VANI,27247032792,0,95692,MOSCOVICH  VANI,27247032792,0,MOVER A MASTER Y MARCAR DELETED
GEO_3925,86650,SAIA SILVANA CAROLINA  FARMACIA SAIA,27246889959,0,95688,SAIA SILVANA CAROLINA  FARMACIA SAIA,27246889959,0,MOVER A MASTER Y MARCAR DELETED
GEO_3926,86663,CASCIANI GABRIELA  GABRIELA,27247503949,0,95701,CASCIANI GABRIELA  GABRIELA,27247503949,0,MOVER A MASTER Y MARCAR DELETED
GEO_3927,86686,FARMAVITAL 1  DI SIPIO LAURA,27249024711,0,95724,FARMAVITAL 1  DI SIPIO LAURA,27249024711,0,MOVER A MASTER Y MARCAR DELETED
GEO_3928,101174,STEHLI Farmacia ,27-12822638-4,5,101172,STEHLI Farmacia ,27-12822638-4,0,MOVER A MASTER Y MARCAR DELETED
GEO_3929,101174,STEHLI Farmacia ,27-12822638-4,5,101172,STEHLI Farmacia ,27-12822638-4,0,MOVER A MASTER Y MARCAR DELETED
GEO_3930,101174,STEHLI Farmacia ,27-12822638-4,5,101172,STEHLI Farmacia ,27-12822638-4,0,MOVER A MASTER Y MARCAR DELETED
GEO_3931,101174,STEHLI Farmacia ,27-12822638-4,5,101172,STEHLI Farmacia ,27-12822638-4,0,MOVER A MASTER Y MARCAR DELETED
GEO_3932,85987,AZAR  POLA,27213799083,0,95025,AZAR  POLA,27213799083,0,MOVER A MASTER Y MARCAR DELETED
GEO_3933,89809,NUEVA WILDE FARMACEUTICA,30715381156,0,98850,NUEVA WILDE FARMACEUTICA,30715381156,0,MOVER A MASTER Y MARCAR DELETED
GEO_3934,86006,OROZ,27214464700,0,95044,OROZ,27214464700,0,MOVER A MASTER Y MARCAR DELETED
GEO_3935,86019,DI MONACO  MARIA PAULA,27215237457,0,95057,DI MONACO  MARIA PAULA,27215237457,0,MOVER A MASTER Y MARCAR DELETED
GEO_3936,86019,DI MONACO  MARIA PAULA,27215237457,0,95057,DI MONACO  MARIA PAULA,27215237457,0,MOVER A MASTER Y MARCAR DELETED
GEO_3937,84159,NATALIA CUPELLINO  FARMACIA CUPELLINO,24250020992,0,93196,NATALIA CUPELLINO  FARMACIA CUPELLINO,24250020992,0,MOVER A MASTER Y MARCAR DELETED
GEO_3938,86711,FARMAVITAL,27251270290,0,95748,FARMAVITAL,27251270290,0,MOVER A MASTER Y MARCAR DELETED
GEO_3939,86320,CHINEN,27227743161,0,95358,CHINEN,27227743161,0,MOVER A MASTER Y MARCAR DELETED
GEO_3940,86320,CHINEN,27227743161,0,95358,CHINEN,27227743161,0,MOVER A MASTER Y MARCAR DELETED
GEO_3941,86320,CHINEN,27227743161,0,95358,CHINEN,27227743161,0,MOVER A MASTER Y MARCAR DELETED
GEO_3942,86320,CHINEN,27227743161,0,95358,CHINEN,27227743161,0,MOVER A MASTER Y MARCAR DELETED
GEO_3943,86320,CHINEN,27227743161,0,95358,CHINEN,27227743161,0,MOVER A MASTER Y MARCAR DELETED
GEO_3944,86520,SILVANA P.LASSERRE,27238428284,0,95558,SILVANA P.LASSERRE,27238428284,0,MOVER A MASTER Y MARCAR DELETED
GEO_3945,86529,MAZZARA LORENA SILVANA  LORENA,27239369605,0,95567,MAZZARA LORENA SILVANA  LORENA,27239369605,0,MOVER A MASTER Y MARCAR DELETED
GEO_3946,86715,FCIA QUEEN,27251540433,0,95752,FCIA QUEEN,27251540433,0,MOVER A MASTER Y MARCAR DELETED
GEO_3947,86729,CASA DEL SOL,27252362040,0,95766,CASA DEL SOL,27252362040,0,MOVER A MASTER Y MARCAR DELETED
GEO_3948,86760,NIEVAS NATALIA NOEMI  NATALIA,27254555725,0,95797,NIEVAS NATALIA NOEMI  NATALIA,27254555725,0,MOVER A MASTER Y MARCAR DELETED
GEO_3949,86767,GIOVINAZZO VIVIANA ISABEL  FARMACIA GIOVINAZZO,27255881863,12,95804,GIOVINAZZO VIVIANA ISABEL  FARMACIA GIOVINAZZO,27255881863,0,MOVER A MASTER Y MARCAR DELETED
GEO_3950,86726,3085 GALARSI LAURA PAMELA  FCIA DE LA QUINTA,27252216877,0,95763,"3085 GALARSI, LAURA PAMELA  FCIA DE LA QUINTA",27252216877,0,MOVER A MASTER Y MARCAR DELETED
GEO_3951,83968,UGOLINI FLAVIA ANAHI,23229029754,0,93005,UGOLINI FLAVIA ANAHI,23229029754,0,MOVER A MASTER Y MARCAR DELETED
GEO_3952,86790,OLAVARRIA- SALTA,27258296058,0,95827,OLAVARRIA- SALTA,27258296058,0,MOVER A MASTER Y MARCAR DELETED
GEO_3953,86800,PARDINI,27259083120,0,95837,PARDINI,27259083120,0,MOVER A MASTER Y MARCAR DELETED
GEO_3954,90327,CENTRO UNION EMPL DE COMERCIO,33532385399,0,99368,CENTRO UNION EMPL DE COMERCIO,33532385399,0,MOVER A MASTER Y MARCAR DELETED
GEO_3955,86801,PALACIN,27259103989,0,95838,PALACIN,27259103989,0,MOVER A MASTER Y MARCAR DELETED
GEO_3956,86801,PALACIN,27259103989,0,95838,PALACIN,27259103989,0,MOVER A MASTER Y MARCAR DELETED
GEO_3957,86865,ZUVIRIA - SALTA,27265703688,0,95902,ZUVIRIA - SALTA,27265703688,0,MOVER A MASTER Y MARCAR DELETED
GEO_3958,86854,NUEVA BOTICARIO,27264792059,0,95891,NUEVA BOTICARIO,27264792059,0,MOVER A MASTER Y MARCAR DELETED
GEO_3959,86854,NUEVA BOTICARIO,27264792059,0,95891,NUEVA BOTICARIO,27264792059,0,MOVER A MASTER Y MARCAR DELETED
GEO_3960,86819,MARIN,27260600619,0,95856,MARIN,27260600619,0,MOVER A MASTER Y MARCAR DELETED
GEO_3961,86839,AVENIDA OLMOS,27262500972,0,95876,AVENIDA OLMOS,27262500972,0,MOVER A MASTER Y MARCAR DELETED
GEO_3962,86864,VILLAGUAY,27265641828,0,95901,VILLAGUAY,27265641828,0,MOVER A MASTER Y MARCAR DELETED
GEO_3963,86902,CORIA MARIA FERNANDA,27269955428,0,95939,CORIA MARIA FERNANDA,27269955428,0,MOVER A MASTER Y MARCAR DELETED
GEO_3964,86894,FORT ROMINA  GUSTAVO,27268706335,0,95931,FORT ROMINA  GUSTAVO,27268706335,0,MOVER A MASTER Y MARCAR DELETED
GEO_3965,86912,NATALE  LORENA,27270773732,0,95949,NATALE  LORENA,27270773732,0,MOVER A MASTER Y MARCAR DELETED
GEO_3966,86914,ARGENTI GUILLERMINA,27271483975,0,95951,ARGENTI GUILLERMINA,27271483975,0,MOVER A MASTER Y MARCAR DELETED
GEO_3967,86948,TRINGOLO VALERIA BEATRIZ,27274974392,0,95985,TRINGOLO VALERIA BEATRIZ,27274974392,0,MOVER A MASTER Y MARCAR DELETED
GEO_3968,86973,NARANJO SILVINA LUCIA,27277685529,0,96010,NARANJO SILVINA LUCIA,27277685529,0,MOVER A MASTER Y MARCAR DELETED
GEO_3969,86977,TRAVERSO,27278166479,0,96014,TRAVERSO,27278166479,0,MOVER A MASTER Y MARCAR DELETED
GEO_3970,86933,ANUNZIATO ANABELLA  ANUNZIATO,27273185653,0,95970,ANUNZIATO ANABELLA  ANUNZIATO,27273185653,0,MOVER A MASTER Y MARCAR DELETED
GEO_3971,86939,VITALE MARINA D.  FARMACIA VITALE,27274207669,0,95976,VITALE MARINA D.  FARMACIA VITALE,27274207669,0,MOVER A MASTER Y MARCAR DELETED
GEO_3972,86950,FCIA.MINA ELEONORA  ELEONORA,27275385552,0,95987,FCIA.MINA ELEONORA  ELEONORA,27275385552,0,MOVER A MASTER Y MARCAR DELETED
GEO_3973,86946,PRISCILA PRIOTTI  PRISCILA,27274959946,0,95983,PRISCILA PRIOTTI  PRISCILA,27274959946,0,MOVER A MASTER Y MARCAR DELETED
GEO_3974,86927,POMPEYA DE COLLA VIRGINIA MARTA  POMPEYA ROXANA,27272337913,0,95964,POMPEYA DE COLLA VIRGINIA MARTA  POMPEYA ROXANA,27272337913,0,MOVER A MASTER Y MARCAR DELETED
GEO_3975,86927,POMPEYA DE COLLA VIRGINIA MARTA  POMPEYA ROXANA,27272337913,0,95964,POMPEYA DE COLLA VIRGINIA MARTA  POMPEYA ROXANA,27272337913,0,MOVER A MASTER Y MARCAR DELETED
GEO_3976,87003,SILVANA LORENZETTI  SILVANA,27280555415,0,96040,SILVANA LORENZETTI  SILVANA,27280555415,0,MOVER A MASTER Y MARCAR DELETED
GEO_3977,87010,URQUIZA  ROMINA,27281144451,0,96047,URQUIZA  ROMINA,27281144451,0,MOVER A MASTER Y MARCAR DELETED
GEO_3978,81820,JORGE A.RUIZ  RUIZ,20080729473,0,90855,JORGE A.RUIZ  RUIZ,20080729473,0,MOVER A MASTER Y MARCAR DELETED
GEO_3979,84419,FCIA.LAURINO LIDIA  LIDIA 9 A 13 Y 16 A 21,27107791154,0,93456,FCIA.LAURINO LIDIA  LIDIA 9 A 13 Y 16 A 21,27107791154,0,MOVER A MASTER Y MARCAR DELETED
GEO_3980,86994,SIRGA-TUCUMAN  VILLAGRA JOSEFINA,27279622257,0,96031,SIRGA-TUCUMAN  VILLAGRA JOSEFINA,27279622257,0,MOVER A MASTER Y MARCAR DELETED
GEO_3981,87001,MARIA SELVA DE D AGOSTINO PAMELA E.,27280255578,0,96038,MARIA SELVA DE D AGOSTINO PAMELA E.,27280255578,0,MOVER A MASTER Y MARCAR DELETED
GEO_3982,84798,GONZALEZ GATTONE  CLELIA RITA,27136432546,0,93836,GONZALEZ GATTONE  CLELIA RITA,27136432546,0,MOVER A MASTER Y MARCAR DELETED
GEO_3983,84798,GONZALEZ GATTONE  CLELIA RITA,27136432546,0,93836,GONZALEZ GATTONE  CLELIA RITA,27136432546,0,MOVER A MASTER Y MARCAR DELETED
GEO_3984,84798,GONZALEZ GATTONE  CLELIA RITA,27136432546,0,93836,GONZALEZ GATTONE  CLELIA RITA,27136432546,0,MOVER A MASTER Y MARCAR DELETED
GEO_3985,83525,CEILAN  MATIAS,20364567376,10,92562,CEILAN  MATIAS,20364567376,0,MOVER A MASTER Y MARCAR DELETED
GEO_3986,84418,PESL  NELIDA,27107719372,0,93455,PESL  NELIDA,27107719372,0,MOVER A MASTER Y MARCAR DELETED
GEO_3987,87087,TERRANOVA,27290931970,0,96124,TERRANOVA,27290931970,0,MOVER A MASTER Y MARCAR DELETED
GEO_3988,87059,FULL FARMA I  JESICA,27286616211,0,96096,FULL FARMA I  JESICA,27286616211,0,MOVER A MASTER Y MARCAR DELETED
GEO_3989,87044,3401 ITALIANO CECILIA ANDREA,27285141635,0,96081,3401 ITALIANO CECILIA ANDREA,27285141635,0,MOVER A MASTER Y MARCAR DELETED
GEO_3990,87050,FCIA.CICCONOFRI  PAMELA,27285767054,0,96087,FCIA.CICCONOFRI  PAMELA,27285767054,0,MOVER A MASTER Y MARCAR DELETED
GEO_3991,87055,ROCHA,27286489635,0,96092,ROCHA,27286489635,0,MOVER A MASTER Y MARCAR DELETED
GEO_3992,87063,MULLER MARIA CIELO  FARMACIA MULLER,27287601390,0,96100,MULLER MARIA CIELO  FARMACIA MULLER,27287601390,0,MOVER A MASTER Y MARCAR DELETED
GEO_3993,87063,MULLER MARIA CIELO  FARMACIA MULLER,27287601390,0,96100,MULLER MARIA CIELO  FARMACIA MULLER,27287601390,0,MOVER A MASTER Y MARCAR DELETED
GEO_3994,87070,MARIANA ACHAVAL  EMANUEL,27288523032,0,96107,MARIANA ACHAVAL  EMANUEL,27288523032,0,MOVER A MASTER Y MARCAR DELETED
GEO_3995,87060,FULL FARMA II  MARIELA,27286616211,0,96097,FULL FARMA II  MARIELA,27286616211,0,MOVER A MASTER Y MARCAR DELETED
GEO_3996,87084,FCIA.GONZALEZ LUCRECIA  LUCRECIA,27290700421,0,96121,FCIA.GONZALEZ LUCRECIA  LUCRECIA,27290700421,0,MOVER A MASTER Y MARCAR DELETED
GEO_3997,87098,3440 VIGNATI ILLA ROMINA  TUTTI,27291492075,0,96135,"3440 VIGNATI ILLA, ROMINA  TUTTI",27291492075,0,MOVER A MASTER Y MARCAR DELETED
GEO_3998,87098,3440 VIGNATI ILLA ROMINA  TUTTI,27291492075,0,96135,"3440 VIGNATI ILLA, ROMINA  TUTTI",27291492075,0,MOVER A MASTER Y MARCAR DELETED
GEO_3999,87098,3440 VIGNATI ILLA ROMINA  TUTTI,27291492075,0,96135,"3440 VIGNATI ILLA, ROMINA  TUTTI",27291492075,0,MOVER A MASTER Y MARCAR DELETED
GEO_4000,87139,ORIO,27297860335,0,96176,ORIO,27297860335,0,MOVER A MASTER Y MARCAR DELETED
GEO_4001,87093,FCIA.YUS MELISA  FARMACIA YUS,27291357089,0,96130,FCIA.YUS MELISA  FARMACIA YUS,27291357089,0,MOVER A MASTER Y MARCAR DELETED
GEO_4002,87156,ORAZI FANY CAROLINA  FANY CAROLINA,27300147610,0,96193,ORAZI FANY CAROLINA  FANY CAROLINA,27300147610,0,MOVER A MASTER Y MARCAR DELETED
GEO_4003,87185,GRASSO ELISA LAURA  ELISA,27305902255,0,96222,GRASSO ELISA LAURA  ELISA,27305902255,0,MOVER A MASTER Y MARCAR DELETED
GEO_4004,87212,3419 CHADE SEBASTIAN OSCAR  FARMACENTER,27309678996,0,96249,3419 CHADE SEBASTIAN OSCAR  FARMACENTER,27309678996,0,MOVER A MASTER Y MARCAR DELETED
GEO_4005,87217,AUTINO,27310739230,0,96254,AUTINO,27310739230,0,MOVER A MASTER Y MARCAR DELETED
GEO_4006,87150,CALVIN EMILSE  FARMACIA CALVIN,27299831359,1,96187,CALVIN EMILSE  FARMACIA CALVIN,27299831359,0,MOVER A MASTER Y MARCAR DELETED
GEO_4007,87151,FAR MAS - COLONIA AVELLANEDA,27299911530,0,96188,FAR MAS - COLONIA AVELLANEDA,27299911530,0,MOVER A MASTER Y MARCAR DELETED
GEO_4008,87158,LIBERTAD,27300592444,0,96195,LIBERTAD,27300592444,0,MOVER A MASTER Y MARCAR DELETED
GEO_4009,84200,FCIA.CHOIHETTE ESTHER,27033361802,0,93237,FCIA.CHOIHETTE ESTHER,27033361802,0,MOVER A MASTER Y MARCAR DELETED
GEO_4010,88937,FARMABELEN,30708855444,0,97977,FARMABELEN 2,30708855444,0,MOVER A MASTER Y MARCAR DELETED
GEO_4011,84206,ZUCCO NILDA DEL CARMEN  FARMACIA ZUCCO,27037383029,0,93243,ZUCCO NILDA DEL CARMEN  FARMACIA ZUCCO,27037383029,0,MOVER A MASTER Y MARCAR DELETED
GEO_4012,84240,COTTA ELISA NORMA,27045347848,0,93277,COTTA ELISA NORMA,27045347848,0,MOVER A MASTER Y MARCAR DELETED
GEO_4013,87264,PERFUMERIA SIRENA,27317505669,0,96301,PERFUMERIA SIRENA,27317505669,0,MOVER A MASTER Y MARCAR DELETED
GEO_4014,87264,PERFUMERIA SIRENA,27317505669,0,96301,PERFUMERIA SIRENA,27317505669,0,MOVER A MASTER Y MARCAR DELETED
GEO_4015,87247,LUCIA BANCHIO,27315027352,0,96284,LUCIA BANCHIO,27315027352,0,MOVER A MASTER Y MARCAR DELETED
GEO_4016,87277,BOSAZ SUSANA,27318552326,0,96314,BOSAZ SUSANA,27318552326,0,MOVER A MASTER Y MARCAR DELETED
GEO_4017,87278,BONAZZOLA ESTEFANIA MARIA DE LOS MILAGROS,27318793803,0,96315,BONAZZOLA ESTEFANIA MARIA DE LOS MILAGROS,27318793803,0,MOVER A MASTER Y MARCAR DELETED
GEO_4018,87345,DIAZ MARIA NADIA,27326003412,0,96382,DIAZ MARIA NADIA,27326003412,0,MOVER A MASTER Y MARCAR DELETED
GEO_4019,87290,FARMACIA SERVIFARMA,27320360914,0,96327,FARMACIA SERVIFARMA,27320360914,0,MOVER A MASTER Y MARCAR DELETED
GEO_4020,90485,NUEVA MARINA  ROLANDO,33708894309,0,99526,NUEVA MARINA  ROLANDO,33708894309,0,MOVER A MASTER Y MARCAR DELETED
GEO_4021,90487,PHARMALURO S.C.S  BAUZA,33708931069,6,99528,PHARMALURO S.C.S  BAUZA,33708931069,0,MOVER A MASTER Y MARCAR DELETED
GEO_4022,87394,FARMACIA BERUTTI,27332874093,2,96431,FARMACIA BERUTTI,27332874093,0,MOVER A MASTER Y MARCAR DELETED
GEO_4023,87364,PELLEGRINI DE GHERSI LORENA,27328956573,0,96401,PELLEGRINI DE GHERSI LORENA,27328956573,0,MOVER A MASTER Y MARCAR DELETED
GEO_4024,87364,PELLEGRINI DE GHERSI LORENA,27328956573,0,96401,PELLEGRINI DE GHERSI LORENA,27328956573,0,MOVER A MASTER Y MARCAR DELETED
GEO_4025,87391,SEGLIE,27332444935,0,96428,SEGLIE,27332444935,0,MOVER A MASTER Y MARCAR DELETED
GEO_4026,87360,QUERINI,27328699309,0,96397,QUERINI,27328699309,0,MOVER A MASTER Y MARCAR DELETED
GEO_4027,90486,MANUELA AMARELLE,33708898649,0,99527,MANUELA AMARELLE,33708898649,0,MOVER A MASTER Y MARCAR DELETED
GEO_4028,90493,FRATELLI,33709165009,0,99534,FRATELLI,33709165009,0,MOVER A MASTER Y MARCAR DELETED
GEO_4029,87459,FARMACIA SZWIMER,27342148595,117,96496,FARMACIA SZWIMER,27342148595,0,MOVER A MASTER Y MARCAR DELETED
GEO_4030,87475,BOURDIN DE FIORINI ANALIA CAROLINA,27344665694,0,96512,BOURDIN DE FIORINI ANALIA CAROLINA,27344665694,0,MOVER A MASTER Y MARCAR DELETED
GEO_4031,87428,FCIA.GENCIANA,27338165647,0,96465,FCIA.GENCIANA,27338165647,0,MOVER A MASTER Y MARCAR DELETED
GEO_4032,90494,NORTEFARM S.C.S.,33709270619,0,99535,NORTEFARM S.C.S.,33709270619,0,MOVER A MASTER Y MARCAR DELETED
GEO_4033,90494,NORTEFARM S.C.S.,33709270619,0,99535,NORTEFARM S.C.S.,33709270619,0,MOVER A MASTER Y MARCAR DELETED
GEO_4034,89471,FARMACIA TORNU,30712246878,0,98512,FARMACIA TORNU,30712246878,0,MOVER A MASTER Y MARCAR DELETED
GEO_4035,90496,FCIA.FARMAGESELL S.C.S.,33709471509,0,99537,FCIA.FARMAGESELL S.C.S.,33709471509,0,MOVER A MASTER Y MARCAR DELETED
GEO_4036,87497,MAS VANESA XIMENA  FARMACIA MAS,27348239967,12,96534,MAS VANESA XIMENA  FARMACIA MAS,27348239967,0,MOVER A MASTER Y MARCAR DELETED
GEO_4037,84245,MARTHA E.ROMERO,27046332267,0,93282,MARTHA E.ROMERO,27046332267,0,MOVER A MASTER Y MARCAR DELETED
GEO_4038,85437,SALVATIERRA MARIA,27177281242,0,94475,SALVATIERRA MARIA,27177281242,0,MOVER A MASTER Y MARCAR DELETED
GEO_4039,85437,SALVATIERRA MARIA,27177281242,0,94475,SALVATIERRA MARIA,27177281242,0,MOVER A MASTER Y MARCAR DELETED
GEO_4040,87520,DORFMAN,27351314708,0,96557,DORFMAN,27351314708,0,MOVER A MASTER Y MARCAR DELETED
GEO_4041,84796,PEREYRA  MIRIAM,27136228566,0,93834,PEREYRA  MIRIAM,27136228566,0,MOVER A MASTER Y MARCAR DELETED
GEO_4042,85511,DEL ESTE,27180006708,0,94549,DEL ESTE,27180006708,0,MOVER A MASTER Y MARCAR DELETED
GEO_4043,85513,GIUSTI SILVIA NOEMI,27180048664,0,94551,GIUSTI SILVIA NOEMI,27180048664,0,MOVER A MASTER Y MARCAR DELETED
GEO_4044,85513,GIUSTI SILVIA NOEMI,27180048664,0,94551,GIUSTI SILVIA NOEMI,27180048664,0,MOVER A MASTER Y MARCAR DELETED
GEO_4045,85513,GIUSTI SILVIA NOEMI,27180048664,0,94551,GIUSTI SILVIA NOEMI,27180048664,0,MOVER A MASTER Y MARCAR DELETED
GEO_4046,87543,FRANKE MAILEN DANISA  FARMACIA FRANKE,27355837152,5,96580,FRANKE MAILEN DANISA  FARMACIA FRANKE,27355837152,0,MOVER A MASTER Y MARCAR DELETED
GEO_4047,85436,FARMACIA ROMER,27177209851,0,94474,FARMACIA ROMER,27177209851,0,MOVER A MASTER Y MARCAR DELETED
GEO_4048,85464,FARMACIA REMO,27178224145,0,94502,FARMACIA REMO,27178224145,0,MOVER A MASTER Y MARCAR DELETED
GEO_4049,87545,TONINI AILEN E.,27356508225,0,96582,TONINI AILEN E.,27356508225,0,MOVER A MASTER Y MARCAR DELETED
GEO_4050,85499,ACUARIO - SALTA,27179500111,0,94537,ACUARIO - SALTA,27179500111,0,MOVER A MASTER Y MARCAR DELETED
GEO_4051,85453,FCIA.PAOLINO ANGELA S.  ANGELA,27177782993,0,94491,FCIA.PAOLINO ANGELA S.  ANGELA,27177782993,0,MOVER A MASTER Y MARCAR DELETED
GEO_4052,85517,MORRISON  CAROLINA,27180160669,0,94555,MORRISON  CAROLINA,27180160669,0,MOVER A MASTER Y MARCAR DELETED
GEO_4053,85490,MENEGAZ,27179185321,0,94528,MENEGAZ,27179185321,0,MOVER A MASTER Y MARCAR DELETED
GEO_4054,84327,SANTISO  MARCELA,27060598695,0,93364,SANTISO  MARCELA,27060598695,0,MOVER A MASTER Y MARCAR DELETED
GEO_4055,84327,SANTISO  MARCELA,27060598695,0,93364,SANTISO  MARCELA,27060598695,0,MOVER A MASTER Y MARCAR DELETED
GEO_4056,84327,SANTISO  MARCELA,27060598695,0,93364,SANTISO  MARCELA,27060598695,0,MOVER A MASTER Y MARCAR DELETED
GEO_4057,85492,MATTIOLI MARCELA A.,27179301135,0,94530,MATTIOLI MARCELA A.,27179301135,0,MOVER A MASTER Y MARCAR DELETED
GEO_4058,85492,MATTIOLI MARCELA A.,27179301135,0,94530,MATTIOLI MARCELA A.,27179301135,0,MOVER A MASTER Y MARCAR DELETED
GEO_4059,101247,FARMACIA CANAL,30-70700855-1,13,97659,FARMANOI CANAL SAN FERNANDO,30707008551,0,MOVER A MASTER Y MARCAR DELETED
GEO_4059,101247,FARMACIA CANAL,30-70700855-1,13,88619,FARMANOI CANAL SAN FERNANDO,30707008551,0,MOVER A MASTER Y MARCAR DELETED
GEO_4060,101287,farmacia mitre2,30-71584002-9,7,101245,Farmacia Mitre 2,30-71584002-9,0,MOVER A MASTER Y MARCAR DELETED
GEO_4061,85508,ALESSO ANDREA  ANDREA,27179922733,0,94546,ALESSO ANDREA  ANDREA,27179922733,0,MOVER A MASTER Y MARCAR DELETED
GEO_4062,90609,PELMAN,30714851515,0,158,Farmacia Pelman,30-71485151-5,0,MOVER A MASTER Y MARCAR DELETED
GEO_4062,90609,PELMAN,30714851515,0,99650,PELMAN 2,30714851515,0,MOVER A MASTER Y MARCAR DELETED
GEO_4063,88864,2407 SANTA ANA SRL(SANTA ANA II),30708643366,0,97904,2407 SANTA ANA SRL(SANTA ANA II),30708643366,0,MOVER A MASTER Y MARCAR DELETED
GEO_4064,88865,2507 SANTA ANA SRL (STA ANA III),30708643366,0,97905,2507 SANTA ANA SRL (STA ANA III),30708643366,0,MOVER A MASTER Y MARCAR DELETED
GEO_4065,84364,SAGRADO CORAZON  CRISTINA,27066797835,0,93401,SAGRADO CORAZON  CRISTINA,27066797835,0,MOVER A MASTER Y MARCAR DELETED
GEO_4066,84364,SAGRADO CORAZON  CRISTINA,27066797835,0,93401,SAGRADO CORAZON  CRISTINA,27066797835,0,MOVER A MASTER Y MARCAR DELETED
GEO_4067,84409,OVEID ROSARIO E.  FARMACIA OVEI,27105947505,0,93446,OVEID ROSARIO E.  FARMACIA OVEI,27105947505,0,MOVER A MASTER Y MARCAR DELETED
GEO_4068,84410,1217 STOCCO DE FURLAN TERESA J.  MONTE BIANCO,27105994147,0,93447,"1217 STOCCO DE FURLAN, TERESA J.  MONTE BIANCO",27105994147,0,MOVER A MASTER Y MARCAR DELETED
GEO_4069,87590,ANDREU,27365248473,0,96627,ANDREU,27365248473,0,MOVER A MASTER Y MARCAR DELETED
GEO_4070,87590,ANDREU,27365248473,0,96627,ANDREU,27365248473,0,MOVER A MASTER Y MARCAR DELETED
GEO_4071,87615,MACONDO,27372459234,1,96652,MACONDO,27372459234,0,MOVER A MASTER Y MARCAR DELETED
GEO_4072,89678,BEGUIFARMA,30714757047,0,98719,BEGUIFARMA,30714757047,0,MOVER A MASTER Y MARCAR DELETED
GEO_4073,84531,ORIOL SUSANA  FARMACIA ORIOL,27118711195,0,93568,ORIOL SUSANA  FARMACIA ORIOL,27118711195,0,MOVER A MASTER Y MARCAR DELETED
GEO_4074,84533,TARICCO MARIA NELIDA  MARIA NELIDA,27118721468,0,93570,TARICCO MARIA NELIDA  MARIA NELIDA,27118721468,0,MOVER A MASTER Y MARCAR DELETED
GEO_4075,84533,TARICCO MARIA NELIDA  MARIA NELIDA,27118721468,0,93570,TARICCO MARIA NELIDA  MARIA NELIDA,27118721468,0,MOVER A MASTER Y MARCAR DELETED
GEO_4076,85566,PINAR,27182030975,0,94604,PINAR,27182030975,0,MOVER A MASTER Y MARCAR DELETED
GEO_4077,85567,AMARILLO,27182037945,0,94605,AMARILLO,27182037945,0,MOVER A MASTER Y MARCAR DELETED
GEO_4078,85570,THOMPSON DE A.PODESTA,27182431252,0,94608,THOMPSON DE A.PODESTA,27182431252,0,MOVER A MASTER Y MARCAR DELETED
GEO_4079,87646,DE LA CIUDAD  ADRIANA,27383316265,0,96683,DE LA CIUDAD  ADRIANA,27383316265,0,MOVER A MASTER Y MARCAR DELETED
GEO_4080,84567,ALEKSI,27121595279,0,93604,ALEKSI,27121595279,0,MOVER A MASTER Y MARCAR DELETED
GEO_4081,84575,BOSCARINO  ANA MARIA,27122502614,0,93612,BOSCARINO  ANA MARIA,27122502614,0,MOVER A MASTER Y MARCAR DELETED
GEO_4082,84610,AGUIRRE LAURA MARIA,27125006049,0,93647,AGUIRRE LAURA MARIA,27125006049,0,MOVER A MASTER Y MARCAR DELETED
GEO_4083,84610,AGUIRRE LAURA MARIA,27125006049,0,93647,AGUIRRE LAURA MARIA,27125006049,0,MOVER A MASTER Y MARCAR DELETED
GEO_4084,84649,LA SALUD- TUCUMAN  MARIA CRISTINA VARELA,27126741796,0,93686,LA SALUD- TUCUMAN  MARIA CRISTINA VARELA,27126741796,0,MOVER A MASTER Y MARCAR DELETED
GEO_4085,84694,2732 PARISOT MABEL CELIA  FARMACIA SAN  MARTIN,27129310370,0,93732,2732 PARISOT MABEL CELIA  FARMACIA SAN  MARTIN,27129310370,0,MOVER A MASTER Y MARCAR DELETED
GEO_4086,84728,SITI  SILVIA PATRICIA,27131521990,0,93766,SITI  SILVIA PATRICIA,27131521990,0,MOVER A MASTER Y MARCAR DELETED
GEO_4087,84729,ALVAREZ DE BESSO  INES,27131529355,0,93767,ALVAREZ DE BESSO  INES,27131529355,0,MOVER A MASTER Y MARCAR DELETED
GEO_4088,84770,MATIAS  BALBI VIVIANA,27134756646,0,93808,MATIAS  BALBI VIVIANA,27134756646,0,MOVER A MASTER Y MARCAR DELETED
GEO_4089,84770,MATIAS  BALBI VIVIANA,27134756646,0,93808,MATIAS  BALBI VIVIANA,27134756646,0,MOVER A MASTER Y MARCAR DELETED
GEO_4090,84770,MATIAS  BALBI VIVIANA,27134756646,0,93808,MATIAS  BALBI VIVIANA,27134756646,0,MOVER A MASTER Y MARCAR DELETED
GEO_4091,84770,MATIAS  BALBI VIVIANA,27134756646,0,93808,MATIAS  BALBI VIVIANA,27134756646,0,MOVER A MASTER Y MARCAR DELETED
GEO_4092,84770,MATIAS  BALBI VIVIANA,27134756646,0,93808,MATIAS  BALBI VIVIANA,27134756646,0,MOVER A MASTER Y MARCAR DELETED
GEO_4093,84888,ANTONELLI CLAUDIA  RUBEN,27142871535,0,93926,ANTONELLI CLAUDIA  RUBEN,27142871535,0,MOVER A MASTER Y MARCAR DELETED
GEO_4094,84928,MARCHENA,27144847062,0,93966,MARCHENA,27144847062,0,MOVER A MASTER Y MARCAR DELETED
GEO_4095,84958,DR SABIN/ROSENBAUM CLARISA VIVIAN,27146899493,0,93996,DR SABIN/ROSENBAUM CLARISA VIVIAN,27146899493,0,MOVER A MASTER Y MARCAR DELETED
GEO_4096,84959,VIDA DE VALENZUELA CLAUDIA  JUAN,27147047636,0,93997,VIDA DE VALENZUELA CLAUDIA  JUAN,27147047636,0,MOVER A MASTER Y MARCAR DELETED
GEO_4097,84998,FCIA.SALK  RODRIGUEZ ALIDA VILMA,27149387493,0,94036,FCIA.SALK  RODRIGUEZ ALIDA VILMA,27149387493,0,MOVER A MASTER Y MARCAR DELETED
GEO_4098,101319,GABRIELA GUERRA,27-16204234-9,7,94085,FARMANOI OTHARAN,27162042349,0,MOVER A MASTER Y MARCAR DELETED
GEO_4098,101319,GABRIELA GUERRA,27-16204234-9,7,85047,FARMANOI OTHARAN,27162042349,0,MOVER A MASTER Y MARCAR DELETED
GEO_4099,85097,PLANK SILVIA,27164554789,0,94135,PLANK SILVIA,27164554789,0,MOVER A MASTER Y MARCAR DELETED
GEO_4100,85097,PLANK SILVIA,27164554789,0,94135,PLANK SILVIA,27164554789,0,MOVER A MASTER Y MARCAR DELETED
GEO_4101,85129,BERRON VIVIANA,27165731951,0,94167,BERRON VIVIANA,27165731951,0,MOVER A MASTER Y MARCAR DELETED
GEO_4102,85135,RIVADULLA,27165957062,0,94173,RIVADULLA,27165957062,0,MOVER A MASTER Y MARCAR DELETED
GEO_4103,85136,PIÑERO,27165966479,0,94174,PIÑERO,27165966479,0,MOVER A MASTER Y MARCAR DELETED
GEO_4104,85168,SOLES,27167350173,0,94206,SOLES,27167350173,0,MOVER A MASTER Y MARCAR DELETED
GEO_4105,85170,STAGNO ALEJANDRA IRENE  ALEJANDRA,27167376636,0,94208,STAGNO ALEJANDRA IRENE  ALEJANDRA,27167376636,0,MOVER A MASTER Y MARCAR DELETED
GEO_4106,87732,ALBERDI  MARIA ELENA,27924575242,0,96769,ALBERDI  MARIA ELENA,27924575242,0,MOVER A MASTER Y MARCAR DELETED
GEO_4107,87730,FARMACIA RIVADAVIA,27924484190,0,96767,FARMACIA RIVADAVIA,27924484190,0,MOVER A MASTER Y MARCAR DELETED
GEO_4108,85171,AGUIRRE FABBRO  NORMA AGUIRRE,27167446561,0,94209,AGUIRRE FABBRO  NORMA AGUIRRE,27167446561,0,MOVER A MASTER Y MARCAR DELETED
GEO_4109,101249,farmacia gamaggio,30-70810723-5,2,101254,farmacia gamaggio,30-70810723-5,0,MOVER A MASTER Y MARCAR DELETED
GEO_4110,87735,CURADO,27928678542,0,96772,CURADO,27928678542,0,MOVER A MASTER Y MARCAR DELETED
GEO_4111,85207,MINETTI,27169174798,0,94245,MINETTI,27169174798,0,MOVER A MASTER Y MARCAR DELETED
GEO_4112,85243,RAMIREZ NORMA BEATRIZ  PERLA,27170622427,0,94281,RAMIREZ NORMA BEATRIZ  PERLA,27170622427,0,MOVER A MASTER Y MARCAR DELETED
GEO_4113,85304,FCIA SAN BARTOLOME- BALMACEDA MARISA ISABEL,27172549700,0,94342,FCIA SAN BARTOLOME- BALMACEDA MARISA ISABEL,27172549700,0,MOVER A MASTER Y MARCAR DELETED
GEO_4114,85360,AVENIDA II - SALTA,27174548310,0,94398,AVENIDA II - SALTA,27174548310,0,MOVER A MASTER Y MARCAR DELETED
GEO_4115,85400,SANTINO SANDRA MONICA  SANTINO,27175555078,0,94438,SANTINO SANDRA MONICA  SANTINO,27175555078,0,MOVER A MASTER Y MARCAR DELETED
GEO_4116,85401,D ALLEVA SILVINA MABEL  SILVINA,27175589177,0,94439,D ALLEVA SILVINA MABEL  SILVINA,27175589177,0,MOVER A MASTER Y MARCAR DELETED
GEO_4117,87749,GOMEZ QUISPE MERY LUCY Y VALERI,27937946789,0,96786,GOMEZ QUISPE MERY LUCY Y VALERI,27937946789,0,MOVER A MASTER Y MARCAR DELETED
GEO_4118,87747,ITUZAINGO - SALTA,27936858975,0,96784,ITUZAINGO - SALTA,27936858975,0,MOVER A MASTER Y MARCAR DELETED
GEO_4119,87747,ITUZAINGO - SALTA,27936858975,0,96784,ITUZAINGO - SALTA,27936858975,0,MOVER A MASTER Y MARCAR DELETED
GEO_4120,85486,RONCHI FANNY  MILENA,27178976600,0,94524,RONCHI FANNY  MILENA,27178976600,0,MOVER A MASTER Y MARCAR DELETED
GEO_4121,85488,VIRGEN DE LA CARIDAD  GRISELDA OCAMPO,27179144641,0,94526,VIRGEN DE LA CARIDAD  GRISELDA OCAMPO,27179144641,0,MOVER A MASTER Y MARCAR DELETED
GEO_4122,85488,VIRGEN DE LA CARIDAD  GRISELDA OCAMPO,27179144641,0,94526,VIRGEN DE LA CARIDAD  GRISELDA OCAMPO,27179144641,0,MOVER A MASTER Y MARCAR DELETED
GEO_4123,86616,DAMIANI CARINA M,27244145111,0,95654,DAMIANI CARINA M,27244145111,0,MOVER A MASTER Y MARCAR DELETED
GEO_4124,87775,FCIA.ZEBALLOS SCS,30517494484,0,96812,FCIA.ZEBALLOS SCS,30517494484,0,MOVER A MASTER Y MARCAR DELETED
GEO_4125,87775,FCIA.ZEBALLOS SCS,30517494484,0,96812,FCIA.ZEBALLOS SCS,30517494484,0,MOVER A MASTER Y MARCAR DELETED
GEO_4126,85623,AYCAN  NATALIA GOMEZ- FARMACIA AYCAN,27184683828,0,94661,AYCAN  NATALIA GOMEZ- FARMACIA AYCAN,27184683828,0,MOVER A MASTER Y MARCAR DELETED
GEO_4127,85627,VALLETTI,27184782761,0,94665,VALLETTI,27184782761,0,MOVER A MASTER Y MARCAR DELETED
GEO_4128,85630,BAYO MARIA CECILIA,27184852751,0,94668,BAYO MARIA CECILIA,27184852751,0,MOVER A MASTER Y MARCAR DELETED
GEO_4129,85630,BAYO MARIA CECILIA,27184852751,0,94668,BAYO MARIA CECILIA,27184852751,0,MOVER A MASTER Y MARCAR DELETED
GEO_4130,87785,CLIFFORD MELO- ABRAHAM STRAJM S C,30519115200,0,96822,CLIFFORD MELO- ABRAHAM STRAJM S C,30519115200,0,MOVER A MASTER Y MARCAR DELETED
GEO_4131,87785,CLIFFORD MELO- ABRAHAM STRAJM S C,30519115200,0,96822,CLIFFORD MELO- ABRAHAM STRAJM S C,30519115200,0,MOVER A MASTER Y MARCAR DELETED
GEO_4132,87785,CLIFFORD MELO- ABRAHAM STRAJM S C,30519115200,0,96822,CLIFFORD MELO- ABRAHAM STRAJM S C,30519115200,0,MOVER A MASTER Y MARCAR DELETED
GEO_4133,85764,2657 MILANI NANCY BEATRIZ  FCIA GRAL GUTIERREZ,27203041484,0,94802,2657 MILANI NANCY BEATRIZ  FCIA GRAL GUTIERREZ,27203041484,0,MOVER A MASTER Y MARCAR DELETED
GEO_4134,85765,RUBIS,27203106500,0,94803,RUBIS,27203106500,0,MOVER A MASTER Y MARCAR DELETED
GEO_4135,87792,FARMACIA CASTAGNA SOCIEDAD EN C,30522844655,0,96829,FARMACIA CASTAGNA SOCIEDAD EN C,30522844655,0,MOVER A MASTER Y MARCAR DELETED
GEO_4136,85821,ROMANNA,27204760433,0,94859,ROMANNA,27204760433,0,MOVER A MASTER Y MARCAR DELETED
GEO_4137,85863,SANTA RITA SUR  CARINA,27206498914,0,94901,SANTA RITA SUR  CARINA,27206498914,0,MOVER A MASTER Y MARCAR DELETED
GEO_4138,85864,3172 HINOJOSA NELIDA,27206628281,0,94902,3172 HINOJOSA NELIDA,27206628281,0,MOVER A MASTER Y MARCAR DELETED
GEO_4139,85864,3172 HINOJOSA NELIDA,27206628281,0,94902,3172 HINOJOSA NELIDA,27206628281,0,MOVER A MASTER Y MARCAR DELETED
GEO_4140,85864,3172 HINOJOSA NELIDA,27206628281,0,94902,3172 HINOJOSA NELIDA,27206628281,0,MOVER A MASTER Y MARCAR DELETED
GEO_4141,81719,NUEVA FARMACIA UNIVERSAL / CABALLITO,20044482151,0,90754,NUEVA FARMACIA UNIVERSAL / CABALLITO,20044482151,0,MOVER A MASTER Y MARCAR DELETED
GEO_4142,81719,NUEVA FARMACIA UNIVERSAL / CABALLITO,20044482151,0,90754,NUEVA FARMACIA UNIVERSAL / CABALLITO,20044482151,0,MOVER A MASTER Y MARCAR DELETED
GEO_4143,81812,FCIA.LILJESTHROM,20079634450,0,90847,FCIA.LILJESTHROM,20079634450,0,MOVER A MASTER Y MARCAR DELETED
GEO_4144,81814,FORNASERO  ROBERTO,20079703347,0,90849,FORNASERO  ROBERTO,20079703347,0,MOVER A MASTER Y MARCAR DELETED
GEO_4145,81848,SAN CARLOS,20084645037,0,90884,SAN CARLOS,20084645037,0,MOVER A MASTER Y MARCAR DELETED
GEO_4146,81853,ROLLA,20086143586,0,90889,ROLLA,20086143586,0,MOVER A MASTER Y MARCAR DELETED
GEO_4147,81855,CATAFFO JOSE DANIEL,20086379172,0,90891,CATAFFO JOSE DANIEL,20086379172,0,MOVER A MASTER Y MARCAR DELETED
GEO_4148,81882,INGLESA  JOSEFINA,20106293350,0,90918,INGLESA  JOSEFINA,20106293350,0,MOVER A MASTER Y MARCAR DELETED
GEO_4148,81882,INGLESA  JOSEFINA,20106293350,0,103385,FARMACIA iNGLESA,20-10629335-0,0,MOVER A MASTER Y MARCAR DELETED
GEO_4149,81887,275 MATURANO JUAN CARLOS,20107363824,0,90923,"275 MATURANO, JUAN CARLOS",20107363824,0,MOVER A MASTER Y MARCAR DELETED
GEO_4150,81995,ORBAN JORGE,20125814302,0,91031,ORBAN JORGE,20125814302,0,MOVER A MASTER Y MARCAR DELETED
GEO_4151,82027,FCIA.PEDRETTIRICARDO,20129224070,0,91063,"FCIA.PEDRETTI,RICARDO",20129224070,0,MOVER A MASTER Y MARCAR DELETED
GEO_4152,82030,MARTI EDUARDO RAUL  EDUARDO,20129761858,0,91066,MARTI EDUARDO RAUL  EDUARDO,20129761858,0,MOVER A MASTER Y MARCAR DELETED
GEO_4153,82032,MACO/ VALERIA  RICARDO /,20129969572,0,91068,MACO/ VALERIA  RICARDO /,20129969572,0,MOVER A MASTER Y MARCAR DELETED
GEO_4154,82042,NTRA SRA DE FATIMA,20132781967,0,91078,NTRA SRA DE FATIMA,20132781967,0,MOVER A MASTER Y MARCAR DELETED
GEO_4155,82042,NTRA SRA DE FATIMA,20132781967,0,91078,NTRA SRA DE FATIMA,20132781967,0,MOVER A MASTER Y MARCAR DELETED
GEO_4156,82058,MARIEL,20134052334,0,91094,MARIEL,20134052334,0,MOVER A MASTER Y MARCAR DELETED
GEO_4157,90329,FCIA.SIND.A.M.S.A.F.E.  SILVIA,33548360779,0,99370,FCIA.SIND.A.M.S.A.F.E.  SILVIA,33548360779,0,MOVER A MASTER Y MARCAR DELETED
GEO_4158,82072,NORBERTO D. DIAZ  SAN JOSE,20135511022,0,91108,NORBERTO D. DIAZ  SAN JOSE,20135511022,0,MOVER A MASTER Y MARCAR DELETED
GEO_4159,82076,ALDAOS,20136314344,0,91112,ALDAOS,20136314344,0,MOVER A MASTER Y MARCAR DELETED
GEO_4160,82081,PAZOS,20136991869,0,91117,PAZOS,20136991869,0,MOVER A MASTER Y MARCAR DELETED
GEO_4161,82081,PAZOS,20136991869,0,91117,PAZOS,20136991869,0,MOVER A MASTER Y MARCAR DELETED
GEO_4162,82096,FCIA RAWSON,20140140571,0,91132,FCIA RAWSON,20140140571,0,MOVER A MASTER Y MARCAR DELETED
GEO_4163,82106,ALEM  RUIZ LUIS GERMAN,20140731960,0,91142,ALEM  RUIZ LUIS GERMAN,20140731960,0,MOVER A MASTER Y MARCAR DELETED
GEO_4164,82108,FCIA.BAVASTRO  ARIEL,20140875997,0,91144,FCIA.BAVASTRO  ARIEL,20140875997,0,MOVER A MASTER Y MARCAR DELETED
GEO_4165,82108,FCIA.BAVASTRO  ARIEL,20140875997,0,91144,FCIA.BAVASTRO  ARIEL,20140875997,0,MOVER A MASTER Y MARCAR DELETED
GEO_4166,82124,D ANDREA COLL  MARIO,20142925320,0,91160,D ANDREA COLL  MARIO,20142925320,0,MOVER A MASTER Y MARCAR DELETED
GEO_4167,82126,JULIO M. RIADIGOS  ZULEMA,20143192238,0,91162,JULIO M. RIADIGOS  ZULEMA,20143192238,0,MOVER A MASTER Y MARCAR DELETED
GEO_4168,82127,LA PALANGANA,20143209807,27,91163,LA PALANGANA,20143209807,0,MOVER A MASTER Y MARCAR DELETED
GEO_4169,82132,LIMAY,20143520561,0,91168,LIMAY,20143520561,0,MOVER A MASTER Y MARCAR DELETED
GEO_4170,82133,FARMACIA NUEVA DARWIN,20143559921,0,91169,FARMACIA NUEVA DARWIN,20143559921,0,MOVER A MASTER Y MARCAR DELETED
GEO_4171,83694,PERFUMERIA FLOWERS,23126159579,0,92731,PERFUMERIA FLOWERS,23126159579,0,MOVER A MASTER Y MARCAR DELETED
GEO_4172,82154,CAPRA RICARDO ELIAS,20145451370,0,91190,CAPRA RICARDO ELIAS,20145451370,0,MOVER A MASTER Y MARCAR DELETED
GEO_4173,82165,BOLIVAR,20145933197,0,91201,BOLIVAR,20145933197,0,MOVER A MASTER Y MARCAR DELETED
GEO_4174,82179,NUEVA MACCHI,20147609915,0,91215,NUEVA MACCHI,20147609915,0,MOVER A MASTER Y MARCAR DELETED
GEO_4175,82184,DI NARDO,20148725080,0,91220,DI NARDO,20148725080,0,MOVER A MASTER Y MARCAR DELETED
GEO_4176,82196,FICCO,20149476033,0,91232,FICCO,20149476033,0,MOVER A MASTER Y MARCAR DELETED
GEO_4177,82201,SAN EXPEDITO- TUCUMAN  CARLOS MARTINEZ,20149847864,0,91237,SAN EXPEDITO- TUCUMAN  CARLOS MARTINEZ,20149847864,0,MOVER A MASTER Y MARCAR DELETED
GEO_4178,82239,NERES S.A.,20163485932,0,91275,NERES S.A.,20163485932,0,MOVER A MASTER Y MARCAR DELETED
GEO_4179,82239,NERES S.A.,20163485932,0,91275,NERES S.A.,20163485932,0,MOVER A MASTER Y MARCAR DELETED
GEO_4180,82270,ORTIZ MARIO D.  FARMACIA ORTIZ,20166460574,0,91306,ORTIZ MARIO D.  FARMACIA ORTIZ,20166460574,0,MOVER A MASTER Y MARCAR DELETED
GEO_4181,82270,ORTIZ MARIO D.  FARMACIA ORTIZ,20166460574,0,91306,ORTIZ MARIO D.  FARMACIA ORTIZ,20166460574,0,MOVER A MASTER Y MARCAR DELETED
GEO_4182,82307,FCIA.TOGNETTI FABIAN,20168182261,0,91343,FCIA.TOGNETTI FABIAN,20168182261,0,MOVER A MASTER Y MARCAR DELETED
GEO_4183,82307,FCIA.TOGNETTI FABIAN,20168182261,0,91343,FCIA.TOGNETTI FABIAN,20168182261,0,MOVER A MASTER Y MARCAR DELETED
GEO_4184,82339,EL FENIX DE DANIEL A. VENTRE  SUSANA,20170030088,0,91375,EL FENIX DE DANIEL A. VENTRE  SUSANA,20170030088,0,MOVER A MASTER Y MARCAR DELETED
GEO_4185,82339,EL FENIX DE DANIEL A. VENTRE  SUSANA,20170030088,0,91375,EL FENIX DE DANIEL A. VENTRE  SUSANA,20170030088,0,MOVER A MASTER Y MARCAR DELETED
GEO_4186,82380,GUITKIND,20173203625,0,91416,GUITKIND,20173203625,0,MOVER A MASTER Y MARCAR DELETED
GEO_4187,82406,ROCA,20174945161,0,91442,ROCA,20174945161,0,MOVER A MASTER Y MARCAR DELETED
GEO_4188,82406,ROCA,20174945161,0,91442,ROCA,20174945161,0,MOVER A MASTER Y MARCAR DELETED
GEO_4189,82406,ROCA,20174945161,0,91442,ROCA,20174945161,0,MOVER A MASTER Y MARCAR DELETED
GEO_4190,82497,3443 URTUBEY RICARDO DUGLAN  FARMACIA ALEM,20179894433,0,91533,3443 URTUBEY RICARDO DUGLAN  FARMACIA ALEM,20179894433,0,MOVER A MASTER Y MARCAR DELETED
GEO_4191,82497,3443 URTUBEY RICARDO DUGLAN  FARMACIA ALEM,20179894433,0,91533,3443 URTUBEY RICARDO DUGLAN  FARMACIA ALEM,20179894433,0,MOVER A MASTER Y MARCAR DELETED
GEO_4192,82585,DEL AHORRO,20187492883,0,91621,DEL AHORRO,20187492883,0,MOVER A MASTER Y MARCAR DELETED
GEO_4193,82620,DAMORE,20202154787,0,91656,DAMORE,20202154787,0,MOVER A MASTER Y MARCAR DELETED
GEO_4194,82722,BARRIO DON EMILIO-SALTA,20209462452,0,91758,BARRIO DON EMILIO-SALTA,20209462452,0,MOVER A MASTER Y MARCAR DELETED
GEO_4195,82723,GOMEZ JOSE A,20209482305,0,91759,GOMEZ JOSE A,20209482305,0,MOVER A MASTER Y MARCAR DELETED
GEO_4196,82768,SARTI,20215433081,0,91804,SARTI,20215433081,0,MOVER A MASTER Y MARCAR DELETED
GEO_4197,82813,FCIA.GALIZIADOMINGO G.  TERESA,20219588411,0,91849,"FCIA.GALIZIA,DOMINGO G.  TERESA",20219588411,0,MOVER A MASTER Y MARCAR DELETED
GEO_4198,82816,COSTA SAMITA DE JORGE COSTA,20219738340,0,91852,COSTA SAMITA DE JORGE COSTA,20219738340,0,MOVER A MASTER Y MARCAR DELETED
GEO_4199,82844,ROCA- TAFI VIEJO,20222637105,0,91880,ROCA- TAFI VIEJO,20222637105,0,MOVER A MASTER Y MARCAR DELETED
GEO_4200,82846,SINNI,20222977356,0,91882,SINNI,20222977356,0,MOVER A MASTER Y MARCAR DELETED
GEO_4201,82929,FARMACIA MORELLO,20231581791,0,91965,FARMACIA MORELLO,20231581791,0,MOVER A MASTER Y MARCAR DELETED
GEO_4202,83020,APRILE  GUSTAVO  GIMENEZ,20240736870,0,92056,APRILE  GUSTAVO  GIMENEZ,20240736870,0,MOVER A MASTER Y MARCAR DELETED
GEO_4203,83021,GENOVES ANGEL LEONARDO / MISTIC,20240754151,0,92057,GENOVES ANGEL LEONARDO / MISTIC,20240754151,0,MOVER A MASTER Y MARCAR DELETED
GEO_4204,83021,GENOVES ANGEL LEONARDO / MISTIC,20240754151,0,92057,GENOVES ANGEL LEONARDO / MISTIC,20240754151,0,MOVER A MASTER Y MARCAR DELETED
GEO_4205,83021,GENOVES ANGEL LEONARDO / MISTIC,20240754151,0,92057,GENOVES ANGEL LEONARDO / MISTIC,20240754151,0,MOVER A MASTER Y MARCAR DELETED
GEO_4206,83201,TORRES- TUCUMAN  SERGIO TORRES,20271920343,0,92238,TORRES- TUCUMAN  SERGIO TORRES,20271920343,0,MOVER A MASTER Y MARCAR DELETED
GEO_4207,83246,FARMASER  MAURICIO,20281770447,0,92283,FARMASER  MAURICIO,20281770447,0,MOVER A MASTER Y MARCAR DELETED
GEO_4208,83253,CASTELLUCCI,20284094302,0,92290,CASTELLUCCI,20284094302,0,MOVER A MASTER Y MARCAR DELETED
GEO_4209,83464,FARMACIA PARANA,20334045227,0,92501,FARMACIA PARANA,20334045227,0,MOVER A MASTER Y MARCAR DELETED
GEO_4210,83470,MARIA DEL ROSARIO  MARTIN ENZO,20335231733,0,92507,MARIA DEL ROSARIO  MARTIN ENZO,20335231733,0,MOVER A MASTER Y MARCAR DELETED
GEO_4211,83564,*LALLI GONZALO EZEQUIEL  GONZALO LALLI,20381789129,0,92601,*LALLI GONZALO EZEQUIEL  GONZALO LALLI,20381789129,0,MOVER A MASTER Y MARCAR DELETED
GEO_4212,83603,FCIA.SQUILLACE FABIO L.  FARMACIA SQUILLIACE,20923790773,0,92640,FCIA.SQUILLACE FABIO L.  FARMACIA SQUILLIACE,20923790773,0,MOVER A MASTER Y MARCAR DELETED
GEO_4213,83604,PAGALDAY ALVARO,20923804936,0,92641,PAGALDAY ALVARO,20923804936,0,MOVER A MASTER Y MARCAR DELETED
GEO_4214,83648,BELEN,23059971794,0,92685,BELEN,23059971794,0,MOVER A MASTER Y MARCAR DELETED
GEO_4215,83650,CASA CHICHE,23062487704,0,92687,CASA CHICHE,23062487704,0,MOVER A MASTER Y MARCAR DELETED
GEO_4216,83693,TORCHIO ADRIANA,23125270204,0,92730,TORCHIO ADRIANA,23125270204,0,MOVER A MASTER Y MARCAR DELETED
GEO_4217,83693,TORCHIO ADRIANA,23125270204,0,92730,TORCHIO ADRIANA,23125270204,0,MOVER A MASTER Y MARCAR DELETED
GEO_4218,83693,TORCHIO ADRIANA,23125270204,0,92730,TORCHIO ADRIANA,23125270204,0,MOVER A MASTER Y MARCAR DELETED
GEO_4219,83738,MADARIAGA,23144643054,0,92775,MADARIAGA,23144643054,0,MOVER A MASTER Y MARCAR DELETED
GEO_4220,83776,ORSINGHER,23168034814,0,92814,ORSINGHER,23168034814,0,MOVER A MASTER Y MARCAR DELETED
GEO_4221,83776,ORSINGHER,23168034814,0,92814,ORSINGHER,23168034814,0,MOVER A MASTER Y MARCAR DELETED
GEO_4222,83778,STRADA NESTOR G.,23168891849,0,92816,STRADA NESTOR G.,23168891849,0,MOVER A MASTER Y MARCAR DELETED
GEO_4223,83808,MAS  MARIO,23176255269,0,92846,MAS  MARIO,23176255269,0,MOVER A MASTER Y MARCAR DELETED
GEO_4224,83810,MARTINEZ CLAUDIA BEATRIZ,23176337354,0,92848,MARTINEZ CLAUDIA BEATRIZ,23176337354,0,MOVER A MASTER Y MARCAR DELETED
GEO_4225,83862,MARQUEZ ARIEL OSCAR,23200806069,0,92899,MARQUEZ ARIEL OSCAR,23200806069,0,MOVER A MASTER Y MARCAR DELETED
GEO_4226,83902,BONELLI ROXANA GRACIELA  ROXANA,23210111174,0,92939,BONELLI ROXANA GRACIELA  ROXANA,23210111174,0,MOVER A MASTER Y MARCAR DELETED
GEO_4227,83967,TROPEANO (EX DAMBROSIO),23228544124,0,93004,TROPEANO (EX DAMBROSIO),23228544124,0,MOVER A MASTER Y MARCAR DELETED
GEO_4228,83967,TROPEANO (EX DAMBROSIO),23228544124,0,93004,TROPEANO (EX DAMBROSIO),23228544124,0,MOVER A MASTER Y MARCAR DELETED
GEO_4229,84005,JULIETA  JULIETA,23242782364,0,93042,JULIETA  JULIETA,23242782364,0,MOVER A MASTER Y MARCAR DELETED
GEO_4230,84005,JULIETA  JULIETA,23242782364,0,93042,JULIETA  JULIETA,23242782364,0,MOVER A MASTER Y MARCAR DELETED
GEO_4231,87919,FARMACIA ANTIGUA SAN CARLOS,30561923465,0,96957,FARMACIA ANTIGUA SAN CARLOS,30561923465,0,MOVER A MASTER Y MARCAR DELETED
GEO_4232,87795,FARMACIA FRANCO SUIZA,30523313386,0,96832,FARMACIA FRANCO SUIZA,30523313386,0,MOVER A MASTER Y MARCAR DELETED
GEO_4233,88639,LASER,30707170081,0,97679,LASER,30707170081,0,MOVER A MASTER Y MARCAR DELETED
GEO_4234,90489,FARMA UP,33709021449,0,99530,FARMA UP,33709021449,0,MOVER A MASTER Y MARCAR DELETED
GEO_4235,84112,FCIA.SBRASCINI JULIETA  FARMACIA SBRASCINI,23334256774,15,93149,FCIA.SBRASCINI JULIETA  FARMACIA SBRASCINI,23334256774,0,MOVER A MASTER Y MARCAR DELETED
GEO_4236,85959,GENARI  ALEJANDRA,27210234603,0,94997,GENARI  ALEJANDRA,27210234603,0,MOVER A MASTER Y MARCAR DELETED
GEO_4237,86021,LASCANO ALEJANDRA,27215285435,0,95059,LASCANO ALEJANDRA,27215285435,0,MOVER A MASTER Y MARCAR DELETED
GEO_4238,86027,FCIA.SCOLARISILVIA B.  SERGIO,27215341408,0,95065,"FCIA.SCOLARI,SILVIA B.  SERGIO",27215341408,0,MOVER A MASTER Y MARCAR DELETED
GEO_4239,86092,LUZ - BANDA DEL RIO SALI,27217474847,0,95130,LUZ - BANDA DEL RIO SALI,27217474847,0,MOVER A MASTER Y MARCAR DELETED
GEO_4240,86154,OLIVERO,27220346299,0,95192,OLIVERO,27220346299,0,MOVER A MASTER Y MARCAR DELETED
GEO_4241,86178,GALE -BRS,27221607487,0,95216,GALE -BRS,27221607487,0,MOVER A MASTER Y MARCAR DELETED
GEO_4242,86180,AQUARIUS 1001  CLAUDIA,27221614688,0,95218,AQUARIUS 1001  CLAUDIA,27221614688,0,MOVER A MASTER Y MARCAR DELETED
GEO_4243,86190,LA UNIVERSIDAD DE DANIELA GOLDBERG  DANIELA,27222057855,0,95228,LA UNIVERSIDAD DE DANIELA GOLDBERG  DANIELA,27222057855,0,MOVER A MASTER Y MARCAR DELETED
GEO_4244,86190,LA UNIVERSIDAD DE DANIELA GOLDBERG  DANIELA,27222057855,0,95228,LA UNIVERSIDAD DE DANIELA GOLDBERG  DANIELA,27222057855,0,MOVER A MASTER Y MARCAR DELETED
GEO_4245,86193,DAPOTO,27222110683,0,95231,DAPOTO,27222110683,0,MOVER A MASTER Y MARCAR DELETED
GEO_4246,86204,MARA,27222747320,0,95242,MARA,27222747320,0,MOVER A MASTER Y MARCAR DELETED
GEO_4247,86208,VALIA PATRICIA NOEMI  FARMACIA VALIA,27223001055,0,95246,VALIA PATRICIA NOEMI  FARMACIA VALIA,27223001055,0,MOVER A MASTER Y MARCAR DELETED
GEO_4248,86211,FAYANAS  ANDREA,27223014572,0,95249,FAYANAS  ANDREA,27223014572,0,MOVER A MASTER Y MARCAR DELETED
GEO_4249,86214,DEL BOTANICO  MARIANA,27223159821,0,95252,DEL BOTANICO  MARIANA,27223159821,0,MOVER A MASTER Y MARCAR DELETED
GEO_4250,86233,DE SAN ROQUE  LAURA,27223738511,0,95271,DE SAN ROQUE  LAURA,27223738511,0,MOVER A MASTER Y MARCAR DELETED
GEO_4251,86234,URQUIZA I  FERNANDA DEARMAS,27223745682,0,95272,URQUIZA I  FERNANDA DEARMAS,27223745682,0,MOVER A MASTER Y MARCAR DELETED
GEO_4252,86234,URQUIZA I  FERNANDA DEARMAS,27223745682,0,95272,URQUIZA I  FERNANDA DEARMAS,27223745682,0,MOVER A MASTER Y MARCAR DELETED
GEO_4253,86244,PERRONE  ARIEL PERRONE,27223951622,0,95282,PERRONE  ARIEL PERRONE,27223951622,0,MOVER A MASTER Y MARCAR DELETED
GEO_4254,86288,MEDICFARMA  ADRIANA,27226475791,0,95326,MEDICFARMA  ADRIANA,27226475791,0,MOVER A MASTER Y MARCAR DELETED
GEO_4255,86288,MEDICFARMA  ADRIANA,27226475791,0,95326,MEDICFARMA  ADRIANA,27226475791,0,MOVER A MASTER Y MARCAR DELETED
GEO_4256,86324,FIORITO SILVANA R  SILVANA,27227778003,0,95362,FIORITO SILVANA R  SILVANA,27227778003,0,MOVER A MASTER Y MARCAR DELETED
GEO_4257,86328,PERFUMERIA LARA,27228337531,0,95366,PERFUMERIA LARA,27228337531,0,MOVER A MASTER Y MARCAR DELETED
GEO_4258,86354,SOSA,27229739528,0,95392,SOSA,27229739528,0,MOVER A MASTER Y MARCAR DELETED
GEO_4259,86377,TRINIDAD  MABEL,27231059755,0,95415,TRINIDAD  MABEL,27231059755,0,MOVER A MASTER Y MARCAR DELETED
GEO_4260,86386,LOPEZ VERONICA ELIZABETH,27231486971,0,95424,LOPEZ VERONICA ELIZABETH,27231486971,0,MOVER A MASTER Y MARCAR DELETED
GEO_4261,86421,2741 FERRO LAURA BEATRIZ  MAGNA,27232831869,0,95459,"2741 FERRO, LAURA BEATRIZ  MAGNA",27232831869,0,MOVER A MASTER Y MARCAR DELETED
GEO_4262,86437,BET-EL  KARINA,27233497245,0,95475,BET-EL  KARINA,27233497245,0,MOVER A MASTER Y MARCAR DELETED
GEO_4263,86437,BET-EL  KARINA,27233497245,0,95475,BET-EL  KARINA,27233497245,0,MOVER A MASTER Y MARCAR DELETED
GEO_4264,86470,CAMPOLIETTE ALDANA,27235697039,0,95508,CAMPOLIETTE ALDANA,27235697039,0,MOVER A MASTER Y MARCAR DELETED
GEO_4265,86472,SAN GABRIEL-TAFI VIEJO,27235765824,0,95510,SAN GABRIEL-TAFI VIEJO,27235765824,0,MOVER A MASTER Y MARCAR DELETED
GEO_4266,86472,SAN GABRIEL-TAFI VIEJO,27235765824,0,95510,SAN GABRIEL-TAFI VIEJO,27235765824,0,MOVER A MASTER Y MARCAR DELETED
GEO_4267,86577,CAROLINA -C-  FAOTO MARIA CAROLINA,27242006645,0,95615,CAROLINA -C-  FAOTO MARIA CAROLINA,27242006645,0,MOVER A MASTER Y MARCAR DELETED
GEO_4268,86580,VALENTINA - CIUDAD  GRAMAJO LINA PAOLA,27242499331,0,95618,VALENTINA - CIUDAD  GRAMAJO LINA PAOLA,27242499331,0,MOVER A MASTER Y MARCAR DELETED
GEO_4269,86597,PIZZANO,27243446312,0,95635,PIZZANO,27243446312,0,MOVER A MASTER Y MARCAR DELETED
GEO_4269,86597,PIZZANO,27243446312,0,101428,Farmacia Pizzano,27-24344631-2,0,MOVER A MASTER Y MARCAR DELETED
GEO_4270,86597,PIZZANO,27243446312,0,95635,PIZZANO,27243446312,0,MOVER A MASTER Y MARCAR DELETED
GEO_4270,86597,PIZZANO,27243446312,0,101428,Farmacia Pizzano,27-24344631-2,0,MOVER A MASTER Y MARCAR DELETED
GEO_4271,86621,2620 AGUILAR ADRIANA FERNANDA  CRUZ DEL SUR,27244677970,0,95659,2620 AGUILAR ADRIANA FERNANDA  CRUZ DEL SUR,27244677970,0,MOVER A MASTER Y MARCAR DELETED
GEO_4272,86625,BENSAK,27244838931,0,95663,BENSAK,27244838931,0,MOVER A MASTER Y MARCAR DELETED
GEO_4273,86646,RUCCI GABRIELA VERONICA  GABRIELA,27246563212,0,95684,RUCCI GABRIELA VERONICA  GABRIELA,27246563212,0,MOVER A MASTER Y MARCAR DELETED
GEO_4275,86683,FCIA.FROSCHAUER ADRIANA  FARMACIA FROSCHAUER,27248781136,0,95721,FCIA.FROSCHAUER ADRIANA  FARMACIA FROSCHAUER,27248781136,0,MOVER A MASTER Y MARCAR DELETED
GEO_4276,86694,MAGALI,27249814909,0,95732,MAGALI,27249814909,0,MOVER A MASTER Y MARCAR DELETED
GEO_4277,86802,FARMACIA ENTRE RIOS,27259185640,0,95839,FARMACIA ENTRE RIOS,27259185640,0,MOVER A MASTER Y MARCAR DELETED
GEO_4278,86803,DEL SUR II (Bº LIBERTADOR)  ANALIA DUBIOS OK,27259204378,0,95840,DEL SUR II (Bº LIBERTADOR)  ANALIA DUBIOS OK,27259204378,0,MOVER A MASTER Y MARCAR DELETED
GEO_4279,86806,LA NUEVA FARMACIA DEL BARRIO  NATALIA ORTIZ,27259211153,0,95843,LA NUEVA FARMACIA DEL BARRIO  NATALIA ORTIZ,27259211153,0,MOVER A MASTER Y MARCAR DELETED
GEO_4280,86900,ROJANO,27269437370,0,95937,ROJANO,27269437370,0,MOVER A MASTER Y MARCAR DELETED
GEO_4281,86963,FARMASER  MARTIN,27276613397,0,96000,FARMASER  MARTIN,27276613397,0,MOVER A MASTER Y MARCAR DELETED
GEO_4282,86963,FARMASER  MARTIN,27276613397,0,96000,FARMASER  MARTIN,27276613397,0,MOVER A MASTER Y MARCAR DELETED
GEO_4283,87014,MARCANTONI CECILIA,27281589968,0,96051,MARCANTONI CECILIA,27281589968,0,MOVER A MASTER Y MARCAR DELETED
GEO_4284,87065,FCIA.ORCELLET ELIANA C.  ELIANA,27288160266,0,96102,FCIA.ORCELLET ELIANA C.  ELIANA,27288160266,0,MOVER A MASTER Y MARCAR DELETED
GEO_4285,87067,*ROMERO ANALIA MARICEL,27288503953,0,96104,*ROMERO ANALIA MARICEL,27288503953,0,MOVER A MASTER Y MARCAR DELETED
GEO_4286,87067,*ROMERO ANALIA MARICEL,27288503953,0,96104,*ROMERO ANALIA MARICEL,27288503953,0,MOVER A MASTER Y MARCAR DELETED
GEO_4287,87126,DI VIRGILIO,27296750900,0,96163,DI VIRGILIO,27296750900,0,MOVER A MASTER Y MARCAR DELETED
GEO_4288,87255,BADOGLIO GEORGINA ELISABETH  GEORGINA,27316312336,0,96292,BADOGLIO GEORGINA ELISABETH  GEORGINA,27316312336,0,MOVER A MASTER Y MARCAR DELETED
GEO_4289,87413,SAVY,27335870285,0,96450,SAVY,27335870285,0,MOVER A MASTER Y MARCAR DELETED
GEO_4290,87487,*RAMIREZ ELIANA  ELIANA/GISEL,27347031203,0,96524,*RAMIREZ ELIANA  ELIANA/GISEL,27347031203,0,MOVER A MASTER Y MARCAR DELETED
GEO_4291,87670,DIVINO NIÑO  ENRIQUE,27390447995,0,96707,DIVINO NIÑO  ENRIQUE,27390447995,0,MOVER A MASTER Y MARCAR DELETED
GEO_4292,87670,DIVINO NIÑO  ENRIQUE,27390447995,0,96707,DIVINO NIÑO  ENRIQUE,27390447995,0,MOVER A MASTER Y MARCAR DELETED
GEO_4293,88056,FARMACIA NAZCA 2602 SOCIEDAD C,30614695346,0,97095,FARMACIA NAZCA 2602 SOCIEDAD C,30614695346,0,MOVER A MASTER Y MARCAR DELETED
GEO_4294,87743,PERFUMERIA LA FLOR DE GAONA,27933333375,0,96780,PERFUMERIA LA FLOR DE GAONA,27933333375,0,MOVER A MASTER Y MARCAR DELETED
GEO_4295,87752,CENTRAL PERFUMERIAS,27944257492,5,96789,CENTRAL PERFUMERIAS,27944257492,0,MOVER A MASTER Y MARCAR DELETED
GEO_4296,87760,UNION OBRERA METALURGICA,30503220047,0,96797,UNION OBRERA METALURGICA,30503220047,0,MOVER A MASTER Y MARCAR DELETED
GEO_4297,87762,FARMACIA UOCRA,30503220047,0,96799,FARMACIA UOCRA,30503220047,0,MOVER A MASTER Y MARCAR DELETED
GEO_4298,87762,FARMACIA UOCRA,30503220047,0,96799,FARMACIA UOCRA,30503220047,0,MOVER A MASTER Y MARCAR DELETED
GEO_4299,87766,FARMACIA SUR NUEVA POMPEYA,30515908559,0,96803,FARMACIA SUR NUEVA POMPEYA,30515908559,0,MOVER A MASTER Y MARCAR DELETED
GEO_4300,87783,3369 VITAFAR SRL  LA BARRACA,30518769371,0,96820,3369 VITAFAR SRL  LA BARRACA,30518769371,0,MOVER A MASTER Y MARCAR DELETED
GEO_4301,87798,FARMACIA NUEVA COSTA S.R.L.,30526271528,0,96835,FARMACIA NUEVA COSTA S.R.L.,30526271528,0,MOVER A MASTER Y MARCAR DELETED
GEO_4302,88015,SINDICATO DE OBREROS Y EMPLEADOS DE  ELIAM,30599201935,0,97054,SINDICATO DE OBREROS Y EMPLEADOS DE  ELIAM,30599201935,0,MOVER A MASTER Y MARCAR DELETED
GEO_4303,87816,SIND EMPL DE COMERCIO,30530682311,0,96853,SIND EMPL DE COMERCIO,30530682311,0,MOVER A MASTER Y MARCAR DELETED
GEO_4304,87839,LOS ANGELES,30536496099,0,96876,LOS ANGELES,30536496099,0,MOVER A MASTER Y MARCAR DELETED
GEO_4304,87839,LOS ANGELES,30536496099,0,101363,Farmacia Los angeles SCS,30-53649609-9,9,MOVER A MASTER Y MARCAR DELETED
GEO_4305,87871,SIND.LUZ Y FUERZA - PARANA -,30545758179,0,96909,SIND.LUZ Y FUERZA - PARANA -,30545758179,0,MOVER A MASTER Y MARCAR DELETED
GEO_4306,87871,SIND.LUZ Y FUERZA - PARANA -,30545758179,0,96909,SIND.LUZ Y FUERZA - PARANA -,30545758179,0,MOVER A MASTER Y MARCAR DELETED
GEO_4307,87871,SIND.LUZ Y FUERZA - PARANA -,30545758179,0,96909,SIND.LUZ Y FUERZA - PARANA -,30545758179,0,MOVER A MASTER Y MARCAR DELETED
GEO_4308,87984,FARMA 24 ROCA  MERCEDES,30582672993,0,97023,FARMA 24 ROCA  MERCEDES,30582672993,0,MOVER A MASTER Y MARCAR DELETED
GEO_4309,87984,FARMA 24 ROCA  MERCEDES,30582672993,0,97023,FARMA 24 ROCA  MERCEDES,30582672993,0,MOVER A MASTER Y MARCAR DELETED
GEO_4310,88011,1761       FCIA. LUNA S.C.S. (S.J.),30595928776,0,97050,1761       FCIA. LUNA S.C.S. (S.J.),30595928776,0,MOVER A MASTER Y MARCAR DELETED
GEO_4311,88013,COMPAÑIA DE SERVICIOS FARMACEU / MATADEROS,30597665047,0,97052,COMPAÑIA DE SERVICIOS FARMACEU / MATADEROS,30597665047,0,MOVER A MASTER Y MARCAR DELETED
GEO_4312,88013,COMPAÑIA DE SERVICIOS FARMACEU / MATADEROS,30597665047,0,97052,COMPAÑIA DE SERVICIOS FARMACEU / MATADEROS,30597665047,0,MOVER A MASTER Y MARCAR DELETED
GEO_4313,88013,COMPAÑIA DE SERVICIOS FARMACEU / MATADEROS,30597665047,0,97052,COMPAÑIA DE SERVICIOS FARMACEU / MATADEROS,30597665047,0,MOVER A MASTER Y MARCAR DELETED
GEO_4314,88028,LANUS FARMACEUTICA SOCIEDAD  PAULA,30602781956,0,97067,LANUS FARMACEUTICA SOCIEDAD  PAULA,30602781956,0,MOVER A MASTER Y MARCAR DELETED
GEO_4315,88029,FARMACIA LA BOTICA DE BERUTI,30604360079,0,97068,FARMACIA LA BOTICA DE BERUTI,30604360079,0,MOVER A MASTER Y MARCAR DELETED
GEO_4316,88036,PERFUMERÍA FLORIDA,30605280788,0,97075,PERFUMERÍA FLORIDA,30605280788,0,MOVER A MASTER Y MARCAR DELETED
GEO_4317,88043,GRAN FARMACIA DERBY 5900 S.C.S,30606642993,0,97082,GRAN FARMACIA DERBY 5900 S.C.S,30606642993,0,MOVER A MASTER Y MARCAR DELETED
GEO_4318,88047,CONCISTRE,30609996184,0,97086,CONCISTRE,30609996184,0,MOVER A MASTER Y MARCAR DELETED
GEO_4319,88050,TKL TEKIEL,30610802342,0,97089,TKL TEKIEL,30610802342,0,MOVER A MASTER Y MARCAR DELETED
GEO_4320,88055,PRINCIPAL TESEI,30613989885,78,97094,PRINCIPAL TESEI,30613989885,0,MOVER A MASTER Y MARCAR DELETED
GEO_4321,88055,PRINCIPAL TESEI,30613989885,78,97094,PRINCIPAL TESEI,30613989885,0,MOVER A MASTER Y MARCAR DELETED
GEO_4322,88059,UNION,30615109807,0,97098,UNION,30615109807,0,MOVER A MASTER Y MARCAR DELETED
GEO_4323,88061,FCIA LA SALUD S.C.S.,30615540168,0,97100,FCIA LA SALUD S.C.S.,30615540168,0,MOVER A MASTER Y MARCAR DELETED
GEO_4323,88061,FCIA LA SALUD S.C.S.,30615540168,0,101545,La Salud,30-61554016-8,4,MOVER A MASTER Y MARCAR DELETED
GEO_4324,88061,FCIA LA SALUD S.C.S.,30615540168,0,97100,FCIA LA SALUD S.C.S.,30615540168,0,MOVER A MASTER Y MARCAR DELETED
GEO_4324,88061,FCIA LA SALUD S.C.S.,30615540168,0,101545,La Salud,30-61554016-8,4,MOVER A MASTER Y MARCAR DELETED
GEO_4325,88061,FCIA LA SALUD S.C.S.,30615540168,0,97100,FCIA LA SALUD S.C.S.,30615540168,0,MOVER A MASTER Y MARCAR DELETED
GEO_4325,88061,FCIA LA SALUD S.C.S.,30615540168,0,101545,La Salud,30-61554016-8,4,MOVER A MASTER Y MARCAR DELETED
GEO_4326,88072,SELECTA,30618382539,0,97111,SELECTA,30618382539,0,MOVER A MASTER Y MARCAR DELETED
GEO_4327,88072,SELECTA,30618382539,0,97111,SELECTA,30618382539,0,MOVER A MASTER Y MARCAR DELETED
GEO_4328,88077,2140 FCIA. YAMIN SOC.HECHO,30621551023,0,97116,2140 FCIA. YAMIN SOC.HECHO,30621551023,0,MOVER A MASTER Y MARCAR DELETED
GEO_4329,88077,2140 FCIA. YAMIN SOC.HECHO,30621551023,0,97116,2140 FCIA. YAMIN SOC.HECHO,30621551023,0,MOVER A MASTER Y MARCAR DELETED
GEO_4330,88111,FARMACIA DESAMPARADOS S.C.S.,30625286707,0,97150,FARMACIA DESAMPARADOS S.C.S.,30625286707,0,MOVER A MASTER Y MARCAR DELETED
GEO_4331,88118,LA DOCTA S.C.S - SALTA,30626710154,0,97157,LA DOCTA S.C.S - SALTA,30626710154,0,MOVER A MASTER Y MARCAR DELETED
GEO_4332,88119,GES,30627739717,0,97158,GES,30627739717,0,MOVER A MASTER Y MARCAR DELETED
GEO_4333,88120,ARQUIMEDES FARMACIA (VIMAR SOC EN COM SIMPLE,30628212437,0,97159,ARQUIMEDES FARMACIA (VIMAR SOC EN COM SIMPLE,30628212437,0,MOVER A MASTER Y MARCAR DELETED
GEO_4334,88126,FARMACIA V.Q,30629992347,0,97165,FARMACIA V.Q,30629992347,0,MOVER A MASTER Y MARCAR DELETED
GEO_4335,88127,903 FCIA CERVANTES  CERVANTES,30630143981,0,97166,903 FCIA CERVANTES  CERVANTES,30630143981,0,MOVER A MASTER Y MARCAR DELETED
GEO_4336,88134,1659       FCIA ANDINA S.C,30633334354,0,97173,1659       FCIA ANDINA S.C,30633334354,0,MOVER A MASTER Y MARCAR DELETED
GEO_4337,88140,FARMACIA AVENIDA CORDOBA / GARDEN,30634141363,0,97179,FARMACIA AVENIDA CORDOBA / GARDEN,30634141363,0,MOVER A MASTER Y MARCAR DELETED
GEO_4338,88140,FARMACIA AVENIDA CORDOBA / GARDEN,30634141363,0,97179,FARMACIA AVENIDA CORDOBA / GARDEN,30634141363,0,MOVER A MASTER Y MARCAR DELETED
GEO_4339,88148,FCIA LIBRA S.C.S.  FARMACIA LIBRA,30638109030,0,97187,FCIA LIBRA S.C.S.  FARMACIA LIBRA,30638109030,0,MOVER A MASTER Y MARCAR DELETED
GEO_4340,88148,FCIA LIBRA S.C.S.  FARMACIA LIBRA,30638109030,0,97187,FCIA LIBRA S.C.S.  FARMACIA LIBRA,30638109030,0,MOVER A MASTER Y MARCAR DELETED
GEO_4341,88152,FCIA NUEVA NAZCA,30638665936,0,97191,FCIA NUEVA NAZCA,30638665936,0,MOVER A MASTER Y MARCAR DELETED
GEO_4342,88152,FCIA NUEVA NAZCA,30638665936,0,97191,FCIA NUEVA NAZCA,30638665936,0,MOVER A MASTER Y MARCAR DELETED
GEO_4343,88152,FCIA NUEVA NAZCA,30638665936,0,97191,FCIA NUEVA NAZCA,30638665936,0,MOVER A MASTER Y MARCAR DELETED
GEO_4344,88159,FCIA PARQUE CHAS,30640466622,0,97199,FCIA PARQUE CHAS,30640466622,0,MOVER A MASTER Y MARCAR DELETED
GEO_4345,88160,VASSALLO CABALLITO,30640602607,0,97200,VASSALLO CABALLITO,30640602607,0,MOVER A MASTER Y MARCAR DELETED
GEO_4346,88164,FARMACIA SABIN,30641592184,0,97204,FARMACIA SABIN,30641592184,0,MOVER A MASTER Y MARCAR DELETED
GEO_4347,88167,FARMACIA VITAL  CARLOS ANDRES,30642757411,0,97207,FARMACIA VITAL  CARLOS ANDRES,30642757411,0,MOVER A MASTER Y MARCAR DELETED
GEO_4348,88168,FARMACIA LE SANTE,30642901997,0,97208,FARMACIA LE SANTE,30642901997,0,MOVER A MASTER Y MARCAR DELETED
GEO_4349,88168,FARMACIA LE SANTE,30642901997,0,97208,FARMACIA LE SANTE,30642901997,0,MOVER A MASTER Y MARCAR DELETED
GEO_4350,88175,SAN EMILIO,30646427092,0,97215,SAN EMILIO,30646427092,0,MOVER A MASTER Y MARCAR DELETED
GEO_4351,88175,SAN EMILIO,30646427092,0,97215,SAN EMILIO,30646427092,0,MOVER A MASTER Y MARCAR DELETED
GEO_4352,88209,GAONA,30659676768,0,97248,GAONA,30659676768,0,MOVER A MASTER Y MARCAR DELETED
GEO_4353,88209,GAONA,30659676768,0,97248,GAONA,30659676768,0,MOVER A MASTER Y MARCAR DELETED
GEO_4354,88215,FCIA. ABC SANTA FE,30660373108,0,97254,FCIA. ABC SANTA FE,30660373108,0,MOVER A MASTER Y MARCAR DELETED
GEO_4355,88221,FCIA NATURISTA,30661091122,0,97260,FCIA NATURISTA,30661091122,0,MOVER A MASTER Y MARCAR DELETED
GEO_4356,88224,BA PAR S R L / BARRACAS,30661434224,0,97263,BA PAR S R L / BARRACAS,30661434224,0,MOVER A MASTER Y MARCAR DELETED
GEO_4357,88225,ITALIANA,30661544887,0,97264,ITALIANA,30661544887,0,MOVER A MASTER Y MARCAR DELETED
GEO_4358,88226,NUEVA FARMACIA DICKENS S A,30661550097,0,97265,NUEVA FARMACIA DICKENS S A,30661550097,0,MOVER A MASTER Y MARCAR DELETED
GEO_4359,88227,MUTUAL TRABAJADORES MUNICIPALES AVE,30662144742,0,97266,MUTUAL TRABAJADORES MUNICIPALES AVE,30662144742,0,MOVER A MASTER Y MARCAR DELETED
GEO_4360,88235,GIGLIOTTI,30663811726,1,97274,GIGLIOTTI,30663811726,0,MOVER A MASTER Y MARCAR DELETED
GEO_4361,88236,SELMA6,30663860239,0,97275,SELMA6,30663860239,0,MOVER A MASTER Y MARCAR DELETED
GEO_4362,88236,SELMA6,30663860239,0,97275,SELMA6,30663860239,0,MOVER A MASTER Y MARCAR DELETED
GEO_4363,88238,SELMA7,30663932167,0,97277,SELMA7,30663932167,0,MOVER A MASTER Y MARCAR DELETED
GEO_4364,88245,ALBERDI  VANE,30664540459,0,97284,ALBERDI  VANE,30664540459,0,MOVER A MASTER Y MARCAR DELETED
GEO_4365,88255,KOIFFMAN,30667696913,0,97294,KOIFFMAN,30667696913,0,MOVER A MASTER Y MARCAR DELETED
GEO_4366,88255,KOIFFMAN,30667696913,0,97294,KOIFFMAN,30667696913,0,MOVER A MASTER Y MARCAR DELETED
GEO_4367,88314,1953       D.A.M.S.U. SAN JUAN,30673314119,0,97353,1953       D.A.M.S.U. SAN JUAN,30673314119,0,MOVER A MASTER Y MARCAR DELETED
GEO_4368,88327,REPUBLICA 3193 SRL,30676285047,0,97366,REPUBLICA 3193 SRL,30676285047,0,MOVER A MASTER Y MARCAR DELETED
GEO_4369,88329,FARMACIA PUEYRREDON III S.C.S.  ADRIAN,30676781419,0,97368,FARMACIA PUEYRREDON III S.C.S.  ADRIAN,30676781419,0,MOVER A MASTER Y MARCAR DELETED
GEO_4370,88334,FARMACIA SIRUP,30677378820,0,97373,FARMACIA SIRUP,30677378820,0,MOVER A MASTER Y MARCAR DELETED
GEO_4371,88342,LA TRINIDAD,30678887575,0,97381,LA TRINIDAD,30678887575,0,MOVER A MASTER Y MARCAR DELETED
GEO_4372,88344,LIBERTAD,30678923164,0,97383,LIBERTAD,30678923164,0,MOVER A MASTER Y MARCAR DELETED
GEO_4373,88347,ROMO,30679269506,0,97386,ROMO,30679269506,0,MOVER A MASTER Y MARCAR DELETED
GEO_4374,88347,ROMO,30679269506,0,97386,ROMO,30679269506,0,MOVER A MASTER Y MARCAR DELETED
GEO_4375,88350,FARMACIA MAGISTRAL,30679745464,0,97389,FARMACIA MAGISTRAL,30679745464,0,MOVER A MASTER Y MARCAR DELETED
GEO_4376,88353,FARMAVAL,30680185790,0,97392,FARMAVAL,30680185790,0,MOVER A MASTER Y MARCAR DELETED
GEO_4377,88363,SARMIENTO,30681296243,0,97402,SARMIENTO,30681296243,0,MOVER A MASTER Y MARCAR DELETED
GEO_4378,101741,Lilian Perfumería,27-95961024-5,10,101404,Perfumeria Lilian,27-95961024-5,2,MOVER A MASTER Y MARCAR DELETED
GEO_4379,101741,Lilian Perfumería,27-95961024-5,10,101404,Perfumeria Lilian,27-95961024-5,2,MOVER A MASTER Y MARCAR DELETED
GEO_4380,88384,SOCIAL TEXTIL LANUS  PAOLA,30682918841,0,97423,SOCIAL TEXTIL LANUS  PAOLA,30682918841,0,MOVER A MASTER Y MARCAR DELETED
GEO_4381,88388,SOCIAL FLORIDA,30683604344,0,97427,SOCIAL FLORIDA,30683604344,0,MOVER A MASTER Y MARCAR DELETED
GEO_4382,88394,NUEVA SOPER,30684078638,0,97433,NUEVA SOPER,30684078638,0,MOVER A MASTER Y MARCAR DELETED
GEO_4383,88395,2113 DEL CASTILLO S.R.L.  GIL 3,30684221058,0,97434,2113 DEL CASTILLO S.R.L.  GIL 3,30684221058,0,MOVER A MASTER Y MARCAR DELETED
GEO_4384,88397,MANES NAGY,30684596426,0,97436,MANES NAGY,30684596426,0,MOVER A MASTER Y MARCAR DELETED
GEO_4385,88397,MANES NAGY,30684596426,0,97436,MANES NAGY,30684596426,0,MOVER A MASTER Y MARCAR DELETED
GEO_4386,88407,FARMACIA GRAMA S.C.S.,30685613634,72,97446,FARMACIA GRAMA S.C.S.,30685613634,0,MOVER A MASTER Y MARCAR DELETED
GEO_4387,89457,FARMABELEN 3,30712214976,0,98498,FARMABELEN 3,30712214976,0,MOVER A MASTER Y MARCAR DELETED
GEO_4387,89457,FARMABELEN 3,30712214976,0,101412,FARMABELEN,30-71221497-6,0,MOVER A MASTER Y MARCAR DELETED
GEO_4388,89457,FARMABELEN 3,30712214976,0,98498,FARMABELEN 3,30712214976,0,MOVER A MASTER Y MARCAR DELETED
GEO_4388,89457,FARMABELEN 3,30712214976,0,101412,FARMABELEN,30-71221497-6,0,MOVER A MASTER Y MARCAR DELETED
GEO_4389,90511,PHARMA HEALTH SRL,33710398599,0,99552,PHARMA HEALTH SRL,33710398599,0,MOVER A MASTER Y MARCAR DELETED
GEO_4390,89077,RIVADAVIA,30709474762,0,98117,RIVADAVIA,30709474762,0,MOVER A MASTER Y MARCAR DELETED
GEO_4390,89077,RIVADAVIA,30709474762,0,101560,FARMACIA RIVADAVIA,30-70947476-2,0,MOVER A MASTER Y MARCAR DELETED
GEO_4391,88419,SELMA4,30686387336,0,97458,SELMA4,30686387336,0,MOVER A MASTER Y MARCAR DELETED
GEO_4392,88458,2179 MORI BORDOY S.A  DROGUERIA MORI SAN JOSE,30689283825,0,97497,2179 MORI BORDOY S.A  DROGUERIA MORI SAN JOSE,30689283825,0,MOVER A MASTER Y MARCAR DELETED
GEO_4393,88459,2303 MORI BORDOY S.A  MORI,30689283825,0,97498,2303 MORI BORDOY S.A  MORI,30689283825,0,MOVER A MASTER Y MARCAR DELETED
GEO_4394,88460,2524 MORI BORDOY S.A,30689283825,0,97499,2524 MORI BORDOY S.A,30689283825,0,MOVER A MASTER Y MARCAR DELETED
GEO_4395,88465,FARMACIA RIVADAVIA/ PROMOTORA FARMACEUTICA,30689692040,0,97504,FARMACIA RIVADAVIA/ PROMOTORA FARMACEUTICA,30689692040,0,MOVER A MASTER Y MARCAR DELETED
GEO_4396,88483,GENERAL PAZ POSADAS-MISIONES,30689783011,87,97522,GENERAL PAZ POSADAS-MISIONES,30689783011,0,MOVER A MASTER Y MARCAR DELETED
GEO_4397,88494,FARMACIA FLORES S.C.S  FLORES,30689938899,0,97533,FARMACIA FLORES S.C.S  FLORES,30689938899,0,MOVER A MASTER Y MARCAR DELETED
GEO_4398,88495,FCIA.NUEVA CONSTITUCION S.C.S  NUEVA CONSTITUCION,30689947146,0,97534,FCIA.NUEVA CONSTITUCION S.C.S  NUEVA CONSTITUCION,30689947146,0,MOVER A MASTER Y MARCAR DELETED
GEO_4399,88506,NUEVA FARMACIA CORDOBA,30690749307,4,97545,NUEVA FARMACIA CORDOBA,30690749307,0,MOVER A MASTER Y MARCAR DELETED
GEO_4400,88507,TKL SAN AGUSTIN,30690763636,0,97546,TKL SAN AGUSTIN,30690763636,0,MOVER A MASTER Y MARCAR DELETED
GEO_4401,88507,TKL SAN AGUSTIN,30690763636,0,97546,TKL SAN AGUSTIN,30690763636,0,MOVER A MASTER Y MARCAR DELETED
GEO_4402,88507,TKL SAN AGUSTIN,30690763636,0,97546,TKL SAN AGUSTIN,30690763636,0,MOVER A MASTER Y MARCAR DELETED
GEO_4403,88512,DEL ESTE,30691428601,0,97551,DEL ESTE,30691428601,0,MOVER A MASTER Y MARCAR DELETED
GEO_4404,88513,SAN LORENZO,30691761939,0,97552,SAN LORENZO,30691761939,0,MOVER A MASTER Y MARCAR DELETED
GEO_4405,88516,TOLOSA,30692084108,0,97555,TOLOSA,30692084108,0,MOVER A MASTER Y MARCAR DELETED
GEO_4406,88517,FCIA.JARDIN DEL BOSQUE S.C.S.,30692614778,0,97556,FCIA.JARDIN DEL BOSQUE S.C.S.,30692614778,0,MOVER A MASTER Y MARCAR DELETED
GEO_4407,88518,FARMACIA J.P.RAMOS S.C.S.  PREVILEY MONSERRAT,30692623955,0,97557,FARMACIA J.P.RAMOS S.C.S.  PREVILEY MONSERRAT,30692623955,0,MOVER A MASTER Y MARCAR DELETED
GEO_4408,88524,SARMIENTO 4,30693016521,0,97563,SARMIENTO 4,30693016521,0,MOVER A MASTER Y MARCAR DELETED
GEO_4409,88530,MANAMA,30693051807,0,97569,MANAMA,30693051807,0,MOVER A MASTER Y MARCAR DELETED
GEO_4410,88536,24 HS FARMA JET,30694040612,0,97575,24 HS FARMA JET,30694040612,0,MOVER A MASTER Y MARCAR DELETED
GEO_4411,88542,NUEVA BUSTAMANTE,30694194253,0,97581,NUEVA BUSTAMANTE,30694194253,0,MOVER A MASTER Y MARCAR DELETED
GEO_4412,88542,NUEVA BUSTAMANTE,30694194253,0,97581,NUEVA BUSTAMANTE,30694194253,0,MOVER A MASTER Y MARCAR DELETED
GEO_4413,89554,MUTUAL AGEC DEAN FUNES  LORENA,30714107859,0,98595,MUTUAL AGEC DEAN FUNES  LORENA,30714107859,0,MOVER A MASTER Y MARCAR DELETED
GEO_4414,88549,2228       MESURA S.R.L.  MESURA CHUQUISACA,30695820220,0,97588,2228       MESURA S.R.L.  MESURA CHUQUISACA,30695820220,0,MOVER A MASTER Y MARCAR DELETED
GEO_4415,88555,LEOMATI SOC EN COMAND,30696018754,0,97595,LEOMATI SOC EN COMAND,30696018754,0,MOVER A MASTER Y MARCAR DELETED
GEO_4416,88568,NUEVA MERLO,30697066310,0,97608,NUEVA MERLO,30697066310,0,MOVER A MASTER Y MARCAR DELETED
GEO_4417,88571,ALEJANDRO FLEMING.S.H,30697150974,0,97611,ALEJANDRO FLEMING.S.H,30697150974,0,MOVER A MASTER Y MARCAR DELETED
GEO_4418,88571,ALEJANDRO FLEMING.S.H,30697150974,0,97611,ALEJANDRO FLEMING.S.H,30697150974,0,MOVER A MASTER Y MARCAR DELETED
GEO_4419,88571,ALEJANDRO FLEMING.S.H,30697150974,0,97611,ALEJANDRO FLEMING.S.H,30697150974,0,MOVER A MASTER Y MARCAR DELETED
GEO_4420,88571,ALEJANDRO FLEMING.S.H,30697150974,0,97611,ALEJANDRO FLEMING.S.H,30697150974,0,MOVER A MASTER Y MARCAR DELETED
GEO_4421,88602,FARMACIA CORAL S.C.S.,30700682095,0,97642,FARMACIA CORAL S.C.S.,30700682095,0,MOVER A MASTER Y MARCAR DELETED
GEO_4422,88603,LA BOTICA DE LOS TRONCOS S.C.S  RIADIGOS,30701535142,0,97643,LA BOTICA DE LOS TRONCOS S.C.S  RIADIGOS,30701535142,0,MOVER A MASTER Y MARCAR DELETED
GEO_4423,88603,LA BOTICA DE LOS TRONCOS S.C.S  RIADIGOS,30701535142,0,97643,LA BOTICA DE LOS TRONCOS S.C.S  RIADIGOS,30701535142,0,MOVER A MASTER Y MARCAR DELETED
GEO_4424,88608,TKL FACULTAD,30702148932,0,97648,TKL FACULTAD,30702148932,0,MOVER A MASTER Y MARCAR DELETED
GEO_4425,88611,RUIZ,30703437911,0,97651,RUIZ,30703437911,0,MOVER A MASTER Y MARCAR DELETED
GEO_4426,88615,NUEVA SARMIENTO,30703835429,0,97655,NUEVA SARMIENTO,30703835429,0,MOVER A MASTER Y MARCAR DELETED
GEO_4427,88615,NUEVA SARMIENTO,30703835429,0,97655,NUEVA SARMIENTO,30703835429,0,MOVER A MASTER Y MARCAR DELETED
GEO_4428,88620,MAGA SHOP II,30707013148,0,97660,MAGA SHOP II,30707013148,0,MOVER A MASTER Y MARCAR DELETED
GEO_4429,88626,M.R.L.FARMACIA S.C.S.  RIADIGOS,30707072365,0,97666,M.R.L.FARMACIA S.C.S.  RIADIGOS,30707072365,0,MOVER A MASTER Y MARCAR DELETED
GEO_4430,88626,M.R.L.FARMACIA S.C.S.  RIADIGOS,30707072365,0,97666,M.R.L.FARMACIA S.C.S.  RIADIGOS,30707072365,0,MOVER A MASTER Y MARCAR DELETED
GEO_4431,88638,DORREGO,30707149740,0,97678,DORREGO,30707149740,0,MOVER A MASTER Y MARCAR DELETED
GEO_4432,88638,DORREGO,30707149740,0,97678,DORREGO,30707149740,0,MOVER A MASTER Y MARCAR DELETED
GEO_4433,88644,MAGA SHOP BERNAL,30707202145,0,97684,MAGA SHOP BERNAL,30707202145,0,MOVER A MASTER Y MARCAR DELETED
GEO_4434,88645,MAGA SHOP SARANDI  CRISTINA ( ENCARGADA),30707204814,0,97685,MAGA SHOP SARANDI  CRISTINA ( ENCARGADA),30707204814,0,MOVER A MASTER Y MARCAR DELETED
GEO_4435,88649,FARMACIA HYGIEIA SH,30707228233,0,97689,FARMACIA HYGIEIA SH,30707228233,0,MOVER A MASTER Y MARCAR DELETED
GEO_4436,88661,PROTEGER SALUD ALTOS DE MORENO,30707249451,0,97701,PROTEGER SALUD ALTOS DE MORENO,30707249451,0,MOVER A MASTER Y MARCAR DELETED
GEO_4437,88673,AFINIDAD SOCIAL,30707380108,0,97713,AFINIDAD SOCIAL,30707380108,0,MOVER A MASTER Y MARCAR DELETED
GEO_4438,88678,ALOY,30707406662,0,97718,ALOY,30707406662,0,MOVER A MASTER Y MARCAR DELETED
GEO_4439,88679,2383 CA-PAZ S.A  MESURA PANAMERICANA,30707419691,0,97719,2383 CA-PAZ S.A  MESURA PANAMERICANA,30707419691,0,MOVER A MASTER Y MARCAR DELETED
GEO_4440,88680,FARMACIA WASHINGTON,30707427082,0,97720,FARMACIA WASHINGTON,30707427082,0,MOVER A MASTER Y MARCAR DELETED
GEO_4441,88693,RONDEAU  MARCELA/ ALEJANDRA,30707484647,0,97733,RONDEAU  MARCELA/ ALEJANDRA,30707484647,0,MOVER A MASTER Y MARCAR DELETED
GEO_4442,88694,SAM-PY,30707497447,0,97734,SAM-PY,30707497447,0,MOVER A MASTER Y MARCAR DELETED
GEO_4443,88695,FARMA 24 ADROGUE  JULIANA,30707500472,0,97735,FARMA 24 ADROGUE  JULIANA,30707500472,0,MOVER A MASTER Y MARCAR DELETED
GEO_4444,88697,FARMA 24 HIPERFARMACEUTICA TEMPERLEY  DORREGO - ROCIO,30707515666,0,97737,FARMA 24 HIPERFARMACEUTICA TEMPERLEY  DORREGO - ROCIO,30707515666,0,MOVER A MASTER Y MARCAR DELETED
GEO_4445,88698,FARMACIA DEL LABRADOR S.C.S.,30707529101,0,97738,FARMACIA DEL LABRADOR S.C.S.,30707529101,0,MOVER A MASTER Y MARCAR DELETED
GEO_4446,88702,24 HS CONSTITUYENTE,30707605622,0,97742,24 HS CONSTITUYENTE,30707605622,0,MOVER A MASTER Y MARCAR DELETED
GEO_4447,88702,24 HS CONSTITUYENTE,30707605622,0,97742,24 HS CONSTITUYENTE,30707605622,0,MOVER A MASTER Y MARCAR DELETED
GEO_4448,88709,FARMACIA BADAMAR S.C.S.  BADAMAR,30707647236,0,97749,FARMACIA BADAMAR S.C.S.  BADAMAR,30707647236,0,MOVER A MASTER Y MARCAR DELETED
GEO_4449,88710,ALDAYA  GUSTAVO,30707669396,7,97750,ALDAYA  GUSTAVO,30707669396,0,MOVER A MASTER Y MARCAR DELETED
GEO_4450,88712,FARMIKER S.C.S.,30707686746,0,97752,FARMIKER S.C.S.,30707686746,0,MOVER A MASTER Y MARCAR DELETED
GEO_4451,88716,TAURO I,30707707972,0,97756,TAURO I,30707707972,0,MOVER A MASTER Y MARCAR DELETED
GEO_4452,88717,BORGES,30707711112,0,97757,BORGES,30707711112,0,MOVER A MASTER Y MARCAR DELETED
GEO_4453,88731,MORVAL,30707815767,0,97771,MORVAL,30707815767,0,MOVER A MASTER Y MARCAR DELETED
GEO_4454,88732,2596 MORVAL S.A,30707815767,0,97772,2596 MORVAL S.A,30707815767,0,MOVER A MASTER Y MARCAR DELETED
GEO_4455,88733,2759 MORVAL S.A.,30707815767,0,97773,2759 MORVAL S.A.,30707815767,0,MOVER A MASTER Y MARCAR DELETED
GEO_4456,88737,SINDICAL WILDE,30707817131,0,97777,SINDICAL WILDE,30707817131,0,MOVER A MASTER Y MARCAR DELETED
GEO_4457,88737,SINDICAL WILDE,30707817131,0,97777,SINDICAL WILDE,30707817131,0,MOVER A MASTER Y MARCAR DELETED
GEO_4458,88739,2587 NUEVA SANIDAD S.A. (II),30707874100,0,97779,2587 NUEVA SANIDAD S.A. (II),30707874100,0,MOVER A MASTER Y MARCAR DELETED
GEO_4459,88742,FARMA 24 AGUAS ARGENTINAS  YANET BARBY LOMITAS STREET,30707887865,0,97782,FARMA 24 AGUAS ARGENTINAS  YANET BARBY LOMITAS STREET,30707887865,0,MOVER A MASTER Y MARCAR DELETED
GEO_4460,88754,SCHWARTZ,30707995404,0,97794,SCHWARTZ,30707995404,0,MOVER A MASTER Y MARCAR DELETED
GEO_4461,88757,AKOM SRL FARMACIA NVA ARGENTINA,30708043504,0,97797,AKOM SRL FARMACIA NVA ARGENTINA,30708043504,0,MOVER A MASTER Y MARCAR DELETED
GEO_4462,88757,AKOM SRL FARMACIA NVA ARGENTINA,30708043504,0,97797,AKOM SRL FARMACIA NVA ARGENTINA,30708043504,0,MOVER A MASTER Y MARCAR DELETED
GEO_4463,88757,AKOM SRL FARMACIA NVA ARGENTINA,30708043504,0,97797,AKOM SRL FARMACIA NVA ARGENTINA,30708043504,0,MOVER A MASTER Y MARCAR DELETED
GEO_4464,88757,AKOM SRL FARMACIA NVA ARGENTINA,30708043504,0,97797,AKOM SRL FARMACIA NVA ARGENTINA,30708043504,0,MOVER A MASTER Y MARCAR DELETED
GEO_4465,88774,NUEVA DERQUI,30708133996,0,97814,NUEVA DERQUI,30708133996,0,MOVER A MASTER Y MARCAR DELETED
GEO_4466,88784,FARMACIA ELBEY Y FARINA S.C.S.,30708207906,0,97824,FARMACIA ELBEY Y FARINA S.C.S.,30708207906,0,MOVER A MASTER Y MARCAR DELETED
GEO_4467,88784,FARMACIA ELBEY Y FARINA S.C.S.,30708207906,0,97824,FARMACIA ELBEY Y FARINA S.C.S.,30708207906,0,MOVER A MASTER Y MARCAR DELETED
GEO_4468,88784,FARMACIA ELBEY Y FARINA S.C.S.,30708207906,0,97824,FARMACIA ELBEY Y FARINA S.C.S.,30708207906,0,MOVER A MASTER Y MARCAR DELETED
GEO_4469,101557,"BOLOGNA, A Y DUER, J.A.SOCIEDAD SIMPLE",30-71602465-9,2,98973,RICARDO BOLOGNA,30716024659,0,MOVER A MASTER Y MARCAR DELETED
GEO_4469,101557,"BOLOGNA, A Y DUER, J.A.SOCIEDAD SIMPLE",30-71602465-9,2,89932,RICARDO BOLOGNA,30716024659,0,MOVER A MASTER Y MARCAR DELETED
GEO_4470,88814,NUEVA CABA,30708338687,0,97854,NUEVA CABA,30708338687,0,MOVER A MASTER Y MARCAR DELETED
GEO_4471,88820,PHARMADIET S.C.S.  BAUZA GUEMES,30708391014,0,97860,PHARMADIET S.C.S.  BAUZA GUEMES,30708391014,0,MOVER A MASTER Y MARCAR DELETED
GEO_4472,88822,FUNDACION MARIQUITA SANCHEZ DE THOMPSON  ADRIAN,30708398868,0,97862,FUNDACION MARIQUITA SANCHEZ DE THOMPSON  ADRIAN,30708398868,0,MOVER A MASTER Y MARCAR DELETED
GEO_4473,88828,DEL NUEVO TEATRO,30708443782,0,97868,DEL NUEVO TEATRO,30708443782,0,MOVER A MASTER Y MARCAR DELETED
GEO_4474,88830,ANTIGUA POZUELO,30708449489,0,97870,ANTIGUA POZUELO,30708449489,0,MOVER A MASTER Y MARCAR DELETED
GEO_4475,88843,2680 C Y D S.A.  FARMACIA ARENALES,30708544473,0,97883,2680 C Y D S.A.  FARMACIA ARENALES,30708544473,0,MOVER A MASTER Y MARCAR DELETED
GEO_4476,88847,FCIA.DEL INTERZONAL S.C.S.,30708556412,0,97887,FCIA.DEL INTERZONAL S.C.S.,30708556412,0,MOVER A MASTER Y MARCAR DELETED
GEO_4477,88860,SANTA ANA S.R.L.,30708643366,0,97900,SANTA ANA S.R.L.,30708643366,0,MOVER A MASTER Y MARCAR DELETED
GEO_4477,88860,SANTA ANA S.R.L.,30708643366,0,97906,2713 SANTA ANA S.R.L.,30708643366,0,MOVER A MASTER Y MARCAR DELETED
GEO_4477,88860,SANTA ANA S.R.L.,30708643366,0,88866,2713 SANTA ANA S.R.L.,30708643366,0,MOVER A MASTER Y MARCAR DELETED
GEO_4478,88860,SANTA ANA S.R.L.,30708643366,0,97900,SANTA ANA S.R.L.,30708643366,0,MOVER A MASTER Y MARCAR DELETED
GEO_4478,88860,SANTA ANA S.R.L.,30708643366,0,97906,2713 SANTA ANA S.R.L.,30708643366,0,MOVER A MASTER Y MARCAR DELETED
GEO_4478,88860,SANTA ANA S.R.L.,30708643366,0,88866,2713 SANTA ANA S.R.L.,30708643366,0,MOVER A MASTER Y MARCAR DELETED
GEO_4479,88860,SANTA ANA S.R.L.,30708643366,0,97900,SANTA ANA S.R.L.,30708643366,0,MOVER A MASTER Y MARCAR DELETED
GEO_4479,88860,SANTA ANA S.R.L.,30708643366,0,97906,2713 SANTA ANA S.R.L.,30708643366,0,MOVER A MASTER Y MARCAR DELETED
GEO_4479,88860,SANTA ANA S.R.L.,30708643366,0,88866,2713 SANTA ANA S.R.L.,30708643366,0,MOVER A MASTER Y MARCAR DELETED
GEO_4480,88860,SANTA ANA S.R.L.,30708643366,0,97900,SANTA ANA S.R.L.,30708643366,0,MOVER A MASTER Y MARCAR DELETED
GEO_4480,88860,SANTA ANA S.R.L.,30708643366,0,97906,2713 SANTA ANA S.R.L.,30708643366,0,MOVER A MASTER Y MARCAR DELETED
GEO_4480,88860,SANTA ANA S.R.L.,30708643366,0,88866,2713 SANTA ANA S.R.L.,30708643366,0,MOVER A MASTER Y MARCAR DELETED
GEO_4481,88869,24 HS NUEVO PUENTE,30708663960,0,97909,24 HS NUEVO PUENTE,30708663960,0,MOVER A MASTER Y MARCAR DELETED
GEO_4482,88869,24 HS NUEVO PUENTE,30708663960,0,97909,24 HS NUEVO PUENTE,30708663960,0,MOVER A MASTER Y MARCAR DELETED
GEO_4483,88881,GONNET SOCIEDAD EN COMANDI,30708774851,1,97921,GONNET SOCIEDAD EN COMANDI,30708774851,0,MOVER A MASTER Y MARCAR DELETED
GEO_4484,88883,DALTON,30708777826,0,97923,DALTON,30708777826,0,MOVER A MASTER Y MARCAR DELETED
GEO_4485,88884,CIUDAD DEL PLATA,30708778377,0,97924,CIUDAD DEL PLATA,30708778377,0,MOVER A MASTER Y MARCAR DELETED
GEO_4486,88885,SPEGAZZINI,30708785551,0,97925,SPEGAZZINI,30708785551,0,MOVER A MASTER Y MARCAR DELETED
GEO_4487,88887,GOLD,30708786906,0,97927,GOLD,30708786906,0,MOVER A MASTER Y MARCAR DELETED
GEO_4488,88889,FARMALANUS  GRACIELA,30708797142,0,97929,FARMALANUS  GRACIELA,30708797142,0,MOVER A MASTER Y MARCAR DELETED
GEO_4489,88890,LOZDAN,30708803525,0,97930,LOZDAN,30708803525,0,MOVER A MASTER Y MARCAR DELETED
GEO_4490,88916,SANCHEZ ANTONIOLLI ESTE 1,30708822260,0,97956,SANCHEZ ANTONIOLLI ESTE 1,30708822260,0,MOVER A MASTER Y MARCAR DELETED
GEO_4491,88916,SANCHEZ ANTONIOLLI ESTE 1,30708822260,0,97956,SANCHEZ ANTONIOLLI ESTE 1,30708822260,0,MOVER A MASTER Y MARCAR DELETED
GEO_4492,88923,2525 FARMACIA TIRASSO S.R.L,30708833467,0,97963,2525 FARMACIA TIRASSO S.R.L,30708833467,0,MOVER A MASTER Y MARCAR DELETED
GEO_4493,88925,FCIA PHARMA RODO,30708837322,0,97965,FCIA PHARMA RODO,30708837322,0,MOVER A MASTER Y MARCAR DELETED
GEO_4494,88930,FARMALAN S C S  LA PAZ,30708848499,0,97970,FARMALAN S C S  LA PAZ,30708848499,0,MOVER A MASTER Y MARCAR DELETED
GEO_4495,88930,FARMALAN S C S  LA PAZ,30708848499,0,97970,FARMALAN S C S  LA PAZ,30708848499,0,MOVER A MASTER Y MARCAR DELETED
GEO_4496,88930,FARMALAN S C S  LA PAZ,30708848499,0,97970,FARMALAN S C S  LA PAZ,30708848499,0,MOVER A MASTER Y MARCAR DELETED
GEO_4497,88944,FCIA.PINOS DE ANCHORENA S.C.S.  FARMACIA CONSTITUCION,30708879327,0,97984,FCIA.PINOS DE ANCHORENA S.C.S.  FARMACIA CONSTITUCION,30708879327,0,MOVER A MASTER Y MARCAR DELETED
GEO_4498,88945,MUNDIAL PARQUE SARMIENTO,30708895373,0,97985,MUNDIAL PARQUE SARMIENTO,30708895373,0,MOVER A MASTER Y MARCAR DELETED
GEO_4499,88973,2616 FARMACIAS NATAL S.A. (NATAL 3) P  FARMACIA NATAL (3),30708916443,0,98013,2616 FARMACIAS NATAL S.A. (NATAL 3) P  FARMACIA NATAL (3),30708916443,0,MOVER A MASTER Y MARCAR DELETED
GEO_4500,88978,KELLERTAS  SABRINA,30708966378,0,98018,KELLERTAS  SABRINA,30708966378,0,MOVER A MASTER Y MARCAR DELETED
GEO_4501,88979,SOCIAL FENIX,30708995904,0,98019,SOCIAL FENIX,30708995904,0,MOVER A MASTER Y MARCAR DELETED
GEO_4502,88980,FARMA 24 CANNING,30709020109,0,98020,FARMA 24 CANNING,30709020109,0,MOVER A MASTER Y MARCAR DELETED
GEO_4503,88982,MAGA SHOP AMERICANA,30709040231,0,98022,MAGA SHOP AMERICANA,30709040231,0,MOVER A MASTER Y MARCAR DELETED
GEO_4504,88986,DE LA ESTACION1,30709057061,0,98026,DE LA ESTACION1,30709057061,0,MOVER A MASTER Y MARCAR DELETED
GEO_4505,88987,DIAMANDY WILDE SOCIEDAD EN COMANDIT,30709090204,0,98027,DIAMANDY WILDE SOCIEDAD EN COMANDIT,30709090204,0,MOVER A MASTER Y MARCAR DELETED
GEO_4506,88987,DIAMANDY WILDE SOCIEDAD EN COMANDIT,30709090204,0,98027,DIAMANDY WILDE SOCIEDAD EN COMANDIT,30709090204,0,MOVER A MASTER Y MARCAR DELETED
GEO_4507,88995,FARMASERVIS SRL-BDA R.S.,30709136271,0,98035,FARMASERVIS SRL-BDA R.S.,30709136271,0,MOVER A MASTER Y MARCAR DELETED
GEO_4508,89019,FARMACIA MONABEL S.C.S.  MONABEL,30709245216,0,98059,FARMACIA MONABEL S.C.S.  MONABEL,30709245216,0,MOVER A MASTER Y MARCAR DELETED
GEO_4509,89019,FARMACIA MONABEL S.C.S.  MONABEL,30709245216,0,98059,FARMACIA MONABEL S.C.S.  MONABEL,30709245216,0,MOVER A MASTER Y MARCAR DELETED
GEO_4510,89047,LACFARM SRL,30709327247,0,98087,LACFARM SRL,30709327247,0,MOVER A MASTER Y MARCAR DELETED
GEO_4511,89051,MONTOYA,30709342254,0,98091,MONTOYA,30709342254,0,MOVER A MASTER Y MARCAR DELETED
GEO_4512,89051,MONTOYA,30709342254,0,98091,MONTOYA,30709342254,0,MOVER A MASTER Y MARCAR DELETED
GEO_4513,89074,OCEANFARMA S.C.S.  BAUZA ALEM,30709438413,0,98114,OCEANFARMA S.C.S.  BAUZA ALEM,30709438413,0,MOVER A MASTER Y MARCAR DELETED
GEO_4514,89074,OCEANFARMA S.C.S.  BAUZA ALEM,30709438413,0,98114,OCEANFARMA S.C.S.  BAUZA ALEM,30709438413,0,MOVER A MASTER Y MARCAR DELETED
GEO_4515,89078,FARMAZIN,30709492892,0,98118,FARMAZIN,30709492892,0,MOVER A MASTER Y MARCAR DELETED
GEO_4516,89079,FCIA BARRANCAS,30709499803,0,98119,FCIA BARRANCAS,30709499803,0,MOVER A MASTER Y MARCAR DELETED
GEO_4517,89082,MORENO 90,30709514624,1,98122,MORENO 90,30709514624,0,MOVER A MASTER Y MARCAR DELETED
GEO_4518,89085,LA ESTRELLA,30709532304,0,98125,LA ESTRELLA,30709532304,0,MOVER A MASTER Y MARCAR DELETED
GEO_4519,89085,LA ESTRELLA,30709532304,0,98125,LA ESTRELLA,30709532304,0,MOVER A MASTER Y MARCAR DELETED
GEO_4520,89098,FARMACAR  ANABELLA,30709683027,0,98139,FARMACAR  ANABELLA,30709683027,0,MOVER A MASTER Y MARCAR DELETED
GEO_4521,89101,AGUS FARMA,30709735159,0,98142,AGUS FARMA,30709735159,0,MOVER A MASTER Y MARCAR DELETED
GEO_4522,89101,AGUS FARMA,30709735159,0,98142,AGUS FARMA,30709735159,0,MOVER A MASTER Y MARCAR DELETED
GEO_4523,89101,AGUS FARMA,30709735159,0,98142,AGUS FARMA,30709735159,0,MOVER A MASTER Y MARCAR DELETED
GEO_4524,89101,AGUS FARMA,30709735159,0,98142,AGUS FARMA,30709735159,0,MOVER A MASTER Y MARCAR DELETED
GEO_4525,89101,AGUS FARMA,30709735159,0,98142,AGUS FARMA,30709735159,0,MOVER A MASTER Y MARCAR DELETED
GEO_4526,89125,FARMA 24 NUEVA LOMAS  EVA /  LUCIANA,30709925551,0,98166,FARMA 24 NUEVA LOMAS  EVA /  LUCIANA,30709925551,0,MOVER A MASTER Y MARCAR DELETED
GEO_4527,89127,VE  VIA ESCALADA URIMARE,30709937592,0,98168,VE  VIA ESCALADA URIMARE,30709937592,0,MOVER A MASTER Y MARCAR DELETED
GEO_4528,89143,DE LA PLAZA,30710074476,0,98184,DE LA PLAZA,30710074476,0,MOVER A MASTER Y MARCAR DELETED
GEO_4529,89143,DE LA PLAZA,30710074476,0,98184,DE LA PLAZA,30710074476,0,MOVER A MASTER Y MARCAR DELETED
GEO_4530,89153,PIEVE 24,30710218931,0,98194,PIEVE 24,30710218931,0,MOVER A MASTER Y MARCAR DELETED
GEO_4531,89155,3183       ALFREDO BARCELO E HIJOS SRL,30710233531,0,98196,3183       ALFREDO BARCELO E HIJOS SRL,30710233531,0,MOVER A MASTER Y MARCAR DELETED
GEO_4532,89157,SOY LOLA CORDOBA,30710238363,0,98198,SOY LOLA CORDOBA,30710238363,0,MOVER A MASTER Y MARCAR DELETED
GEO_4533,89158,SOY LOLA SARMIENTO,30710238363,0,98199,SOY LOLA SARMIENTO,30710238363,0,MOVER A MASTER Y MARCAR DELETED
GEO_4534,89158,SOY LOLA SARMIENTO,30710238363,0,98199,SOY LOLA SARMIENTO,30710238363,0,MOVER A MASTER Y MARCAR DELETED
GEO_4535,89189,ASOC. M.P.H.ITALIANO*ROMA  GABRIELQ,30710566239,0,98230,ASOC. M.P.H.ITALIANO*ROMA  GABRIELQ,30710566239,0,MOVER A MASTER Y MARCAR DELETED
GEO_4536,89193,MAGA SHOP MALY,30710597002,0,98234,MAGA SHOP MALY,30710597002,0,MOVER A MASTER Y MARCAR DELETED
GEO_4537,89194,FARMAQUALITY S.R.L,30710616325,0,98235,FARMAQUALITY S.R.L,30710616325,0,MOVER A MASTER Y MARCAR DELETED
GEO_4538,89198,FARMAVENT SRL,30710631146,0,98239,FARMAVENT SRL,30710631146,0,MOVER A MASTER Y MARCAR DELETED
GEO_4539,89198,FARMAVENT SRL,30710631146,0,98239,FARMAVENT SRL,30710631146,0,MOVER A MASTER Y MARCAR DELETED
GEO_4540,89198,FARMAVENT SRL,30710631146,0,98239,FARMAVENT SRL,30710631146,0,MOVER A MASTER Y MARCAR DELETED
GEO_4541,89211,IRIS,30710782845,0,98252,IRIS,30710782845,0,MOVER A MASTER Y MARCAR DELETED
GEO_4542,89215,INCAICA- BRUNO AMADEO HUMBERTO LUIS  30710793472,30710793472,0,98256,INCAICA- BRUNO AMADEO HUMBERTO LUIS  30710793472,30710793472,0,MOVER A MASTER Y MARCAR DELETED
GEO_4543,89216,FARMACIA LE SANTE,30710793472,0,98257,FARMACIA LE SANTE,30710793472,0,MOVER A MASTER Y MARCAR DELETED
GEO_4544,89216,FARMACIA LE SANTE,30710793472,0,98257,FARMACIA LE SANTE,30710793472,0,MOVER A MASTER Y MARCAR DELETED
GEO_4545,89220,SELMA3,30710866038,0,98261,SELMA3,30710866038,0,MOVER A MASTER Y MARCAR DELETED
GEO_4546,89222,VILLEGAS ALMIRANTE BROWN,30710873034,0,98263,VILLEGAS ALMIRANTE BROWN,30710873034,0,MOVER A MASTER Y MARCAR DELETED
GEO_4547,89224,VILLEGAS ALVARADO,30710873034,0,98265,VILLEGAS ALVARADO,30710873034,0,MOVER A MASTER Y MARCAR DELETED
GEO_4548,89227,VILLEGAS ZANNI 2,30710873034,0,98268,VILLEGAS ZANNI 2,30710873034,0,MOVER A MASTER Y MARCAR DELETED
GEO_4549,89228,VILLEGAS LAURENCENA,30710873034,0,98269,VILLEGAS LAURENCENA,30710873034,0,MOVER A MASTER Y MARCAR DELETED
GEO_4550,89233,KAORIFARMA,30710881118,0,98274,KAORIFARMA,30710881118,0,MOVER A MASTER Y MARCAR DELETED
GEO_4551,89237,PROTEGER SALUD CATEDRAL,30710920539,0,98278,PROTEGER SALUD CATEDRAL,30710920539,0,MOVER A MASTER Y MARCAR DELETED
GEO_4552,89240,FARMA 24 BOULEVARD,30710944527,0,98281,FARMA 24 BOULEVARD,30710944527,0,MOVER A MASTER Y MARCAR DELETED
GEO_4553,89246,CRISTO REY III,30710986203,0,98287,CRISTO REY III,30710986203,0,MOVER A MASTER Y MARCAR DELETED
GEO_4554,89254,FARMACIA NUEVA ITALIANA,30711028443,0,98295,FARMACIA NUEVA ITALIANA,30711028443,0,MOVER A MASTER Y MARCAR DELETED
GEO_4555,89258,FARMACIA TALCAHUANO SCS  PUEY PAULA,30711067392,0,98299,FARMACIA TALCAHUANO SCS  PUEY PAULA,30711067392,0,MOVER A MASTER Y MARCAR DELETED
GEO_4556,89258,FARMACIA TALCAHUANO SCS  PUEY PAULA,30711067392,0,98299,FARMACIA TALCAHUANO SCS  PUEY PAULA,30711067392,0,MOVER A MASTER Y MARCAR DELETED
GEO_4557,89264,FARMACIA PREVENIR,30711118051,0,98305,FARMACIA PREVENIR,30711118051,0,MOVER A MASTER Y MARCAR DELETED
GEO_4558,89269,MATTERA,30711177120,0,98310,MATTERA,30711177120,0,MOVER A MASTER Y MARCAR DELETED
GEO_4559,89270,FARMA 24 SANTAMARINA  PAOLA,30711177910,0,98311,FARMA 24 SANTAMARINA  PAOLA,30711177910,0,MOVER A MASTER Y MARCAR DELETED
GEO_4560,89300,VIA CAVA,30711266549,0,98341,VIA CAVA,30711266549,0,MOVER A MASTER Y MARCAR DELETED
GEO_4561,89302,FARMA 24 SALTA,30711271739,0,98343,FARMA 24 SALTA,30711271739,0,MOVER A MASTER Y MARCAR DELETED
GEO_4562,89316,NUEVA MARINA II,30711357226,0,98357,NUEVA MARINA II,30711357226,0,MOVER A MASTER Y MARCAR DELETED
GEO_4563,89318,FARMA-RICHAR S.C.S.  FORMINI,30711377014,0,98359,FARMA-RICHAR S.C.S.  FORMINI,30711377014,0,MOVER A MASTER Y MARCAR DELETED
GEO_4564,89322,NUEVA VYA,30711386447,0,98363,NUEVA VYA,30711386447,0,MOVER A MASTER Y MARCAR DELETED
GEO_4565,89322,NUEVA VYA,30711386447,0,98363,NUEVA VYA,30711386447,0,MOVER A MASTER Y MARCAR DELETED
GEO_4566,89330,POSDATA,30711431248,0,98371,POSDATA,30711431248,0,MOVER A MASTER Y MARCAR DELETED
GEO_4567,89333,FARMACIA MUSTERS S.C.S.,30711443467,0,98374,FARMACIA MUSTERS S.C.S.,30711443467,0,MOVER A MASTER Y MARCAR DELETED
GEO_4568,89334,ARIES-TUC,30711454507,0,98375,ARIES-TUC,30711454507,0,MOVER A MASTER Y MARCAR DELETED
GEO_4569,89336,FARMACIA NUEVA PLAZA II S.C.S.,30711463921,0,98377,FARMACIA NUEVA PLAZA II S.C.S.,30711463921,0,MOVER A MASTER Y MARCAR DELETED
GEO_4570,89341,CARLOS CASARES 1888,30711505004,0,98382,CARLOS CASARES 1888,30711505004,0,MOVER A MASTER Y MARCAR DELETED
GEO_4571,89361,FARMALYF S.C.S.  SANDRA Y JORGE,30711553068,0,98402,FARMALYF S.C.S.  SANDRA Y JORGE,30711553068,0,MOVER A MASTER Y MARCAR DELETED
GEO_4572,89364,SOLIDARIA II,30711556547,0,98405,SOLIDARIA II,30711556547,0,MOVER A MASTER Y MARCAR DELETED
GEO_4573,89380,MAGA SHOP MORENO,30711686939,0,98421,MAGA SHOP MORENO,30711686939,0,MOVER A MASTER Y MARCAR DELETED
GEO_4574,89381,FCIA SUR GLEW,30711688869,0,98422,FCIA SUR GLEW,30711688869,0,MOVER A MASTER Y MARCAR DELETED
GEO_4575,89382,3226 FARMACIA LUJAN S.R.L.  FCIA.LUJAN,30711703329,0,98423,3226 FARMACIA LUJAN S.R.L.  FCIA.LUJAN,30711703329,0,MOVER A MASTER Y MARCAR DELETED
GEO_4576,89383,HEREDIA,30711712638,0,98424,HEREDIA,30711712638,0,MOVER A MASTER Y MARCAR DELETED
GEO_4577,89386,NUEVA RICAMON SRL,30711734984,0,98427,NUEVA RICAMON SRL,30711734984,0,MOVER A MASTER Y MARCAR DELETED
GEO_4578,89389,FCIA.DANTE DE MORENO 3602 S.C.S.,30711779562,0,98430,FCIA.DANTE DE MORENO 3602 S.C.S.,30711779562,0,MOVER A MASTER Y MARCAR DELETED
GEO_4579,89390,NUEVA RIVADAVIA,30711780420,0,98431,NUEVA RIVADAVIA,30711780420,0,MOVER A MASTER Y MARCAR DELETED
GEO_4580,89391,NUEVA GISPERT  MARTINA,30711781001,0,98432,NUEVA GISPERT  MARTINA,30711781001,0,MOVER A MASTER Y MARCAR DELETED
GEO_4581,89391,NUEVA GISPERT  MARTINA,30711781001,0,98432,NUEVA GISPERT  MARTINA,30711781001,0,MOVER A MASTER Y MARCAR DELETED
GEO_4582,89400,FARMACIA LE SANTE,30711817685,0,98441,FARMACIA LE SANTE,30711817685,0,MOVER A MASTER Y MARCAR DELETED
GEO_4583,101318,virrey sobremonte,30-71184301-5,8,98450,FARMANOI VIRREY SOBREMONTE,30711843015,0,MOVER A MASTER Y MARCAR DELETED
GEO_4583,101318,virrey sobremonte,30-71184301-5,8,89409,FARMANOI VIRREY SOBREMONTE,30711843015,0,MOVER A MASTER Y MARCAR DELETED
GEO_4584,101318,virrey sobremonte,30-71184301-5,8,98450,FARMANOI VIRREY SOBREMONTE,30711843015,0,MOVER A MASTER Y MARCAR DELETED
GEO_4584,101318,virrey sobremonte,30-71184301-5,8,89409,FARMANOI VIRREY SOBREMONTE,30711843015,0,MOVER A MASTER Y MARCAR DELETED
GEO_4585,101318,virrey sobremonte,30-71184301-5,8,98450,FARMANOI VIRREY SOBREMONTE,30711843015,0,MOVER A MASTER Y MARCAR DELETED
GEO_4585,101318,virrey sobremonte,30-71184301-5,8,89409,FARMANOI VIRREY SOBREMONTE,30711843015,0,MOVER A MASTER Y MARCAR DELETED
GEO_4586,89418,LA MERCANTIL,30711926026,0,98459,LA MERCANTIL,30711926026,0,MOVER A MASTER Y MARCAR DELETED
GEO_4587,89419,VIGOPHARM,30711928053,0,98460,VIGOPHARM,30711928053,0,MOVER A MASTER Y MARCAR DELETED
GEO_4588,89431,NUEVA JUAN FRANCISCO SEGUI,30712021698,0,98472,NUEVA JUAN FRANCISCO SEGUI,30712021698,0,MOVER A MASTER Y MARCAR DELETED
GEO_4589,89432,ARGENTINA  NANCY,30712024875,0,98473,ARGENTINA  NANCY,30712024875,0,MOVER A MASTER Y MARCAR DELETED
GEO_4590,89435,LUPINUCCI,30712034382,0,98476,LUPINUCCI,30712034382,0,MOVER A MASTER Y MARCAR DELETED
GEO_4591,89436,RIMATU S.C.S.  RIADIGOS,30712071687,0,98477,RIMATU S.C.S.  RIADIGOS,30712071687,0,MOVER A MASTER Y MARCAR DELETED
GEO_4592,89437,FARMACIA RINCON 1196 SRL,30712085483,0,98478,FARMACIA RINCON 1196 SRL,30712085483,0,MOVER A MASTER Y MARCAR DELETED
GEO_4593,89448,MJZ,30712164243,0,98489,MJZ,30712164243,0,MOVER A MASTER Y MARCAR DELETED
GEO_4594,89451,FCIA FARMANORTE,30712203966,0,98492,FCIA FARMANORTE,30712203966,0,MOVER A MASTER Y MARCAR DELETED
GEO_4595,89451,FCIA FARMANORTE,30712203966,0,98492,FCIA FARMANORTE,30712203966,0,MOVER A MASTER Y MARCAR DELETED
GEO_4596,89481,RM S.C.S.,30712342516,0,98522,RM S.C.S.,30712342516,0,MOVER A MASTER Y MARCAR DELETED
GEO_4597,89488,FARMA HISPANA AMERICANA SOCIDAD  DIEGO,30712363947,0,98529,FARMA HISPANA AMERICANA SOCIDAD  DIEGO,30712363947,0,MOVER A MASTER Y MARCAR DELETED
GEO_4598,89491,SOCIAL SAN JUSTO,30712400788,0,98532,SOCIAL SAN JUSTO,30712400788,0,MOVER A MASTER Y MARCAR DELETED
GEO_4599,89517,CANTANI,30713393106,0,98558,CANTANI,30713393106,0,MOVER A MASTER Y MARCAR DELETED
GEO_4600,89518,ADARO,30713404701,0,98559,ADARO,30713404701,0,MOVER A MASTER Y MARCAR DELETED
GEO_4601,89519,PUNTOFARMA CABEZUELO,30713495200,0,98560,PUNTOFARMA CABEZUELO,30713495200,0,MOVER A MASTER Y MARCAR DELETED
GEO_4602,89521,FARMACIA SE.AD.HE S.C.S EN FORMACION,30713606401,0,98562,FARMACIA SE.AD.HE S.C.S EN FORMACION,30713606401,0,MOVER A MASTER Y MARCAR DELETED
GEO_4603,89522,FARMACIA 44,30713612606,0,98563,FARMACIA 44,30713612606,0,MOVER A MASTER Y MARCAR DELETED
GEO_4604,89526,JM DE ROSAS 2338,30713738502,0,98567,JM DE ROSAS 2338,30713738502,0,MOVER A MASTER Y MARCAR DELETED
GEO_4605,89528,FCIA.PORTOLURO S.C.S.,30714004820,8,98569,FCIA.PORTOLURO S.C.S.,30714004820,0,MOVER A MASTER Y MARCAR DELETED
GEO_4606,89529,ALLEMMA S.C.S.EN FORMACION  PIZZOLO MARIO BRAVO ANTONELA,30714009237,0,98570,ALLEMMA S.C.S.EN FORMACION  PIZZOLO MARIO BRAVO ANTONELA,30714009237,0,MOVER A MASTER Y MARCAR DELETED
GEO_4607,89535,FARMA 24 KAPLAN  MABEL,30714052329,0,98576,FARMA 24 KAPLAN  MABEL,30714052329,0,MOVER A MASTER Y MARCAR DELETED
GEO_4608,89537,FARMACIA MIGUEL LANUS  PAOLA,30714053392,0,98578,FARMACIA MIGUEL LANUS  PAOLA,30714053392,0,MOVER A MASTER Y MARCAR DELETED
GEO_4609,89543,MILUNO,30714082899,0,98584,MILUNO,30714082899,0,MOVER A MASTER Y MARCAR DELETED
GEO_4610,89549,FARMA 24 MIRAALTA  CELIA,30714092045,0,98590,FARMA 24 MIRAALTA  CELIA,30714092045,0,MOVER A MASTER Y MARCAR DELETED
GEO_4611,89552,3375 GADE S.R.L.,30714092428,0,98593,3375 GADE S.R.L.,30714092428,0,MOVER A MASTER Y MARCAR DELETED
GEO_4612,89552,3375 GADE S.R.L.,30714092428,0,98593,3375 GADE S.R.L.,30714092428,0,MOVER A MASTER Y MARCAR DELETED
GEO_4613,89552,3375 GADE S.R.L.,30714092428,0,98593,3375 GADE S.R.L.,30714092428,0,MOVER A MASTER Y MARCAR DELETED
GEO_4614,89565,FARMACIA FACULTAD,30714212504,0,98606,FARMACIA FACULTAD,30714212504,0,MOVER A MASTER Y MARCAR DELETED
GEO_4615,89565,FARMACIA FACULTAD,30714212504,0,98606,FARMACIA FACULTAD,30714212504,0,MOVER A MASTER Y MARCAR DELETED
GEO_4616,89569,2530 FARMAFAGMA S.R.L. (EN FORMACION)  SAN PEDRO,30714235490,0,98610,2530 FARMAFAGMA S.R.L. (EN FORMACION)  SAN PEDRO,30714235490,0,MOVER A MASTER Y MARCAR DELETED
GEO_4617,89574,BOCCALERI,30714252336,0,98615,BOCCALERI,30714252336,0,MOVER A MASTER Y MARCAR DELETED
GEO_4618,89580,CALAPRABA,30714298751,0,98621,CALAPRABA,30714298751,0,MOVER A MASTER Y MARCAR DELETED
GEO_4619,89591,CENTRAL GUERNICA  ISABEL,30714355887,1,98632,CENTRAL GUERNICA  ISABEL,30714355887,0,MOVER A MASTER Y MARCAR DELETED
GEO_4620,89598,FARMACIA CRISTI S.C.S  PREVILEY,30714399191,0,98639,FARMACIA CRISTI S.C.S  PREVILEY,30714399191,0,MOVER A MASTER Y MARCAR DELETED
GEO_4621,89598,FARMACIA CRISTI S.C.S  PREVILEY,30714399191,0,98639,FARMACIA CRISTI S.C.S  PREVILEY,30714399191,0,MOVER A MASTER Y MARCAR DELETED
GEO_4622,89598,FARMACIA CRISTI S.C.S  PREVILEY,30714399191,0,98639,FARMACIA CRISTI S.C.S  PREVILEY,30714399191,0,MOVER A MASTER Y MARCAR DELETED
GEO_4623,89620,QUIMEY DE LA PLATA,30714452572,0,98661,QUIMEY DE LA PLATA,30714452572,0,MOVER A MASTER Y MARCAR DELETED
GEO_4624,89621,FCIA.STIEFEL REANO  STIEFEL REANO,30714457477,0,98662,FCIA.STIEFEL REANO  STIEFEL REANO,30714457477,0,MOVER A MASTER Y MARCAR DELETED
GEO_4625,89622,FARMACIA LA NUEVA DONATO  HUGO,30714467480,1,98663,FARMACIA LA NUEVA DONATO  HUGO,30714467480,0,MOVER A MASTER Y MARCAR DELETED
GEO_4626,89631,FRADUSCO,30714493279,0,98672,FRADUSCO,30714493279,0,MOVER A MASTER Y MARCAR DELETED
GEO_4627,89631,FRADUSCO,30714493279,0,98672,FRADUSCO,30714493279,0,MOVER A MASTER Y MARCAR DELETED
GEO_4628,89639,BULACIO,30714548863,3,98680,BULACIO,30714548863,0,MOVER A MASTER Y MARCAR DELETED
GEO_4629,89641,TORRES - TAFI VIEJO,30714553670,0,98682,TORRES - TAFI VIEJO,30714553670,0,MOVER A MASTER Y MARCAR DELETED
GEO_4630,89650,CALCAGNO. LOMAS DE TAFI,30714603805,0,98691,CALCAGNO. LOMAS DE TAFI,30714603805,0,MOVER A MASTER Y MARCAR DELETED
GEO_4631,89666,SORIA Y CHAVEZ,30714678074,0,98707,SORIA Y CHAVEZ,30714678074,0,MOVER A MASTER Y MARCAR DELETED
GEO_4632,89675,FARMACIA AMANCAY MDQ S.C.S.  AMANCAY MDQ,30714714895,0,98716,FARMACIA AMANCAY MDQ S.C.S.  AMANCAY MDQ,30714714895,0,MOVER A MASTER Y MARCAR DELETED
GEO_4633,89683,LA BOTICA,30714791423,0,98724,LA BOTICA,30714791423,0,MOVER A MASTER Y MARCAR DELETED
GEO_4634,89686,FERNANDEZ DE MELCHOR ROMER,30714834696,0,98727,FERNANDEZ DE MELCHOR ROMER,30714834696,0,MOVER A MASTER Y MARCAR DELETED
GEO_4635,89687,PERFUMERIA MARTA,30714840688,14,98728,PERFUMERIA MARTA,30714840688,0,MOVER A MASTER Y MARCAR DELETED
GEO_4636,89691,LIBERTAD NUEVA DEL BULEVARD,30714855529,0,98732,LIBERTAD NUEVA DEL BULEVARD,30714855529,0,MOVER A MASTER Y MARCAR DELETED
GEO_4637,89701,EURO LALP S.A / FARMACIA BALVANERA,30714894478,0,98742,EURO LALP S.A / FARMACIA BALVANERA,30714894478,0,MOVER A MASTER Y MARCAR DELETED
GEO_4638,89706,MILAYA SHANTI II,30714919985,0,98747,MILAYA SHANTI II,30714919985,0,MOVER A MASTER Y MARCAR DELETED
GEO_4639,89708,BILLINGHURST,30714961477,0,98749,BILLINGHURST,30714961477,0,MOVER A MASTER Y MARCAR DELETED
GEO_4640,89720,PROTEGER SALUD AXION FARMA,30714992763,0,98761,PROTEGER SALUD AXION FARMA,30714992763,0,MOVER A MASTER Y MARCAR DELETED
GEO_4641,89722,MAGA SHOP TU FARMACIA 1 SOLANO,30715002031,0,98763,MAGA SHOP TU FARMACIA 1 SOLANO,30715002031,0,MOVER A MASTER Y MARCAR DELETED
GEO_4642,89725,SUNCHALES 6307,30715019791,0,98766,SUNCHALES 6307,30715019791,0,MOVER A MASTER Y MARCAR DELETED
GEO_4643,89742,DEL PUEBLO PARANA,30715049984,0,98783,DEL PUEBLO PARANA,30715049984,0,MOVER A MASTER Y MARCAR DELETED
GEO_4644,89746,MORON DEL NORTE,30715066684,0,98787,MORON DEL NORTE,30715066684,0,MOVER A MASTER Y MARCAR DELETED
GEO_4645,89748,RP LIRIOS DEL TALAR,30715074954,0,98789,RP LIRIOS DEL TALAR,30715074954,0,MOVER A MASTER Y MARCAR DELETED
GEO_4646,89749,LA BOTICA LOBO DE LA VEGA,30715088009,0,98790,LA BOTICA LOBO DE LA VEGA,30715088009,0,MOVER A MASTER Y MARCAR DELETED
GEO_4647,89755,3420 NEW FARMA S.R.L.,30715141430,0,98796,3420 NEW FARMA S.R.L.,30715141430,0,MOVER A MASTER Y MARCAR DELETED
GEO_4648,89763,VERONA,30715192361,0,98804,VERONA,30715192361,0,MOVER A MASTER Y MARCAR DELETED
GEO_4649,89798,FARMACIA DE MARIA,30715316095,0,98839,FARMACIA DE MARIA,30715316095,0,MOVER A MASTER Y MARCAR DELETED
GEO_4650,89810,ESTILO SALUD PROFESIONAL,30715391879,0,98851,ESTILO SALUD PROFESIONAL,30715391879,0,MOVER A MASTER Y MARCAR DELETED
GEO_4651,89810,ESTILO SALUD PROFESIONAL,30715391879,0,98851,ESTILO SALUD PROFESIONAL,30715391879,0,MOVER A MASTER Y MARCAR DELETED
GEO_4652,89839,PUEY-SALUD FARMACEUTICA S.C.S,30715636529,0,98880,PUEY-SALUD FARMACEUTICA S.C.S,30715636529,0,MOVER A MASTER Y MARCAR DELETED
GEO_4653,89839,PUEY-SALUD FARMACEUTICA S.C.S,30715636529,0,98880,PUEY-SALUD FARMACEUTICA S.C.S,30715636529,0,MOVER A MASTER Y MARCAR DELETED
GEO_4654,89846,SOCIAL AVENIDA,30715671138,0,98887,SOCIAL AVENIDA,30715671138,0,MOVER A MASTER Y MARCAR DELETED
GEO_4655,89846,SOCIAL AVENIDA,30715671138,0,98887,SOCIAL AVENIDA,30715671138,0,MOVER A MASTER Y MARCAR DELETED
GEO_4656,89870,SIMINI PUEYRREDON FARMACEUTICA S.C.S  MARA,30715714309,0,98911,SIMINI PUEYRREDON FARMACEUTICA S.C.S  MARA,30715714309,0,MOVER A MASTER Y MARCAR DELETED
GEO_4657,89873,AVENIDA 66,30715735063,0,98914,AVENIDA 66,30715735063,0,MOVER A MASTER Y MARCAR DELETED
GEO_4658,89877,FCIA MALVINAS,30715746987,0,98918,FCIA MALVINAS,30715746987,0,MOVER A MASTER Y MARCAR DELETED
GEO_4658,89877,FCIA MALVINAS,30715746987,0,101443,Farma star,30-71574698-7,1,MOVER A MASTER Y MARCAR DELETED
GEO_4659,89877,FCIA MALVINAS,30715746987,0,98918,FCIA MALVINAS,30715746987,0,MOVER A MASTER Y MARCAR DELETED
GEO_4659,89877,FCIA MALVINAS,30715746987,0,101443,Farma star,30-71574698-7,1,MOVER A MASTER Y MARCAR DELETED
GEO_4660,89907,LA MILAGROSA DE BRUNE S.R.L. EN FORMACION,30715926608,0,98948,LA MILAGROSA DE BRUNE S.R.L. EN FORMACION,30715926608,0,MOVER A MASTER Y MARCAR DELETED
GEO_4661,89913,FARMACIA MESA S.C.S,30715945793,0,98954,FARMACIA MESA S.C.S,30715945793,0,MOVER A MASTER Y MARCAR DELETED
GEO_4662,89915,ESTILO SALUD SAN JUAN,30715957082,0,98956,ESTILO SALUD SAN JUAN,30715957082,0,MOVER A MASTER Y MARCAR DELETED
GEO_4663,89916,NELAP FARMA  SILVINA/ ROMINA,30715961314,0,98957,NELAP FARMA  SILVINA/ ROMINA,30715961314,0,MOVER A MASTER Y MARCAR DELETED
GEO_4664,89931,FARMACIA SZPYRNAL S.C.S,30716009803,0,98972,FARMACIA SZPYRNAL S.C.S,30716009803,0,MOVER A MASTER Y MARCAR DELETED
GEO_4665,90336,FARMACIA SANI,33586777489,0,99377,FARMACIA SANI,33586777489,0,MOVER A MASTER Y MARCAR DELETED
GEO_4666,89939,FARMACIA LAS HERAS S.C.S,30716052288,0,98980,FARMACIA LAS HERAS S.C.S,30716052288,0,MOVER A MASTER Y MARCAR DELETED
GEO_4667,89953,PERFUMERIA MARJORIE  CINTIA Y NANCY,30716172151,0,98994,PERFUMERIA MARJORIE  CINTIA Y NANCY,30716172151,0,MOVER A MASTER Y MARCAR DELETED
GEO_4668,89957,MAXIFARMA SANTA ROSA  AGUSTIN/ SILVANA,30716178095,3,98998,MAXIFARMA SANTA ROSA  AGUSTIN/ SILVANA,30716178095,0,MOVER A MASTER Y MARCAR DELETED
GEO_4669,89958,ROSON,30716180685,6,98999,ROSON,30716180685,0,MOVER A MASTER Y MARCAR DELETED
GEO_4670,89967,KRONOS FARMACEUTICA SOCIEDAD,30716204495,0,99008,KRONOS FARMACEUTICA SOCIEDAD,30716204495,0,MOVER A MASTER Y MARCAR DELETED
GEO_4671,89967,KRONOS FARMACEUTICA SOCIEDAD,30716204495,0,99008,KRONOS FARMACEUTICA SOCIEDAD,30716204495,0,MOVER A MASTER Y MARCAR DELETED
GEO_4672,89973,CENTRAL NUMANCIA  MONICA,30716225719,6,99014,CENTRAL NUMANCIA  MONICA,30716225719,0,MOVER A MASTER Y MARCAR DELETED
GEO_4673,89977,FARMACIA TEJEDOR 381 S C S  DEL PUERTO,30716237261,0,99018,FARMACIA TEJEDOR 381 S C S  DEL PUERTO,30716237261,0,MOVER A MASTER Y MARCAR DELETED
GEO_4674,89982,BLABELLO,30716253402,0,99023,BLABELLO,30716253402,0,MOVER A MASTER Y MARCAR DELETED
GEO_4675,89982,BLABELLO,30716253402,0,99023,BLABELLO,30716253402,0,MOVER A MASTER Y MARCAR DELETED
GEO_4676,89996,EL NOGAL  LAGORI IRENE BEATRIZ,30716343959,0,99037,EL NOGAL  LAGORI IRENE BEATRIZ,30716343959,0,MOVER A MASTER Y MARCAR DELETED
GEO_4677,90002,DON BOSCO,30716380919,0,99043,DON BOSCO,30716380919,0,MOVER A MASTER Y MARCAR DELETED
GEO_4678,90316,SOCIAL BANCARIA,33500009999,0,99357,SOCIAL BANCARIA,33500009999,0,MOVER A MASTER Y MARCAR DELETED
GEO_4679,90008,127        DUBE HERMES SALVADOR  FCIA SAN ANTONIO,30716433001,0,99049,"127        DUBE, HERMES SALVADOR  FCIA SAN ANTONIO",30716433001,0,MOVER A MASTER Y MARCAR DELETED
GEO_4680,90008,127        DUBE HERMES SALVADOR  FCIA SAN ANTONIO,30716433001,0,99049,"127        DUBE, HERMES SALVADOR  FCIA SAN ANTONIO",30716433001,0,MOVER A MASTER Y MARCAR DELETED
GEO_4681,90008,127        DUBE HERMES SALVADOR  FCIA SAN ANTONIO,30716433001,0,99049,"127        DUBE, HERMES SALVADOR  FCIA SAN ANTONIO",30716433001,0,MOVER A MASTER Y MARCAR DELETED
GEO_4682,90008,127        DUBE HERMES SALVADOR  FCIA SAN ANTONIO,30716433001,0,99049,"127        DUBE, HERMES SALVADOR  FCIA SAN ANTONIO",30716433001,0,MOVER A MASTER Y MARCAR DELETED
GEO_4683,90039,*CARAVELLO LILIANA NOEMI  LILIANA,30716616696,0,99080,*CARAVELLO LILIANA NOEMI  LILIANA,30716616696,0,MOVER A MASTER Y MARCAR DELETED
GEO_4684,90045,DYF FARMACEUTICA  FARMACIA BOULOGNE 365 S.C.S.,30716653680,0,99086,DYF FARMACEUTICA  FARMACIA BOULOGNE 365 S.C.S.,30716653680,0,MOVER A MASTER Y MARCAR DELETED
GEO_4685,90045,DYF FARMACEUTICA  FARMACIA BOULOGNE 365 S.C.S.,30716653680,0,99086,DYF FARMACEUTICA  FARMACIA BOULOGNE 365 S.C.S.,30716653680,0,MOVER A MASTER Y MARCAR DELETED
GEO_4686,90049,FARMACIA GALILEOS SUR S.C.S EN FORMACION  MONTERO,30716690756,0,99090,FARMACIA GALILEOS SUR S.C.S EN FORMACION  MONTERO,30716690756,0,MOVER A MASTER Y MARCAR DELETED
GEO_4687,90049,FARMACIA GALILEOS SUR S.C.S EN FORMACION  MONTERO,30716690756,0,99090,FARMACIA GALILEOS SUR S.C.S EN FORMACION  MONTERO,30716690756,0,MOVER A MASTER Y MARCAR DELETED
GEO_4688,90137,DE LA MERCED QUILMES,30717028437,0,99178,DE LA MERCED QUILMES,30717028437,0,MOVER A MASTER Y MARCAR DELETED
GEO_4689,90137,DE LA MERCED QUILMES,30717028437,0,99178,DE LA MERCED QUILMES,30717028437,0,MOVER A MASTER Y MARCAR DELETED
GEO_4690,90137,DE LA MERCED QUILMES,30717028437,0,99178,DE LA MERCED QUILMES,30717028437,0,MOVER A MASTER Y MARCAR DELETED
GEO_4691,90320,VEGA,33518528969,0,99361,VEGA,33518528969,0,MOVER A MASTER Y MARCAR DELETED
GEO_4692,90323,FARMACIA DEL CARMEN -CORDOBA 1701,33526942049,0,99364,FARMACIA DEL CARMEN -CORDOBA 1701,33526942049,0,MOVER A MASTER Y MARCAR DELETED
GEO_4693,90324,FARMACIA SAN CARLOS / DEVOTO,33527739859,0,99365,FARMACIA SAN CARLOS / DEVOTO,33527739859,0,MOVER A MASTER Y MARCAR DELETED
GEO_4694,90324,FARMACIA SAN CARLOS / DEVOTO,33527739859,0,99365,FARMACIA SAN CARLOS / DEVOTO,33527739859,0,MOVER A MASTER Y MARCAR DELETED
GEO_4695,90324,FARMACIA SAN CARLOS / DEVOTO,33527739859,0,99365,FARMACIA SAN CARLOS / DEVOTO,33527739859,0,MOVER A MASTER Y MARCAR DELETED
GEO_4696,90324,FARMACIA SAN CARLOS / DEVOTO,33527739859,0,99365,FARMACIA SAN CARLOS / DEVOTO,33527739859,0,MOVER A MASTER Y MARCAR DELETED
GEO_4697,90324,FARMACIA SAN CARLOS / DEVOTO,33527739859,0,99365,FARMACIA SAN CARLOS / DEVOTO,33527739859,0,MOVER A MASTER Y MARCAR DELETED
GEO_4698,90337,MANCINI,33590948549,0,99378,MANCINI,33590948549,0,MOVER A MASTER Y MARCAR DELETED
GEO_4699,90340,FARMACIA 2100 S A,33615002009,0,99381,FARMACIA 2100 S A,33615002009,0,MOVER A MASTER Y MARCAR DELETED
GEO_4700,90342,FARMACIA MEDRANO,33619860999,0,99383,FARMACIA MEDRANO,33619860999,0,MOVER A MASTER Y MARCAR DELETED
GEO_4701,90345,295 FCIA NAZARET S.C.S.,33629404479,0,99386,295 FCIA NAZARET S.C.S.,33629404479,0,MOVER A MASTER Y MARCAR DELETED
GEO_4702,90348,343 NUEVA FCIA. BERMEJO S.C.S.,33645075299,0,99389,343 NUEVA FCIA. BERMEJO S.C.S.,33645075299,0,MOVER A MASTER Y MARCAR DELETED
GEO_4703,90349,1363 VITAFAR S.R.L.,33646057049,0,99390,1363 VITAFAR S.R.L.,33646057049,0,MOVER A MASTER Y MARCAR DELETED
GEO_4704,90350,VASSALLO OLIVOS,33663846839,0,99391,VASSALLO OLIVOS,33663846839,0,MOVER A MASTER Y MARCAR DELETED
GEO_4705,90355,FARMACIA LEQUIO  PABLO3367619629,33676191629,0,99396,FARMACIA LEQUIO  PABLO3367619629,33676191629,0,MOVER A MASTER Y MARCAR DELETED
GEO_4706,90358,1812       FARMASUR S.R.L. (S.J.),33681634849,0,99399,1812       FARMASUR S.R.L. (S.J.),33681634849,0,MOVER A MASTER Y MARCAR DELETED
GEO_4707,90361,DEL BOSQUE,33684840539,0,99402,DEL BOSQUE,33684840539,0,MOVER A MASTER Y MARCAR DELETED
GEO_4708,90376,FARMA 24 LAS HERAS  DALIA / ARACELI - BELU,33699069499,0,99417,FARMA 24 LAS HERAS  DALIA / ARACELI - BELU,33699069499,0,MOVER A MASTER Y MARCAR DELETED
GEO_4709,90378,NEUQUEN FARMACEUTICA S.C.S.,33707054889,0,99419,NEUQUEN FARMACEUTICA S.C.S.,33707054889,0,MOVER A MASTER Y MARCAR DELETED
GEO_4710,90380,GUBERMAN,33707455549,0,99421,GUBERMAN,33707455549,0,MOVER A MASTER Y MARCAR DELETED
GEO_4711,90381,TIERRAS ALTAS1,33707459129,0,99422,TIERRAS ALTAS1,33707459129,0,MOVER A MASTER Y MARCAR DELETED
GEO_4712,90469,SELMA8,33708176139,0,99510,SELMA8,33708176139,0,MOVER A MASTER Y MARCAR DELETED
GEO_4713,90475,1299 LA ESTANZUELA S.A.,33708352859,1,99516,1299 LA ESTANZUELA S.A.,33708352859,0,MOVER A MASTER Y MARCAR DELETED
GEO_4714,90476,SOCIAL,33708381689,0,99517,SOCIAL,33708381689,0,MOVER A MASTER Y MARCAR DELETED
GEO_4715,90479,SOCIALPHARM BELEM,33708450109,0,99520,SOCIALPHARM BELEM,33708450109,0,MOVER A MASTER Y MARCAR DELETED
GEO_4716,90480,INTEGRAL SRL,33708513569,0,99521,INTEGRAL SRL,33708513569,0,MOVER A MASTER Y MARCAR DELETED
GEO_4717,90481,REME SUR S C S,33708614829,0,99522,REME SUR S C S,33708614829,0,MOVER A MASTER Y MARCAR DELETED
GEO_4718,90481,REME SUR S C S,33708614829,0,99522,REME SUR S C S,33708614829,0,MOVER A MASTER Y MARCAR DELETED
GEO_4719,90509,BLANCOFARMA,33710193369,0,99550,BLANCOFARMA,33710193369,0,MOVER A MASTER Y MARCAR DELETED
GEO_4720,90510,NUEVA BOGGIAN,33710275489,41,99551,NUEVA BOGGIAN,33710275489,0,MOVER A MASTER Y MARCAR DELETED
GEO_4721,90510,NUEVA BOGGIAN,33710275489,41,99551,NUEVA BOGGIAN,33710275489,0,MOVER A MASTER Y MARCAR DELETED
GEO_4722,90514,PLAZOLETA EL ABASTO,33710618939,0,99555,PLAZOLETA EL ABASTO,33710618939,0,MOVER A MASTER Y MARCAR DELETED
GEO_4723,90519,ECONOFARMA BANFIELD,33711225809,0,99560,ECONOFARMA BANFIELD,33711225809,0,MOVER A MASTER Y MARCAR DELETED
GEO_4724,90519,ECONOFARMA BANFIELD,33711225809,0,99560,ECONOFARMA BANFIELD,33711225809,0,MOVER A MASTER Y MARCAR DELETED
GEO_4725,90531,ENTRE RIOS,33712479669,0,99572,ENTRE RIOS,33712479669,0,MOVER A MASTER Y MARCAR DELETED
GEO_4726,90536,DEL PATO,33714328609,0,99577,DEL PATO,33714328609,0,MOVER A MASTER Y MARCAR DELETED
GEO_4727,90537,SALUD GLOBAL,33714420009,0,99578,SALUD GLOBAL,33714420009,0,MOVER A MASTER Y MARCAR DELETED
GEO_4728,90540,ARRIOLA,33714631549,0,99581,ARRIOLA,33714631549,0,MOVER A MASTER Y MARCAR DELETED
GEO_4729,90548,2708 F.N.L. SALUD S.R.L.,33714921369,0,99589,2708 F.N.L. SALUD S.R.L.,33714921369,0,MOVER A MASTER Y MARCAR DELETED
GEO_4730,90554,SOCIAL VICTORICA,33715252789,0,99595,SOCIAL VICTORICA,33715252789,0,MOVER A MASTER Y MARCAR DELETED
GEO_4731,90555,FARMACIA FARMAHUINCO S.C.S  HUINCO,33715561099,0,99596,FARMACIA FARMAHUINCO S.C.S  HUINCO,33715561099,0,MOVER A MASTER Y MARCAR DELETED
GEO_4732,90557,DUCA SALUD FARMA,33715811419,0,99598,DUCA SALUD FARMA,33715811419,0,MOVER A MASTER Y MARCAR DELETED
GEO_4733,90565,MAXIFARMA  EMILSE,33716259019,0,99606,MAXIFARMA  EMILSE,33716259019,0,MOVER A MASTER Y MARCAR DELETED
GEO_4733,90565,MAXIFARMA  EMILSE,33716259019,0,99607,MAXIFARMA COMERCIAL,33716259019,0,MOVER A MASTER Y MARCAR DELETED
GEO_4733,90565,MAXIFARMA  EMILSE,33716259019,0,90566,MAXIFARMA COMERCIAL,33716259019,0,MOVER A MASTER Y MARCAR DELETED
GEO_4734,90617,PATRIA,30707497129,0,99658,PATRIA,30707497129,0,MOVER A MASTER Y MARCAR DELETED
GEO_4735,101484,perfumeria tam,27-27723269-9,3,101285,perfumeria tam,27-27723269-9,0,MOVER A MASTER Y MARCAR DELETED
GEO_4735,101484,perfumeria tam,27-27723269-9,3,101459,Tam,27-27723269-9,0,MOVER A MASTER Y MARCAR DELETED
GEO_4735,101484,perfumeria tam,27-27723269-9,3,101483,perfumeria tam,27-27723269-9,0,MOVER A MASTER Y MARCAR DELETED
GEO_4736,101724,FARMACIA VILCAPUGIO,27-25737633-3,1,101274,FARMACIA VILCAPUGIO,27-25737633-3,0,MOVER A MASTER Y MARCAR DELETED
GEO_4737,101550,farmacia Gran farmalac,30-71637972-4,2,101361,Gran farmalac,30-71637972-4,0,MOVER A MASTER Y MARCAR DELETED
GEO_4738,101407,Farmacia Asociacion Mutual Solidaria Mercantil,30-71237431-0,10,101389,Mutual Solidaria Mercantil,30-71237431-0,0,MOVER A MASTER Y MARCAR DELETED
GEO_4739,101740,FARMACIA YBOTY,30-71911580-9,1,101395,Farmacia YBOTY,30-71911580-9,0,MOVER A MASTER Y MARCAR DELETED
GEO_4740,100914,MARTINEZ 5,27-18397819-0,4,103358,FARMACIA MARTINEZ 5,27-18397819-0,1,MOVER A MASTER Y MARCAR DELETED
GEO_4741,100914,MARTINEZ 5,27-18397819-0,4,103358,FARMACIA MARTINEZ 5,27-18397819-0,1,MOVER A MASTER Y MARCAR DELETED
GEO_4742,101657,farmacia san carlos anexo,20-27173188-5,23,101352,Farmacia San Carlos,20-27173188-5,0,MOVER A MASTER Y MARCAR DELETED
GEO_4743,101651,Perfumeria Gonzalo,20-18511230-7,8,101517,Haupt Guillermo ,20-18511230-7,0,MOVER A MASTER Y MARCAR DELETED
GEO_4744,101702,Farmacia Serniotti,20-39454924-0,18,101501,Farmacia Serniotti Pablo,20-39454924-0,0,MOVER A MASTER Y MARCAR DELETED
GEO_4745,101702,Farmacia Serniotti,20-39454924-0,18,101501,Farmacia Serniotti Pablo,20-39454924-0,0,MOVER A MASTER Y MARCAR DELETED
GEO_4746,101653,ASOC. M.P.H.ITALIANO*CERRO,30-71056623-9,0,101654,ASOC. M.P.H.ITALIANO*CERRO,30-71056623-9,0,MOVER A MASTER Y MARCAR DELETED
GEO_4747,101683,La escoba loca,20-11180544-0,0,101697,La escoba loca,20-11180544-0,0,MOVER A MASTER Y MARCAR DELETED
GEO_4748,101710,MAGG EXPRESS,30-71702916-6,0,101712,MAGG EXPRESS,30-71702916-6,0,MOVER A MASTER Y MARCAR DELETED
GEO_4749,103397,Mesura La Bastilla,33-71898014-9,1,103395,La Bastilla,33-71898014-9,0,MOVER A MASTER Y MARCAR DELETED
