Id,CustomerLocationId,MarketplaceDistributorId,Code,CreatedDate,ModifiedDate,Deleted,DeletedDate,DeletedUser,borrado
136,155,11,4960,"April 9, 2025, 1:32 PM","April 9, 2025, 1:32 PM",,"January 1, 2000, 12:00 AM",,0
141,158,11,8164,"April 10, 2025, 4:15 PM","April 10, 2025, 4:15 PM",,"January 1, 2000, 12:00 AM",,0
127,150,12,3068901,"April 1, 2025, 3:33 PM","April 1, 2025, 3:33 PM",,"January 1, 2000, 12:00 AM",,0
130,151,10,Y700,"April 3, 2025, 1:25 PM","April 3, 2025, 1:25 PM",,"January 1, 2000, 12:00 AM",,0
131,127,12,1515,"April 3, 2025, 2:44 PM","April 3, 2025, 2:44 PM",,"January 1, 2000, 12:00 AM",,0
132,127,10,1717,"April 3, 2025, 2:50 PM","April 3, 2025, 2:50 PM",,"January 1, 2000, 12:00 AM",,0
133,152,11,9428,"April 3, 2025, 3:15 PM","April 3, 2025, 3:15 PM",,"January 1, 2000, 12:00 AM",,0
134,153,9,7283,"April 4, 2025, 11:50 AM","April 4, 2025, 11:50 AM",,"January 1, 2000, 12:00 AM",,0
148,159,9,9088,"April 10, 2025, 10:06 PM","April 10, 2025, 10:06 PM",,"January 1, 2000, 12:00 AM",,0
150,161,10,1065,"April 11, 2025, 2:36 PM","April 11, 2025, 2:36 PM",,"January 1, 2000, 12:00 AM",,0
151,162,9,8041,"April 11, 2025, 5:10 PM","April 11, 2025, 5:10 PM",,"January 1, 2000, 12:00 AM",,0
161,165,12,217501,"April 15, 2025, 12:15 PM","April 15, 2025, 12:15 PM",,"January 1, 2000, 12:00 AM",,0
162,127,7,310-10310-33709577129,"April 15, 2025, 3:44 PM","April 15, 2025, 3:44 PM",,"January 1, 2000, 12:00 AM",,0
169,169,15,1530,"April 16, 2025, 12:25 PM","April 16, 2025, 12:25 PM",,"January 1, 2000, 12:00 AM",,0
124,145,23,5258,"March 31, 2025, 8:10 PM","April 24, 2025, 6:31 PM",,"January 1, 2000, 12:00 AM",,0
171,170,15,1530,"April 16, 2025, 6:30 PM","April 16, 2025, 6:30 PM",,"January 1, 2000, 12:00 AM",,0
176,174,14,251.330,"April 16, 2025, 8:46 PM","April 16, 2025, 8:46 PM",,"January 1, 2000, 12:00 AM",,0
177,177,16,10121,"April 22, 2025, 1:16 PM","April 22, 2025, 1:16 PM",,"January 1, 2000, 12:00 AM",,0
178,178,9,8975,"April 22, 2025, 8:15 PM","April 22, 2025, 8:15 PM",,"January 1, 2000, 12:00 AM",,0
183,158,21,9999,"April 23, 2025, 5:27 PM","April 23, 2025, 5:27 PM",,"January 1, 2000, 12:00 AM",,0
185,182,20,57,"April 28, 2025, 7:12 PM","April 28, 2025, 7:12 PM",,"January 1, 2000, 12:00 AM",,0
186,183,24,1094,"April 29, 2025, 6:48 PM","April 29, 2025, 6:48 PM",,"January 1, 2000, 12:00 AM",,0
187,"10,316",21,1111,"April 30, 2025, 11:32 AM","April 30, 2025, 11:32 AM",,"January 1, 2000, 12:00 AM",,0
189,"10,318",19,401,"May 6, 2025, 10:58 PM","May 6, 2025, 10:58 PM",,"January 1, 2000, 12:00 AM",,0
191,"10,320",25,200095,"May 8, 2025, 3:39 PM","May 8, 2025, 3:39 PM",,"January 1, 2000, 12:00 AM",,0
234,163,23,1111,"May 9, 2025, 7:10 PM","May 9, 2025, 7:10 PM",,"January 1, 2000, 12:00 AM",,0
241,"10,326",22,102558,"May 15, 2025, 1:56 PM","May 15, 2025, 1:56 PM",,"January 1, 2000, 12:00 AM",,0
263,"10,333",32,13544,"May 29, 2025, 4:49 PM","May 29, 2025, 4:49 PM",,"January 1, 2000, 12:00 AM",,0
265,"10,337",21,40268,"June 6, 2025, 12:03 PM","June 6, 2025, 12:03 PM",,"January 1, 2000, 12:00 AM",,0
266,"10,338",34,2842,"June 6, 2025, 1:48 PM","June 6, 2025, 1:48 PM",,"January 1, 2000, 12:00 AM",,0
269,"10,341",10,2525,"June 9, 2025, 9:30 PM","June 9, 2025, 9:30 PM",,"January 1, 2000, 12:00 AM",,0
270,"10,342",10,8523,"June 9, 2025, 9:46 PM","June 9, 2025, 9:46 PM",,"January 1, 2000, 12:00 AM",,0
272,"10,345",18,4438,"June 25, 2025, 1:14 PM","June 25, 2025, 1:14 PM",,"January 1, 2000, 12:00 AM",,0
273,"10,346",9,9808,"June 30, 2025, 1:51 PM","June 30, 2025, 1:51 PM",,"January 1, 2000, 12:00 AM",,0
275,"10,346",22,107450,"June 30, 2025, 1:52 PM","June 30, 2025, 1:52 PM",,"January 1, 2000, 12:00 AM",,0
279,"10,353",36,3926,"July 7, 2025, 4:04 PM","July 7, 2025, 4:04 PM",,"January 1, 2000, 12:00 AM",,0
190,"10,319",26,4140,"May 7, 2025, 6:03 PM","October 7, 2025, 6:03 PM",,"January 1, 2000, 12:00 AM",,0
"2,431","90,024",34,5868,"August 1, 2025, 11:23 AM","August 1, 2025, 11:23 AM",,"January 1, +1000000000, 12:00 AM",,0
"2,438","82,120",44,104119,"August 1, 2025, 11:23 AM","August 1, 2025, 11:23 AM",,"January 1, +1000000000, 12:00 AM",,0
"2,403","88,566",11,8089,"August 1, 2025, 11:23 AM","August 1, 2025, 11:23 AM",,"January 1, +1000000000, 12:00 AM",,0
"2,404","81,946",45,18776,"August 1, 2025, 11:23 AM","August 1, 2025, 11:23 AM",,"January 1, +1000000000, 12:00 AM",,0
"2,405","83,898",22,109256,"August 1, 2025, 11:23 AM","August 1, 2025, 11:23 AM",,"January 1, +1000000000, 12:00 AM",,0
"2,406","83,228",45,32989,"August 1, 2025, 11:23 AM","August 1, 2025, 11:23 AM",,"January 1, +1000000000, 12:00 AM",,0
"2,407","90,564",45,28023,"August 1, 2025, 11:23 AM","August 1, 2025, 11:23 AM",,"January 1, +1000000000, 12:00 AM",,0
"2,408","88,038",11,8918,"August 1, 2025, 11:23 AM","August 1, 2025, 11:23 AM",,"January 1, +1000000000, 12:00 AM",,0
"2,409","88,561",34,4746,"August 1, 2025, 11:23 AM","August 1, 2025, 11:23 AM",,"January 1, +1000000000, 12:00 AM",,0
"2,410","88,472",45,34197,"August 1, 2025, 11:23 AM","August 1, 2025, 11:23 AM",,"January 1, +1000000000, 12:00 AM",,0
"2,411","83,444",11,117049,"August 1, 2025, 11:23 AM","August 1, 2025, 11:23 AM",,"January 1, +1000000000, 12:00 AM",,0
"2,412","87,992",45,11267,"August 1, 2025, 11:23 AM","August 1, 2025, 11:23 AM",,"January 1, +1000000000, 12:00 AM",,0
"2,413","87,325",45,27906,"August 1, 2025, 11:23 AM","August 1, 2025, 11:23 AM",,"January 1, +1000000000, 12:00 AM",,0
"2,414","84,322",22,102695,"August 1, 2025, 11:23 AM","August 1, 2025, 11:23 AM",,"January 1, +1000000000, 12:00 AM",,0
"2,415","83,228",22,107450,"August 1, 2025, 11:23 AM","August 1, 2025, 11:23 AM",,"January 1, +1000000000, 12:00 AM",,0
"2,416","82,432",12,486822,"August 1, 2025, 11:23 AM","August 1, 2025, 11:23 AM",,"January 1, +1000000000, 12:00 AM",,0
"2,418","90,219",12,9993501,"August 1, 2025, 11:23 AM","August 1, 2025, 11:23 AM",,"January 1, +1000000000, 12:00 AM",,0
"2,419","82,445",12,4785101,"August 1, 2025, 11:23 AM","August 1, 2025, 11:23 AM",,"January 1, +1000000000, 12:00 AM",,0
"2,421","89,775",10,z1070,"August 1, 2025, 11:23 AM","August 1, 2025, 11:23 AM",,"January 1, +1000000000, 12:00 AM",,0
"2,422","90,007",42,3491,"August 1, 2025, 11:23 AM","August 1, 2025, 11:23 AM",,"January 1, +1000000000, 12:00 AM",,0
"2,423","89,550",42,2479,"August 1, 2025, 11:23 AM","August 1, 2025, 11:23 AM",,"January 1, +1000000000, 12:00 AM",,0
"2,424","89,552",42,3375,"August 1, 2025, 11:23 AM","August 1, 2025, 11:23 AM",,"January 1, +1000000000, 12:00 AM",,0
"2,425","88,725",42,250,"August 1, 2025, 11:23 AM","August 1, 2025, 11:23 AM",,"January 1, +1000000000, 12:00 AM",,0
"2,426","88,730",42,2239,"August 1, 2025, 11:23 AM","August 1, 2025, 11:23 AM",,"January 1, +1000000000, 12:00 AM",,0
"2,427","88,729",45,14076,"August 1, 2025, 11:23 AM","August 1, 2025, 11:23 AM",,"January 1, +1000000000, 12:00 AM",,0
"2,428","90,091",45,33978,"August 1, 2025, 11:23 AM","August 1, 2025, 11:23 AM",,"January 1, +1000000000, 12:00 AM",,0
"2,429","90,090",42,3504,"August 1, 2025, 11:23 AM","August 1, 2025, 11:23 AM",,"January 1, +1000000000, 12:00 AM",,0
"2,430","88,728",42,2479,"August 1, 2025, 11:23 AM","August 1, 2025, 11:23 AM",,"January 1, +1000000000, 12:00 AM",,0
"2,432","82,101",45,35219,"August 1, 2025, 11:23 AM","August 1, 2025, 11:23 AM",,"January 1, +1000000000, 12:00 AM",,0
"2,433","82,104",45,28109,"August 1, 2025, 11:23 AM","August 1, 2025, 11:23 AM",,"January 1, +1000000000, 12:00 AM",,0
"2,434","86,284",22,102941,"August 1, 2025, 11:23 AM","August 1, 2025, 11:23 AM",,"January 1, +1000000000, 12:00 AM",,0
"2,435","84,168",36,3975,"August 1, 2025, 11:23 AM","August 1, 2025, 11:23 AM",,"January 1, +1000000000, 12:00 AM",,0
"2,436","90,149",44,105929,"August 1, 2025, 11:23 AM","August 1, 2025, 11:23 AM",,"January 1, +1000000000, 12:00 AM",,0
"2,437","85,330",44,105823,"August 1, 2025, 11:23 AM","August 1, 2025, 11:23 AM",,"January 1, +1000000000, 12:00 AM",,0
"2,439","84,937",45,22186,"August 1, 2025, 11:23 AM","August 1, 2025, 11:23 AM",,"January 1, +1000000000, 12:00 AM",,0
"2,440","88,477",18,4478,"August 1, 2025, 11:23 AM","August 1, 2025, 11:23 AM",,"January 1, +1000000000, 12:00 AM",,0
"2,441","89,608",35,15261,"August 1, 2025, 11:23 AM","August 1, 2025, 11:23 AM",,"January 1, +1000000000, 12:00 AM",,0
"2,442","90,548",45,25343,"August 1, 2025, 11:23 AM","August 1, 2025, 11:23 AM",,"January 1, +1000000000, 12:00 AM",,0
"2,443","88,671",34,5478,"August 1, 2025, 11:23 AM","August 1, 2025, 11:23 AM",,"January 1, +1000000000, 12:00 AM",,0
"2,444","83,894",45,29312,"August 1, 2025, 11:23 AM","August 1, 2025, 11:23 AM",,"January 1, +1000000000, 12:00 AM",,0
"2,445","83,838",21,27458,"August 1, 2025, 11:23 AM","August 1, 2025, 11:23 AM",,"January 1, +1000000000, 12:00 AM",,0
"2,446","88,809",45,14231,"August 1, 2025, 11:23 AM","August 1, 2025, 11:23 AM",,"January 1, +1000000000, 12:00 AM",,0
"2,447","82,019",25,300142,"August 1, 2025, 11:23 AM","August 1, 2025, 11:23 AM",,"January 1, +1000000000, 12:00 AM",,0
"2,449","82,260",45,16168,"August 1, 2025, 11:23 AM","August 1, 2025, 11:23 AM",,"January 1, +1000000000, 12:00 AM",,0
"2,450","82,260",12,1732601,"August 1, 2025, 11:23 AM","August 1, 2025, 11:23 AM",,"January 1, +1000000000, 12:00 AM",,0
"2,451","82,103",45,24838,"August 1, 2025, 11:23 AM","August 1, 2025, 11:23 AM",,"January 1, +1000000000, 12:00 AM",,0
"2,452","82,127",25,250271,"August 1, 2025, 11:23 AM","August 1, 2025, 11:23 AM",,"January 1, +1000000000, 12:00 AM",,0
"2,453","86,594",11,5498,"August 1, 2025, 11:23 AM","August 1, 2025, 11:23 AM",,"January 1, +1000000000, 12:00 AM",,0
"2,454","85,679",36,3915,"August 1, 2025, 11:23 AM","August 1, 2025, 11:23 AM",,"January 1, +1000000000, 12:00 AM",,0
"2,455","86,594",43,6206,"August 1, 2025, 11:23 AM","August 1, 2025, 11:23 AM",,"January 1, +1000000000, 12:00 AM",,0
"2,456","90,238",10,z1331,"August 1, 2025, 11:23 AM","August 1, 2025, 11:23 AM",,"January 1, +1000000000, 12:00 AM",,0
"2,457","83,423",45,21464,"August 1, 2025, 11:23 AM","August 1, 2025, 11:23 AM",,"January 1, +1000000000, 12:00 AM",,0
"2,459","87,694",10,Z 1359,"August 1, 2025, 11:23 AM","August 1, 2025, 11:23 AM",,"January 1, +1000000000, 12:00 AM",,0
"2,460","82,102",45,16319,"August 1, 2025, 11:23 AM","August 1, 2025, 11:23 AM",,"January 1, +1000000000, 12:00 AM",,0
"2,461","89,828",10,1083,"August 1, 2025, 11:23 AM","August 1, 2025, 11:23 AM",,"January 1, +1000000000, 12:00 AM",,0
"2,462","87,613",25,251312,"August 1, 2025, 11:23 AM","August 1, 2025, 11:23 AM",,"January 1, +1000000000, 12:00 AM",,0
"2,463","89,829",45,12365,"August 1, 2025, 11:23 AM","August 1, 2025, 11:23 AM",,"January 1, +1000000000, 12:00 AM",,0
"2,464","86,732",45,23974,"August 1, 2025, 11:23 AM","August 1, 2025, 11:23 AM",,"January 1, +1000000000, 12:00 AM",,0
"2,465","87,968",34,2060,"August 1, 2025, 11:23 AM","August 1, 2025, 11:23 AM",,"January 1, +1000000000, 12:00 AM",,0
"2,466","82,553",11,151757,"August 1, 2025, 11:23 AM","August 1, 2025, 11:23 AM",,"January 1, +1000000000, 12:00 AM",,0
"2,467","86,055",45,29245,"August 1, 2025, 11:23 AM","August 1, 2025, 11:23 AM",,"January 1, +1000000000, 12:00 AM",,0
"2,468","84,918",45,35129,"August 1, 2025, 11:23 AM","August 1, 2025, 11:23 AM",,"January 1, +1000000000, 12:00 AM",,0
"2,469","84,921",45,31656,"August 1, 2025, 11:23 AM","August 1, 2025, 11:23 AM",,"January 1, +1000000000, 12:00 AM",,0
"2,470","82,162",25,208476,"August 1, 2025, 11:23 AM","August 1, 2025, 11:23 AM",,"January 1, +1000000000, 12:00 AM",,0
"2,471","87,048",36,2078,"August 1, 2025, 11:23 AM","August 1, 2025, 11:23 AM",,"January 1, +1000000000, 12:00 AM",,0
"2,472","84,138",25,251197,"August 1, 2025, 11:23 AM","August 1, 2025, 11:23 AM",,"January 1, +1000000000, 12:00 AM",,0
"2,473","83,401",42,3456,"August 1, 2025, 11:23 AM","August 1, 2025, 11:23 AM",,"January 1, +1000000000, 12:00 AM",,0
"2,474","89,378",45,21167,"August 1, 2025, 11:23 AM","August 1, 2025, 11:23 AM",,"January 1, +1000000000, 12:00 AM",,0
"2,475","82,182",25,202305,"August 1, 2025, 11:23 AM","August 1, 2025, 11:23 AM",,"January 1, +1000000000, 12:00 AM",,0
"2,476","83,091",25,251447,"August 1, 2025, 11:23 AM","August 1, 2025, 11:23 AM",,"January 1, +1000000000, 12:00 AM",,0
"2,477","82,258",25,250108,"August 1, 2025, 11:23 AM","August 1, 2025, 11:23 AM",,"January 1, +1000000000, 12:00 AM",,0
"2,478","86,589",25,251490,"August 1, 2025, 11:23 AM","August 1, 2025, 11:23 AM",,"January 1, +1000000000, 12:00 AM",,0
"2,479","85,423",36,1711,"August 1, 2025, 11:23 AM","August 1, 2025, 11:23 AM",,"January 1, +1000000000, 12:00 AM",,0
"2,480","83,040",25,250385,"August 1, 2025, 11:23 AM","August 1, 2025, 11:23 AM",,"January 1, +1000000000, 12:00 AM",,0
"2,481","88,820",10,953,"August 1, 2025, 11:23 AM","August 1, 2025, 11:23 AM",,"January 1, +1000000000, 12:00 AM",,0
"2,482","89,574",11,4568,"August 1, 2025, 11:23 AM","August 1, 2025, 11:23 AM",,"January 1, +1000000000, 12:00 AM",,0
"2,483","84,543",45,13371,"August 1, 2025, 11:23 AM","August 1, 2025, 11:23 AM",,"January 1, +1000000000, 12:00 AM",,0
"2,484","82,013",25,208375,"August 1, 2025, 11:23 AM","August 1, 2025, 11:23 AM",,"January 1, +1000000000, 12:00 AM",,0
"2,485","90,188",11,12587,"August 1, 2025, 11:23 AM","August 1, 2025, 11:23 AM",,"January 1, +1000000000, 12:00 AM",,0
"2,486","83,692",34,5374,"August 1, 2025, 11:23 AM","August 1, 2025, 11:23 AM",,"January 1, +1000000000, 12:00 AM",,0
"2,487","87,005",11,4502,"August 1, 2025, 11:23 AM","August 1, 2025, 11:23 AM",,"January 1, +1000000000, 12:00 AM",,0
"2,489","88,686",10,41159,"August 1, 2025, 11:23 AM","August 1, 2025, 11:23 AM",,"January 1, +1000000000, 12:00 AM",,0
"2,490","90,404",11,9431,"August 1, 2025, 11:23 AM","August 1, 2025, 11:23 AM",,"January 1, +1000000000, 12:00 AM",,0
"2,491","88,759",10,934,"August 1, 2025, 11:23 AM","August 1, 2025, 11:23 AM",,"January 1, +1000000000, 12:00 AM",,0
"2,492","87,874",36,2799,"August 1, 2025, 11:23 AM","August 1, 2025, 11:23 AM",,"January 1, +1000000000, 12:00 AM",,0
"2,493","88,445",34,2600,"August 1, 2025, 11:23 AM","August 1, 2025, 11:23 AM",,"January 1, +1000000000, 12:00 AM",,0
"2,494","84,259",25,150910,"August 1, 2025, 11:23 AM","August 1, 2025, 11:23 AM",,"January 1, +1000000000, 12:00 AM",,0
"2,495","90,112",25,105884,"August 1, 2025, 11:23 AM","August 1, 2025, 11:23 AM",,"January 1, +1000000000, 12:00 AM",,0
"2,496","90,309",25,151499,"August 1, 2025, 11:23 AM","August 1, 2025, 11:23 AM",,"January 1, +1000000000, 12:00 AM",,0
"2,497","88,181",25,151431,"August 1, 2025, 11:23 AM","August 1, 2025, 11:23 AM",,"January 1, +1000000000, 12:00 AM",,0
"2,498","90,114",25,107672,"August 1, 2025, 11:23 AM","August 1, 2025, 11:23 AM",,"January 1, +1000000000, 12:00 AM",,0
"2,499","90,111",25,108273,"August 1, 2025, 11:23 AM","August 1, 2025, 11:23 AM",,"January 1, +1000000000, 12:00 AM",,0
"2,500","88,180",25,151311,"August 1, 2025, 11:23 AM","August 1, 2025, 11:23 AM",,"January 1, +1000000000, 12:00 AM",,0
"2,501","84,920",45,36183,"August 1, 2025, 11:23 AM","August 1, 2025, 11:23 AM",,"January 1, +1000000000, 12:00 AM",,0
"2,502","89,808",18,4988,"August 1, 2025, 11:23 AM","August 1, 2025, 11:23 AM",,"January 1, +1000000000, 12:00 AM",,0
"2,503","84,919",45,15595,"August 1, 2025, 11:23 AM","August 1, 2025, 11:23 AM",,"January 1, +1000000000, 12:00 AM",,0
"2,504","89,374",11,109457,"August 1, 2025, 11:23 AM","August 1, 2025, 11:23 AM",,"January 1, +1000000000, 12:00 AM",,0
"2,505","87,883",45,20952,"August 1, 2025, 11:23 AM","August 1, 2025, 11:23 AM",,"January 1, +1000000000, 12:00 AM",,0
"2,506","89,829",10,z1087,"August 1, 2025, 11:23 AM","August 1, 2025, 11:23 AM",,"January 1, +1000000000, 12:00 AM",,0
"2,507","89,829",45,11393,"August 1, 2025, 11:23 AM","August 1, 2025, 11:23 AM",,"January 1, +1000000000, 12:00 AM",,0
"2,508","90,487",10,992,"August 1, 2025, 11:23 AM","August 1, 2025, 11:23 AM",,"January 1, +1000000000, 12:00 AM",,0
"2,509","87,274",11,8884,"August 1, 2025, 11:23 AM","August 1, 2025, 11:23 AM",,"January 1, +1000000000, 12:00 AM",,0
"2,510","84,816",45,19010,"August 1, 2025, 11:23 AM","August 1, 2025, 11:23 AM",,"January 1, +1000000000, 12:00 AM",,0
"2,511","88,371",45,13382,"August 1, 2025, 11:23 AM","August 1, 2025, 11:23 AM",,"January 1, +1000000000, 12:00 AM",,0
"2,512","84,454",36,436,"August 1, 2025, 11:23 AM","August 1, 2025, 11:23 AM",,"January 1, +1000000000, 12:00 AM",,0
"2,513","82,713",45,25345,"August 1, 2025, 11:23 AM","August 1, 2025, 11:23 AM",,"January 1, +1000000000, 12:00 AM",,0
"2,514","89,829",45,10240,"August 1, 2025, 11:23 AM","August 1, 2025, 11:23 AM",,"January 1, +1000000000, 12:00 AM",,0
"2,515","84,576",10,149,"August 1, 2025, 11:23 AM","August 1, 2025, 11:23 AM",,"January 1, +1000000000, 12:00 AM",,0
"2,516","87,511",18,4739,"August 1, 2025, 11:23 AM","August 1, 2025, 11:23 AM",,"January 1, +1000000000, 12:00 AM",,0
"2,517","87,913",12,534601,"August 1, 2025, 11:23 AM","August 1, 2025, 11:23 AM",,"January 1, +1000000000, 12:00 AM",,0
"2,518","88,647",10,874,"August 1, 2025, 11:23 AM","August 1, 2025, 11:23 AM",,"January 1, +1000000000, 12:00 AM",,0
"2,519","88,980",11,9089,"August 1, 2025, 11:23 AM","August 1, 2025, 11:23 AM",,"January 1, +1000000000, 12:00 AM",,0
"2,520","83,520",45,32052,"August 1, 2025, 11:23 AM","August 1, 2025, 11:23 AM",,"January 1, +1000000000, 12:00 AM",,0
"2,521","86,269",36,2814,"August 1, 2025, 11:23 AM","August 1, 2025, 11:23 AM",,"January 1, +1000000000, 12:00 AM",,0
"2,522","90,512",10,6297,"August 1, 2025, 11:23 AM","August 1, 2025, 11:23 AM",,"January 1, +1000000000, 12:00 AM",,0
"2,523","88,156",45,13368,"August 1, 2025, 11:23 AM","August 1, 2025, 11:23 AM",,"January 1, +1000000000, 12:00 AM",,0
"2,524","86,531",11,109442,"August 1, 2025, 11:23 AM","August 1, 2025, 11:23 AM",,"January 1, +1000000000, 12:00 AM",,0
"2,525","86,225",36,4077,"August 1, 2025, 11:23 AM","August 1, 2025, 11:23 AM",,"January 1, +1000000000, 12:00 AM",,0
"2,526","83,080",44,106065,"August 1, 2025, 11:23 AM","August 1, 2025, 11:23 AM",,"January 1, +1000000000, 12:00 AM",,0
"2,527","83,296",45,24503,"August 1, 2025, 11:23 AM","August 1, 2025, 11:23 AM",,"January 1, +1000000000, 12:00 AM",,0
"2,528","90,302",45,36509,"August 1, 2025, 11:23 AM","August 1, 2025, 11:23 AM",,"January 1, +1000000000, 12:00 AM",,0
"2,529","87,707",22,105775,"August 1, 2025, 11:23 AM","August 1, 2025, 11:23 AM",,"January 1, +1000000000, 12:00 AM",,0
"2,531","87,059",45,28084,"August 1, 2025, 11:23 AM","August 1, 2025, 11:23 AM",,"January 1, +1000000000, 12:00 AM",,0
"2,533","87,667",36,3938,"August 1, 2025, 11:23 AM","August 1, 2025, 11:23 AM",,"January 1, +1000000000, 12:00 AM",,0
"2,534","82,320",45,14185,"August 1, 2025, 11:23 AM","August 1, 2025, 11:23 AM",,"January 1, +1000000000, 12:00 AM",,0
"2,535","86,442",36,2847,"August 1, 2025, 11:23 AM","August 1, 2025, 11:23 AM",,"January 1, +1000000000, 12:00 AM",,0
"2,536","82,965",34,2842,"August 1, 2025, 11:23 AM","August 1, 2025, 11:23 AM",,"January 1, +1000000000, 12:00 AM",,0
"2,538","86,996",10,Z173,"August 1, 2025, 11:23 AM","August 1, 2025, 11:23 AM",,"January 1, +1000000000, 12:00 AM",,0
"2,539","88,601",10,Z 848,"August 1, 2025, 11:23 AM","August 1, 2025, 11:23 AM",,"January 1, +1000000000, 12:00 AM",,0
"2,540","88,861",45,27993,"August 1, 2025, 11:23 AM","August 1, 2025, 11:23 AM",,"January 1, +1000000000, 12:00 AM",,0
"2,541","90,352",10,Z770,"August 1, 2025, 11:23 AM","August 1, 2025, 11:23 AM",,"January 1, +1000000000, 12:00 AM",,0
"2,542","83,686",25,251546,"August 1, 2025, 11:23 AM","August 1, 2025, 11:23 AM",,"January 1, +1000000000, 12:00 AM",,0
"2,543","87,365",45,34632,"August 1, 2025, 11:23 AM","August 1, 2025, 11:23 AM",,"January 1, +1000000000, 12:00 AM",,0
"2,545","87,562",21,100637,"August 1, 2025, 11:23 AM","August 1, 2025, 11:23 AM",,"January 1, +1000000000, 12:00 AM",,0
"2,546","89,802",10,1068,"August 1, 2025, 11:23 AM","August 1, 2025, 11:23 AM",,"January 1, +1000000000, 12:00 AM",,0
"2,547","89,927",10,Z1108,"August 1, 2025, 11:23 AM","August 1, 2025, 11:23 AM",,"January 1, +1000000000, 12:00 AM",,0
"2,548","87,738",25,200517,"August 1, 2025, 11:23 AM","August 1, 2025, 11:23 AM",,"January 1, +1000000000, 12:00 AM",,0
"2,550","85,163",10,722,"August 1, 2025, 11:23 AM","August 1, 2025, 11:23 AM",,"January 1, +1000000000, 12:00 AM",,0
"2,551","89,426",10,Z866,"August 1, 2025, 11:23 AM","August 1, 2025, 11:23 AM",,"January 1, +1000000000, 12:00 AM",,0
"2,552","87,459",34,5393,"August 1, 2025, 11:23 AM","August 1, 2025, 11:23 AM",,"January 1, +1000000000, 12:00 AM",,0
"2,553","85,943",11,111184,"August 1, 2025, 11:23 AM","August 1, 2025, 11:23 AM",,"January 1, +1000000000, 12:00 AM",,0
"2,554","89,314",10,164,"August 1, 2025, 11:23 AM","August 1, 2025, 11:23 AM",,"January 1, +1000000000, 12:00 AM",,0
"2,555","89,956",24,4231,"August 1, 2025, 11:23 AM","August 1, 2025, 11:23 AM",,"January 1, +1000000000, 12:00 AM",,0
"2,556","88,647",45,12284,"August 1, 2025, 11:23 AM","August 1, 2025, 11:23 AM",,"January 1, +1000000000, 12:00 AM",,0
"2,557","88,557",45,12517,"August 1, 2025, 11:23 AM","August 1, 2025, 11:23 AM",,"January 1, +1000000000, 12:00 AM",,0
"2,558","87,982",45,18657,"August 1, 2025, 11:23 AM","August 1, 2025, 11:23 AM",,"January 1, +1000000000, 12:00 AM",,0
"2,559","90,325",45,11710,"August 1, 2025, 11:23 AM","August 1, 2025, 11:23 AM",,"January 1, +1000000000, 12:00 AM",,0
"2,560","90,580",45,33661,"August 1, 2025, 11:23 AM","August 1, 2025, 11:23 AM",,"January 1, +1000000000, 12:00 AM",,0
"2,562","87,647",10,A1339,"August 1, 2025, 11:23 AM","August 1, 2025, 11:23 AM",,"January 1, +1000000000, 12:00 AM",,0
"2,563","90,277",34,5542,"August 1, 2025, 11:23 AM","August 1, 2025, 11:23 AM",,"January 1, +1000000000, 12:00 AM",,0
"2,564","86,942",45,18810,"August 1, 2025, 11:23 AM","August 1, 2025, 11:23 AM",,"January 1, +1000000000, 12:00 AM",,0
"2,565","82,911",45,10773,"August 1, 2025, 11:23 AM","August 1, 2025, 11:23 AM",,"January 1, +1000000000, 12:00 AM",,0
"2,568","84,388",25,208937,"August 1, 2025, 11:23 AM","August 1, 2025, 11:23 AM",,"January 1, +1000000000, 12:00 AM",,0
"2,569","89,905",45,27688,"August 1, 2025, 11:23 AM","August 1, 2025, 11:23 AM",,"January 1, +1000000000, 12:00 AM",,0
"2,570","87,805",34,2572,"August 1, 2025, 11:23 AM","August 1, 2025, 11:23 AM",,"January 1, +1000000000, 12:00 AM",,0
"2,571","89,805",18,5286,"August 1, 2025, 11:23 AM","August 1, 2025, 11:23 AM",,"January 1, +1000000000, 12:00 AM",,0
"2,572","85,843",45,25853,"August 1, 2025, 11:23 AM","August 1, 2025, 11:23 AM",,"January 1, +1000000000, 12:00 AM",,0
"2,573","85,012",45,29952,"August 1, 2025, 11:23 AM","August 1, 2025, 11:23 AM",,"January 1, +1000000000, 12:00 AM",,0
"2,574","82,478",45,15154,"August 1, 2025, 11:23 AM","August 1, 2025, 11:23 AM",,"January 1, +1000000000, 12:00 AM",,0
"2,575","84,889",45,14646,"August 1, 2025, 11:23 AM","August 1, 2025, 11:23 AM",,"January 1, +1000000000, 12:00 AM",,0
"2,576","90,156",32,67041,"August 1, 2025, 11:23 AM","August 1, 2025, 11:23 AM",,"January 1, +1000000000, 12:00 AM",,0
"2,577","89,405",45,27882,"August 1, 2025, 11:23 AM","August 1, 2025, 11:23 AM",,"January 1, +1000000000, 12:00 AM",,0
"2,578","90,031",32,44016,"August 1, 2025, 11:23 AM","August 1, 2025, 11:23 AM",,"January 1, +1000000000, 12:00 AM",,0
"2,579","85,844",45,19233,"August 1, 2025, 11:23 AM","August 1, 2025, 11:23 AM",,"January 1, +1000000000, 12:00 AM",,0
"2,580","82,371",45,15204,"August 1, 2025, 11:23 AM","August 1, 2025, 11:23 AM",,"January 1, +1000000000, 12:00 AM",,0
"2,581","82,968",45,34584,"August 1, 2025, 11:23 AM","August 1, 2025, 11:23 AM",,"January 1, +1000000000, 12:00 AM",,0
"2,582","89,436",10,Z900,"August 1, 2025, 11:23 AM","August 1, 2025, 11:23 AM",,"January 1, +1000000000, 12:00 AM",,0
"2,583","86,627",45,29297,"August 1, 2025, 11:23 AM","August 1, 2025, 11:23 AM",,"January 1, +1000000000, 12:00 AM",,0
"2,584","85,523",45,23506,"August 1, 2025, 11:23 AM","August 1, 2025, 11:23 AM",,"January 1, +1000000000, 12:00 AM",,0
"2,585","86,023",22,101636,"August 1, 2025, 11:23 AM","August 1, 2025, 11:23 AM",,"January 1, +1000000000, 12:00 AM",,0
"2,586","90,344",11,111638,"August 1, 2025, 11:23 AM","August 1, 2025, 11:23 AM",,"January 1, +1000000000, 12:00 AM",,0
"2,587","82,394",45,26353,"August 1, 2025, 11:23 AM","August 1, 2025, 11:23 AM",,"January 1, +1000000000, 12:00 AM",,0
"2,588","82,841",45,17870,"August 1, 2025, 11:23 AM","August 1, 2025, 11:23 AM",,"January 1, +1000000000, 12:00 AM",,0
"2,589","82,903",45,32381,"August 1, 2025, 11:23 AM","August 1, 2025, 11:23 AM",,"January 1, +1000000000, 12:00 AM",,0
"2,590","86,686",45,38135,"August 1, 2025, 11:23 AM","August 1, 2025, 11:23 AM",,"January 1, +1000000000, 12:00 AM",,0
"2,591","85,250",45,38166,"August 1, 2025, 11:23 AM","August 1, 2025, 11:23 AM",,"January 1, +1000000000, 12:00 AM",,0
"2,592","82,952",45,38167,"August 1, 2025, 11:23 AM","August 1, 2025, 11:23 AM",,"January 1, +1000000000, 12:00 AM",,0
"2,593","87,655",45,38176,"August 1, 2025, 11:23 AM","August 1, 2025, 11:23 AM",,"January 1, +1000000000, 12:00 AM",,0
"2,594","85,455",45,26292,"August 1, 2025, 11:23 AM","August 1, 2025, 11:23 AM",,"January 1, +1000000000, 12:00 AM",,0
"2,595","90,035",11,8324,"August 1, 2025, 11:23 AM","August 1, 2025, 11:23 AM",,"January 1, +1000000000, 12:00 AM",,0
"2,596","89,564",11,13503,"August 1, 2025, 11:23 AM","August 1, 2025, 11:23 AM",,"January 1, +1000000000, 12:00 AM",,0
"2,597","89,776",11,7718,"August 1, 2025, 11:23 AM","August 1, 2025, 11:23 AM",,"January 1, +1000000000, 12:00 AM",,0
"2,598","83,253",11,10120,"August 1, 2025, 11:23 AM","August 1, 2025, 11:23 AM",,"January 1, +1000000000, 12:00 AM",,0
"2,599","88,659",11,5313,"August 1, 2025, 11:23 AM","August 1, 2025, 11:23 AM",,"January 1, +1000000000, 12:00 AM",,0
"2,600","89,640",11,5549,"August 1, 2025, 11:23 AM","August 1, 2025, 11:23 AM",,"January 1, +1000000000, 12:00 AM",,0
"2,601","82,476",34,3712,"August 1, 2025, 11:23 AM","August 1, 2025, 11:23 AM",,"January 1, +1000000000, 12:00 AM",,0
"2,602","89,762",11,6075,"August 1, 2025, 11:23 AM","August 1, 2025, 11:23 AM",,"January 1, +1000000000, 12:00 AM",,0
"2,603","89,747",11,5986,"August 1, 2025, 11:23 AM","August 1, 2025, 11:23 AM",,"January 1, +1000000000, 12:00 AM",,0
"2,604","82,966",34,638,"August 1, 2025, 11:23 AM","August 1, 2025, 11:23 AM",,"January 1, +1000000000, 12:00 AM",,0
"2,605","89,664",11,5706,"August 1, 2025, 11:23 AM","August 1, 2025, 11:23 AM",,"January 1, +1000000000, 12:00 AM",,0
"2,606","84,388",25,202305,"August 1, 2025, 11:23 AM","August 1, 2025, 11:23 AM",,"January 1, +1000000000, 12:00 AM",,0
"2,607","89,443",11,4888,"August 1, 2025, 11:23 AM","August 1, 2025, 11:23 AM",,"January 1, +1000000000, 12:00 AM",,0
"2,608","88,538",11,5796,"August 1, 2025, 11:23 AM","August 1, 2025, 11:23 AM",,"January 1, +1000000000, 12:00 AM",,0
"2,609","88,537",11,4756,"August 1, 2025, 11:23 AM","August 1, 2025, 11:23 AM",,"January 1, +1000000000, 12:00 AM",,0
"2,610","88,614",11,5005,"August 1, 2025, 11:23 AM","August 1, 2025, 11:23 AM",,"January 1, +1000000000, 12:00 AM",,0
"2,611","82,733",11,7884,"August 1, 2025, 11:23 AM","August 1, 2025, 11:23 AM",,"January 1, +1000000000, 12:00 AM",,0
"2,612","87,955",11,7463,"August 1, 2025, 11:23 AM","August 1, 2025, 11:23 AM",,"January 1, +1000000000, 12:00 AM",,0
"2,613","84,076",22,106009,"August 1, 2025, 11:23 AM","August 1, 2025, 11:23 AM",,"January 1, +1000000000, 12:00 AM",,0
"2,614","83,162",10,Z1012,"August 1, 2025, 11:23 AM","August 1, 2025, 11:23 AM",,"January 1, +1000000000, 12:00 AM",,0
"2,615","88,487",45,34264,"August 1, 2025, 11:23 AM","August 1, 2025, 11:23 AM",,"January 1, +1000000000, 12:00 AM",,0
"2,616","83,162",10,Z1323,"August 1, 2025, 11:23 AM","August 1, 2025, 11:23 AM",,"January 1, +1000000000, 12:00 AM",,0
"2,530","83,505",21,100403,"August 1, 2025, 11:23 AM","September 9, 2025, 2:03 PM",,"January 1, 2000, 12:00 AM",,0
"2,567","84,671",18,4844,"August 1, 2025, 11:23 AM","August 1, 2025, 11:23 AM",,"January 1, +1000000000, 12:00 AM",,0
"2,537","88,523",18,4701,"August 1, 2025, 11:23 AM","August 1, 2025, 11:23 AM",,"January 1, +1000000000, 12:00 AM",,0
"2,566","87,124",25,251561,"August 1, 2025, 11:23 AM","August 1, 2025, 11:23 AM",,"January 1, +1000000000, 12:00 AM",,0
"2,617","83,932",18,647,"August 1, 2025, 11:23 AM","August 1, 2025, 11:23 AM",,"January 1, +1000000000, 12:00 AM",,0
"2,618","86,099",10,950,"August 1, 2025, 11:23 AM","August 1, 2025, 11:23 AM",,"January 1, +1000000000, 12:00 AM",,0
"2,620","87,668",12,9878201,"August 1, 2025, 11:23 AM","August 1, 2025, 11:23 AM",,"January 1, +1000000000, 12:00 AM",,0
"2,621","84,329",42,297,"August 1, 2025, 11:23 AM","August 1, 2025, 11:23 AM",,"January 1, +1000000000, 12:00 AM",,0
"2,622","83,466",45,24908,"August 1, 2025, 11:23 AM","August 1, 2025, 11:23 AM",,"January 1, +1000000000, 12:00 AM",,0
"2,623","89,622",45,35418,"August 1, 2025, 11:23 AM","August 1, 2025, 11:23 AM",,"January 1, +1000000000, 12:00 AM",,0
"2,624","82,914",34,879,"August 1, 2025, 11:23 AM","August 1, 2025, 11:23 AM",,"January 1, +1000000000, 12:00 AM",,0
"2,625","84,388",25,250390,"August 1, 2025, 11:23 AM","August 1, 2025, 11:23 AM",,"January 1, +1000000000, 12:00 AM",,0
"2,626","82,522",36,2168,"August 1, 2025, 11:23 AM","August 1, 2025, 11:23 AM",,"January 1, +1000000000, 12:00 AM",,0
"2,627","82,836",25,211868,"August 1, 2025, 11:23 AM","August 1, 2025, 11:23 AM",,"January 1, +1000000000, 12:00 AM",,0
"2,628","87,178",36,4086,"August 1, 2025, 11:23 AM","August 1, 2025, 11:23 AM",,"January 1, +1000000000, 12:00 AM",,0
"2,629","88,485",18,4480,"August 1, 2025, 11:23 AM","August 1, 2025, 11:23 AM",,"January 1, +1000000000, 12:00 AM",,0
"2,630","84,711",18,3806,"August 1, 2025, 11:23 AM","August 1, 2025, 11:23 AM",,"January 1, +1000000000, 12:00 AM",,0
"2,631","86,770",45,25278,"August 1, 2025, 11:23 AM","August 1, 2025, 11:23 AM",,"January 1, +1000000000, 12:00 AM",,0
"2,632","86,761",11,4689,"August 1, 2025, 11:23 AM","August 1, 2025, 11:23 AM",,"January 1, +1000000000, 12:00 AM",,0
"2,634","85,296",45,15153,"August 1, 2025, 11:23 AM","August 1, 2025, 11:23 AM",,"January 1, +1000000000, 12:00 AM",,0
"2,635","82,126",10,402,"August 1, 2025, 11:23 AM","August 1, 2025, 11:23 AM",,"January 1, +1000000000, 12:00 AM",,0
"2,636","88,476",18,4945,"August 1, 2025, 11:23 AM","August 1, 2025, 11:23 AM",,"January 1, +1000000000, 12:00 AM",,0
"2,638","90,249",34,5566,"August 1, 2025, 11:23 AM","August 1, 2025, 11:23 AM",,"January 1, +1000000000, 12:00 AM",,0
"2,639","87,130",36,2344,"August 1, 2025, 11:23 AM","August 1, 2025, 11:23 AM",,"January 1, +1000000000, 12:00 AM",,0
"2,640","88,659",10,881,"August 1, 2025, 11:23 AM","August 1, 2025, 11:23 AM",,"January 1, +1000000000, 12:00 AM",,0
"2,641","82,109",25,204997,"August 1, 2025, 11:23 AM","August 1, 2025, 11:23 AM",,"January 1, +1000000000, 12:00 AM",,0
"2,644","85,820",45,19207,"August 1, 2025, 11:23 AM","August 1, 2025, 11:23 AM",,"January 1, +1000000000, 12:00 AM",,0
"2,645","83,705",25,250624,"August 1, 2025, 11:23 AM","August 1, 2025, 11:23 AM",,"January 1, +1000000000, 12:00 AM",,0
"2,646","87,482",44,105672,"August 1, 2025, 11:23 AM","August 1, 2025, 11:23 AM",,"January 1, +1000000000, 12:00 AM",,0
"2,647","85,467",36,2741,"August 1, 2025, 11:23 AM","August 1, 2025, 11:23 AM",,"January 1, +1000000000, 12:00 AM",,0
"2,648","89,723",12,8845701,"August 1, 2025, 11:23 AM","August 1, 2025, 11:23 AM",,"January 1, +1000000000, 12:00 AM",,0
"2,649","82,726",36,870,"August 1, 2025, 11:23 AM","August 1, 2025, 11:23 AM",,"January 1, +1000000000, 12:00 AM",,0
"2,651","89,124",45,25667,"August 1, 2025, 11:23 AM","August 1, 2025, 11:23 AM",,"January 1, +1000000000, 12:00 AM",,0
"2,652","88,835",12,4091101,"August 1, 2025, 11:23 AM","August 1, 2025, 11:23 AM",,"January 1, +1000000000, 12:00 AM",,0
"2,653","86,819",11,12566,"August 1, 2025, 11:23 AM","August 1, 2025, 11:23 AM",,"January 1, +1000000000, 12:00 AM",,0
"2,654","84,488",45,34736,"August 1, 2025, 11:23 AM","August 1, 2025, 11:23 AM",,"January 1, +1000000000, 12:00 AM",,0
"2,655","83,198",42,3363,"August 1, 2025, 11:23 AM","August 1, 2025, 11:23 AM",,"January 1, +1000000000, 12:00 AM",,0
"2,656","85,599",11,103408,"August 1, 2025, 11:23 AM","August 1, 2025, 11:23 AM",,"January 1, +1000000000, 12:00 AM",,0
"2,657","83,321",12,9913401,"August 1, 2025, 11:23 AM","August 1, 2025, 11:23 AM",,"January 1, +1000000000, 12:00 AM",,0
"2,658","84,824",25,302002,"August 1, 2025, 11:23 AM","August 1, 2025, 11:23 AM",,"January 1, +1000000000, 12:00 AM",,0
"2,659","88,055",45,12363,"August 1, 2025, 11:23 AM","August 1, 2025, 11:23 AM",,"January 1, +1000000000, 12:00 AM",,0
"2,660","83,934",11,111460,"August 1, 2025, 11:23 AM","August 1, 2025, 11:23 AM",,"January 1, +1000000000, 12:00 AM",,0
"2,661","89,510",22,106443,"August 1, 2025, 11:23 AM","August 1, 2025, 11:23 AM",,"January 1, +1000000000, 12:00 AM",,0
"2,662","82,065",45,13130,"August 1, 2025, 11:23 AM","August 1, 2025, 11:23 AM",,"January 1, +1000000000, 12:00 AM",,0
"2,663","90,538",12,8063701,"August 1, 2025, 11:23 AM","August 1, 2025, 11:23 AM",,"January 1, +1000000000, 12:00 AM",,0
"2,664","84,608",34,5668,"August 1, 2025, 11:23 AM","August 1, 2025, 11:23 AM",,"January 1, +1000000000, 12:00 AM",,0
"2,665","84,304",11,107375,"August 1, 2025, 11:23 AM","August 1, 2025, 11:23 AM",,"January 1, +1000000000, 12:00 AM",,0
"2,666","89,947",10,z576,"August 1, 2025, 11:23 AM","August 1, 2025, 11:23 AM",,"January 1, +1000000000, 12:00 AM",,0
"2,667","90,231",45,36177,"August 1, 2025, 11:23 AM","August 1, 2025, 11:23 AM",,"January 1, +1000000000, 12:00 AM",,0
"2,668","87,983",45,33708,"August 1, 2025, 11:23 AM","August 1, 2025, 11:23 AM",,"January 1, +1000000000, 12:00 AM",,0
"2,669","89,220",45,19513,"August 1, 2025, 11:23 AM","August 1, 2025, 11:23 AM",,"January 1, +1000000000, 12:00 AM",,0
"2,670","87,985",45,11455,"August 1, 2025, 11:23 AM","August 1, 2025, 11:23 AM",,"January 1, +1000000000, 12:00 AM",,0
"2,671","82,635",45,19792,"August 1, 2025, 11:23 AM","August 1, 2025, 11:23 AM",,"January 1, +1000000000, 12:00 AM",,0
"2,672","90,470",45,10622,"August 1, 2025, 11:23 AM","August 1, 2025, 11:23 AM",,"January 1, +1000000000, 12:00 AM",,0
"2,673","84,028",12,4243101,"August 1, 2025, 11:23 AM","August 1, 2025, 11:23 AM",,"January 1, +1000000000, 12:00 AM",,0
"2,674","90,469",45,11987,"August 1, 2025, 11:23 AM","August 1, 2025, 11:23 AM",,"January 1, +1000000000, 12:00 AM",,0
"2,675","86,769",18,1305,"August 1, 2025, 11:23 AM","August 1, 2025, 11:23 AM",,"January 1, +1000000000, 12:00 AM",,0
"2,676","88,164",42,1239,"August 1, 2025, 11:23 AM","August 1, 2025, 11:23 AM",,"January 1, +1000000000, 12:00 AM",,0
"2,677","89,653",45,11450,"August 1, 2025, 11:23 AM","August 1, 2025, 11:23 AM",,"January 1, +1000000000, 12:00 AM",,0
"2,678","89,082",11,8095,"August 1, 2025, 11:23 AM","August 1, 2025, 11:23 AM",,"January 1, +1000000000, 12:00 AM",,0
"2,679","89,106",45,17986,"August 1, 2025, 11:23 AM","August 1, 2025, 11:23 AM",,"January 1, +1000000000, 12:00 AM",,0
"2,681","88,238",45,11669,"August 1, 2025, 11:23 AM","August 1, 2025, 11:23 AM",,"January 1, +1000000000, 12:00 AM",,0
"2,682","82,705",45,15262,"August 1, 2025, 11:23 AM","August 1, 2025, 11:23 AM",,"January 1, +1000000000, 12:00 AM",,0
"2,683","84,886",25,208870,"August 1, 2025, 11:23 AM","August 1, 2025, 11:23 AM",,"January 1, +1000000000, 12:00 AM",,0
"2,684","83,299",44,105704,"August 1, 2025, 11:23 AM","August 1, 2025, 11:23 AM",,"January 1, +1000000000, 12:00 AM",,0
"2,685","82,575",25,250529,"August 1, 2025, 11:23 AM","August 1, 2025, 11:23 AM",,"January 1, +1000000000, 12:00 AM",,0
"2,686","81,716",10,71,"August 1, 2025, 11:23 AM","August 1, 2025, 11:23 AM",,"January 1, +1000000000, 12:00 AM",,0
"2,687","83,371",44,105964,"August 1, 2025, 11:23 AM","August 1, 2025, 11:23 AM",,"January 1, +1000000000, 12:00 AM",,0
"2,688","89,478",45,26193,"August 1, 2025, 11:23 AM","August 1, 2025, 11:23 AM",,"January 1, +1000000000, 12:00 AM",,0
"2,689","88,236",45,11601,"August 1, 2025, 11:23 AM","August 1, 2025, 11:23 AM",,"January 1, +1000000000, 12:00 AM",,0
"2,690","88,419",45,12048,"August 1, 2025, 11:23 AM","August 1, 2025, 11:23 AM",,"January 1, +1000000000, 12:00 AM",,0
"2,691","87,917",45,11642,"August 1, 2025, 11:23 AM","August 1, 2025, 11:23 AM",,"January 1, +1000000000, 12:00 AM",,0
"2,692","87,247",45,26212,"August 1, 2025, 11:23 AM","August 1, 2025, 11:23 AM",,"January 1, +1000000000, 12:00 AM",,0
"2,693","89,145",45,25691,"August 1, 2025, 11:23 AM","August 1, 2025, 11:23 AM",,"January 1, +1000000000, 12:00 AM",,0
"2,695","84,112",12,9917501,"August 1, 2025, 11:23 AM","August 1, 2025, 11:23 AM",,"January 1, +1000000000, 12:00 AM",,0
"2,697","84,111",25,200494,"August 1, 2025, 11:23 AM","August 1, 2025, 11:23 AM",,"January 1, +1000000000, 12:00 AM",,0
"2,698","82,594",44,105882,"August 1, 2025, 11:23 AM","August 1, 2025, 11:23 AM",,"January 1, +1000000000, 12:00 AM",,0
"2,700","82,025",25,250562,"August 1, 2025, 11:23 AM","August 1, 2025, 11:23 AM",,"January 1, +1000000000, 12:00 AM",,0
"2,701","84,218",18,5874,"August 1, 2025, 11:23 AM","August 1, 2025, 11:23 AM",,"January 1, +1000000000, 12:00 AM",,0
"2,702","88,944",11,9795,"August 1, 2025, 11:23 AM","August 1, 2025, 11:23 AM",,"January 1, +1000000000, 12:00 AM",,0
"2,703","84,529",45,28112,"August 1, 2025, 11:23 AM","August 1, 2025, 11:23 AM",,"January 1, +1000000000, 12:00 AM",,0
"2,704","87,742",25,151308,"August 1, 2025, 11:23 AM","August 1, 2025, 11:23 AM",,"January 1, +1000000000, 12:00 AM",,0
"2,694","88,346",25,250247,"August 1, 2025, 11:23 AM","August 1, 2025, 11:23 AM",,"January 1, +1000000000, 12:00 AM",,0
"2,696","82,025",44,105852,"August 1, 2025, 11:23 AM","November 14, 2025, 1:27 PM",,"January 1, 2000, 12:00 AM",,0
"2,705","83,699",18,2581,"August 1, 2025, 11:23 AM","August 1, 2025, 11:23 AM",,"January 1, +1000000000, 12:00 AM",,0
"2,706","82,568",44,130010,"August 1, 2025, 11:23 AM","August 1, 2025, 11:23 AM",,"January 1, +1000000000, 12:00 AM",,0
"2,707","85,095",25,108008,"August 1, 2025, 11:23 AM","August 1, 2025, 11:23 AM",,"January 1, +1000000000, 12:00 AM",,0
"2,709","87,156",36,2320,"August 1, 2025, 11:23 AM","August 1, 2025, 11:23 AM",,"January 1, +1000000000, 12:00 AM",,0
"2,711","85,476",36,92,"August 1, 2025, 11:23 AM","August 1, 2025, 11:23 AM",,"January 1, +1000000000, 12:00 AM",,0
"2,712","82,976",45,16363,"August 1, 2025, 11:23 AM","August 1, 2025, 11:23 AM",,"January 1, +1000000000, 12:00 AM",,0
"2,713","82,858",11,107147,"August 1, 2025, 11:23 AM","August 1, 2025, 11:23 AM",,"January 1, +1000000000, 12:00 AM",,0
"2,714","89,806",18,4596,"August 1, 2025, 11:23 AM","August 1, 2025, 11:23 AM",,"January 1, +1000000000, 12:00 AM",,0
"2,715","90,475",45,18205,"August 1, 2025, 11:23 AM","August 1, 2025, 11:23 AM",,"January 1, +1000000000, 12:00 AM",,0
"2,716","89,081",45,11053,"August 1, 2025, 11:23 AM","August 1, 2025, 11:23 AM",,"January 1, +1000000000, 12:00 AM",,0
"2,717","89,670",45,24868,"August 1, 2025, 11:23 AM","August 1, 2025, 11:23 AM",,"January 1, +1000000000, 12:00 AM",,0
"2,719","89,609",35,14536,"August 1, 2025, 11:23 AM","August 1, 2025, 11:23 AM",,"January 1, +1000000000, 12:00 AM",,0
"2,720","89,673",11,5691,"August 1, 2025, 11:23 AM","August 1, 2025, 11:23 AM",,"January 1, +1000000000, 12:00 AM",,0
"2,721","86,071",18,368,"August 1, 2025, 11:23 AM","August 1, 2025, 11:23 AM",,"January 1, +1000000000, 12:00 AM",,0
"2,722","90,400",11,5688,"August 1, 2025, 11:23 AM","August 1, 2025, 11:23 AM",,"January 1, +1000000000, 12:00 AM",,0
"2,723","88,938",11,13213,"August 1, 2025, 11:23 AM","August 1, 2025, 11:23 AM",,"January 1, +1000000000, 12:00 AM",,0
"2,724","88,495",11,4528,"August 1, 2025, 11:23 AM","August 1, 2025, 11:23 AM",,"January 1, +1000000000, 12:00 AM",,0
"2,725","89,456",11,2662,"August 1, 2025, 11:23 AM","August 1, 2025, 11:23 AM",,"January 1, +1000000000, 12:00 AM",,0
"2,726","87,877",12,1225308,"August 1, 2025, 11:23 AM","August 1, 2025, 11:23 AM",,"January 1, +1000000000, 12:00 AM",,0
"2,727","86,103",11,13320,"August 1, 2025, 11:23 AM","August 1, 2025, 11:23 AM",,"January 1, +1000000000, 12:00 AM",,0
"2,728","88,936",11,30681,"August 1, 2025, 11:23 AM","August 1, 2025, 11:23 AM",,"January 1, +1000000000, 12:00 AM",,0
"2,729","89,390",11,4691,"August 1, 2025, 11:23 AM","August 1, 2025, 11:23 AM",,"January 1, +1000000000, 12:00 AM",,0
"2,730","89,457",11,2434,"August 1, 2025, 11:23 AM","August 1, 2025, 11:23 AM",,"January 1, +1000000000, 12:00 AM",,0
"2,731","90,032",11,8150,"August 1, 2025, 11:23 AM","August 1, 2025, 11:23 AM",,"January 1, +1000000000, 12:00 AM",,0
"2,732","86,102",11,13543,"August 1, 2025, 11:23 AM","August 1, 2025, 11:23 AM",,"January 1, +1000000000, 12:00 AM",,0
"2,733","90,283",11,13139,"August 1, 2025, 11:23 AM","August 1, 2025, 11:23 AM",,"January 1, +1000000000, 12:00 AM",,0
"2,734","88,467",11,8685,"August 1, 2025, 11:23 AM","August 1, 2025, 11:23 AM",,"January 1, +1000000000, 12:00 AM",,0
"2,735","88,466",11,8678,"August 1, 2025, 11:23 AM","August 1, 2025, 11:23 AM",,"January 1, +1000000000, 12:00 AM",,0
"2,736","89,911",11,7228,"August 1, 2025, 11:23 AM","August 1, 2025, 11:23 AM",,"January 1, +1000000000, 12:00 AM",,0
"2,737","89,455",11,1818,"August 1, 2025, 11:23 AM","August 1, 2025, 11:23 AM",,"January 1, +1000000000, 12:00 AM",,0
"2,738","88,830",11,4729,"August 1, 2025, 11:23 AM","August 1, 2025, 11:23 AM",,"January 1, +1000000000, 12:00 AM",,0
"2,739","89,460",11,10330,"August 1, 2025, 11:23 AM","August 1, 2025, 11:23 AM",,"January 1, +1000000000, 12:00 AM",,0
"2,740","88,669",11,8620,"August 1, 2025, 11:23 AM","August 1, 2025, 11:23 AM",,"January 1, +1000000000, 12:00 AM",,0
"2,741","89,131",42,405,"August 1, 2025, 11:23 AM","August 1, 2025, 11:23 AM",,"January 1, +1000000000, 12:00 AM",,0
"2,742","89,131",45,17613,"August 1, 2025, 11:23 AM","August 1, 2025, 11:23 AM",,"January 1, +1000000000, 12:00 AM",,0
"2,743","85,375",45,13690,"August 1, 2025, 11:23 AM","August 1, 2025, 11:23 AM",,"January 1, +1000000000, 12:00 AM",,0
"2,744","89,458",11,2433,"August 1, 2025, 11:23 AM","August 1, 2025, 11:23 AM",,"January 1, +1000000000, 12:00 AM",,0
"2,745","88,939",11,9020,"August 1, 2025, 11:23 AM","August 1, 2025, 11:23 AM",,"January 1, +1000000000, 12:00 AM",,0
"2,746","88,374",45,37866,"August 1, 2025, 11:23 AM","August 1, 2025, 11:23 AM",,"January 1, +1000000000, 12:00 AM",,0
"2,747","90,004",11,30779,"August 1, 2025, 11:23 AM","August 1, 2025, 11:23 AM",,"January 1, +1000000000, 12:00 AM",,0
"2,748","84,142",25,250877,"August 1, 2025, 11:23 AM","August 1, 2025, 11:23 AM",,"January 1, +1000000000, 12:00 AM",,0
"2,749","88,937",11,1377,"August 1, 2025, 11:23 AM","August 1, 2025, 11:23 AM",,"January 1, +1000000000, 12:00 AM",,0
"2,750","85,893",42,2198,"August 1, 2025, 11:23 AM","August 1, 2025, 11:23 AM",,"January 1, +1000000000, 12:00 AM",,0
"2,751","84,450",36,2391,"August 1, 2025, 11:23 AM","August 1, 2025, 11:23 AM",,"January 1, +1000000000, 12:00 AM",,0
"2,752","90,292",11,13266,"August 1, 2025, 11:23 AM","August 1, 2025, 11:23 AM",,"January 1, +1000000000, 12:00 AM",,0
"2,754","81,966",25,250113,"August 1, 2025, 11:23 AM","August 1, 2025, 11:23 AM",,"January 1, +1000000000, 12:00 AM",,0
"2,755","87,345",36,2310,"August 1, 2025, 11:23 AM","August 1, 2025, 11:23 AM",,"January 1, +1000000000, 12:00 AM",,0
"2,756","82,441",12,486813,"August 1, 2025, 11:23 AM","August 1, 2025, 11:23 AM",,"January 1, +1000000000, 12:00 AM",,0
"2,757","86,999",22,105561,"August 1, 2025, 11:23 AM","August 1, 2025, 11:23 AM",,"January 1, +1000000000, 12:00 AM",,0
"2,758","89,758",10,1064,"August 1, 2025, 11:23 AM","August 1, 2025, 11:23 AM",,"January 1, +1000000000, 12:00 AM",,0
"2,759","82,269",36,3981,"August 1, 2025, 11:23 AM","August 1, 2025, 11:23 AM",,"January 1, +1000000000, 12:00 AM",,0
"2,760","84,723",25,209528,"August 1, 2025, 11:23 AM","August 1, 2025, 11:23 AM",,"January 1, +1000000000, 12:00 AM",,0
"2,761","83,862",10,Z846,"August 1, 2025, 11:23 AM","August 1, 2025, 11:23 AM",,"January 1, +1000000000, 12:00 AM",,0
"2,762","87,011",36,4120,"August 1, 2025, 11:23 AM","August 1, 2025, 11:23 AM",,"January 1, +1000000000, 12:00 AM",,0
"2,763","87,073",18,2983,"August 1, 2025, 11:23 AM","August 1, 2025, 11:23 AM",,"January 1, +1000000000, 12:00 AM",,0
"2,764","81,767",36,3391,"August 1, 2025, 11:23 AM","August 1, 2025, 11:23 AM",,"January 1, +1000000000, 12:00 AM",,0
"2,766","89,432",45,22866,"August 1, 2025, 11:23 AM","August 1, 2025, 11:23 AM",,"January 1, +1000000000, 12:00 AM",,0
"2,767","87,066",45,20885,"August 1, 2025, 11:23 AM","August 1, 2025, 11:23 AM",,"January 1, +1000000000, 12:00 AM",,0
"2,769","87,612",34,5424,"August 1, 2025, 11:23 AM","August 1, 2025, 11:23 AM",,"January 1, +1000000000, 12:00 AM",,0
"2,770","89,528",11,5083,"August 1, 2025, 11:23 AM","August 1, 2025, 11:23 AM",,"January 1, +1000000000, 12:00 AM",,0
"2,772","87,074",11,9937,"August 1, 2025, 11:23 AM","August 1, 2025, 11:23 AM",,"January 1, +1000000000, 12:00 AM",,0
"2,773","88,712",10,Z283,"August 1, 2025, 11:23 AM","August 1, 2025, 11:23 AM",,"January 1, +1000000000, 12:00 AM",,0
"2,774","86,007",10,Z672,"August 1, 2025, 11:23 AM","August 1, 2025, 11:23 AM",,"January 1, +1000000000, 12:00 AM",,0
"2,775","87,693",45,37013,"August 1, 2025, 11:23 AM","August 1, 2025, 11:23 AM",,"January 1, +1000000000, 12:00 AM",,0
"2,776","87,147",45,21831,"August 1, 2025, 11:23 AM","August 1, 2025, 11:23 AM",,"January 1, +1000000000, 12:00 AM",,0
"2,777","81,708",42,1391,"August 1, 2025, 11:23 AM","August 1, 2025, 11:23 AM",,"January 1, +1000000000, 12:00 AM",,0
"2,778","86,979",32,13595,"August 1, 2025, 11:23 AM","August 1, 2025, 11:23 AM",,"January 1, +1000000000, 12:00 AM",,0
"2,780","90,538",32,65110,"August 1, 2025, 11:23 AM","August 1, 2025, 11:23 AM",,"January 1, +1000000000, 12:00 AM",,0
"2,781","89,137",11,9773,"August 1, 2025, 11:23 AM","August 1, 2025, 11:23 AM",,"January 1, +1000000000, 12:00 AM",,0
"2,783","88,481",45,33359,"August 1, 2025, 11:23 AM","August 1, 2025, 11:23 AM",,"January 1, +1000000000, 12:00 AM",,0
"2,784","88,478",45,35336,"August 1, 2025, 11:23 AM","August 1, 2025, 11:23 AM",,"January 1, +1000000000, 12:00 AM",,0
"2,785","87,779",45,22289,"August 1, 2025, 11:23 AM","August 1, 2025, 11:23 AM",,"January 1, +1000000000, 12:00 AM",,0
"2,786","86,853",25,251542,"August 1, 2025, 11:23 AM","August 1, 2025, 11:23 AM",,"January 1, +1000000000, 12:00 AM",,0
"2,787","89,630",10,6083,"August 1, 2025, 11:23 AM","August 1, 2025, 11:23 AM",,"January 1, +1000000000, 12:00 AM",,0
"2,788","90,555",10,Z1076,"August 1, 2025, 11:23 AM","August 1, 2025, 11:23 AM",,"January 1, +1000000000, 12:00 AM",,0
"2,789","89,529",10,Z1033,"August 1, 2025, 11:23 AM","August 1, 2025, 11:23 AM",,"January 1, +1000000000, 12:00 AM",,0
"2,790","82,766",44,106009,"August 1, 2025, 11:23 AM","August 1, 2025, 11:23 AM",,"January 1, +1000000000, 12:00 AM",,0
"2,792","82,206",32,44006,"August 1, 2025, 11:23 AM","August 1, 2025, 11:23 AM",,"January 1, +1000000000, 12:00 AM",,0
"2,753","88,493",45,34934,"August 1, 2025, 11:23 AM","August 1, 2025, 11:23 AM",,"January 1, +1000000000, 12:00 AM",,0
"2,718","83,371",25,250785,"August 1, 2025, 11:23 AM","November 21, 2025, 1:04 PM",,"January 1, +1000000000, 12:00 AM",,0
"2,793","86,227",25,208988,"August 1, 2025, 11:23 AM","August 1, 2025, 11:23 AM",,"January 1, +1000000000, 12:00 AM",,0
"2,794","83,935",24,1147,"August 1, 2025, 11:23 AM","August 1, 2025, 11:23 AM",,"January 1, +1000000000, 12:00 AM",,0
"2,795","82,886",25,251452,"August 1, 2025, 11:23 AM","August 1, 2025, 11:23 AM",,"January 1, +1000000000, 12:00 AM",,0
"2,796","82,065",45,13799,"August 1, 2025, 11:23 AM","August 1, 2025, 11:23 AM",,"January 1, +1000000000, 12:00 AM",,0
"2,797","89,904",10,1103,"August 1, 2025, 11:23 AM","August 1, 2025, 11:23 AM",,"January 1, +1000000000, 12:00 AM",,0
"2,798","88,787",42,364,"August 1, 2025, 11:23 AM","August 1, 2025, 11:23 AM",,"January 1, +1000000000, 12:00 AM",,0
"2,799","89,913",10,1107,"August 1, 2025, 11:23 AM","August 1, 2025, 11:23 AM",,"January 1, +1000000000, 12:00 AM",,0
"2,800","82,820",22,108193,"August 1, 2025, 11:23 AM","August 1, 2025, 11:23 AM",,"January 1, +1000000000, 12:00 AM",,0
"2,801","89,373",10,Y199,"August 1, 2025, 11:23 AM","August 1, 2025, 11:23 AM",,"January 1, +1000000000, 12:00 AM",,0
"2,802","89,999",11,107395,"August 1, 2025, 11:23 AM","August 1, 2025, 11:23 AM",,"January 1, +1000000000, 12:00 AM",,0
"2,803","81,954",25,203625,"August 1, 2025, 11:23 AM","August 1, 2025, 11:23 AM",,"January 1, +1000000000, 12:00 AM",,0
"2,804","83,754",45,16569,"August 1, 2025, 11:23 AM","August 1, 2025, 11:23 AM",,"January 1, +1000000000, 12:00 AM",,0
"2,805","88,492",45,34308,"August 1, 2025, 11:23 AM","August 1, 2025, 11:23 AM",,"January 1, +1000000000, 12:00 AM",,0
"2,806","83,967",45,12330,"August 1, 2025, 11:23 AM","August 1, 2025, 11:23 AM",,"January 1, +1000000000, 12:00 AM",,0
"2,807","88,546",11,4960,"August 1, 2025, 11:23 AM","August 1, 2025, 11:23 AM",,"January 1, +1000000000, 12:00 AM",,0
"2,808","87,699",25,250966,"August 1, 2025, 11:23 AM","August 1, 2025, 11:23 AM",,"January 1, +1000000000, 12:00 AM",,0
"2,809","82,562",45,20477,"August 1, 2025, 11:23 AM","August 1, 2025, 11:23 AM",,"January 1, +1000000000, 12:00 AM",,0
"2,810","83,482",11,30004,"August 1, 2025, 11:23 AM","August 1, 2025, 11:23 AM",,"January 1, +1000000000, 12:00 AM",,0
"2,811","87,485",25,251182,"August 1, 2025, 11:23 AM","August 1, 2025, 11:23 AM",,"January 1, +1000000000, 12:00 AM",,0
"2,812","82,045",25,202626,"August 1, 2025, 11:23 AM","August 1, 2025, 11:23 AM",,"January 1, +1000000000, 12:00 AM",,0
"2,813","86,480",45,15145,"August 1, 2025, 11:23 AM","August 1, 2025, 11:23 AM",,"January 1, +1000000000, 12:00 AM",,0
"2,814","89,414",11,4738,"August 1, 2025, 11:23 AM","August 1, 2025, 11:23 AM",,"January 1, +1000000000, 12:00 AM",,0
"2,815","82,882",25,250708,"August 1, 2025, 11:23 AM","August 1, 2025, 11:23 AM",,"January 1, +1000000000, 12:00 AM",,0
"2,816","88,620",11,8403,"August 1, 2025, 11:23 AM","August 1, 2025, 11:23 AM",,"January 1, +1000000000, 12:00 AM",,0
"2,817","89,380",11,4540,"August 1, 2025, 11:23 AM","August 1, 2025, 11:23 AM",,"January 1, +1000000000, 12:00 AM",,0
"2,818","87,865",22,105248,"August 1, 2025, 11:23 AM","August 1, 2025, 11:23 AM",,"January 1, +1000000000, 12:00 AM",,0
"2,819","87,984",11,5923,"August 1, 2025, 11:23 AM","August 1, 2025, 11:23 AM",,"January 1, +1000000000, 12:00 AM",,0
"2,820","88,645",11,9444,"August 1, 2025, 11:23 AM","August 1, 2025, 11:23 AM",,"January 1, +1000000000, 12:00 AM",,0
"2,821","88,644",11,9427,"August 1, 2025, 11:23 AM","August 1, 2025, 11:23 AM",,"January 1, +1000000000, 12:00 AM",,0
"2,822","87,963",11,9425,"August 1, 2025, 11:23 AM","August 1, 2025, 11:23 AM",,"January 1, +1000000000, 12:00 AM",,0
"2,824","84,145",25,251474,"August 1, 2025, 11:23 AM","August 1, 2025, 11:23 AM",,"January 1, +1000000000, 12:00 AM",,0
"2,825","88,018",45,33671,"August 1, 2025, 11:23 AM","August 1, 2025, 11:23 AM",,"January 1, +1000000000, 12:00 AM",,0
"2,826","89,685",11,5843,"August 1, 2025, 11:23 AM","August 1, 2025, 11:23 AM",,"January 1, +1000000000, 12:00 AM",,0
"2,827","88,626",10,865,"August 1, 2025, 11:23 AM","August 1, 2025, 11:23 AM",,"January 1, +1000000000, 12:00 AM",,0
"2,828","88,982",11,9429,"August 1, 2025, 11:23 AM","August 1, 2025, 11:23 AM",,"January 1, +1000000000, 12:00 AM",,0
"2,829","89,722",11,5946,"August 1, 2025, 11:23 AM","August 1, 2025, 11:23 AM",,"January 1, +1000000000, 12:00 AM",,0
"2,830","90,026",18,4335,"August 1, 2025, 11:23 AM","August 1, 2025, 11:23 AM",,"January 1, +1000000000, 12:00 AM",,0
"2,831","89,193",11,9940,"August 1, 2025, 11:23 AM","August 1, 2025, 11:23 AM",,"January 1, +1000000000, 12:00 AM",,0
"2,832","89,403",45,21984,"August 1, 2025, 11:23 AM","August 1, 2025, 11:23 AM",,"January 1, +1000000000, 12:00 AM",,0
"2,833","90,021",45,32835,"August 1, 2025, 11:23 AM","August 1, 2025, 11:23 AM",,"January 1, +1000000000, 12:00 AM",,0
"2,835","82,366",22,100361,"August 1, 2025, 11:23 AM","August 1, 2025, 11:23 AM",,"January 1, +1000000000, 12:00 AM",,0
"2,836","83,380",45,27716,"August 1, 2025, 11:23 AM","August 1, 2025, 11:23 AM",,"January 1, +1000000000, 12:00 AM",,0
"2,837","87,970",11,8931,"August 1, 2025, 11:23 AM","August 1, 2025, 11:23 AM",,"January 1, +1000000000, 12:00 AM",,0
"2,838","82,808",11,9918,"August 1, 2025, 11:23 AM","August 1, 2025, 11:23 AM",,"January 1, +1000000000, 12:00 AM",,0
"2,839","88,483",45,18601,"August 1, 2025, 11:23 AM","August 1, 2025, 11:23 AM",,"January 1, +1000000000, 12:00 AM",,0
"2,840","88,441",36,3663,"August 1, 2025, 11:23 AM","August 1, 2025, 11:23 AM",,"January 1, +1000000000, 12:00 AM",,0
"2,841","89,910",25,151320,"August 1, 2025, 11:23 AM","August 1, 2025, 11:23 AM",,"January 1, +1000000000, 12:00 AM",,0
"2,842","86,273",11,13373,"August 1, 2025, 11:23 AM","August 1, 2025, 11:23 AM",,"January 1, +1000000000, 12:00 AM",,0
"2,843","87,369",12,7911801,"August 1, 2025, 11:23 AM","August 1, 2025, 11:23 AM",,"January 1, +1000000000, 12:00 AM",,0
"2,845","87,473",36,4438,"August 1, 2025, 11:23 AM","August 1, 2025, 11:23 AM",,"January 1, +1000000000, 12:00 AM",,0
"2,847","89,687",11,7102,"August 1, 2025, 11:23 AM","August 1, 2025, 11:23 AM",,"January 1, +1000000000, 12:00 AM",,0
"2,848","87,839",45,10840,"August 1, 2025, 11:23 AM","August 1, 2025, 11:23 AM",,"January 1, +1000000000, 12:00 AM",,0
"2,849","85,693",36,3329,"August 1, 2025, 11:23 AM","August 1, 2025, 11:23 AM",,"January 1, +1000000000, 12:00 AM",,0
"2,850","89,829",45,26810,"August 1, 2025, 11:23 AM","August 1, 2025, 11:23 AM",,"January 1, +1000000000, 12:00 AM",,0
"2,851","88,232",45,28309,"August 1, 2025, 11:23 AM","August 1, 2025, 11:23 AM",,"January 1, +1000000000, 12:00 AM",,0
"2,852","83,815",36,57,"August 1, 2025, 11:23 AM","August 1, 2025, 11:23 AM",,"January 1, +1000000000, 12:00 AM",,0
"2,853","88,436",36,3667,"August 1, 2025, 11:23 AM","August 1, 2025, 11:23 AM",,"January 1, +1000000000, 12:00 AM",,0
"2,854","90,148",45,35228,"August 1, 2025, 11:23 AM","August 1, 2025, 11:23 AM",,"January 1, +1000000000, 12:00 AM",,0
"2,855","86,177",45,26970,"August 1, 2025, 11:23 AM","August 1, 2025, 11:23 AM",,"January 1, +1000000000, 12:00 AM",,0
"2,857","83,133",25,200191,"August 1, 2025, 11:23 AM","August 1, 2025, 11:23 AM",,"January 1, +1000000000, 12:00 AM",,0
"2,858","82,888",11,107395,"August 1, 2025, 11:23 AM","August 1, 2025, 11:23 AM",,"January 1, +1000000000, 12:00 AM",,0
"2,860","87,134",10,Z 1330,"August 1, 2025, 11:23 AM","August 1, 2025, 11:23 AM",,"January 1, +1000000000, 12:00 AM",,0
"2,861","83,443",44,105705,"August 1, 2025, 11:23 AM","August 1, 2025, 11:23 AM",,"January 1, +1000000000, 12:00 AM",,0
"2,862","87,227",22,104437,"August 1, 2025, 11:23 AM","August 1, 2025, 11:23 AM",,"January 1, +1000000000, 12:00 AM",,0
"2,864","90,023",42,2527,"August 1, 2025, 11:23 AM","August 1, 2025, 11:23 AM",,"January 1, +1000000000, 12:00 AM",,0
"2,865","90,023",45,32834,"August 1, 2025, 11:23 AM","August 1, 2025, 11:23 AM",,"January 1, +1000000000, 12:00 AM",,0
"2,866","87,537",45,0,"August 1, 2025, 11:23 AM","August 1, 2025, 11:23 AM",,"January 1, +1000000000, 12:00 AM",,0
"2,867","82,174",36,901,"August 1, 2025, 11:23 AM","August 1, 2025, 11:23 AM",,"January 1, +1000000000, 12:00 AM",,0
"2,868","84,688",25,204436,"August 1, 2025, 11:23 AM","August 1, 2025, 11:23 AM",,"January 1, +1000000000, 12:00 AM",,0
"2,869","87,949",45,14904,"August 1, 2025, 11:23 AM","August 1, 2025, 11:23 AM",,"January 1, +1000000000, 12:00 AM",,0
"2,870","89,130",42,323,"August 1, 2025, 11:23 AM","August 1, 2025, 11:23 AM",,"January 1, +1000000000, 12:00 AM",,0
"2,871","82,017",45,17553,"August 1, 2025, 11:23 AM","August 1, 2025, 11:23 AM",,"January 1, +1000000000, 12:00 AM",,0
"2,872","88,407",10,974,"August 1, 2025, 11:23 AM","August 1, 2025, 11:23 AM",,"January 1, +1000000000, 12:00 AM",,0
"2,874","86,374",12,4247101,"August 1, 2025, 11:23 AM","August 1, 2025, 11:23 AM",,"January 1, +1000000000, 12:00 AM",,0
"2,875","87,828",42,108,"August 1, 2025, 11:23 AM","August 1, 2025, 11:23 AM",,"January 1, +1000000000, 12:00 AM",,0
"2,877","89,402",45,26979,"August 1, 2025, 11:23 AM","August 1, 2025, 11:23 AM",,"January 1, +1000000000, 12:00 AM",,0
"2,878","83,460",12,6863901,"August 1, 2025, 11:23 AM","August 1, 2025, 11:23 AM",,"January 1, +1000000000, 12:00 AM",,0
"2,879","83,917",44,106166,"August 1, 2025, 11:23 AM","August 1, 2025, 11:23 AM",,"January 1, +1000000000, 12:00 AM",,0
"2,880","88,489",45,13744,"August 1, 2025, 11:23 AM","August 1, 2025, 11:23 AM",,"January 1, +1000000000, 12:00 AM",,0
"2,834","89,704",11,5858,"August 1, 2025, 11:23 AM","August 1, 2025, 11:23 AM",,"January 1, +1000000000, 12:00 AM",,0
"2,881","83,558",44,106240,"August 1, 2025, 11:23 AM","August 1, 2025, 11:23 AM",,"January 1, +1000000000, 12:00 AM",,0
"2,882","83,058",32,22950,"August 1, 2025, 11:23 AM","August 1, 2025, 11:23 AM",,"January 1, +1000000000, 12:00 AM",,0
"2,883","83,058",45,20471,"August 1, 2025, 11:23 AM","August 1, 2025, 11:23 AM",,"January 1, +1000000000, 12:00 AM",,0
"2,884","88,879",25,151306,"August 1, 2025, 11:23 AM","August 1, 2025, 11:23 AM",,"January 1, +1000000000, 12:00 AM",,0
"2,885","87,272",45,25613,"August 1, 2025, 11:23 AM","August 1, 2025, 11:23 AM",,"January 1, +1000000000, 12:00 AM",,0
"2,886","88,755",25,151236,"August 1, 2025, 11:23 AM","August 1, 2025, 11:23 AM",,"January 1, +1000000000, 12:00 AM",,0
"2,887","90,609",11,8164,"August 1, 2025, 11:23 AM","August 1, 2025, 11:23 AM",,"January 1, +1000000000, 12:00 AM",,0
"2,889","86,553",22,103121,"August 1, 2025, 11:23 AM","August 1, 2025, 11:23 AM",,"January 1, +1000000000, 12:00 AM",,0
"2,890","88,726",42,3521,"August 1, 2025, 11:23 AM","August 1, 2025, 11:23 AM",,"January 1, +1000000000, 12:00 AM",,0
"2,891","82,850",18,61,"August 1, 2025, 11:23 AM","August 1, 2025, 11:23 AM",,"January 1, +1000000000, 12:00 AM",,0
"2,892","90,092",12,9784001,"August 1, 2025, 11:23 AM","August 1, 2025, 11:23 AM",,"January 1, +1000000000, 12:00 AM",,0
"2,893","86,419",12,4103201,"August 1, 2025, 11:23 AM","August 1, 2025, 11:23 AM",,"January 1, +1000000000, 12:00 AM",,0
"2,894","85,816",12,996301,"August 1, 2025, 11:23 AM","August 1, 2025, 11:23 AM",,"January 1, +1000000000, 12:00 AM",,0
"2,895","87,536",12,9791301,"August 1, 2025, 11:23 AM","August 1, 2025, 11:23 AM",,"January 1, +1000000000, 12:00 AM",,0
"2,896","90,210",34,5256,"August 1, 2025, 11:23 AM","August 1, 2025, 11:23 AM",,"January 1, +1000000000, 12:00 AM",,0
"2,897","87,536",45,34024,"August 1, 2025, 11:23 AM","August 1, 2025, 11:23 AM",,"January 1, +1000000000, 12:00 AM",,0
"2,898","83,460",45,37624,"August 1, 2025, 11:23 AM","August 1, 2025, 11:23 AM",,"January 1, +1000000000, 12:00 AM",,0
"2,899","89,570",45,23455,"August 1, 2025, 11:23 AM","August 1, 2025, 11:23 AM",,"January 1, +1000000000, 12:00 AM",,0
"2,900","83,483",44,105805,"August 1, 2025, 11:23 AM","August 1, 2025, 11:23 AM",,"January 1, +1000000000, 12:00 AM",,0
"2,901","88,452",45,12445,"August 1, 2025, 11:23 AM","August 1, 2025, 11:23 AM",,"January 1, +1000000000, 12:00 AM",,0
"2,902","90,548",42,2708,"August 1, 2025, 11:23 AM","August 1, 2025, 11:23 AM",,"January 1, +1000000000, 12:00 AM",,0
"2,903","88,506",34,353,"August 1, 2025, 11:23 AM","August 1, 2025, 11:23 AM",,"January 1, +1000000000, 12:00 AM",,0
"2,904","83,322",45,24171,"August 1, 2025, 11:23 AM","August 1, 2025, 11:23 AM",,"January 1, +1000000000, 12:00 AM",,0
"2,905","89,647",34,4489,"August 1, 2025, 11:23 AM","August 1, 2025, 11:23 AM",,"January 1, +1000000000, 12:00 AM",,0
"2,906","87,676",25,250402,"August 1, 2025, 11:23 AM","August 1, 2025, 11:23 AM",,"January 1, +1000000000, 12:00 AM",,0
"2,907","89,711",18,2970,"August 1, 2025, 11:23 AM","August 1, 2025, 11:23 AM",,"January 1, +1000000000, 12:00 AM",,0
"2,909","83,805",25,250207,"August 1, 2025, 11:23 AM","August 1, 2025, 11:23 AM",,"January 1, +1000000000, 12:00 AM",,0
"2,910","85,643",11,11369,"August 1, 2025, 11:23 AM","August 1, 2025, 11:23 AM",,"January 1, +1000000000, 12:00 AM",,0
"2,911","85,804",44,103834,"August 1, 2025, 11:23 AM","August 1, 2025, 11:23 AM",,"January 1, +1000000000, 12:00 AM",,0
"2,912","89,890",11,103096,"August 1, 2025, 11:23 AM","August 1, 2025, 11:23 AM",,"January 1, +1000000000, 12:00 AM",,0
"2,914","90,251",11,13301,"August 1, 2025, 11:23 AM","August 1, 2025, 11:23 AM",,"January 1, +1000000000, 12:00 AM",,0
"2,915","89,251",11,4947,"August 1, 2025, 11:23 AM","August 1, 2025, 11:23 AM",,"January 1, +1000000000, 12:00 AM",,0
"2,916","87,631",36,4756,"August 1, 2025, 11:23 AM","August 1, 2025, 11:23 AM",,"January 1, +1000000000, 12:00 AM",,0
"2,917","89,954",11,7930,"August 1, 2025, 11:23 AM","August 1, 2025, 11:23 AM",,"January 1, +1000000000, 12:00 AM",,0
"2,918","89,954",45,33735,"August 1, 2025, 11:23 AM","August 1, 2025, 11:23 AM",,"January 1, +1000000000, 12:00 AM",,0
"2,919","89,987",11,7968,"August 1, 2025, 11:23 AM","August 1, 2025, 11:23 AM",,"January 1, +1000000000, 12:00 AM",,0
"2,920","89,093",25,250667,"August 1, 2025, 11:23 AM","August 1, 2025, 11:23 AM",,"January 1, +1000000000, 12:00 AM",,0
"2,921","90,185",34,5244,"August 1, 2025, 11:23 AM","August 1, 2025, 11:23 AM",,"January 1, +1000000000, 12:00 AM",,0
"2,922","85,847",45,13297,"August 1, 2025, 11:23 AM","August 1, 2025, 11:23 AM",,"January 1, +1000000000, 12:00 AM",,0
"2,924","88,009",11,644,"August 1, 2025, 11:23 AM","August 1, 2025, 11:23 AM",,"January 1, +1000000000, 12:00 AM",,0
"2,925","88,045",45,19270,"August 1, 2025, 11:23 AM","August 1, 2025, 11:23 AM",,"January 1, +1000000000, 12:00 AM",,0
"2,927","88,474",45,37618,"August 1, 2025, 11:23 AM","August 1, 2025, 11:23 AM",,"January 1, +1000000000, 12:00 AM",,0
"2,928","85,712",36,1749,"August 1, 2025, 11:23 AM","August 1, 2025, 11:23 AM",,"January 1, +1000000000, 12:00 AM",,0
"2,929","87,096",45,36295,"August 1, 2025, 11:23 AM","August 1, 2025, 11:23 AM",,"January 1, +1000000000, 12:00 AM",,0
"2,930","84,938",11,104029,"August 1, 2025, 11:23 AM","August 1, 2025, 11:23 AM",,"January 1, +1000000000, 12:00 AM",,0
"2,931","87,968",25,106232,"August 1, 2025, 11:23 AM","August 1, 2025, 11:23 AM",,"January 1, +1000000000, 12:00 AM",,0
"2,932","83,266",12,6287301,"August 1, 2025, 11:23 AM","August 1, 2025, 11:23 AM",,"January 1, +1000000000, 12:00 AM",,0
"2,933","87,258",44,105924,"August 1, 2025, 11:23 AM","August 1, 2025, 11:23 AM",,"January 1, +1000000000, 12:00 AM",,0
"2,934","88,600",10,837,"August 1, 2025, 11:23 AM","August 1, 2025, 11:23 AM",,"January 1, +1000000000, 12:00 AM",,0
"2,935","89,974",11,13386,"August 1, 2025, 11:23 AM","August 1, 2025, 11:23 AM",,"January 1, +1000000000, 12:00 AM",,0
"2,936","89,197",11,4748,"August 1, 2025, 11:23 AM","August 1, 2025, 11:23 AM",,"January 1, +1000000000, 12:00 AM",,0
"2,937","81,844",12,9949301,"August 1, 2025, 11:23 AM","August 1, 2025, 11:23 AM",,"January 1, +1000000000, 12:00 AM",,0
"2,938","90,044",45,34648,"August 1, 2025, 11:23 AM","August 1, 2025, 11:23 AM",,"January 1, +1000000000, 12:00 AM",,0
"2,941","85,711",36,334,"August 1, 2025, 11:23 AM","August 1, 2025, 11:23 AM",,"January 1, +1000000000, 12:00 AM",,0
"2,942","85,523",36,2103,"August 1, 2025, 11:23 AM","August 1, 2025, 11:23 AM",,"January 1, +1000000000, 12:00 AM",,0
"2,944","87,391",11,6758,"August 1, 2025, 11:23 AM","August 1, 2025, 11:23 AM",,"January 1, +1000000000, 12:00 AM",,0
"2,945","82,554",45,14115,"August 1, 2025, 11:23 AM","August 1, 2025, 11:23 AM",,"January 1, +1000000000, 12:00 AM",,0
"2,946","90,181",45,34683,"August 1, 2025, 11:23 AM","August 1, 2025, 11:23 AM",,"January 1, +1000000000, 12:00 AM",,0
"2,947","82,707",42,3518,"August 1, 2025, 11:23 AM","August 1, 2025, 11:23 AM",,"January 1, +1000000000, 12:00 AM",,0
"2,948","88,480",45,14034,"August 1, 2025, 11:23 AM","August 1, 2025, 11:23 AM",,"January 1, +1000000000, 12:00 AM",,0
"2,949","90,196",45,34744,"August 1, 2025, 11:23 AM","August 1, 2025, 11:23 AM",,"January 1, +1000000000, 12:00 AM",,0
"2,950","90,201",45,34745,"August 1, 2025, 11:23 AM","August 1, 2025, 11:23 AM",,"January 1, +1000000000, 12:00 AM",,0
"2,951","90,363",45,32022,"August 1, 2025, 11:23 AM","August 1, 2025, 11:23 AM",,"January 1, +1000000000, 12:00 AM",,0
"2,952","90,241",45,35361,"August 1, 2025, 11:23 AM","August 1, 2025, 11:23 AM",,"January 1, +1000000000, 12:00 AM",,0
"2,954","90,191",45,34713,"August 1, 2025, 11:23 AM","August 1, 2025, 11:23 AM",,"January 1, +1000000000, 12:00 AM",,0
"2,955","90,296",45,36343,"August 1, 2025, 11:23 AM","August 1, 2025, 11:23 AM",,"January 1, +1000000000, 12:00 AM",,0
"2,957","90,300",45,36392,"August 1, 2025, 11:23 AM","August 1, 2025, 11:23 AM",,"January 1, +1000000000, 12:00 AM",,0
"2,958","90,162",45,34738,"August 1, 2025, 11:23 AM","August 1, 2025, 11:23 AM",,"January 1, +1000000000, 12:00 AM",,0
"2,959","88,978",34,491,"August 1, 2025, 11:23 AM","August 1, 2025, 11:23 AM",,"January 1, +1000000000, 12:00 AM",,0
"2,960","84,449",36,1285,"August 1, 2025, 11:23 AM","August 1, 2025, 11:23 AM",,"January 1, +1000000000, 12:00 AM",,0
"2,961","89,342",45,21371,"August 1, 2025, 11:23 AM","August 1, 2025, 11:23 AM",,"January 1, +1000000000, 12:00 AM",,0
"2,962","90,248",25,251275,"August 1, 2025, 11:23 AM","August 1, 2025, 11:23 AM",,"January 1, +1000000000, 12:00 AM",,0
"2,963","89,001",45,32880,"August 1, 2025, 11:23 AM","August 1, 2025, 11:23 AM",,"January 1, +1000000000, 12:00 AM",,0
"2,964","89,018",45,37887,"August 1, 2025, 11:23 AM","August 1, 2025, 11:23 AM",,"January 1, +1000000000, 12:00 AM",,0
"2,965","89,174",11,9919,"August 1, 2025, 11:23 AM","August 1, 2025, 11:23 AM",,"January 1, +1000000000, 12:00 AM",,0
"2,966","87,703",10,y799,"August 1, 2025, 11:23 AM","August 1, 2025, 11:23 AM",,"January 1, +1000000000, 12:00 AM",,0
"2,967","87,816",45,26625,"August 1, 2025, 11:23 AM","August 1, 2025, 11:23 AM",,"January 1, +1000000000, 12:00 AM",,0
"2,968","89,065",35,14259,"August 1, 2025, 11:23 AM","August 1, 2025, 11:23 AM",,"January 1, +1000000000, 12:00 AM",,0
"2,888","90,609",34,5123,"August 1, 2025, 11:23 AM","September 3, 2025, 3:40 PM",,"January 1, 2000, 12:00 AM",,0
"2,969","87,965",43,4089,"August 1, 2025, 11:23 AM","August 1, 2025, 11:23 AM",,"January 1, +1000000000, 12:00 AM",,0
"2,971","82,966",11,5797,"August 1, 2025, 11:23 AM","August 1, 2025, 11:23 AM",,"January 1, +1000000000, 12:00 AM",,0
"2,972","88,435",36,3665,"August 1, 2025, 11:23 AM","August 1, 2025, 11:23 AM",,"January 1, +1000000000, 12:00 AM",,0
"2,973","87,238",18,4348,"August 1, 2025, 11:23 AM","August 1, 2025, 11:23 AM",,"January 1, +1000000000, 12:00 AM",,0
"2,974","88,003",34,2956,"August 1, 2025, 11:23 AM","August 1, 2025, 11:23 AM",,"January 1, +1000000000, 12:00 AM",,0
"2,975","88,595",11,5285,"August 1, 2025, 11:23 AM","August 1, 2025, 11:23 AM",,"January 1, +1000000000, 12:00 AM",,0
"2,977","83,792",36,1592,"August 1, 2025, 11:23 AM","August 1, 2025, 11:23 AM",,"January 1, +1000000000, 12:00 AM",,0
"2,978","89,790",45,27991,"August 1, 2025, 11:23 AM","August 1, 2025, 11:23 AM",,"January 1, +1000000000, 12:00 AM",,0
"2,980","90,057",45,33315,"August 1, 2025, 11:23 AM","August 1, 2025, 11:23 AM",,"January 1, +1000000000, 12:00 AM",,0
"2,983","83,637",34,5559,"August 1, 2025, 11:23 AM","August 1, 2025, 11:23 AM",,"January 1, +1000000000, 12:00 AM",,0
"2,984","88,934",45,23399,"August 1, 2025, 11:23 AM","August 1, 2025, 11:23 AM",,"January 1, +1000000000, 12:00 AM",,0
"2,985","82,241",45,25934,"August 1, 2025, 11:23 AM","August 1, 2025, 11:23 AM",,"January 1, +1000000000, 12:00 AM",,0
"2,986","87,360",11,6085,"August 1, 2025, 11:23 AM","August 1, 2025, 11:23 AM",,"January 1, +1000000000, 12:00 AM",,0
"2,987","90,360",11,6320,"August 1, 2025, 11:23 AM","August 1, 2025, 11:23 AM",,"January 1, +1000000000, 12:00 AM",,0
"2,988","85,067",45,11322,"August 1, 2025, 11:23 AM","August 1, 2025, 11:23 AM",,"January 1, +1000000000, 12:00 AM",,0
"2,989","81,801",25,105386,"August 1, 2025, 11:23 AM","August 1, 2025, 11:23 AM",,"January 1, +1000000000, 12:00 AM",,0
"2,990","84,388",25,200650,"August 1, 2025, 11:23 AM","August 1, 2025, 11:23 AM",,"January 1, +1000000000, 12:00 AM",,0
"2,991","83,235",25,251130,"August 1, 2025, 11:23 AM","August 1, 2025, 11:23 AM",,"January 1, +1000000000, 12:00 AM",,0
"2,992","86,510",11,9926,"August 1, 2025, 11:23 AM","August 1, 2025, 11:23 AM",,"January 1, +1000000000, 12:00 AM",,0
"2,993","86,667",44,105628,"August 1, 2025, 11:23 AM","August 1, 2025, 11:23 AM",,"January 1, +1000000000, 12:00 AM",,0
"2,994","84,388",25,250808,"August 1, 2025, 11:23 AM","August 1, 2025, 11:23 AM",,"January 1, +1000000000, 12:00 AM",,0
"2,995","89,074",10,499,"August 1, 2025, 11:23 AM","August 1, 2025, 11:23 AM",,"January 1, +1000000000, 12:00 AM",,0
"2,996","90,510",11,9873,"August 1, 2025, 11:23 AM","August 1, 2025, 11:23 AM",,"January 1, +1000000000, 12:00 AM",,0
"2,997","83,008",42,2544,"August 1, 2025, 11:23 AM","August 1, 2025, 11:23 AM",,"January 1, +1000000000, 12:00 AM",,0
"2,998","86,600",18,449,"August 1, 2025, 11:23 AM","August 1, 2025, 11:23 AM",,"January 1, +1000000000, 12:00 AM",,0
"2,999","82,876",44,103350,"August 1, 2025, 11:23 AM","August 1, 2025, 11:23 AM",,"January 1, +1000000000, 12:00 AM",,0
"3,000","84,123",36,2654,"August 1, 2025, 11:23 AM","August 1, 2025, 11:23 AM",,"January 1, +1000000000, 12:00 AM",,0
"3,001","82,079",25,200095,"August 1, 2025, 11:23 AM","August 1, 2025, 11:23 AM",,"January 1, +1000000000, 12:00 AM",,0
"3,002","88,371",11,107512,"August 1, 2025, 11:23 AM","August 1, 2025, 11:23 AM",,"January 1, +1000000000, 12:00 AM",,0
"3,003","82,489",25,202015,"August 1, 2025, 11:23 AM","August 1, 2025, 11:23 AM",,"January 1, +1000000000, 12:00 AM",,0
"3,004","81,920",25,250120,"August 1, 2025, 11:23 AM","August 1, 2025, 11:23 AM",,"January 1, +1000000000, 12:00 AM",,0
"3,005","90,574",45,32064,"August 1, 2025, 11:23 AM","August 1, 2025, 11:23 AM",,"January 1, +1000000000, 12:00 AM",,0
"3,006","83,988",18,5055,"August 1, 2025, 11:23 AM","August 1, 2025, 11:23 AM",,"January 1, +1000000000, 12:00 AM",,0
"3,007","86,540",45,14745,"August 1, 2025, 11:23 AM","August 1, 2025, 11:23 AM",,"January 1, +1000000000, 12:00 AM",,0
"3,008","89,980",22,106807,"August 1, 2025, 11:23 AM","August 1, 2025, 11:23 AM",,"January 1, +1000000000, 12:00 AM",,0
"3,009","84,258",25,150910,"August 1, 2025, 11:23 AM","August 1, 2025, 11:23 AM",,"January 1, +1000000000, 12:00 AM",,0
"3,010","90,069",45,33032,"August 1, 2025, 11:23 AM","August 1, 2025, 11:23 AM",,"January 1, +1000000000, 12:00 AM",,0
"3,011","83,809",45,16044,"August 1, 2025, 11:23 AM","August 1, 2025, 11:23 AM",,"January 1, +1000000000, 12:00 AM",,0
"3,012","90,133",25,251075,"August 1, 2025, 11:23 AM","August 1, 2025, 11:23 AM",,"January 1, +1000000000, 12:00 AM",,0
"3,014","82,203",25,205914,"August 1, 2025, 11:23 AM","August 1, 2025, 11:23 AM",,"January 1, +1000000000, 12:00 AM",,0
"3,015","86,116",25,250987,"August 1, 2025, 11:23 AM","August 1, 2025, 11:23 AM",,"January 1, +1000000000, 12:00 AM",,0
"3,016","83,393",21,100606,"August 1, 2025, 11:23 AM","August 1, 2025, 11:23 AM",,"January 1, +1000000000, 12:00 AM",,0
"3,017","89,921",11,107273,"August 1, 2025, 11:23 AM","August 1, 2025, 11:23 AM",,"January 1, +1000000000, 12:00 AM",,0
"3,018","88,826",18,2231,"August 1, 2025, 11:23 AM","August 1, 2025, 11:23 AM",,"January 1, +1000000000, 12:00 AM",,0
"3,019","88,834",42,2664,"August 1, 2025, 11:23 AM","August 1, 2025, 11:23 AM",,"January 1, +1000000000, 12:00 AM",,0
"3,020","85,364",36,184,"August 1, 2025, 11:23 AM","August 1, 2025, 11:23 AM",,"January 1, +1000000000, 12:00 AM",,0
"3,022","89,092",25,250667,"August 1, 2025, 11:23 AM","August 1, 2025, 11:23 AM",,"January 1, +1000000000, 12:00 AM",,0
"3,023","88,930",34,2725,"August 1, 2025, 11:23 AM","August 1, 2025, 11:23 AM",,"January 1, +1000000000, 12:00 AM",,0
"3,024","81,945",11,8313,"August 1, 2025, 11:23 AM","August 1, 2025, 11:23 AM",,"January 1, +1000000000, 12:00 AM",,0
"3,026","90,203",45,35059,"August 1, 2025, 11:23 AM","August 1, 2025, 11:23 AM",,"January 1, +1000000000, 12:00 AM",,0
"3,027","90,276",45,36550,"August 1, 2025, 11:23 AM","August 1, 2025, 11:23 AM",,"January 1, +1000000000, 12:00 AM",,0
"3,028","90,068",45,33029,"August 1, 2025, 11:23 AM","August 1, 2025, 11:23 AM",,"January 1, +1000000000, 12:00 AM",,0
"3,030","87,841",45,28000,"August 1, 2025, 11:23 AM","August 1, 2025, 11:23 AM",,"January 1, +1000000000, 12:00 AM",,0
"3,032","89,528",10,z1011,"August 1, 2025, 11:23 AM","August 1, 2025, 11:23 AM",,"January 1, +1000000000, 12:00 AM",,0
"3,033","82,872",36,2518,"August 1, 2025, 11:23 AM","August 1, 2025, 11:23 AM",,"January 1, +1000000000, 12:00 AM",,0
"3,035","85,539",45,29983,"August 1, 2025, 11:23 AM","August 1, 2025, 11:23 AM",,"January 1, +1000000000, 12:00 AM",,0
"3,036","82,768",11,9178,"August 1, 2025, 11:23 AM","August 1, 2025, 11:23 AM",,"January 1, +1000000000, 12:00 AM",,0
"3,037","85,370",10,940,"August 1, 2025, 11:23 AM","August 1, 2025, 11:23 AM",,"January 1, +1000000000, 12:00 AM",,0
"3,038","85,369",45,24914,"August 1, 2025, 11:23 AM","August 1, 2025, 11:23 AM",,"January 1, +1000000000, 12:00 AM",,0
"3,039","89,481",10,258,"August 1, 2025, 11:23 AM","August 1, 2025, 11:23 AM",,"January 1, +1000000000, 12:00 AM",,0
"3,040","87,543",36,2481,"August 1, 2025, 11:23 AM","August 1, 2025, 11:23 AM",,"January 1, +1000000000, 12:00 AM",,0
"3,041","89,539",12,8563702,"August 1, 2025, 11:23 AM","August 1, 2025, 11:23 AM",,"January 1, +1000000000, 12:00 AM",,0
"3,042","88,798",11,5344,"August 1, 2025, 11:23 AM","August 1, 2025, 11:23 AM",,"January 1, +1000000000, 12:00 AM",,0
"3,043","86,620",45,14293,"August 1, 2025, 11:23 AM","August 1, 2025, 11:23 AM",,"January 1, +1000000000, 12:00 AM",,0
"3,044","85,658",18,5404,"August 1, 2025, 11:23 AM","August 1, 2025, 11:23 AM",,"January 1, +1000000000, 12:00 AM",,0
"3,045","88,380",18,4818,"August 1, 2025, 11:23 AM","August 1, 2025, 11:23 AM",,"January 1, +1000000000, 12:00 AM",,0
"3,046","82,254",18,520,"August 1, 2025, 11:23 AM","August 1, 2025, 11:23 AM",,"January 1, +1000000000, 12:00 AM",,0
"3,047","84,578",36,299,"August 1, 2025, 11:23 AM","August 1, 2025, 11:23 AM",,"January 1, +1000000000, 12:00 AM",,0
"3,048","89,680",25,250298,"August 1, 2025, 11:23 AM","August 1, 2025, 11:23 AM",,"January 1, +1000000000, 12:00 AM",,0
"3,049","89,173",12,5101101,"August 1, 2025, 11:23 AM","August 1, 2025, 11:23 AM",,"January 1, +1000000000, 12:00 AM",,0
"3,050","83,600",45,25245,"August 1, 2025, 11:23 AM","August 1, 2025, 11:23 AM",,"January 1, +1000000000, 12:00 AM",,0
"3,051","85,729",36,497,"August 1, 2025, 11:23 AM","August 1, 2025, 11:23 AM",,"January 1, +1000000000, 12:00 AM",,0
"3,052","85,463",45,28740,"August 1, 2025, 11:23 AM","August 1, 2025, 11:23 AM",,"January 1, +1000000000, 12:00 AM",,0
"3,054","87,414",34,5329,"August 1, 2025, 11:23 AM","August 1, 2025, 11:23 AM",,"January 1, +1000000000, 12:00 AM",,0
"3,055","89,835",11,6944,"August 1, 2025, 11:23 AM","August 1, 2025, 11:23 AM",,"January 1, +1000000000, 12:00 AM",,0
"3,056","83,364",22,800200,"August 1, 2025, 11:23 AM","August 1, 2025, 11:23 AM",,"January 1, +1000000000, 12:00 AM",,0
"2,970","88,486",45,26755,"August 1, 2025, 11:23 AM","November 21, 2025, 3:06 PM",,"January 1, +1000000000, 12:00 AM",,0
"3,057","82,715",36,2073,"August 1, 2025, 11:23 AM","August 1, 2025, 11:23 AM",,"January 1, +1000000000, 12:00 AM",,0
"3,058","84,969",10,259,"August 1, 2025, 11:23 AM","August 1, 2025, 11:23 AM",,"January 1, +1000000000, 12:00 AM",,0
"3,059","88,876",22,108455,"August 1, 2025, 11:23 AM","August 1, 2025, 11:23 AM",,"January 1, +1000000000, 12:00 AM",,0
"3,060","88,548",45,18887,"August 1, 2025, 11:23 AM","August 1, 2025, 11:23 AM",,"January 1, +1000000000, 12:00 AM",,0
"3,061","84,233",11,107968,"August 1, 2025, 11:23 AM","August 1, 2025, 11:23 AM",,"January 1, +1000000000, 12:00 AM",,0
"3,062","88,948",18,4438,"August 1, 2025, 11:23 AM","August 1, 2025, 11:23 AM",,"January 1, +1000000000, 12:00 AM",,0
"3,063","89,404",45,27393,"August 1, 2025, 11:23 AM","August 1, 2025, 11:23 AM",,"January 1, +1000000000, 12:00 AM",,0
"3,064","84,684",43,2830,"August 1, 2025, 11:23 AM","August 1, 2025, 11:23 AM",,"January 1, +1000000000, 12:00 AM",,0
"3,065","82,298",36,4432,"August 1, 2025, 11:23 AM","August 1, 2025, 11:23 AM",,"January 1, +1000000000, 12:00 AM",,0
"3,066","86,689",11,4472,"August 1, 2025, 11:23 AM","August 1, 2025, 11:23 AM",,"January 1, +1000000000, 12:00 AM",,0
"3,067","82,288",36,3231,"August 1, 2025, 11:23 AM","August 1, 2025, 11:23 AM",,"January 1, +1000000000, 12:00 AM",,0
"3,068","87,803",42,1792,"August 1, 2025, 11:23 AM","August 1, 2025, 11:23 AM",,"January 1, +1000000000, 12:00 AM",,0
"3,069","82,296",36,2983,"August 1, 2025, 11:23 AM","August 1, 2025, 11:23 AM",,"January 1, +1000000000, 12:00 AM",,0
"3,070","82,295",36,2598,"August 1, 2025, 11:23 AM","August 1, 2025, 11:23 AM",,"January 1, +1000000000, 12:00 AM",,0
"3,071","88,413",45,11832,"August 1, 2025, 11:23 AM","August 1, 2025, 11:23 AM",,"January 1, +1000000000, 12:00 AM",,0
"3,072","82,290",36,2601,"August 1, 2025, 11:23 AM","August 1, 2025, 11:23 AM",,"January 1, +1000000000, 12:00 AM",,0
"3,073","84,781",42,985,"August 1, 2025, 11:23 AM","August 1, 2025, 11:23 AM",,"January 1, +1000000000, 12:00 AM",,0
"3,074","88,512",34,2925,"August 1, 2025, 11:23 AM","August 1, 2025, 11:23 AM",,"January 1, +1000000000, 12:00 AM",,0
"3,075","88,434",36,3710,"August 1, 2025, 11:23 AM","August 1, 2025, 11:23 AM",,"January 1, +1000000000, 12:00 AM",,0
"3,076","84,778",10,479,"August 1, 2025, 11:23 AM","August 1, 2025, 11:23 AM",,"January 1, +1000000000, 12:00 AM",,0
"3,077","88,301",45,17476,"August 1, 2025, 11:23 AM","August 1, 2025, 11:23 AM",,"January 1, +1000000000, 12:00 AM",,0
"3,078","87,902",11,108293,"August 1, 2025, 11:23 AM","August 1, 2025, 11:23 AM",,"January 1, +1000000000, 12:00 AM",,0
"3,079","88,603",10,Z804,"August 1, 2025, 11:23 AM","August 1, 2025, 11:23 AM",,"January 1, +1000000000, 12:00 AM",,0
"3,080","89,645",10,1039,"August 1, 2025, 11:23 AM","August 1, 2025, 11:23 AM",,"January 1, +1000000000, 12:00 AM",,0
"3,081","84,645",45,27774,"August 1, 2025, 11:23 AM","August 1, 2025, 11:23 AM",,"January 1, +1000000000, 12:00 AM",,0
"3,082","88,535",34,3267,"August 1, 2025, 11:23 AM","August 1, 2025, 11:23 AM",,"January 1, +1000000000, 12:00 AM",,0
"3,083","82,830",44,103320,"August 1, 2025, 11:23 AM","August 1, 2025, 11:23 AM",,"January 1, +1000000000, 12:00 AM",,0
"3,084","87,239",18,4067,"August 1, 2025, 11:23 AM","August 1, 2025, 11:23 AM",,"January 1, +1000000000, 12:00 AM",,0
"3,085","88,878",43,5019,"August 1, 2025, 11:23 AM","August 1, 2025, 11:23 AM",,"January 1, +1000000000, 12:00 AM",,0
"3,086","89,982",34,170,"August 1, 2025, 11:23 AM","August 1, 2025, 11:23 AM",,"January 1, +1000000000, 12:00 AM",,0
"3,087","85,797",45,23112,"August 1, 2025, 11:23 AM","August 1, 2025, 11:23 AM",,"January 1, +1000000000, 12:00 AM",,0
"3,088","85,778",11,10453,"August 1, 2025, 11:23 AM","August 1, 2025, 11:23 AM",,"January 1, +1000000000, 12:00 AM",,0
"3,089","88,351",11,6440,"August 1, 2025, 11:23 AM","August 1, 2025, 11:23 AM",,"January 1, +1000000000, 12:00 AM",,0
"3,090","89,363",12,6423301,"August 1, 2025, 11:23 AM","August 1, 2025, 11:23 AM",,"January 1, +1000000000, 12:00 AM",,0
"3,091","88,415",45,12397,"August 1, 2025, 11:23 AM","August 1, 2025, 11:23 AM",,"January 1, +1000000000, 12:00 AM",,0
"3,092","87,517",36,2280,"August 1, 2025, 11:23 AM","August 1, 2025, 11:23 AM",,"January 1, +1000000000, 12:00 AM",,0
"3,093","87,591",36,4220,"August 1, 2025, 11:23 AM","August 1, 2025, 11:23 AM",,"January 1, +1000000000, 12:00 AM",,0
"3,094","85,796",45,25292,"August 1, 2025, 11:23 AM","August 1, 2025, 11:23 AM",,"January 1, +1000000000, 12:00 AM",,0
"3,095","89,655",45,24543,"August 1, 2025, 11:23 AM","August 1, 2025, 11:23 AM",,"January 1, +1000000000, 12:00 AM",,0
"3,096","83,095",45,21107,"August 1, 2025, 11:23 AM","August 1, 2025, 11:23 AM",,"January 1, +1000000000, 12:00 AM",,0
"3,098","86,845",45,36473,"August 1, 2025, 11:23 AM","August 1, 2025, 11:23 AM",,"January 1, +1000000000, 12:00 AM",,0
"3,099","90,199",45,35032,"August 1, 2025, 11:23 AM","August 1, 2025, 11:23 AM",,"January 1, +1000000000, 12:00 AM",,0
"3,100","89,067",35,13746,"August 1, 2025, 11:23 AM","August 1, 2025, 11:23 AM",,"January 1, +1000000000, 12:00 AM",,0
"3,101","88,389",45,11997,"August 1, 2025, 11:23 AM","August 1, 2025, 11:23 AM",,"January 1, +1000000000, 12:00 AM",,0
"3,102","87,638",45,36294,"August 1, 2025, 11:23 AM","August 1, 2025, 11:23 AM",,"January 1, +1000000000, 12:00 AM",,0
"3,103","88,699",10,190,"August 1, 2025, 11:23 AM","August 1, 2025, 11:23 AM",,"January 1, +1000000000, 12:00 AM",,0
"3,105","89,629",18,4965,"August 1, 2025, 11:23 AM","August 1, 2025, 11:23 AM",,"January 1, +1000000000, 12:00 AM",,0
"3,106","89,298",12,6053302,"August 1, 2025, 11:23 AM","August 1, 2025, 11:23 AM",,"January 1, +1000000000, 12:00 AM",,0
"3,107","86,769",45,25330,"August 1, 2025, 11:23 AM","August 1, 2025, 11:23 AM",,"January 1, +1000000000, 12:00 AM",,0
"3,108","86,304",11,4999,"August 1, 2025, 11:23 AM","August 1, 2025, 11:23 AM",,"January 1, +1000000000, 12:00 AM",,0
"3,109","85,064",18,3138,"August 1, 2025, 11:23 AM","August 1, 2025, 11:23 AM",,"January 1, +1000000000, 12:00 AM",,0
"3,110","81,767",45,14731,"August 1, 2025, 11:23 AM","August 1, 2025, 11:23 AM",,"January 1, +1000000000, 12:00 AM",,0
"3,111","85,746",45,13271,"August 1, 2025, 11:23 AM","August 1, 2025, 11:23 AM",,"January 1, +1000000000, 12:00 AM",,0
"3,112","85,252",11,108195,"August 1, 2025, 11:23 AM","August 1, 2025, 11:23 AM",,"January 1, +1000000000, 12:00 AM",,0
"3,113","89,879",34,4654,"August 1, 2025, 11:23 AM","August 1, 2025, 11:23 AM",,"January 1, +1000000000, 12:00 AM",,0
"3,114","90,244",11,117035,"August 1, 2025, 11:23 AM","August 1, 2025, 11:23 AM",,"January 1, +1000000000, 12:00 AM",,0
"3,116","86,996",10,173,"August 1, 2025, 11:23 AM","August 1, 2025, 11:23 AM",,"January 1, +1000000000, 12:00 AM",,0
"3,117","89,243",11,106653,"August 1, 2025, 11:23 AM","August 1, 2025, 11:23 AM",,"January 1, +1000000000, 12:00 AM",,0
"3,118","89,244",11,106586,"August 1, 2025, 11:23 AM","August 1, 2025, 11:23 AM",,"January 1, +1000000000, 12:00 AM",,0
"3,119","90,199",18,5540,"August 1, 2025, 11:23 AM","August 1, 2025, 11:23 AM",,"January 1, +1000000000, 12:00 AM",,0
"3,120","82,293",36,2433,"August 1, 2025, 11:23 AM","August 1, 2025, 11:23 AM",,"January 1, +1000000000, 12:00 AM",,0
"3,121","84,824",11,116553,"August 1, 2025, 11:23 AM","August 1, 2025, 11:23 AM",,"January 1, +1000000000, 12:00 AM",,0
"3,122","82,294",36,2599,"August 1, 2025, 11:23 AM","August 1, 2025, 11:23 AM",,"January 1, +1000000000, 12:00 AM",,0
"3,123","82,292",36,2602,"August 1, 2025, 11:23 AM","August 1, 2025, 11:23 AM",,"January 1, +1000000000, 12:00 AM",,0
"3,124","82,291",36,2600,"August 1, 2025, 11:23 AM","August 1, 2025, 11:23 AM",,"January 1, +1000000000, 12:00 AM",,0
"3,125","88,430",36,3669,"August 1, 2025, 11:23 AM","August 1, 2025, 11:23 AM",,"January 1, +1000000000, 12:00 AM",,0
"3,126","88,364",10,700,"August 1, 2025, 11:23 AM","August 1, 2025, 11:23 AM",,"January 1, +1000000000, 12:00 AM",,0
"3,127","82,289",36,2603,"August 1, 2025, 11:23 AM","August 1, 2025, 11:23 AM",,"January 1, +1000000000, 12:00 AM",,0
"3,128","88,440",36,3668,"August 1, 2025, 11:23 AM","August 1, 2025, 11:23 AM",,"January 1, +1000000000, 12:00 AM",,0
"3,129","82,900",42,1958,"August 1, 2025, 11:23 AM","August 1, 2025, 11:23 AM",,"January 1, +1000000000, 12:00 AM",,0
"3,130","81,918",11,7442,"August 1, 2025, 11:23 AM","August 1, 2025, 11:23 AM",,"January 1, +1000000000, 12:00 AM",,0
"3,131","85,820",18,2714,"August 1, 2025, 11:23 AM","August 1, 2025, 11:23 AM",,"January 1, +1000000000, 12:00 AM",,0
"3,132","88,580",45,25259,"August 1, 2025, 11:23 AM","August 1, 2025, 11:23 AM",,"January 1, +1000000000, 12:00 AM",,0
"3,133","83,581",12,9913301,"August 1, 2025, 11:23 AM","August 1, 2025, 11:23 AM",,"January 1, +1000000000, 12:00 AM",,0
"3,134","90,172",34,5479,"August 1, 2025, 11:23 AM","August 1, 2025, 11:23 AM",,"January 1, +1000000000, 12:00 AM",,0
"3,135","89,523",34,5479,"August 1, 2025, 11:23 AM","August 1, 2025, 11:23 AM",,"January 1, +1000000000, 12:00 AM",,0
"3,136","83,532",25,150400,"August 1, 2025, 11:23 AM","August 1, 2025, 11:23 AM",,"January 1, +1000000000, 12:00 AM",,0
"3,137","85,450",25,251136,"August 1, 2025, 11:23 AM","August 1, 2025, 11:23 AM",,"January 1, +1000000000, 12:00 AM",,0
"3,139","83,348",25,251270,"August 1, 2025, 11:23 AM","August 1, 2025, 11:23 AM",,"January 1, +1000000000, 12:00 AM",,0
"3,140","81,898",25,220057,"August 1, 2025, 11:23 AM","August 1, 2025, 11:23 AM",,"January 1, +1000000000, 12:00 AM",,0
"3,141","90,132",11,10006,"August 1, 2025, 11:23 AM","August 1, 2025, 11:23 AM",,"January 1, +1000000000, 12:00 AM",,0
"3,142","90,552",11,6176,"August 1, 2025, 11:23 AM","August 1, 2025, 11:23 AM",,"January 1, +1000000000, 12:00 AM",,0
"3,143","90,547",11,5881,"August 1, 2025, 11:23 AM","August 1, 2025, 11:23 AM",,"January 1, +1000000000, 12:00 AM",,0
"3,144","89,600",11,5447,"August 1, 2025, 11:23 AM","August 1, 2025, 11:23 AM",,"January 1, +1000000000, 12:00 AM",,0
"3,097","83,921",45,17894,"August 1, 2025, 11:23 AM","September 26, 2025, 1:53 PM",,"January 1, 2000, 12:00 AM",,0
"3,145","89,524",11,5089,"August 1, 2025, 11:23 AM","August 1, 2025, 11:23 AM",,"January 1, +1000000000, 12:00 AM",,0
"3,146","89,525",11,5090,"August 1, 2025, 11:23 AM","August 1, 2025, 11:23 AM",,"January 1, +1000000000, 12:00 AM",,0
"3,147","90,525",11,4785,"August 1, 2025, 11:23 AM","August 1, 2025, 11:23 AM",,"January 1, +1000000000, 12:00 AM",,0
"3,148","87,416",18,5554,"August 1, 2025, 11:23 AM","August 1, 2025, 11:23 AM",,"January 1, +1000000000, 12:00 AM",,0
"3,149","89,299",11,4548,"August 1, 2025, 11:23 AM","August 1, 2025, 11:23 AM",,"January 1, +1000000000, 12:00 AM",,0
"3,150","89,259",11,4550,"August 1, 2025, 11:23 AM","August 1, 2025, 11:23 AM",,"January 1, +1000000000, 12:00 AM",,0
"3,152","88,994",11,9546,"August 1, 2025, 11:23 AM","August 1, 2025, 11:23 AM",,"January 1, +1000000000, 12:00 AM",,0
"3,153","89,076",11,9253,"August 1, 2025, 11:23 AM","August 1, 2025, 11:23 AM",,"January 1, +1000000000, 12:00 AM",,0
"3,155","89,369",25,250781,"August 1, 2025, 11:23 AM","August 1, 2025, 11:23 AM",,"January 1, +1000000000, 12:00 AM",,0
"3,156","84,320",36,759,"August 1, 2025, 11:23 AM","August 1, 2025, 11:23 AM",,"January 1, +1000000000, 12:00 AM",,0
"3,157","82,017",36,1528,"August 1, 2025, 11:23 AM","August 1, 2025, 11:23 AM",,"January 1, +1000000000, 12:00 AM",,0
"3,158","83,545",21,100783,"August 1, 2025, 11:23 AM","August 1, 2025, 11:23 AM",,"January 1, +1000000000, 12:00 AM",,0
"3,159","81,962",36,3628,"August 1, 2025, 11:23 AM","August 1, 2025, 11:23 AM",,"January 1, +1000000000, 12:00 AM",,0
"3,160","87,128",36,3600,"August 1, 2025, 11:23 AM","August 1, 2025, 11:23 AM",,"January 1, +1000000000, 12:00 AM",,0
"3,161","82,186",10,Z724,"August 1, 2025, 11:23 AM","August 1, 2025, 11:23 AM",,"January 1, +1000000000, 12:00 AM",,0
"3,163","90,328",10,6251,"August 1, 2025, 11:23 AM","August 1, 2025, 11:23 AM",,"January 1, +1000000000, 12:00 AM",,0
"3,164","81,942",11,4529,"August 1, 2025, 11:23 AM","August 1, 2025, 11:23 AM",,"January 1, +1000000000, 12:00 AM",,0
"3,165","83,255",32,79848,"August 1, 2025, 11:23 AM","August 1, 2025, 11:23 AM",,"January 1, +1000000000, 12:00 AM",,0
"3,166","83,255",45,34432,"August 1, 2025, 11:23 AM","August 1, 2025, 11:23 AM",,"January 1, +1000000000, 12:00 AM",,0
"3,167","83,255",12,9799401,"August 1, 2025, 11:23 AM","August 1, 2025, 11:23 AM",,"January 1, +1000000000, 12:00 AM",,0
"3,168","88,048",42,43,"August 1, 2025, 11:23 AM","August 1, 2025, 11:23 AM",,"January 1, +1000000000, 12:00 AM",,0
"3,169","84,575",12,352702,"August 1, 2025, 11:23 AM","August 1, 2025, 11:23 AM",,"January 1, +1000000000, 12:00 AM",,0
"3,170","87,708",25,251207,"August 1, 2025, 11:23 AM","August 1, 2025, 11:23 AM",,"January 1, +1000000000, 12:00 AM",,0
"3,171","83,101",25,200031,"August 1, 2025, 11:23 AM","August 1, 2025, 11:23 AM",,"January 1, +1000000000, 12:00 AM",,0
"3,172","88,901",18,2283,"August 1, 2025, 11:23 AM","August 1, 2025, 11:23 AM",,"January 1, +1000000000, 12:00 AM",,0
"3,173","81,923",35,6962,"August 1, 2025, 11:23 AM","August 1, 2025, 11:23 AM",,"January 1, +1000000000, 12:00 AM",,0
"3,174","85,821",45,16046,"August 1, 2025, 11:23 AM","August 1, 2025, 11:23 AM",,"January 1, +1000000000, 12:00 AM",,0
"3,175","83,740",25,250121,"August 1, 2025, 11:23 AM","August 1, 2025, 11:23 AM",,"January 1, +1000000000, 12:00 AM",,0
"3,176","87,347",25,250390,"August 1, 2025, 11:23 AM","August 1, 2025, 11:23 AM",,"January 1, +1000000000, 12:00 AM",,0
"3,177","88,055",11,6059,"August 1, 2025, 11:23 AM","August 1, 2025, 11:23 AM",,"January 1, +1000000000, 12:00 AM",,0
"3,179","90,523",45,21867,"August 1, 2025, 11:23 AM","August 1, 2025, 11:23 AM",,"January 1, +1000000000, 12:00 AM",,0
"3,180","84,117",11,117021,"August 1, 2025, 11:23 AM","August 1, 2025, 11:23 AM",,"January 1, +1000000000, 12:00 AM",,0
"3,181","84,971",45,14995,"August 1, 2025, 11:23 AM","August 1, 2025, 11:23 AM",,"January 1, +1000000000, 12:00 AM",,0
"3,182","83,315",25,251015,"August 1, 2025, 11:23 AM","August 1, 2025, 11:23 AM",,"January 1, +1000000000, 12:00 AM",,0
"3,183","87,356",44,105706,"August 1, 2025, 11:23 AM","August 1, 2025, 11:23 AM",,"January 1, +1000000000, 12:00 AM",,0
"3,184","84,151",11,11438,"August 1, 2025, 11:23 AM","August 1, 2025, 11:23 AM",,"January 1, +1000000000, 12:00 AM",,0
"3,185","88,333",25,251283,"August 1, 2025, 11:23 AM","August 1, 2025, 11:23 AM",,"January 1, +1000000000, 12:00 AM",,0
"3,186","89,824",11,103000,"August 1, 2025, 11:23 AM","August 1, 2025, 11:23 AM",,"January 1, +1000000000, 12:00 AM",,0
"3,188","83,207",12,5899101,"August 1, 2025, 11:23 AM","August 1, 2025, 11:23 AM",,"January 1, +1000000000, 12:00 AM",,0
"3,189","85,294",45,16794,"August 1, 2025, 11:23 AM","August 1, 2025, 11:23 AM",,"January 1, +1000000000, 12:00 AM",,0
"3,190","89,249",34,169,"August 1, 2025, 11:23 AM","August 1, 2025, 11:23 AM",,"January 1, +1000000000, 12:00 AM",,0
"3,191","85,493",11,5084,"August 1, 2025, 11:23 AM","August 1, 2025, 11:23 AM",,"January 1, +1000000000, 12:00 AM",,0
"3,192","89,087",25,150085,"August 1, 2025, 11:23 AM","August 1, 2025, 11:23 AM",,"January 1, +1000000000, 12:00 AM",,0
"3,193","88,539",25,211694,"August 1, 2025, 11:23 AM","August 1, 2025, 11:23 AM",,"January 1, +1000000000, 12:00 AM",,0
"3,194","88,943",11,9942,"August 1, 2025, 11:23 AM","August 1, 2025, 11:23 AM",,"January 1, +1000000000, 12:00 AM",,0
"3,195","88,237",11,5634,"August 1, 2025, 11:23 AM","August 1, 2025, 11:23 AM",,"January 1, +1000000000, 12:00 AM",,0
"3,196","88,418",11,5637,"August 1, 2025, 11:23 AM","August 1, 2025, 11:23 AM",,"January 1, +1000000000, 12:00 AM",,0
"3,197","89,260",45,20945,"August 1, 2025, 11:23 AM","August 1, 2025, 11:23 AM",,"January 1, +1000000000, 12:00 AM",,0
"3,198","88,482",45,27492,"August 1, 2025, 11:23 AM","August 1, 2025, 11:23 AM",,"January 1, +1000000000, 12:00 AM",,0
"3,199","82,433",12,486803,"August 1, 2025, 11:23 AM","August 1, 2025, 11:23 AM",,"January 1, +1000000000, 12:00 AM",,0
"3,200","89,041",18,5840,"August 1, 2025, 11:23 AM","August 1, 2025, 11:23 AM",,"January 1, +1000000000, 12:00 AM",,0
"3,201","89,429",34,1493,"August 1, 2025, 11:23 AM","August 1, 2025, 11:23 AM",,"January 1, +1000000000, 12:00 AM",,0
"3,202","90,259",45,35652,"August 1, 2025, 11:23 AM","August 1, 2025, 11:23 AM",,"January 1, +1000000000, 12:00 AM",,0
"3,203","90,357",11,10150,"August 1, 2025, 11:23 AM","August 1, 2025, 11:23 AM",,"January 1, +1000000000, 12:00 AM",,0
"3,204","83,518",25,251359,"August 1, 2025, 11:23 AM","August 1, 2025, 11:23 AM",,"January 1, +1000000000, 12:00 AM",,0
"3,205","82,163",25,202315,"August 1, 2025, 11:23 AM","August 1, 2025, 11:23 AM",,"January 1, +1000000000, 12:00 AM",,0
"3,206","90,051",11,107389,"August 1, 2025, 11:23 AM","August 1, 2025, 11:23 AM",,"January 1, +1000000000, 12:00 AM",,0
"3,207","89,782",18,4944,"August 1, 2025, 11:23 AM","August 1, 2025, 11:23 AM",,"January 1, +1000000000, 12:00 AM",,0
"3,208","85,828",25,208700,"August 1, 2025, 11:23 AM","August 1, 2025, 11:23 AM",,"January 1, +1000000000, 12:00 AM",,0
"3,209","87,997",45,10929,"August 1, 2025, 11:23 AM","August 1, 2025, 11:23 AM",,"January 1, +1000000000, 12:00 AM",,0
"3,210","81,968",25,210164,"August 1, 2025, 11:23 AM","August 1, 2025, 11:23 AM",,"January 1, +1000000000, 12:00 AM",,0
"3,211","83,815",45,14676,"August 1, 2025, 11:23 AM","August 1, 2025, 11:23 AM",,"January 1, +1000000000, 12:00 AM",,0
"3,213","87,223",44,105683,"August 1, 2025, 11:23 AM","August 1, 2025, 11:23 AM",,"January 1, +1000000000, 12:00 AM",,0
"3,214","90,189",45,34912,"August 1, 2025, 11:23 AM","August 1, 2025, 11:23 AM",,"January 1, +1000000000, 12:00 AM",,0
"3,215","83,685",45,19348,"August 1, 2025, 11:23 AM","August 1, 2025, 11:23 AM",,"January 1, +1000000000, 12:00 AM",,0
"3,216","89,430",45,22139,"August 1, 2025, 11:23 AM","August 1, 2025, 11:23 AM",,"January 1, +1000000000, 12:00 AM",,0
"3,217","86,436",45,10996,"August 1, 2025, 11:23 AM","August 1, 2025, 11:23 AM",,"January 1, +1000000000, 12:00 AM",,0
"3,218","83,177",25,251457,"August 1, 2025, 11:23 AM","August 1, 2025, 11:23 AM",,"January 1, +1000000000, 12:00 AM",,0
"3,219","84,188",25,202859,"August 1, 2025, 11:23 AM","August 1, 2025, 11:23 AM",,"January 1, +1000000000, 12:00 AM",,0
"3,220","86,748",44,105851,"August 1, 2025, 11:23 AM","August 1, 2025, 11:23 AM",,"January 1, +1000000000, 12:00 AM",,0
"3,221","86,477",44,106041,"August 1, 2025, 11:23 AM","August 1, 2025, 11:23 AM",,"January 1, +1000000000, 12:00 AM",,0
"3,222","89,572",45,37414,"August 1, 2025, 11:23 AM","August 1, 2025, 11:23 AM",,"January 1, +1000000000, 12:00 AM",,0
"3,223","89,530",42,2363,"August 1, 2025, 11:23 AM","August 1, 2025, 11:23 AM",,"January 1, +1000000000, 12:00 AM",,0
"3,224","89,571",45,25770,"August 1, 2025, 11:23 AM","August 1, 2025, 11:23 AM",,"January 1, +1000000000, 12:00 AM",,0
"3,225","85,791",25,250288,"August 1, 2025, 11:23 AM","August 1, 2025, 11:23 AM",,"January 1, +1000000000, 12:00 AM",,0
"3,227","89,694",45,25483,"August 1, 2025, 11:23 AM","August 1, 2025, 11:23 AM",,"January 1, +1000000000, 12:00 AM",,0
"3,228","89,694",45,26069,"August 1, 2025, 11:23 AM","August 1, 2025, 11:23 AM",,"January 1, +1000000000, 12:00 AM",,0
"3,229","89,694",45,25485,"August 1, 2025, 11:23 AM","August 1, 2025, 11:23 AM",,"January 1, +1000000000, 12:00 AM",,0
"3,230","89,694",45,25484,"August 1, 2025, 11:23 AM","August 1, 2025, 11:23 AM",,"January 1, +1000000000, 12:00 AM",,0
"3,226","88,484",45,19998,"August 1, 2025, 11:23 AM","August 1, 2025, 11:23 AM",,"January 1, +1000000000, 12:00 AM",,0
"3,151","89,604",45,26122,"August 1, 2025, 11:23 AM","August 1, 2025, 11:23 AM",,"January 1, +1000000000, 12:00 AM",,0
"3,233","89,045",45,10830,"August 1, 2025, 11:23 AM","August 1, 2025, 11:23 AM",,"January 1, +1000000000, 12:00 AM",,0
"3,234","85,822",25,251520,"August 1, 2025, 11:23 AM","August 1, 2025, 11:23 AM",,"January 1, +1000000000, 12:00 AM",,0
"3,237","90,254",45,36065,"August 1, 2025, 11:23 AM","August 1, 2025, 11:23 AM",,"January 1, +1000000000, 12:00 AM",,0
"3,238","87,320",44,105641,"August 1, 2025, 11:23 AM","August 1, 2025, 11:23 AM",,"January 1, +1000000000, 12:00 AM",,0
"3,239","82,437",12,486815,"August 1, 2025, 11:23 AM","August 1, 2025, 11:23 AM",,"January 1, +1000000000, 12:00 AM",,0
"3,242","82,830",25,210081,"August 1, 2025, 11:23 AM","August 1, 2025, 11:23 AM",,"January 1, +1000000000, 12:00 AM",,0
"3,243","89,501",45,35421,"August 1, 2025, 11:23 AM","August 1, 2025, 11:23 AM",,"January 1, +1000000000, 12:00 AM",,0
"3,244","89,864",45,33876,"August 1, 2025, 11:23 AM","August 1, 2025, 11:23 AM",,"January 1, +1000000000, 12:00 AM",,0
"3,245","83,940",11,106873,"August 1, 2025, 11:23 AM","August 1, 2025, 11:23 AM",,"January 1, +1000000000, 12:00 AM",,0
"3,246","89,130",45,26686,"August 1, 2025, 11:23 AM","August 1, 2025, 11:23 AM",,"January 1, +1000000000, 12:00 AM",,0
"3,247","84,457",44,102026,"August 1, 2025, 11:23 AM","August 1, 2025, 11:23 AM",,"January 1, +1000000000, 12:00 AM",,0
"3,248","87,788",34,2731,"August 1, 2025, 11:23 AM","August 1, 2025, 11:23 AM",,"January 1, +1000000000, 12:00 AM",,0
"3,249","87,713",25,251502,"August 1, 2025, 11:23 AM","August 1, 2025, 11:23 AM",,"January 1, +1000000000, 12:00 AM",,0
"3,254","86,435",36,2112,"August 1, 2025, 11:23 AM","August 1, 2025, 11:23 AM",,"January 1, +1000000000, 12:00 AM",,0
"3,255","89,829",45,18006,"August 1, 2025, 11:23 AM","August 1, 2025, 11:23 AM",,"January 1, +1000000000, 12:00 AM",,0
"3,256","89,853",45,27036,"August 1, 2025, 11:23 AM","August 1, 2025, 11:23 AM",,"January 1, +1000000000, 12:00 AM",,0
"3,257","88,965",45,10258,"August 1, 2025, 11:23 AM","August 1, 2025, 11:23 AM",,"January 1, +1000000000, 12:00 AM",,0
"3,258","83,937",12,598700,"August 1, 2025, 11:23 AM","August 1, 2025, 11:23 AM",,"January 1, +1000000000, 12:00 AM",,0
"3,259","89,014",45,14401,"August 1, 2025, 11:23 AM","August 1, 2025, 11:23 AM",,"January 1, +1000000000, 12:00 AM",,0
"3,260","89,595",11,30158,"August 1, 2025, 11:23 AM","August 1, 2025, 11:23 AM",,"January 1, +1000000000, 12:00 AM",,0
"3,261","85,052",25,150316,"August 1, 2025, 11:23 AM","August 1, 2025, 11:23 AM",,"January 1, +1000000000, 12:00 AM",,0
"3,262","85,628",18,1403,"August 1, 2025, 11:23 AM","August 1, 2025, 11:23 AM",,"January 1, +1000000000, 12:00 AM",,0
"3,263","82,995",45,25602,"August 1, 2025, 11:23 AM","August 1, 2025, 11:23 AM",,"January 1, +1000000000, 12:00 AM",,0
"3,264","88,488",45,37618,"August 1, 2025, 11:23 AM","August 1, 2025, 11:23 AM",,"January 1, +1000000000, 12:00 AM",,0
"3,265","82,189",18,213,"August 1, 2025, 11:23 AM","August 1, 2025, 11:23 AM",,"January 1, +1000000000, 12:00 AM",,0
"3,266","88,320",45,22287,"August 1, 2025, 11:23 AM","August 1, 2025, 11:23 AM",,"January 1, +1000000000, 12:00 AM",,0
"3,267","89,565",45,23613,"August 1, 2025, 11:23 AM","August 1, 2025, 11:23 AM",,"January 1, +1000000000, 12:00 AM",,0
"3,268","88,319",45,22820,"August 1, 2025, 11:23 AM","August 1, 2025, 11:23 AM",,"January 1, +1000000000, 12:00 AM",,0
"3,269","83,346",24,7517,"August 1, 2025, 11:23 AM","August 1, 2025, 11:23 AM",,"January 1, +1000000000, 12:00 AM",,0
"3,270","83,252",44,106026,"August 1, 2025, 11:23 AM","August 1, 2025, 11:23 AM",,"January 1, +1000000000, 12:00 AM",,0
"3,271","88,448",12,884801,"August 1, 2025, 11:23 AM","August 1, 2025, 11:23 AM",,"January 1, +1000000000, 12:00 AM",,0
"3,272","87,721",44,106188,"August 1, 2025, 11:23 AM","August 1, 2025, 11:23 AM",,"January 1, +1000000000, 12:00 AM",,0
"3,273","88,318",45,20781,"August 1, 2025, 11:23 AM","August 1, 2025, 11:23 AM",,"January 1, +1000000000, 12:00 AM",,0
"3,274","83,613",25,250867,"August 1, 2025, 11:23 AM","August 1, 2025, 11:23 AM",,"January 1, +1000000000, 12:00 AM",,0
"3,275","89,053",35,14321,"August 1, 2025, 11:23 AM","August 1, 2025, 11:23 AM",,"January 1, +1000000000, 12:00 AM",,0
"3,276","83,366",18,466,"August 1, 2025, 11:23 AM","August 1, 2025, 11:23 AM",,"January 1, +1000000000, 12:00 AM",,0
"3,277","84,465",36,1941,"August 1, 2025, 11:23 AM","August 1, 2025, 11:23 AM",,"January 1, +1000000000, 12:00 AM",,0
"3,278","82,773",45,14748,"August 1, 2025, 11:23 AM","August 1, 2025, 11:23 AM",,"January 1, +1000000000, 12:00 AM",,0
"3,279","84,388",25,250121,"August 1, 2025, 11:23 AM","August 1, 2025, 11:23 AM",,"January 1, +1000000000, 12:00 AM",,0
"3,280","89,374",42,3233,"August 1, 2025, 11:23 AM","August 1, 2025, 11:23 AM",,"January 1, +1000000000, 12:00 AM",,0
"3,281","84,257",25,150910,"August 1, 2025, 11:23 AM","August 1, 2025, 11:23 AM",,"January 1, +1000000000, 12:00 AM",,0
"3,282","89,198",12,5559101,"August 1, 2025, 11:23 AM","August 1, 2025, 11:23 AM",,"January 1, +1000000000, 12:00 AM",,0
"3,284","88,461",34,3536,"August 1, 2025, 11:23 AM","August 1, 2025, 11:23 AM",,"January 1, +1000000000, 12:00 AM",,0
"3,285","87,817",11,4656,"August 1, 2025, 11:23 AM","August 1, 2025, 11:23 AM",,"January 1, +1000000000, 12:00 AM",,0
"3,286","87,094",45,22680,"August 1, 2025, 11:23 AM","August 1, 2025, 11:23 AM",,"January 1, +1000000000, 12:00 AM",,0
"3,287","88,831",11,4055,"August 1, 2025, 11:23 AM","August 1, 2025, 11:23 AM",,"January 1, +1000000000, 12:00 AM",,0
"3,288","87,375",44,105923,"August 1, 2025, 11:23 AM","August 1, 2025, 11:23 AM",,"January 1, +1000000000, 12:00 AM",,0
"3,289","85,332",36,1770,"August 1, 2025, 11:23 AM","August 1, 2025, 11:23 AM",,"January 1, +1000000000, 12:00 AM",,0
"3,291","82,539",42,2033,"August 1, 2025, 11:23 AM","August 1, 2025, 11:23 AM",,"January 1, +1000000000, 12:00 AM",,0
"3,292","88,895",18,2284,"August 1, 2025, 11:23 AM","August 1, 2025, 11:23 AM",,"January 1, +1000000000, 12:00 AM",,0
"3,293","89,005",24,1094,"August 1, 2025, 11:23 AM","August 1, 2025, 11:23 AM",,"January 1, +1000000000, 12:00 AM",,0
"3,294","84,388",25,251447,"August 1, 2025, 11:23 AM","August 1, 2025, 11:23 AM",,"January 1, +1000000000, 12:00 AM",,0
"3,295","84,888",36,3714,"August 1, 2025, 11:23 AM","August 1, 2025, 11:23 AM",,"January 1, +1000000000, 12:00 AM",,0
"3,296","89,449",45,22067,"August 1, 2025, 11:23 AM","August 1, 2025, 11:23 AM",,"January 1, +1000000000, 12:00 AM",,0
"3,297","82,439",45,25437,"August 1, 2025, 11:23 AM","August 1, 2025, 11:23 AM",,"January 1, +1000000000, 12:00 AM",,0
"3,298","85,255",36,1426,"August 1, 2025, 11:23 AM","August 1, 2025, 11:23 AM",,"January 1, +1000000000, 12:00 AM",,0
"3,299","82,097",36,1642,"August 1, 2025, 11:23 AM","August 1, 2025, 11:23 AM",,"January 1, +1000000000, 12:00 AM",,0
"3,300","88,431",36,3670,"August 1, 2025, 11:23 AM","August 1, 2025, 11:23 AM",,"January 1, +1000000000, 12:00 AM",,0
"3,301","88,428",12,2025410,"August 1, 2025, 11:23 AM","August 1, 2025, 11:23 AM",,"January 1, +1000000000, 12:00 AM",,0
"3,302","88,473",45,13526,"August 1, 2025, 11:23 AM","August 1, 2025, 11:23 AM",,"January 1, +1000000000, 12:00 AM",,0
"3,303","82,725",45,23884,"August 1, 2025, 11:23 AM","August 1, 2025, 11:23 AM",,"January 1, +1000000000, 12:00 AM",,0
"3,304","82,780",24,3237,"August 1, 2025, 11:23 AM","August 1, 2025, 11:23 AM",,"January 1, +1000000000, 12:00 AM",,0
"3,305","84,005",18,454,"August 1, 2025, 11:23 AM","August 1, 2025, 11:23 AM",,"January 1, +1000000000, 12:00 AM",,0
"3,307","90,298",11,103431,"August 1, 2025, 11:23 AM","August 1, 2025, 11:23 AM",,"January 1, +1000000000, 12:00 AM",,0
"3,308","86,550",25,251403,"August 1, 2025, 11:23 AM","August 1, 2025, 11:23 AM",,"January 1, +1000000000, 12:00 AM",,0
"3,309","89,025",18,3140,"August 1, 2025, 11:23 AM","August 1, 2025, 11:23 AM",,"January 1, +1000000000, 12:00 AM",,0
"3,310","83,535",44,106021,"August 1, 2025, 11:23 AM","August 1, 2025, 11:23 AM",,"January 1, +1000000000, 12:00 AM",,0
"3,311","88,400",34,5537,"August 1, 2025, 11:23 AM","August 1, 2025, 11:23 AM",,"January 1, +1000000000, 12:00 AM",,0
"3,312","81,922",45,12308,"August 1, 2025, 11:23 AM","August 1, 2025, 11:23 AM",,"January 1, +1000000000, 12:00 AM",,0
"3,313","83,842",24,1081,"August 1, 2025, 11:23 AM","August 1, 2025, 11:23 AM",,"January 1, +1000000000, 12:00 AM",,0
"3,314","85,182",36,2349,"August 1, 2025, 11:23 AM","August 1, 2025, 11:23 AM",,"January 1, +1000000000, 12:00 AM",,0
"3,315","88,408",45,10550,"August 1, 2025, 11:23 AM","August 1, 2025, 11:23 AM",,"January 1, +1000000000, 12:00 AM",,0
"3,316","88,765",11,4692,"August 1, 2025, 11:23 AM","August 1, 2025, 11:23 AM",,"January 1, +1000000000, 12:00 AM",,0
"3,317","89,793",10,1116,"August 1, 2025, 11:23 AM","August 1, 2025, 11:23 AM",,"January 1, +1000000000, 12:00 AM",,0
"3,318","87,555",44,106038,"August 1, 2025, 11:23 AM","August 1, 2025, 11:23 AM",,"January 1, +1000000000, 12:00 AM",,0
"3,319","85,373",45,19236,"August 1, 2025, 11:23 AM","August 1, 2025, 11:23 AM",,"January 1, +1000000000, 12:00 AM",,0
"3,320","83,176",44,105934,"August 1, 2025, 11:23 AM","August 1, 2025, 11:23 AM",,"January 1, +1000000000, 12:00 AM",,0
"3,236","88,909",18,5998,"August 1, 2025, 11:23 AM","August 1, 2025, 11:23 AM",,"January 1, +1000000000, 12:00 AM",,0
"3,290","83,467",45,25458,"August 1, 2025, 11:23 AM","August 1, 2025, 11:23 AM",,"January 1, +1000000000, 12:00 AM",,0
"3,321","86,564",45,27861,"August 1, 2025, 11:23 AM","August 1, 2025, 11:23 AM",,"January 1, +1000000000, 12:00 AM",,0
"3,322","87,636",36,5771,"August 1, 2025, 11:23 AM","August 1, 2025, 11:23 AM",,"January 1, +1000000000, 12:00 AM",,0
"3,323","82,944",34,1070,"August 1, 2025, 11:23 AM","August 1, 2025, 11:23 AM",,"January 1, +1000000000, 12:00 AM",,0
"3,324","88,180",11,8655,"August 1, 2025, 11:23 AM","August 1, 2025, 11:23 AM",,"January 1, +1000000000, 12:00 AM",,0
"3,325","90,250",34,5566,"August 1, 2025, 11:23 AM","August 1, 2025, 11:23 AM",,"January 1, +1000000000, 12:00 AM",,0
"3,326","87,459",45,12062,"August 1, 2025, 11:23 AM","August 1, 2025, 11:23 AM",,"January 1, +1000000000, 12:00 AM",,0
"3,327","90,211",34,5256,"August 1, 2025, 11:23 AM","August 1, 2025, 11:23 AM",,"January 1, +1000000000, 12:00 AM",,0
"3,328","85,927",18,5058,"August 1, 2025, 11:23 AM","August 1, 2025, 11:23 AM",,"January 1, +1000000000, 12:00 AM",,0
"3,329","85,084",11,4625,"August 1, 2025, 11:23 AM","August 1, 2025, 11:23 AM",,"January 1, +1000000000, 12:00 AM",,0
"3,330","83,615",34,1955,"August 1, 2025, 11:23 AM","August 1, 2025, 11:23 AM",,"January 1, +1000000000, 12:00 AM",,0
"3,331","84,809",42,2668,"August 1, 2025, 11:23 AM","August 1, 2025, 11:23 AM",,"January 1, +1000000000, 12:00 AM",,0
"3,332","90,021",42,2188,"August 1, 2025, 11:23 AM","August 1, 2025, 11:23 AM",,"January 1, +1000000000, 12:00 AM",,0
"3,333","85,418",24,4287,"August 1, 2025, 11:23 AM","August 1, 2025, 11:23 AM",,"January 1, +1000000000, 12:00 AM",,0
"3,334","90,253",11,12870,"August 1, 2025, 11:23 AM","August 1, 2025, 11:23 AM",,"January 1, +1000000000, 12:00 AM",,0
"3,335","82,770",34,2989,"August 1, 2025, 11:23 AM","August 1, 2025, 11:23 AM",,"January 1, +1000000000, 12:00 AM",,0
"3,336","89,879",12,9165701,"August 1, 2025, 11:23 AM","August 1, 2025, 11:23 AM",,"January 1, +1000000000, 12:00 AM",,0
"3,337","85,761",36,4098,"August 1, 2025, 11:23 AM","August 1, 2025, 11:23 AM",,"January 1, +1000000000, 12:00 AM",,0
"3,338","88,842",45,10776,"August 1, 2025, 11:23 AM","August 1, 2025, 11:23 AM",,"January 1, +1000000000, 12:00 AM",,0
"3,339","83,382",11,30437,"August 1, 2025, 11:23 AM","August 1, 2025, 11:23 AM",,"January 1, +1000000000, 12:00 AM",,0
"3,340","88,870",34,2540,"August 1, 2025, 11:23 AM","August 1, 2025, 11:23 AM",,"January 1, +1000000000, 12:00 AM",,0
"3,341","87,311",24,3731,"August 1, 2025, 11:23 AM","August 1, 2025, 11:23 AM",,"January 1, +1000000000, 12:00 AM",,0
"3,343","83,760",11,106839,"August 1, 2025, 11:23 AM","August 1, 2025, 11:23 AM",,"January 1, +1000000000, 12:00 AM",,0
"3,344","88,749",43,6076,"August 1, 2025, 11:23 AM","August 1, 2025, 11:23 AM",,"January 1, +1000000000, 12:00 AM",,0
"3,345","82,431",12,486819,"August 1, 2025, 11:23 AM","August 1, 2025, 11:23 AM",,"January 1, +1000000000, 12:00 AM",,0
"3,346","87,522",45,27963,"August 1, 2025, 11:23 AM","August 1, 2025, 11:23 AM",,"January 1, +1000000000, 12:00 AM",,0
"3,347","88,748",43,6068,"August 1, 2025, 11:23 AM","August 1, 2025, 11:23 AM",,"January 1, +1000000000, 12:00 AM",,0
"3,348","87,039",22,103261,"August 1, 2025, 11:23 AM","August 1, 2025, 11:23 AM",,"January 1, +1000000000, 12:00 AM",,0
"3,349","89,537",45,23121,"August 1, 2025, 11:23 AM","August 1, 2025, 11:23 AM",,"January 1, +1000000000, 12:00 AM",,0
"3,350","88,753",43,6227,"August 1, 2025, 11:23 AM","August 1, 2025, 11:23 AM",,"January 1, +1000000000, 12:00 AM",,0
"3,351","85,850",42,2969,"August 1, 2025, 11:23 AM","August 1, 2025, 11:23 AM",,"January 1, +1000000000, 12:00 AM",,0
"3,352","85,387",36,1837,"August 1, 2025, 11:23 AM","August 1, 2025, 11:23 AM",,"January 1, +1000000000, 12:00 AM",,0
"3,353","89,331",11,4436,"August 1, 2025, 11:23 AM","August 1, 2025, 11:23 AM",,"January 1, +1000000000, 12:00 AM",,0
"3,354","89,077",11,9668,"August 1, 2025, 11:23 AM","August 1, 2025, 11:23 AM",,"January 1, +1000000000, 12:00 AM",,0
"3,355","82,120",25,208459,"August 1, 2025, 11:23 AM","August 1, 2025, 11:23 AM",,"January 1, +1000000000, 12:00 AM",,0
"3,358","83,264",12,8803901,"August 1, 2025, 11:23 AM","August 1, 2025, 11:23 AM",,"January 1, +1000000000, 12:00 AM",,0
"3,359","84,083",25,251217,"August 1, 2025, 11:23 AM","August 1, 2025, 11:23 AM",,"January 1, +1000000000, 12:00 AM",,0
"3,360","85,350",36,3726,"August 1, 2025, 11:23 AM","August 1, 2025, 11:23 AM",,"January 1, +1000000000, 12:00 AM",,0
"3,361","88,810",45,14414,"August 1, 2025, 11:23 AM","August 1, 2025, 11:23 AM",,"January 1, +1000000000, 12:00 AM",,0
"3,362","88,288",18,4996,"August 1, 2025, 11:23 AM","August 1, 2025, 11:23 AM",,"January 1, +1000000000, 12:00 AM",,0
"3,363","82,439",11,109452,"August 1, 2025, 11:23 AM","August 1, 2025, 11:23 AM",,"January 1, +1000000000, 12:00 AM",,0
"3,364","88,285",18,4996,"August 1, 2025, 11:23 AM","August 1, 2025, 11:23 AM",,"January 1, +1000000000, 12:00 AM",,0
"3,365","82,111",25,171034,"August 1, 2025, 11:23 AM","August 1, 2025, 11:23 AM",,"January 1, +1000000000, 12:00 AM",,0
"3,366","89,515",45,23077,"August 1, 2025, 11:23 AM","August 1, 2025, 11:23 AM",,"January 1, +1000000000, 12:00 AM",,0
"3,367","83,273",25,212220,"August 1, 2025, 11:23 AM","August 1, 2025, 11:23 AM",,"January 1, +1000000000, 12:00 AM",,0
"3,368","88,006",10,291,"August 1, 2025, 11:23 AM","August 1, 2025, 11:23 AM",,"January 1, +1000000000, 12:00 AM",,0
"3,370","90,597",10,1323,"August 1, 2025, 11:23 AM","August 1, 2025, 11:23 AM",,"January 1, +1000000000, 12:00 AM",,0
"3,371","84,568",45,26907,"August 1, 2025, 11:23 AM","August 1, 2025, 11:23 AM",,"January 1, +1000000000, 12:00 AM",,0
"3,372","87,491",25,251203,"August 1, 2025, 11:23 AM","August 1, 2025, 11:23 AM",,"January 1, +1000000000, 12:00 AM",,0
"3,373","83,937",12,598701,"August 1, 2025, 11:23 AM","August 1, 2025, 11:23 AM",,"January 1, +1000000000, 12:00 AM",,0
"3,374","88,823",34,2583,"August 1, 2025, 11:23 AM","August 1, 2025, 11:23 AM",,"January 1, +1000000000, 12:00 AM",,0
"3,375","85,943",36,1593,"August 1, 2025, 11:23 AM","August 1, 2025, 11:23 AM",,"January 1, +1000000000, 12:00 AM",,0
"3,376","87,485",44,103833,"August 1, 2025, 11:23 AM","August 1, 2025, 11:23 AM",,"January 1, +1000000000, 12:00 AM",,0
"3,377","82,439",12,486822,"August 1, 2025, 11:23 AM","August 1, 2025, 11:23 AM",,"January 1, +1000000000, 12:00 AM",,0
"3,378","89,358",45,36526,"August 1, 2025, 11:23 AM","August 1, 2025, 11:23 AM",,"January 1, +1000000000, 12:00 AM",,0
"3,379","89,352",45,28248,"August 1, 2025, 11:23 AM","August 1, 2025, 11:23 AM",,"January 1, +1000000000, 12:00 AM",,0
"3,380","89,353",45,28124,"August 1, 2025, 11:23 AM","August 1, 2025, 11:23 AM",,"January 1, +1000000000, 12:00 AM",,0
"3,381","89,357",45,12067,"August 1, 2025, 11:23 AM","August 1, 2025, 11:23 AM",,"January 1, +1000000000, 12:00 AM",,0
"3,382","90,295",45,36355,"August 1, 2025, 11:23 AM","August 1, 2025, 11:23 AM",,"January 1, +1000000000, 12:00 AM",,0
"3,383","89,350",45,27242,"August 1, 2025, 11:23 AM","August 1, 2025, 11:23 AM",,"January 1, +1000000000, 12:00 AM",,0
"3,384","88,116",45,28253,"August 1, 2025, 11:23 AM","August 1, 2025, 11:23 AM",,"January 1, +1000000000, 12:00 AM",,0
"3,385","89,355",45,35943,"August 1, 2025, 11:23 AM","August 1, 2025, 11:23 AM",,"January 1, +1000000000, 12:00 AM",,0
"3,386","89,349",45,35942,"August 1, 2025, 11:23 AM","August 1, 2025, 11:23 AM",,"January 1, +1000000000, 12:00 AM",,0
"3,387","89,347",45,35941,"August 1, 2025, 11:23 AM","August 1, 2025, 11:23 AM",,"January 1, +1000000000, 12:00 AM",,0
"3,389","87,385",45,36395,"August 1, 2025, 11:23 AM","August 1, 2025, 11:23 AM",,"January 1, +1000000000, 12:00 AM",,0
"3,390","84,047",24,4183,"August 1, 2025, 11:23 AM","August 1, 2025, 11:23 AM",,"January 1, +1000000000, 12:00 AM",,0
"3,391","90,185",11,10648,"August 1, 2025, 11:23 AM","August 1, 2025, 11:23 AM",,"January 1, +1000000000, 12:00 AM",,0
"3,392","88,008",11,644,"August 1, 2025, 11:23 AM","August 1, 2025, 11:23 AM",,"January 1, +1000000000, 12:00 AM",,0
"3,393","89,360",45,36538,"August 1, 2025, 11:23 AM","August 1, 2025, 11:23 AM",,"January 1, +1000000000, 12:00 AM",,0
"3,394","89,356",45,12554,"August 1, 2025, 11:23 AM","August 1, 2025, 11:23 AM",,"January 1, +1000000000, 12:00 AM",,0
"3,395","88,117",45,10556,"August 1, 2025, 11:23 AM","August 1, 2025, 11:23 AM",,"January 1, +1000000000, 12:00 AM",,0
"3,396","89,296",45,20346,"August 1, 2025, 11:23 AM","August 1, 2025, 11:23 AM",,"January 1, +1000000000, 12:00 AM",,0
"3,397","82,439",42,3176,"August 1, 2025, 11:23 AM","August 1, 2025, 11:23 AM",,"January 1, +1000000000, 12:00 AM",,0
"3,398","89,346",45,18270,"August 1, 2025, 11:23 AM","August 1, 2025, 11:23 AM",,"January 1, +1000000000, 12:00 AM",,0
"3,399","87,145",45,19024,"August 1, 2025, 11:23 AM","August 1, 2025, 11:23 AM",,"January 1, +1000000000, 12:00 AM",,0
"3,400","82,113",25,202770,"August 1, 2025, 11:23 AM","August 1, 2025, 11:23 AM",,"January 1, +1000000000, 12:00 AM",,0
"3,401","85,463",36,1853,"August 1, 2025, 11:23 AM","August 1, 2025, 11:23 AM",,"January 1, +1000000000, 12:00 AM",,0
"3,402","89,424",43,4732,"August 1, 2025, 11:23 AM","August 1, 2025, 11:23 AM",,"January 1, +1000000000, 12:00 AM",,0
"3,403","89,134",45,17940,"August 1, 2025, 11:23 AM","August 1, 2025, 11:23 AM",,"January 1, +1000000000, 12:00 AM",,0
"3,406","81,891",11,105204,"August 1, 2025, 11:23 AM","August 1, 2025, 11:23 AM",,"January 1, +1000000000, 12:00 AM",,0
"3,407","89,487",45,22614,"August 1, 2025, 11:23 AM","August 1, 2025, 11:23 AM",,"January 1, +1000000000, 12:00 AM",,0
"3,408","90,140",45,35512,"August 1, 2025, 11:23 AM","August 1, 2025, 11:23 AM",,"January 1, +1000000000, 12:00 AM",,0
"3,388","89,351",45,10558,"August 1, 2025, 11:23 AM","August 1, 2025, 11:23 AM",,"January 1, +1000000000, 12:00 AM",,0
"3,409","89,186",45,19940,"August 1, 2025, 11:23 AM","August 1, 2025, 11:23 AM",,"January 1, +1000000000, 12:00 AM",,0
"3,412","90,556",45,26967,"August 1, 2025, 11:23 AM","August 1, 2025, 11:23 AM",,"January 1, +1000000000, 12:00 AM",,0
"3,413","83,913",25,251150,"August 1, 2025, 11:23 AM","August 1, 2025, 11:23 AM",,"January 1, +1000000000, 12:00 AM",,0
"3,414","82,880",45,21622,"August 1, 2025, 11:23 AM","August 1, 2025, 11:23 AM",,"January 1, +1000000000, 12:00 AM",,0
"3,415","82,880",12,6711601,"August 1, 2025, 11:23 AM","August 1, 2025, 11:23 AM",,"January 1, +1000000000, 12:00 AM",,0
"3,416","86,156",36,1372,"August 1, 2025, 11:23 AM","August 1, 2025, 11:23 AM",,"January 1, +1000000000, 12:00 AM",,0
"3,417","82,562",12,6137201,"August 1, 2025, 11:23 AM","August 1, 2025, 11:23 AM",,"January 1, +1000000000, 12:00 AM",,0
"3,418","89,057",35,14751,"August 1, 2025, 11:23 AM","August 1, 2025, 11:23 AM",,"January 1, +1000000000, 12:00 AM",,0
"3,419","82,894",18,556,"August 1, 2025, 11:23 AM","August 1, 2025, 11:23 AM",,"January 1, +1000000000, 12:00 AM",,0
"3,420","89,372",45,21189,"August 1, 2025, 11:23 AM","August 1, 2025, 11:23 AM",,"January 1, +1000000000, 12:00 AM",,0
"3,423","84,892",18,634,"August 1, 2025, 11:23 AM","August 1, 2025, 11:23 AM",,"January 1, +1000000000, 12:00 AM",,0
"3,424","89,844",45,27281,"August 1, 2025, 11:23 AM","August 1, 2025, 11:23 AM",,"January 1, +1000000000, 12:00 AM",,0
"3,425","89,232",45,19781,"August 1, 2025, 11:23 AM","August 1, 2025, 11:23 AM",,"January 1, +1000000000, 12:00 AM",,0
"3,426","89,705",44,200844,"August 1, 2025, 11:23 AM","August 1, 2025, 11:23 AM",,"January 1, +1000000000, 12:00 AM",,0
"3,427","88,191",34,3723,"August 1, 2025, 11:23 AM","August 1, 2025, 11:23 AM",,"January 1, +1000000000, 12:00 AM",,0
"3,428","89,081",43,5183,"August 1, 2025, 11:23 AM","August 1, 2025, 11:23 AM",,"January 1, +1000000000, 12:00 AM",,0
"3,429","89,540",24,3353,"August 1, 2025, 11:23 AM","August 1, 2025, 11:23 AM",,"January 1, +1000000000, 12:00 AM",,0
"3,430","88,635",11,151820,"August 1, 2025, 11:23 AM","August 1, 2025, 11:23 AM",,"January 1, +1000000000, 12:00 AM",,0
"3,431","82,454",18,441,"August 1, 2025, 11:23 AM","August 1, 2025, 11:23 AM",,"January 1, +1000000000, 12:00 AM",,0
"3,432","89,415",45,22272,"August 1, 2025, 11:23 AM","August 1, 2025, 11:23 AM",,"January 1, +1000000000, 12:00 AM",,0
"3,433","89,890",10,Z1098,"August 1, 2025, 11:23 AM","August 1, 2025, 11:23 AM",,"January 1, +1000000000, 12:00 AM",,0
"3,434","89,376",11,108248,"August 1, 2025, 11:23 AM","August 1, 2025, 11:23 AM",,"January 1, +1000000000, 12:00 AM",,0
"3,435","86,026",10,1067,"August 1, 2025, 11:23 AM","August 1, 2025, 11:23 AM",,"January 1, +1000000000, 12:00 AM",,0
"3,436","86,681",42,2819,"August 1, 2025, 11:23 AM","August 1, 2025, 11:23 AM",,"January 1, +1000000000, 12:00 AM",,0
"3,437","90,150",45,35170,"August 1, 2025, 11:23 AM","August 1, 2025, 11:23 AM",,"January 1, +1000000000, 12:00 AM",,0
"3,438","87,233",36,2269,"August 1, 2025, 11:23 AM","August 1, 2025, 11:23 AM",,"January 1, +1000000000, 12:00 AM",,0
"3,439","84,474",36,4121,"August 1, 2025, 11:23 AM","August 1, 2025, 11:23 AM",,"January 1, +1000000000, 12:00 AM",,0
"3,440","83,035",25,208489,"August 1, 2025, 11:23 AM","August 1, 2025, 11:23 AM",,"January 1, +1000000000, 12:00 AM",,0
"3,441","84,583",42,495,"August 1, 2025, 11:23 AM","August 1, 2025, 11:23 AM",,"January 1, +1000000000, 12:00 AM",,0
"3,442","85,745",36,1435,"August 1, 2025, 11:23 AM","August 1, 2025, 11:23 AM",,"January 1, +1000000000, 12:00 AM",,0
"3,443","87,118",45,36139,"August 1, 2025, 11:23 AM","August 1, 2025, 11:23 AM",,"January 1, +1000000000, 12:00 AM",,0
"3,444","82,375",45,12494,"August 1, 2025, 11:23 AM","August 1, 2025, 11:23 AM",,"January 1, +1000000000, 12:00 AM",,0
"3,445","82,403",25,200399,"August 1, 2025, 11:23 AM","August 1, 2025, 11:23 AM",,"January 1, +1000000000, 12:00 AM",,0
"3,446","87,657",44,106037,"August 1, 2025, 11:23 AM","August 1, 2025, 11:23 AM",,"January 1, +1000000000, 12:00 AM",,0
"3,447","90,263",42,3565,"August 1, 2025, 11:23 AM","August 1, 2025, 11:23 AM",,"January 1, +1000000000, 12:00 AM",,0
"3,448","87,789",42,3561,"August 1, 2025, 11:23 AM","August 1, 2025, 11:23 AM",,"January 1, +1000000000, 12:00 AM",,0
"3,449","89,383",45,21304,"August 1, 2025, 11:23 AM","August 1, 2025, 11:23 AM",,"January 1, +1000000000, 12:00 AM",,0
"3,450","90,592",42,284,"August 1, 2025, 11:23 AM","August 1, 2025, 11:23 AM",,"January 1, +1000000000, 12:00 AM",,0
"3,451","87,042",42,3401,"August 1, 2025, 11:23 AM","August 1, 2025, 11:23 AM",,"January 1, +1000000000, 12:00 AM",,0
"3,452","82,936",42,3154,"August 1, 2025, 11:23 AM","August 1, 2025, 11:23 AM",,"January 1, +1000000000, 12:00 AM",,0
"3,453","90,593",42,3539,"August 1, 2025, 11:23 AM","August 1, 2025, 11:23 AM",,"January 1, +1000000000, 12:00 AM",,0
"3,454","90,264",45,36115,"August 1, 2025, 11:23 AM","August 1, 2025, 11:23 AM",,"January 1, +1000000000, 12:00 AM",,0
"3,455","83,600",18,2844,"August 1, 2025, 11:23 AM","August 1, 2025, 11:23 AM",,"January 1, +1000000000, 12:00 AM",,0
"3,456","90,079",42,3509,"August 1, 2025, 11:23 AM","August 1, 2025, 11:23 AM",,"January 1, +1000000000, 12:00 AM",,0
"3,457","87,043",42,3485,"August 1, 2025, 11:23 AM","August 1, 2025, 11:23 AM",,"January 1, +1000000000, 12:00 AM",,0
"3,458","82,935",42,3330,"August 1, 2025, 11:23 AM","August 1, 2025, 11:23 AM",,"January 1, +1000000000, 12:00 AM",,0
"3,459","90,078",42,2533,"August 1, 2025, 11:23 AM","August 1, 2025, 11:23 AM",,"January 1, +1000000000, 12:00 AM",,0
"3,460","85,831",18,1642,"August 1, 2025, 11:23 AM","August 1, 2025, 11:23 AM",,"January 1, +1000000000, 12:00 AM",,0
"3,461","86,775",45,21454,"August 1, 2025, 11:23 AM","August 1, 2025, 11:23 AM",,"January 1, +1000000000, 12:00 AM",,0
"3,462","89,663",45,26710,"August 1, 2025, 11:23 AM","August 1, 2025, 11:23 AM",,"January 1, +1000000000, 12:00 AM",,0
"3,463","87,702",44,106113,"August 1, 2025, 11:23 AM","August 1, 2025, 11:23 AM",,"January 1, +1000000000, 12:00 AM",,0
"3,464","90,163",45,28113,"August 1, 2025, 11:23 AM","August 1, 2025, 11:23 AM",,"January 1, +1000000000, 12:00 AM",,0
"3,465","85,749",36,762,"August 1, 2025, 11:23 AM","August 1, 2025, 11:23 AM",,"January 1, +1000000000, 12:00 AM",,0
"3,466","88,156",42,320,"August 1, 2025, 11:23 AM","August 1, 2025, 11:23 AM",,"January 1, +1000000000, 12:00 AM",,0
"3,467","81,708",45,21803,"August 1, 2025, 11:23 AM","August 1, 2025, 11:23 AM",,"January 1, +1000000000, 12:00 AM",,0
"3,468","88,737",45,24792,"August 1, 2025, 11:23 AM","August 1, 2025, 11:23 AM",,"January 1, +1000000000, 12:00 AM",,0
"3,469","89,670",18,5052,"August 1, 2025, 11:23 AM","August 1, 2025, 11:23 AM",,"January 1, +1000000000, 12:00 AM",,0
"3,470","85,460",22,100835,"August 1, 2025, 11:23 AM","August 1, 2025, 11:23 AM",,"January 1, +1000000000, 12:00 AM",,0
"3,471","82,842",36,2792,"August 1, 2025, 11:23 AM","August 1, 2025, 11:23 AM",,"January 1, +1000000000, 12:00 AM",,0
"3,472","85,458",18,2586,"August 1, 2025, 11:23 AM","August 1, 2025, 11:23 AM",,"January 1, +1000000000, 12:00 AM",,0
"3,473","86,433",34,397,"August 1, 2025, 11:23 AM","August 1, 2025, 11:23 AM",,"January 1, +1000000000, 12:00 AM",,0
"3,476","88,040",11,9801,"August 1, 2025, 11:23 AM","August 1, 2025, 11:23 AM",,"January 1, +1000000000, 12:00 AM",,0
"3,477","89,261",45,24625,"August 1, 2025, 11:23 AM","August 1, 2025, 11:23 AM",,"January 1, +1000000000, 12:00 AM",,0
"3,478","88,371",42,1760,"August 1, 2025, 11:23 AM","August 1, 2025, 11:23 AM",,"January 1, +1000000000, 12:00 AM",,0
"3,479","88,745",12,5849101,"August 1, 2025, 11:23 AM","August 1, 2025, 11:23 AM",,"January 1, +1000000000, 12:00 AM",,0
"3,481","81,785",45,35291,"August 1, 2025, 11:23 AM","August 1, 2025, 11:23 AM",,"January 1, +1000000000, 12:00 AM",,0
"3,482","88,477",45,13805,"August 1, 2025, 11:23 AM","August 1, 2025, 11:23 AM",,"January 1, +1000000000, 12:00 AM",,0
"3,483","83,683",18,3064,"August 1, 2025, 11:23 AM","August 1, 2025, 11:23 AM",,"January 1, +1000000000, 12:00 AM",,0
"3,484","87,592",18,5406,"August 1, 2025, 11:23 AM","August 1, 2025, 11:23 AM",,"January 1, +1000000000, 12:00 AM",,0
"3,485","90,510",45,18311,"August 1, 2025, 11:23 AM","August 1, 2025, 11:23 AM",,"January 1, +1000000000, 12:00 AM",,0
"3,486","87,631",12,100699,"August 1, 2025, 11:23 AM","August 1, 2025, 11:23 AM",,"January 1, +1000000000, 12:00 AM",,0
"3,487","85,349",36,1710,"August 1, 2025, 11:23 AM","August 1, 2025, 11:23 AM",,"January 1, +1000000000, 12:00 AM",,0
"3,488","88,479",45,13813,"August 1, 2025, 11:23 AM","August 1, 2025, 11:23 AM",,"January 1, +1000000000, 12:00 AM",,0
"3,489","86,005",10,L1363,"August 1, 2025, 11:23 AM","August 1, 2025, 11:23 AM",,"January 1, +1000000000, 12:00 AM",,0
"3,490","87,204",34,5570,"August 1, 2025, 11:23 AM","August 1, 2025, 11:23 AM",,"January 1, +1000000000, 12:00 AM",,0
"3,491","81,822",22,100179,"August 1, 2025, 11:23 AM","August 1, 2025, 11:23 AM",,"January 1, +1000000000, 12:00 AM",,0
"3,492","87,865",11,111158,"August 1, 2025, 11:23 AM","August 1, 2025, 11:23 AM",,"January 1, +1000000000, 12:00 AM",,0
"3,493","86,649",44,105679,"August 1, 2025, 11:23 AM","August 1, 2025, 11:23 AM",,"January 1, +1000000000, 12:00 AM",,0
"3,494","83,885",25,250603,"August 1, 2025, 11:23 AM","August 1, 2025, 11:23 AM",,"January 1, +1000000000, 12:00 AM",,0
"3,496","86,310",45,19238,"August 1, 2025, 11:23 AM","August 1, 2025, 11:23 AM",,"January 1, +1000000000, 12:00 AM",,0
"3,495","83,315",44,200660,"August 1, 2025, 11:23 AM","November 17, 2025, 12:55 AM",,"January 1, 2000, 12:00 AM",,0
"3,497","87,665",11,4765,"August 1, 2025, 11:23 AM","August 1, 2025, 11:23 AM",,"January 1, +1000000000, 12:00 AM",,0
"3,499","88,147",45,30124,"August 1, 2025, 11:23 AM","August 1, 2025, 11:23 AM",,"January 1, +1000000000, 12:00 AM",,0
"3,500","88,812",45,25371,"August 1, 2025, 11:23 AM","August 1, 2025, 11:23 AM",,"January 1, +1000000000, 12:00 AM",,0
"3,501","89,235",45,20153,"August 1, 2025, 11:23 AM","August 1, 2025, 11:23 AM",,"January 1, +1000000000, 12:00 AM",,0
"3,502","89,438",45,38012,"August 1, 2025, 11:23 AM","August 1, 2025, 11:23 AM",,"January 1, +1000000000, 12:00 AM",,0
"3,503","84,450",45,32079,"August 1, 2025, 11:23 AM","August 1, 2025, 11:23 AM",,"January 1, +1000000000, 12:00 AM",,0
"3,504","82,278",25,208299,"August 1, 2025, 11:23 AM","August 1, 2025, 11:23 AM",,"January 1, +1000000000, 12:00 AM",,0
"3,505","89,562",34,4227,"August 1, 2025, 11:23 AM","August 1, 2025, 11:23 AM",,"January 1, +1000000000, 12:00 AM",,0
"3,507","88,704",42,1748,"August 1, 2025, 11:23 AM","August 1, 2025, 11:23 AM",,"January 1, +1000000000, 12:00 AM",,0
"3,508","86,189",11,151176,"August 1, 2025, 11:23 AM","August 1, 2025, 11:23 AM",,"January 1, +1000000000, 12:00 AM",,0
"3,509","87,912",43,4880,"August 1, 2025, 11:23 AM","August 1, 2025, 11:23 AM",,"January 1, +1000000000, 12:00 AM",,0
"3,510","90,159",45,34442,"August 1, 2025, 11:23 AM","August 1, 2025, 11:23 AM",,"January 1, +1000000000, 12:00 AM",,0
"3,511","83,044",44,105973,"August 1, 2025, 11:23 AM","August 1, 2025, 11:23 AM",,"January 1, +1000000000, 12:00 AM",,0
"3,512","87,267",22,105432,"August 1, 2025, 11:23 AM","August 1, 2025, 11:23 AM",,"January 1, +1000000000, 12:00 AM",,0
"3,514","84,708",36,5736,"August 1, 2025, 11:23 AM","August 1, 2025, 11:23 AM",,"January 1, +1000000000, 12:00 AM",,0
"3,515","88,549",42,2228,"August 1, 2025, 11:23 AM","August 1, 2025, 11:23 AM",,"January 1, +1000000000, 12:00 AM",,0
"3,516","86,069",36,307,"August 1, 2025, 11:23 AM","August 1, 2025, 11:23 AM",,"January 1, +1000000000, 12:00 AM",,0
"3,517","88,494",10,Z476,"August 1, 2025, 11:23 AM","August 1, 2025, 11:23 AM",,"January 1, +1000000000, 12:00 AM",,0
"3,518","86,247",34,1150,"August 1, 2025, 11:23 AM","August 1, 2025, 11:23 AM",,"January 1, +1000000000, 12:00 AM",,0
"3,519","88,881",45,11217,"August 1, 2025, 11:23 AM","August 1, 2025, 11:23 AM",,"January 1, +1000000000, 12:00 AM",,0
"3,520","88,472",18,4731,"August 1, 2025, 11:23 AM","August 1, 2025, 11:23 AM",,"January 1, +1000000000, 12:00 AM",,0
"3,521","86,982",11,107297,"August 1, 2025, 11:23 AM","August 1, 2025, 11:23 AM",,"January 1, +1000000000, 12:00 AM",,0
"3,522","88,944",10,478,"August 1, 2025, 11:23 AM","August 1, 2025, 11:23 AM",,"January 1, +1000000000, 12:00 AM",,0
"3,523","89,044",24,1518,"August 1, 2025, 11:23 AM","August 1, 2025, 11:23 AM",,"January 1, +1000000000, 12:00 AM",,0
"3,524","86,040",45,15010,"August 1, 2025, 11:23 AM","August 1, 2025, 11:23 AM",,"January 1, +1000000000, 12:00 AM",,0
"3,525","82,277",25,208937,"August 1, 2025, 11:23 AM","August 1, 2025, 11:23 AM",,"January 1, +1000000000, 12:00 AM",,0
"3,526","81,962",22,104568,"August 1, 2025, 11:23 AM","August 1, 2025, 11:23 AM",,"January 1, +1000000000, 12:00 AM",,0
"3,527","81,957",25,154066,"August 1, 2025, 11:23 AM","August 1, 2025, 11:23 AM",,"January 1, +1000000000, 12:00 AM",,0
"3,528","84,648",25,200350,"August 1, 2025, 11:23 AM","August 1, 2025, 11:23 AM",,"January 1, +1000000000, 12:00 AM",,0
"3,529","90,122",25,200350,"August 1, 2025, 11:23 AM","August 1, 2025, 11:23 AM",,"January 1, +1000000000, 12:00 AM",,0
"3,530","85,442",18,1714,"August 1, 2025, 11:23 AM","August 1, 2025, 11:23 AM",,"January 1, +1000000000, 12:00 AM",,0
"3,531","87,298",12,9858401,"August 1, 2025, 11:23 AM","August 1, 2025, 11:23 AM",,"January 1, +1000000000, 12:00 AM",,0
"3,533","85,984",18,4425,"August 1, 2025, 11:23 AM","August 1, 2025, 11:23 AM",,"January 1, +1000000000, 12:00 AM",,0
"3,534","90,112",11,8753,"August 1, 2025, 11:23 AM","August 1, 2025, 11:23 AM",,"January 1, +1000000000, 12:00 AM",,0
"3,535","88,181",11,12985,"August 1, 2025, 11:23 AM","August 1, 2025, 11:23 AM",,"January 1, +1000000000, 12:00 AM",,0
"3,536","90,114",11,838,"August 1, 2025, 11:23 AM","August 1, 2025, 11:23 AM",,"January 1, +1000000000, 12:00 AM",,0
"3,537","90,111",11,1407,"August 1, 2025, 11:23 AM","August 1, 2025, 11:23 AM",,"January 1, +1000000000, 12:00 AM",,0
"3,539","89,081",34,274,"August 1, 2025, 11:23 AM","August 1, 2025, 11:23 AM",,"January 1, +1000000000, 12:00 AM",,0
"3,540","89,966",18,4278,"August 1, 2025, 11:23 AM","August 1, 2025, 11:23 AM",,"January 1, +1000000000, 12:00 AM",,0
"3,541","89,647",45,25814,"August 1, 2025, 11:23 AM","August 1, 2025, 11:23 AM",,"January 1, +1000000000, 12:00 AM",,0
"3,542","89,204",11,5780,"August 1, 2025, 11:23 AM","August 1, 2025, 11:23 AM",,"January 1, +1000000000, 12:00 AM",,0
"3,543","88,381",18,4314,"August 1, 2025, 11:23 AM","August 1, 2025, 11:23 AM",,"January 1, +1000000000, 12:00 AM",,0
"3,544","90,183",44,106098,"August 1, 2025, 11:23 AM","August 1, 2025, 11:23 AM",,"January 1, +1000000000, 12:00 AM",,0
"3,546","89,771",21,100858,"August 1, 2025, 11:23 AM","August 1, 2025, 11:23 AM",,"January 1, +1000000000, 12:00 AM",,0
"3,547","87,901",10,Y1169,"August 1, 2025, 11:23 AM","August 1, 2025, 11:23 AM",,"January 1, +1000000000, 12:00 AM",,0
"3,548","89,005",45,32880,"August 1, 2025, 11:23 AM","August 1, 2025, 11:23 AM",,"January 1, +1000000000, 12:00 AM",,0
"3,549","89,771",21,100853,"August 1, 2025, 11:23 AM","August 1, 2025, 11:23 AM",,"January 1, +1000000000, 12:00 AM",,0
"3,550","82,655",36,1421,"August 1, 2025, 11:23 AM","August 1, 2025, 11:23 AM",,"January 1, +1000000000, 12:00 AM",,0
"3,551","87,725",34,694,"August 1, 2025, 11:23 AM","August 1, 2025, 11:23 AM",,"January 1, +1000000000, 12:00 AM",,0
"3,552","88,496",10,6103,"August 1, 2025, 11:23 AM","August 1, 2025, 11:23 AM",,"January 1, +1000000000, 12:00 AM",,0
"3,553","88,720",10,C1140,"August 1, 2025, 11:23 AM","August 1, 2025, 11:23 AM",,"January 1, +1000000000, 12:00 AM",,0
"3,554","87,353",10,x1110,"August 1, 2025, 11:23 AM","August 1, 2025, 11:23 AM",,"January 1, +1000000000, 12:00 AM",,0
"3,555","88,840",45,18512,"August 1, 2025, 11:23 AM","August 1, 2025, 11:23 AM",,"January 1, +1000000000, 12:00 AM",,0
"3,556","88,839",45,18511,"August 1, 2025, 11:23 AM","August 1, 2025, 11:23 AM",,"January 1, +1000000000, 12:00 AM",,0
"3,557","82,860",11,7504,"August 1, 2025, 11:23 AM","August 1, 2025, 11:23 AM",,"January 1, +1000000000, 12:00 AM",,0
"3,558","83,124",11,115755,"August 1, 2025, 11:23 AM","August 1, 2025, 11:23 AM",,"January 1, +1000000000, 12:00 AM",,0
"3,559","86,242",36,782,"August 1, 2025, 11:23 AM","August 1, 2025, 11:23 AM",,"January 1, +1000000000, 12:00 AM",,0
"3,560","87,266",25,152027,"August 1, 2025, 11:23 AM","August 1, 2025, 11:23 AM",,"January 1, +1000000000, 12:00 AM",,0
"3,561","89,146",45,25692,"August 1, 2025, 11:23 AM","August 1, 2025, 11:23 AM",,"January 1, +1000000000, 12:00 AM",,0
"3,562","82,259",25,251202,"August 1, 2025, 11:23 AM","August 1, 2025, 11:23 AM",,"January 1, +1000000000, 12:00 AM",,0
"3,563","90,309",11,13703,"August 1, 2025, 11:23 AM","August 1, 2025, 11:23 AM",,"January 1, +1000000000, 12:00 AM",,0
"3,564","82,386",42,1652,"August 1, 2025, 11:23 AM","August 1, 2025, 11:23 AM",,"January 1, +1000000000, 12:00 AM",,0
"3,565","82,718",45,13491,"August 1, 2025, 11:23 AM","August 1, 2025, 11:23 AM",,"January 1, +1000000000, 12:00 AM",,0
"3,566","82,714",34,331,"August 1, 2025, 11:23 AM","August 1, 2025, 11:23 AM",,"January 1, +1000000000, 12:00 AM",,0
"3,567","85,767",22,102964,"August 1, 2025, 11:23 AM","August 1, 2025, 11:23 AM",,"January 1, +1000000000, 12:00 AM",,0
"3,568","87,057",18,72,"August 1, 2025, 11:23 AM","August 1, 2025, 11:23 AM",,"January 1, +1000000000, 12:00 AM",,0
"3,569","90,366",10,Z723,"August 1, 2025, 11:23 AM","August 1, 2025, 11:23 AM",,"January 1, +1000000000, 12:00 AM",,0
"3,571","88,491",45,19998,"August 1, 2025, 11:23 AM","August 1, 2025, 11:23 AM",,"January 1, +1000000000, 12:00 AM",,0
"3,572","85,559",11,4077,"August 1, 2025, 11:23 AM","August 1, 2025, 11:23 AM",,"January 1, +1000000000, 12:00 AM",,0
"3,573","82,873",11,151180,"August 1, 2025, 11:23 AM","August 1, 2025, 11:23 AM",,"January 1, +1000000000, 12:00 AM",,0
"3,574","88,398",11,7587,"August 1, 2025, 11:23 AM","August 1, 2025, 11:23 AM",,"January 1, +1000000000, 12:00 AM",,0
"3,575","87,896",45,14174,"August 1, 2025, 11:23 AM","August 1, 2025, 11:23 AM",,"January 1, +1000000000, 12:00 AM",,0
"3,577","82,988",18,394,"August 1, 2025, 11:23 AM","August 1, 2025, 11:23 AM",,"January 1, +1000000000, 12:00 AM",,0
"3,578","89,842",10,Z1080,"August 1, 2025, 11:23 AM","August 1, 2025, 11:23 AM",,"January 1, +1000000000, 12:00 AM",,0
"3,579","83,931",45,14403,"August 1, 2025, 11:23 AM","August 1, 2025, 11:23 AM",,"January 1, +1000000000, 12:00 AM",,0
"3,580","89,188",18,4705,"August 1, 2025, 11:23 AM","August 1, 2025, 11:23 AM",,"January 1, +1000000000, 12:00 AM",,0
"3,581","87,287",45,26561,"August 1, 2025, 11:23 AM","August 1, 2025, 11:23 AM",,"January 1, +1000000000, 12:00 AM",,0
"3,582","87,019",22,103703,"August 1, 2025, 11:23 AM","August 1, 2025, 11:23 AM",,"January 1, +1000000000, 12:00 AM",,0
"3,583","88,338",11,440,"August 1, 2025, 11:23 AM","August 1, 2025, 11:23 AM",,"January 1, +1000000000, 12:00 AM",,0
"3,584","85,833",34,9258,"August 1, 2025, 11:23 AM","August 1, 2025, 11:23 AM",,"January 1, +1000000000, 12:00 AM",,0
"3,498","89,465",25,151548,"August 1, 2025, 11:23 AM","August 1, 2025, 11:23 AM",,"January 1, +1000000000, 12:00 AM",,0
"3,538","90,472",11,108345,"August 1, 2025, 11:23 AM","August 1, 2025, 11:23 AM",,"January 1, +1000000000, 12:00 AM",,0
"3,506","88,061",42,468,"August 1, 2025, 11:23 AM","August 1, 2025, 11:23 AM",,"January 1, +1000000000, 12:00 AM",,0
"3,585","90,044",11,10455,"August 1, 2025, 11:23 AM","August 1, 2025, 11:23 AM",,"January 1, +1000000000, 12:00 AM",,0
"3,586","83,812",10,399,"August 1, 2025, 11:23 AM","August 1, 2025, 11:23 AM",,"January 1, +1000000000, 12:00 AM",,0
"3,587","87,974",11,6153,"August 1, 2025, 11:23 AM","August 1, 2025, 11:23 AM",,"January 1, +1000000000, 12:00 AM",,0
"3,588","88,518",10,Z394,"August 1, 2025, 11:23 AM","August 1, 2025, 11:23 AM",,"January 1, +1000000000, 12:00 AM",,0
"3,590","82,910",45,18173,"August 1, 2025, 11:23 AM","August 1, 2025, 11:23 AM",,"January 1, +1000000000, 12:00 AM",,0
"3,591","87,483",25,251465,"August 1, 2025, 11:23 AM","August 1, 2025, 11:23 AM",,"January 1, +1000000000, 12:00 AM",,0
"3,592","86,839",11,5465,"August 1, 2025, 11:23 AM","August 1, 2025, 11:23 AM",,"January 1, +1000000000, 12:00 AM",,0
"3,593","88,950",18,4438,"August 1, 2025, 11:23 AM","August 1, 2025, 11:23 AM",,"January 1, +1000000000, 12:00 AM",,0
"3,594","88,396",45,14888,"August 1, 2025, 11:23 AM","August 1, 2025, 11:23 AM",,"January 1, +1000000000, 12:00 AM",,0
"3,595","89,873",11,7131,"August 1, 2025, 11:23 AM","August 1, 2025, 11:23 AM",,"January 1, +1000000000, 12:00 AM",,0
"3,596","90,294",43,6222,"August 1, 2025, 11:23 AM","August 1, 2025, 11:23 AM",,"January 1, +1000000000, 12:00 AM",,0
"3,597","90,493",34,5557,"August 1, 2025, 11:23 AM","August 1, 2025, 11:23 AM",,"January 1, +1000000000, 12:00 AM",,0
"3,598","88,596",11,5267,"August 1, 2025, 11:23 AM","August 1, 2025, 11:23 AM",,"January 1, +1000000000, 12:00 AM",,0
"3,599","88,078",11,7571,"August 1, 2025, 11:23 AM","August 1, 2025, 11:23 AM",,"January 1, +1000000000, 12:00 AM",,0
"3,600","81,803",34,5684,"August 1, 2025, 11:23 AM","August 1, 2025, 11:23 AM",,"January 1, +1000000000, 12:00 AM",,0
"3,601","85,455",11,109300,"August 1, 2025, 11:23 AM","August 1, 2025, 11:23 AM",,"January 1, +1000000000, 12:00 AM",,0
"3,602","86,618",36,12,"August 1, 2025, 11:23 AM","August 1, 2025, 11:23 AM",,"January 1, +1000000000, 12:00 AM",,0
"3,603","84,346",36,1960,"August 1, 2025, 11:23 AM","August 1, 2025, 11:23 AM",,"January 1, +1000000000, 12:00 AM",,0
"3,604","86,491",9,7511,"August 1, 2025, 11:31 AM","August 1, 2025, 11:31 AM",,"January 1, +1000000000, 12:00 AM",,0
"3,605","90,237",9,9792,"August 1, 2025, 11:31 AM","August 1, 2025, 11:31 AM",,"January 1, +1000000000, 12:00 AM",,0
"3,606","85,210",9,1047,"August 1, 2025, 11:31 AM","August 1, 2025, 11:31 AM",,"January 1, +1000000000, 12:00 AM",,0
"3,607","87,553",9,8680,"August 1, 2025, 11:31 AM","August 1, 2025, 11:31 AM",,"January 1, +1000000000, 12:00 AM",,0
"3,608","84,502",9,9251,"August 1, 2025, 11:31 AM","August 1, 2025, 11:31 AM",,"January 1, +1000000000, 12:00 AM",,0
"3,609","82,582",9,5584,"August 1, 2025, 11:31 AM","August 1, 2025, 11:31 AM",,"January 1, +1000000000, 12:00 AM",,0
"3,610","87,644",9,9726,"August 1, 2025, 11:31 AM","August 1, 2025, 11:31 AM",,"January 1, +1000000000, 12:00 AM",,0
"3,611","85,423",9,7952,"August 1, 2025, 11:31 AM","August 1, 2025, 11:31 AM",,"January 1, +1000000000, 12:00 AM",,0
"3,612","87,567",9,8503,"August 1, 2025, 11:31 AM","August 1, 2025, 11:31 AM",,"January 1, +1000000000, 12:00 AM",,0
"3,613","87,130",9,7330,"August 1, 2025, 11:31 AM","August 1, 2025, 11:31 AM",,"January 1, +1000000000, 12:00 AM",,0
"3,615","83,380",9,7877,"August 1, 2025, 11:31 AM","August 1, 2025, 11:31 AM",,"January 1, +1000000000, 12:00 AM",,0
"3,616","82,302",9,1450,"August 1, 2025, 11:31 AM","August 1, 2025, 11:31 AM",,"January 1, +1000000000, 12:00 AM",,0
"3,617","87,510",9,7161,"August 1, 2025, 11:31 AM","August 1, 2025, 11:31 AM",,"January 1, +1000000000, 12:00 AM",,0
"3,618","85,728",9,8838,"August 1, 2025, 11:31 AM","August 1, 2025, 11:31 AM",,"January 1, +1000000000, 12:00 AM",,0
"3,619","83,924",9,4977,"August 1, 2025, 11:31 AM","August 1, 2025, 11:31 AM",,"January 1, +1000000000, 12:00 AM",,0
"3,620","84,015",9,10187,"August 1, 2025, 11:31 AM","August 1, 2025, 11:31 AM",,"January 1, +1000000000, 12:00 AM",,0
"3,621","87,226",9,7974,"August 1, 2025, 11:31 AM","August 1, 2025, 11:31 AM",,"January 1, +1000000000, 12:00 AM",,0
"3,622","84,971",9,393,"August 1, 2025, 11:31 AM","August 1, 2025, 11:31 AM",,"January 1, +1000000000, 12:00 AM",,0
"3,623","84,532",9,10544,"August 1, 2025, 11:31 AM","August 1, 2025, 11:31 AM",,"January 1, +1000000000, 12:00 AM",,0
"3,624","88,544",9,4424,"August 1, 2025, 11:31 AM","August 1, 2025, 11:31 AM",,"January 1, +1000000000, 12:00 AM",,0
"3,625","84,123",9,7679,"August 1, 2025, 11:31 AM","August 1, 2025, 11:31 AM",,"January 1, +1000000000, 12:00 AM",,0
"3,626","87,447",9,9396,"August 1, 2025, 11:31 AM","August 1, 2025, 11:31 AM",,"January 1, +1000000000, 12:00 AM",,0
"3,627","85,845",9,5146,"August 1, 2025, 11:31 AM","August 1, 2025, 11:31 AM",,"January 1, +1000000000, 12:00 AM",,0
"3,628","86,258",9,6431,"August 1, 2025, 11:31 AM","August 1, 2025, 11:31 AM",,"January 1, +1000000000, 12:00 AM",,0
"3,629","84,003",9,9094,"August 1, 2025, 11:31 AM","August 1, 2025, 11:31 AM",,"January 1, +1000000000, 12:00 AM",,0
"3,630","87,592",9,10468,"August 1, 2025, 11:31 AM","August 1, 2025, 11:31 AM",,"January 1, +1000000000, 12:00 AM",,0
"3,631","83,775",9,10706,"August 1, 2025, 11:31 AM","August 1, 2025, 11:31 AM",,"January 1, +1000000000, 12:00 AM",,0
"3,632","82,360",9,7395,"August 1, 2025, 11:31 AM","August 1, 2025, 11:31 AM",,"January 1, +1000000000, 12:00 AM",,0
"3,633","87,150",9,6049,"August 1, 2025, 11:31 AM","August 1, 2025, 11:31 AM",,"January 1, +1000000000, 12:00 AM",,0
"3,634","86,174",9,6556,"August 1, 2025, 11:31 AM","August 1, 2025, 11:31 AM",,"January 1, +1000000000, 12:00 AM",,0
"3,636","87,495",9,10076,"August 1, 2025, 11:31 AM","August 1, 2025, 11:31 AM",,"January 1, +1000000000, 12:00 AM",,0
"3,637","87,739",9,7017,"August 1, 2025, 11:31 AM","August 1, 2025, 11:31 AM",,"January 1, +1000000000, 12:00 AM",,0
"3,638","86,031",9,6207,"August 1, 2025, 11:31 AM","August 1, 2025, 11:31 AM",,"January 1, +1000000000, 12:00 AM",,0
"3,639","83,802",9,10611,"August 1, 2025, 11:31 AM","August 1, 2025, 11:31 AM",,"January 1, +1000000000, 12:00 AM",,0
"3,640","89,478",9,7106,"August 1, 2025, 11:31 AM","August 1, 2025, 11:31 AM",,"January 1, +1000000000, 12:00 AM",,0
"3,641","86,219",9,8146,"August 1, 2025, 11:31 AM","August 1, 2025, 11:31 AM",,"January 1, +1000000000, 12:00 AM",,0
"3,642","82,842",9,7905,"August 1, 2025, 11:31 AM","August 1, 2025, 11:31 AM",,"January 1, +1000000000, 12:00 AM",,0
"3,643","85,617",9,7390,"August 1, 2025, 11:31 AM","August 1, 2025, 11:31 AM",,"January 1, +1000000000, 12:00 AM",,0
"3,644","82,118",9,8957,"August 1, 2025, 11:31 AM","August 1, 2025, 11:31 AM",,"January 1, +1000000000, 12:00 AM",,0
"3,645","86,855",9,8776,"August 1, 2025, 11:31 AM","August 1, 2025, 11:31 AM",,"January 1, +1000000000, 12:00 AM",,0
"3,646","87,529",9,9182,"August 1, 2025, 11:31 AM","August 1, 2025, 11:31 AM",,"January 1, +1000000000, 12:00 AM",,0
"3,647","84,744",9,4861,"August 1, 2025, 11:31 AM","August 1, 2025, 11:31 AM",,"January 1, +1000000000, 12:00 AM",,0
"3,648","89,587",9,10504,"August 1, 2025, 11:31 AM","August 1, 2025, 11:31 AM",,"January 1, +1000000000, 12:00 AM",,0
"3,649","89,586",9,10505,"August 1, 2025, 11:31 AM","August 1, 2025, 11:31 AM",,"January 1, +1000000000, 12:00 AM",,0
"3,650","86,311",9,8420,"August 1, 2025, 11:31 AM","August 1, 2025, 11:31 AM",,"January 1, +1000000000, 12:00 AM",,0
"3,651","84,198",9,1456,"August 1, 2025, 11:31 AM","August 1, 2025, 11:31 AM",,"January 1, +1000000000, 12:00 AM",,0
"3,652","84,516",9,6408,"August 1, 2025, 11:31 AM","August 1, 2025, 11:31 AM",,"January 1, +1000000000, 12:00 AM",,0
"3,653","83,989",9,6929,"August 1, 2025, 11:31 AM","August 1, 2025, 11:31 AM",,"January 1, +1000000000, 12:00 AM",,0
"3,654","84,670",9,1414,"August 1, 2025, 11:31 AM","August 1, 2025, 11:31 AM",,"January 1, +1000000000, 12:00 AM",,0
"3,655","85,182",9,311,"August 1, 2025, 11:31 AM","August 1, 2025, 11:31 AM",,"January 1, +1000000000, 12:00 AM",,0
"3,656","84,261",9,5487,"August 1, 2025, 11:31 AM","August 1, 2025, 11:31 AM",,"January 1, +1000000000, 12:00 AM",,0
"3,657","87,200",9,10540,"August 1, 2025, 11:31 AM","August 1, 2025, 11:31 AM",,"January 1, +1000000000, 12:00 AM",,0
"3,658","90,581",9,9778,"August 1, 2025, 11:31 AM","August 1, 2025, 11:31 AM",,"January 1, +1000000000, 12:00 AM",,0
"3,659","85,833",9,9258,"August 1, 2025, 11:31 AM","August 1, 2025, 11:31 AM",,"January 1, +1000000000, 12:00 AM",,0
"3,660","87,224",9,6599,"August 1, 2025, 11:31 AM","August 1, 2025, 11:31 AM",,"January 1, +1000000000, 12:00 AM",,0
"3,661","86,206",9,606,"August 1, 2025, 11:31 AM","August 1, 2025, 11:31 AM",,"January 1, +1000000000, 12:00 AM",,0
"3,662","86,415",9,2987,"August 1, 2025, 11:31 AM","August 1, 2025, 11:31 AM",,"January 1, +1000000000, 12:00 AM",,0
"3,664","84,811",9,10525,"August 1, 2025, 11:31 AM","August 1, 2025, 11:31 AM",,"January 1, +1000000000, 12:00 AM",,0
"3,665","85,062",9,4661,"August 1, 2025, 11:31 AM","August 1, 2025, 11:31 AM",,"January 1, +1000000000, 12:00 AM",,0
"3,666","81,762",9,9242,"August 1, 2025, 11:31 AM","August 1, 2025, 11:31 AM",,"January 1, +1000000000, 12:00 AM",,0
"3,667","83,889",9,9498,"August 1, 2025, 11:31 AM","August 1, 2025, 11:31 AM",,"January 1, +1000000000, 12:00 AM",,0
"3,668","86,791",9,7821,"August 1, 2025, 11:31 AM","August 1, 2025, 11:31 AM",,"January 1, +1000000000, 12:00 AM",,0
"3,669","82,870",9,5178,"August 1, 2025, 11:31 AM","August 1, 2025, 11:31 AM",,"January 1, +1000000000, 12:00 AM",,0
"3,671","82,382",9,5859,"August 1, 2025, 11:31 AM","August 1, 2025, 11:31 AM",,"January 1, +1000000000, 12:00 AM",,0
"3,672","82,254",9,5587,"August 1, 2025, 11:31 AM","August 1, 2025, 11:31 AM",,"January 1, +1000000000, 12:00 AM",,0
"3,589","84,286",22,108194,"August 1, 2025, 11:23 AM","October 28, 2025, 9:49 PM",,"January 1, 2000, 12:00 AM",,0
"3,635","84,296",9,9161,"August 1, 2025, 11:31 AM","August 1, 2025, 11:31 AM",,"January 1, +1000000000, 12:00 AM",,0
"3,673","83,188",9,8939,"August 1, 2025, 11:31 AM","August 1, 2025, 11:31 AM",,"January 1, +1000000000, 12:00 AM",,0
"3,674","85,494",9,837,"August 1, 2025, 11:31 AM","August 1, 2025, 11:31 AM",,"January 1, +1000000000, 12:00 AM",,0
"3,675","83,074",9,5270,"August 1, 2025, 11:31 AM","August 1, 2025, 11:31 AM",,"January 1, +1000000000, 12:00 AM",,0
"3,676","87,315",9,6650,"August 1, 2025, 11:31 AM","August 1, 2025, 11:31 AM",,"January 1, +1000000000, 12:00 AM",,0
"3,678","85,337",9,9788,"August 1, 2025, 11:31 AM","August 1, 2025, 11:31 AM",,"January 1, +1000000000, 12:00 AM",,0
"3,679","84,037",9,5518,"August 1, 2025, 11:31 AM","August 1, 2025, 11:31 AM",,"January 1, +1000000000, 12:00 AM",,0
"3,680","86,599",9,8965,"August 1, 2025, 11:31 AM","August 1, 2025, 11:31 AM",,"January 1, +1000000000, 12:00 AM",,0
"3,682","87,577",9,10353,"August 1, 2025, 11:31 AM","August 1, 2025, 11:31 AM",,"January 1, +1000000000, 12:00 AM",,0
"3,683","86,309",9,6128,"August 1, 2025, 11:31 AM","August 1, 2025, 11:31 AM",,"January 1, +1000000000, 12:00 AM",,0
"3,684","87,425",9,9199,"August 1, 2025, 11:31 AM","August 1, 2025, 11:31 AM",,"January 1, +1000000000, 12:00 AM",,0
"3,685","86,239",9,5084,"August 1, 2025, 11:31 AM","August 1, 2025, 11:31 AM",,"January 1, +1000000000, 12:00 AM",,0
"3,686","89,090",9,10366,"August 1, 2025, 11:31 AM","August 1, 2025, 11:31 AM",,"January 1, +1000000000, 12:00 AM",,0
"3,687","85,418",9,10329,"August 1, 2025, 11:31 AM","August 1, 2025, 11:31 AM",,"January 1, +1000000000, 12:00 AM",,0
"3,688","85,400",9,4436,"August 1, 2025, 11:31 AM","August 1, 2025, 11:31 AM",,"January 1, +1000000000, 12:00 AM",,0
"3,689","83,800",9,7234,"August 1, 2025, 11:31 AM","August 1, 2025, 11:31 AM",,"January 1, +1000000000, 12:00 AM",,0
"3,690","87,354",9,8041,"August 1, 2025, 11:31 AM","August 1, 2025, 11:31 AM",,"January 1, +1000000000, 12:00 AM",,0
"3,691","86,346",9,4958,"August 1, 2025, 11:31 AM","August 1, 2025, 11:31 AM",,"January 1, +1000000000, 12:00 AM",,0
"3,692","85,369",9,7283,"August 1, 2025, 11:31 AM","August 1, 2025, 11:31 AM",,"January 1, +1000000000, 12:00 AM",,0
"3,693","89,585",9,10503,"August 1, 2025, 11:31 AM","August 1, 2025, 11:31 AM",,"January 1, +1000000000, 12:00 AM",,0
"3,694","89,588",9,10502,"August 1, 2025, 11:31 AM","August 1, 2025, 11:31 AM",,"January 1, +1000000000, 12:00 AM",,0
"3,695","81,880",9,152,"August 1, 2025, 11:31 AM","August 1, 2025, 11:31 AM",,"January 1, +1000000000, 12:00 AM",,0
"3,696","84,656",9,9980,"August 1, 2025, 11:31 AM","August 1, 2025, 11:31 AM",,"January 1, +1000000000, 12:00 AM",,0
"3,697","82,888",9,8962,"August 1, 2025, 11:31 AM","August 1, 2025, 11:31 AM",,"January 1, +1000000000, 12:00 AM",,0
"3,698","87,364",9,9739,"August 1, 2025, 11:31 AM","August 1, 2025, 11:31 AM",,"January 1, +1000000000, 12:00 AM",,0
"3,699","84,888",9,1049,"August 1, 2025, 11:31 AM","August 1, 2025, 11:31 AM",,"January 1, +1000000000, 12:00 AM",,0
"3,701","84,503",9,9250,"August 1, 2025, 11:31 AM","August 1, 2025, 11:31 AM",,"January 1, +1000000000, 12:00 AM",,0
"3,702","82,265",9,6678,"August 1, 2025, 11:31 AM","August 1, 2025, 11:31 AM",,"January 1, +1000000000, 12:00 AM",,0
"3,703","86,767",9,4478,"August 1, 2025, 11:31 AM","August 1, 2025, 11:31 AM",,"January 1, +1000000000, 12:00 AM",,0
"3,704","84,731",9,4534,"August 1, 2025, 11:31 AM","August 1, 2025, 11:31 AM",,"January 1, +1000000000, 12:00 AM",,0
"3,705","86,683",9,10013,"August 1, 2025, 11:31 AM","August 1, 2025, 11:31 AM",,"January 1, +1000000000, 12:00 AM",,0
"3,706","89,623",9,7353,"August 1, 2025, 11:31 AM","August 1, 2025, 11:31 AM",,"January 1, +1000000000, 12:00 AM",,0
"3,707","86,023",9,9801,"August 1, 2025, 11:31 AM","August 1, 2025, 11:31 AM",,"January 1, +1000000000, 12:00 AM",,0
"3,708","82,894",9,7252,"August 1, 2025, 11:31 AM","August 1, 2025, 11:31 AM",,"January 1, +1000000000, 12:00 AM",,0
"3,709","85,644",9,5002,"August 1, 2025, 11:31 AM","August 1, 2025, 11:31 AM",,"January 1, +1000000000, 12:00 AM",,0
"3,710","84,116",9,8145,"August 1, 2025, 11:31 AM","August 1, 2025, 11:31 AM",,"January 1, +1000000000, 12:00 AM",,0
"3,711","86,156",9,5737,"August 1, 2025, 11:31 AM","August 1, 2025, 11:31 AM",,"January 1, +1000000000, 12:00 AM",,0
"3,712","86,189",9,9044,"August 1, 2025, 11:31 AM","August 1, 2025, 11:31 AM",,"January 1, +1000000000, 12:00 AM",,0
"3,713","85,440",9,4868,"August 1, 2025, 11:31 AM","August 1, 2025, 11:31 AM",,"January 1, +1000000000, 12:00 AM",,0
"3,714","84,820",9,5777,"August 1, 2025, 11:31 AM","August 1, 2025, 11:31 AM",,"January 1, +1000000000, 12:00 AM",,0
"3,715","82,903",9,8728,"August 1, 2025, 11:31 AM","August 1, 2025, 11:31 AM",,"January 1, +1000000000, 12:00 AM",,0
"3,716","86,308",9,5854,"August 1, 2025, 11:31 AM","August 1, 2025, 11:31 AM",,"January 1, +1000000000, 12:00 AM",,0
"3,717","85,238",9,1089,"August 1, 2025, 11:31 AM","August 1, 2025, 11:31 AM",,"January 1, +1000000000, 12:00 AM",,0
"3,718","82,524",9,3922,"August 1, 2025, 11:31 AM","August 1, 2025, 11:31 AM",,"January 1, +1000000000, 12:00 AM",,0
"3,719","90,293",9,10549,"August 1, 2025, 11:31 AM","August 1, 2025, 11:31 AM",,"January 1, +1000000000, 12:00 AM",,0
"3,720","82,873",9,5893,"August 1, 2025, 11:31 AM","August 1, 2025, 11:31 AM",,"January 1, +1000000000, 12:00 AM",,0
"3,721","85,645",9,10207,"August 1, 2025, 11:31 AM","August 1, 2025, 11:31 AM",,"January 1, +1000000000, 12:00 AM",,0
"3,722","84,717",9,10762,"August 1, 2025, 11:31 AM","August 1, 2025, 11:31 AM",,"January 1, +1000000000, 12:00 AM",,0
"3,723","82,090",9,10520,"August 1, 2025, 11:31 AM","August 1, 2025, 11:31 AM",,"January 1, +1000000000, 12:00 AM",,0
"3,724","83,724",9,3913,"August 1, 2025, 11:31 AM","August 1, 2025, 11:31 AM",,"January 1, +1000000000, 12:00 AM",,0
"3,725","84,931",36,4643,"August 1, 2025, 11:33 AM","August 1, 2025, 11:33 AM",,"January 1, +1000000000, 12:00 AM",,0
"3,726","89,838",11,113449,"August 1, 2025, 11:33 AM","August 1, 2025, 11:33 AM",,"January 1, +1000000000, 12:00 AM",,0
"3,727","89,317",11,170205,"August 1, 2025, 11:33 AM","August 1, 2025, 11:33 AM",,"January 1, +1000000000, 12:00 AM",,0
"3,728","84,474",11,113623,"August 1, 2025, 11:33 AM","August 1, 2025, 11:33 AM",,"January 1, +1000000000, 12:00 AM",,0
"3,729","85,712",11,111230,"August 1, 2025, 11:33 AM","August 1, 2025, 11:33 AM",,"January 1, +1000000000, 12:00 AM",,0
"3,730","84,977",11,101792,"August 1, 2025, 11:33 AM","August 1, 2025, 11:33 AM",,"January 1, +1000000000, 12:00 AM",,0
"3,731","82,171",11,151614,"August 1, 2025, 11:33 AM","August 1, 2025, 11:33 AM",,"January 1, +1000000000, 12:00 AM",,0
"3,733","84,632",11,111183,"August 1, 2025, 11:33 AM","August 1, 2025, 11:33 AM",,"January 1, +1000000000, 12:00 AM",,0
"3,734","89,870",10,Z1091,"August 1, 2025, 11:33 AM","August 1, 2025, 11:33 AM",,"January 1, +1000000000, 12:00 AM",,0
"3,735","89,839",45,26917,"August 1, 2025, 11:33 AM","August 1, 2025, 11:33 AM",,"January 1, +1000000000, 12:00 AM",,0
"3,736","90,096",10,1188,"August 1, 2025, 11:33 AM","August 1, 2025, 11:33 AM",,"January 1, +1000000000, 12:00 AM",,0
"3,737","89,141",36,474,"August 1, 2025, 11:33 AM","August 1, 2025, 11:33 AM",,"January 1, +1000000000, 12:00 AM",,0
"3,738","86,788",36,297,"August 1, 2025, 11:33 AM","August 1, 2025, 11:33 AM",,"January 1, +1000000000, 12:00 AM",,0
"3,739","89,478",36,1929,"August 1, 2025, 11:33 AM","August 1, 2025, 11:33 AM",,"January 1, +1000000000, 12:00 AM",,0
"3,741","86,687",45,17455,"August 1, 2025, 11:33 AM","August 1, 2025, 11:33 AM",,"January 1, +1000000000, 12:00 AM",,0
"3,742","88,874",44,100779,"August 1, 2025, 11:33 AM","August 1, 2025, 11:33 AM",,"January 1, +1000000000, 12:00 AM",,0
"3,743","88,365",10,Z289,"August 1, 2025, 11:33 AM","August 1, 2025, 11:33 AM",,"January 1, +1000000000, 12:00 AM",,0
"3,744","86,557",42,3360,"August 1, 2025, 11:33 AM","August 1, 2025, 11:33 AM",,"January 1, +1000000000, 12:00 AM",,0
"3,745","85,671",11,103587,"August 1, 2025, 11:33 AM","August 1, 2025, 11:33 AM",,"January 1, +1000000000, 12:00 AM",,0
"3,746","83,410",10,Z1125,"August 1, 2025, 11:33 AM","August 1, 2025, 11:33 AM",,"January 1, +1000000000, 12:00 AM",,0
"3,747","83,944",11,170423,"August 1, 2025, 11:33 AM","August 1, 2025, 11:33 AM",,"January 1, +1000000000, 12:00 AM",,0
"3,748","88,367",11,4905,"August 1, 2025, 11:33 AM","August 1, 2025, 11:33 AM",,"January 1, +1000000000, 12:00 AM",,0
"3,749","87,777",36,1140,"August 1, 2025, 11:33 AM","August 1, 2025, 11:33 AM",,"January 1, +1000000000, 12:00 AM",,0
"3,750","90,041",11,113519,"August 1, 2025, 11:33 AM","August 1, 2025, 11:33 AM",,"January 1, +1000000000, 12:00 AM",,0
"3,751","83,678",45,13183,"August 1, 2025, 11:33 AM","August 1, 2025, 11:33 AM",,"January 1, +1000000000, 12:00 AM",,0
"3,752","83,751",10,857,"August 1, 2025, 11:33 AM","August 1, 2025, 11:33 AM",,"January 1, +1000000000, 12:00 AM",,0
"3,753","84,659",36,631,"August 1, 2025, 11:33 AM","August 1, 2025, 11:33 AM",,"January 1, +1000000000, 12:00 AM",,0
"3,754","85,191",9,6945,"August 1, 2025, 11:33 AM","August 1, 2025, 11:33 AM",,"January 1, +1000000000, 12:00 AM",,0
"3,755","87,863",11,116204,"August 1, 2025, 11:33 AM","August 1, 2025, 11:33 AM",,"January 1, +1000000000, 12:00 AM",,0
"3,757","88,766",11,4940,"August 1, 2025, 11:33 AM","August 1, 2025, 11:33 AM",,"January 1, +1000000000, 12:00 AM",,0
"3,758","87,866",11,106930,"August 1, 2025, 11:33 AM","August 1, 2025, 11:33 AM",,"January 1, +1000000000, 12:00 AM",,0
"3,759","83,092",44,105885,"August 1, 2025, 11:33 AM","August 1, 2025, 11:33 AM",,"January 1, +1000000000, 12:00 AM",,0
"3,760","87,862",11,116077,"August 1, 2025, 11:33 AM","August 1, 2025, 11:33 AM",,"January 1, +1000000000, 12:00 AM",,0
"3,700","84,236",9,1000003944,"August 1, 2025, 11:31 AM","September 9, 2025, 4:02 PM",,"January 1, 2000, 12:00 AM",,0
"3,681","86,634",9,1000006584,"August 1, 2025, 11:31 AM","August 1, 2025, 11:31 AM",,"January 1, +1000000000, 12:00 AM",,0
"3,732","84,350",11,38439,"August 1, 2025, 11:33 AM","August 1, 2025, 11:33 AM",,"January 1, +1000000000, 12:00 AM",,0
"3,761","83,935",11,111460,"August 1, 2025, 11:33 AM","August 1, 2025, 11:33 AM",,"January 1, +1000000000, 12:00 AM",,0
"3,762","87,861",11,103116,"August 1, 2025, 11:33 AM","August 1, 2025, 11:33 AM",,"January 1, +1000000000, 12:00 AM",,0
"3,763","87,864",11,116752,"August 1, 2025, 11:33 AM","August 1, 2025, 11:33 AM",,"January 1, +1000000000, 12:00 AM",,0
"3,764","86,328",25,120152,"August 1, 2025, 11:33 AM","August 1, 2025, 11:33 AM",,"January 1, +1000000000, 12:00 AM",,0
"3,765","86,160",22,101445,"August 1, 2025, 11:33 AM","August 1, 2025, 11:33 AM",,"January 1, +1000000000, 12:00 AM",,0
"3,766","89,969",11,103171,"August 1, 2025, 11:33 AM","August 1, 2025, 11:33 AM",,"January 1, +1000000000, 12:00 AM",,0
"3,767","87,125",24,3814,"August 1, 2025, 11:33 AM","August 1, 2025, 11:33 AM",,"January 1, +1000000000, 12:00 AM",,0
"3,768","86,068",36,2408,"August 1, 2025, 11:33 AM","August 1, 2025, 11:33 AM",,"January 1, +1000000000, 12:00 AM",,0
"3,769","83,987",43,4285,"August 1, 2025, 11:33 AM","August 1, 2025, 11:33 AM",,"January 1, +1000000000, 12:00 AM",,0
"3,770","87,135",25,251334,"August 1, 2025, 11:33 AM","August 1, 2025, 11:33 AM",,"January 1, +1000000000, 12:00 AM",,0
"3,771","81,741",44,104431,"August 1, 2025, 11:33 AM","August 1, 2025, 11:33 AM",,"January 1, +1000000000, 12:00 AM",,0
"3,772","90,170",44,105962,"August 1, 2025, 11:33 AM","August 1, 2025, 11:33 AM",,"January 1, +1000000000, 12:00 AM",,0
"3,773","90,001",44,105652,"August 1, 2025, 11:33 AM","August 1, 2025, 11:33 AM",,"January 1, +1000000000, 12:00 AM",,0
"3,774","86,907",36,1754,"August 1, 2025, 11:33 AM","August 1, 2025, 11:33 AM",,"January 1, +1000000000, 12:00 AM",,0
"3,775","86,428",24,4060,"August 1, 2025, 11:33 AM","August 1, 2025, 11:33 AM",,"January 1, +1000000000, 12:00 AM",,0
"3,777","82,036",25,251212,"August 1, 2025, 11:33 AM","August 1, 2025, 11:33 AM",,"January 1, +1000000000, 12:00 AM",,0
"3,778","88,481",18,4481,"August 1, 2025, 11:33 AM","August 1, 2025, 11:33 AM",,"January 1, +1000000000, 12:00 AM",,0
"3,779","88,709",10,Z915,"August 1, 2025, 11:33 AM","August 1, 2025, 11:33 AM",,"January 1, +1000000000, 12:00 AM",,0
"3,780","86,776",35,15231,"August 1, 2025, 11:33 AM","August 1, 2025, 11:33 AM",,"January 1, +1000000000, 12:00 AM",,0
"3,781","86,583",45,22256,"August 1, 2025, 11:33 AM","August 1, 2025, 11:33 AM",,"January 1, +1000000000, 12:00 AM",,0
"3,782","88,492",18,4714,"August 1, 2025, 11:33 AM","August 1, 2025, 11:33 AM",,"January 1, +1000000000, 12:00 AM",,0
"3,783","84,608",43,6178,"August 1, 2025, 11:33 AM","August 1, 2025, 11:33 AM",,"January 1, +1000000000, 12:00 AM",,0
"3,785","84,506",9,9518,"August 1, 2025, 11:33 AM","August 1, 2025, 11:33 AM",,"January 1, +1000000000, 12:00 AM",,0
"3,786","84,542",45,34594,"August 1, 2025, 11:33 AM","August 1, 2025, 11:33 AM",,"January 1, +1000000000, 12:00 AM",,0
"3,787","86,663",36,1004,"August 1, 2025, 11:33 AM","August 1, 2025, 11:33 AM",,"January 1, +1000000000, 12:00 AM",,0
"3,788","90,079",45,34643,"August 1, 2025, 11:33 AM","August 1, 2025, 11:33 AM",,"January 1, +1000000000, 12:00 AM",,0
"3,789","90,077",11,108286,"August 1, 2025, 11:33 AM","August 1, 2025, 11:33 AM",,"January 1, +1000000000, 12:00 AM",,0
"3,790","90,076",11,107358,"August 1, 2025, 11:33 AM","August 1, 2025, 11:33 AM",,"January 1, +1000000000, 12:00 AM",,0
"3,791","86,000",9,5177,"August 1, 2025, 11:33 AM","August 1, 2025, 11:33 AM",,"January 1, +1000000000, 12:00 AM",,0
"3,792","86,000",36,1499,"August 1, 2025, 11:33 AM","August 1, 2025, 11:33 AM",,"January 1, +1000000000, 12:00 AM",,0
"3,793","82,952",9,9029,"August 1, 2025, 11:33 AM","August 1, 2025, 11:33 AM",,"January 1, +1000000000, 12:00 AM",,0
"3,794","90,380",11,8748,"August 1, 2025, 11:33 AM","August 1, 2025, 11:33 AM",,"January 1, +1000000000, 12:00 AM",,0
"3,795","81,882",11,150889,"August 1, 2025, 11:33 AM","August 1, 2025, 11:33 AM",,"January 1, +1000000000, 12:00 AM",,0
"3,796","85,433",36,221,"August 1, 2025, 11:33 AM","August 1, 2025, 11:33 AM",,"January 1, +1000000000, 12:00 AM",,0
"3,797","89,999",9,8962,"August 1, 2025, 11:33 AM","August 1, 2025, 11:33 AM",,"January 1, +1000000000, 12:00 AM",,0
"3,798","89,628",18,5141,"August 1, 2025, 11:33 AM","August 1, 2025, 11:33 AM",,"January 1, +1000000000, 12:00 AM",,0
"3,799","83,936",11,107432,"August 1, 2025, 11:33 AM","August 1, 2025, 11:33 AM",,"January 1, +1000000000, 12:00 AM",,0
"3,800","89,104",45,17984,"August 1, 2025, 11:33 AM","August 1, 2025, 11:33 AM",,"January 1, +1000000000, 12:00 AM",,0
"3,801","85,786",45,34931,"August 1, 2025, 11:33 AM","August 1, 2025, 11:33 AM",,"January 1, +1000000000, 12:00 AM",,0
"3,802","83,122",25,250703,"August 1, 2025, 11:33 AM","August 1, 2025, 11:33 AM",,"January 1, +1000000000, 12:00 AM",,0
"3,803","89,598",10,z1031,"August 1, 2025, 11:33 AM","August 1, 2025, 11:33 AM",,"January 1, +1000000000, 12:00 AM",,0
"3,804","86,782",24,4290,"August 1, 2025, 11:33 AM","August 1, 2025, 11:33 AM",,"January 1, +1000000000, 12:00 AM",,0
"3,805","86,672",45,20147,"August 1, 2025, 11:33 AM","August 1, 2025, 11:33 AM",,"January 1, +1000000000, 12:00 AM",,0
"3,806","84,682",9,7950,"August 1, 2025, 11:33 AM","August 1, 2025, 11:33 AM",,"January 1, +1000000000, 12:00 AM",,0
"3,807","89,062",35,13236,"August 1, 2025, 11:33 AM","August 1, 2025, 11:33 AM",,"January 1, +1000000000, 12:00 AM",,0
"3,808","83,748",24,3954,"August 1, 2025, 11:33 AM","August 1, 2025, 11:33 AM",,"January 1, +1000000000, 12:00 AM",,0
"3,809","83,764",18,810,"August 1, 2025, 11:33 AM","August 1, 2025, 11:33 AM",,"January 1, +1000000000, 12:00 AM",,0
"3,811","82,674",24,4023,"August 1, 2025, 11:33 AM","August 1, 2025, 11:33 AM",,"January 1, +1000000000, 12:00 AM",,0
"3,812","85,250",9,2855,"August 1, 2025, 11:33 AM","August 1, 2025, 11:33 AM",,"January 1, +1000000000, 12:00 AM",,0
"3,813","82,968",36,3868,"August 1, 2025, 11:33 AM","August 1, 2025, 11:33 AM",,"January 1, +1000000000, 12:00 AM",,0
"3,814","86,627",36,3129,"August 1, 2025, 11:33 AM","August 1, 2025, 11:33 AM",,"January 1, +1000000000, 12:00 AM",,0
"3,815","85,843",36,619,"August 1, 2025, 11:33 AM","August 1, 2025, 11:33 AM",,"January 1, +1000000000, 12:00 AM",,0
"3,817","83,673",9,7360,"August 1, 2025, 11:33 AM","August 1, 2025, 11:33 AM",,"January 1, +1000000000, 12:00 AM",,0
"3,818","85,884",9,10024,"August 1, 2025, 11:33 AM","August 1, 2025, 11:33 AM",,"January 1, +1000000000, 12:00 AM",,0
"3,819","85,058",9,4385,"August 1, 2025, 11:33 AM","August 1, 2025, 11:33 AM",,"January 1, +1000000000, 12:00 AM",,0
"3,820","88,453",45,12125,"August 1, 2025, 11:33 AM","August 1, 2025, 11:33 AM",,"January 1, +1000000000, 12:00 AM",,0
"3,821","88,804",45,11833,"August 1, 2025, 11:33 AM","August 1, 2025, 11:33 AM",,"January 1, +1000000000, 12:00 AM",,0
"3,822","88,399",45,11836,"August 1, 2025, 11:33 AM","August 1, 2025, 11:33 AM",,"January 1, +1000000000, 12:00 AM",,0
"3,823","87,810",45,22040,"August 1, 2025, 11:33 AM","August 1, 2025, 11:33 AM",,"January 1, +1000000000, 12:00 AM",,0
"3,824","89,401",45,22039,"August 1, 2025, 11:33 AM","August 1, 2025, 11:33 AM",,"January 1, +1000000000, 12:00 AM",,0
"3,825","89,400",45,22081,"August 1, 2025, 11:33 AM","August 1, 2025, 11:33 AM",,"January 1, +1000000000, 12:00 AM",,0
"3,826","88,168",45,24241,"August 1, 2025, 11:33 AM","August 1, 2025, 11:33 AM",,"January 1, +1000000000, 12:00 AM",,0
"3,827","88,970",42,3389,"August 1, 2025, 11:33 AM","August 1, 2025, 11:33 AM",,"January 1, +1000000000, 12:00 AM",,0
"3,828","88,457",45,11913,"August 1, 2025, 11:33 AM","August 1, 2025, 11:33 AM",,"January 1, +1000000000, 12:00 AM",,0
"3,829","87,910",45,11596,"August 1, 2025, 11:33 AM","August 1, 2025, 11:33 AM",,"January 1, +1000000000, 12:00 AM",,0
"3,831","88,633",45,12261,"August 1, 2025, 11:33 AM","August 1, 2025, 11:33 AM",,"January 1, +1000000000, 12:00 AM",,0
"3,833","89,060",35,12897,"August 1, 2025, 11:33 AM","August 1, 2025, 11:33 AM",,"January 1, +1000000000, 12:00 AM",,0
"3,834","87,186",11,113516,"August 1, 2025, 11:33 AM","August 1, 2025, 11:33 AM",,"January 1, +1000000000, 12:00 AM",,0
"3,835","87,655",9,10246,"August 1, 2025, 11:33 AM","August 1, 2025, 11:33 AM",,"January 1, +1000000000, 12:00 AM",,0
"3,836","84,851",9,1278,"August 1, 2025, 11:33 AM","August 1, 2025, 11:33 AM",,"January 1, +1000000000, 12:00 AM",,0
"3,837","82,112",43,4140,"August 1, 2025, 11:33 AM","August 1, 2025, 11:33 AM",,"January 1, +1000000000, 12:00 AM",,0
"3,838","88,910",18,4092,"August 1, 2025, 11:33 AM","August 1, 2025, 11:33 AM",,"January 1, +1000000000, 12:00 AM",,0
"3,839","88,896",18,2284,"August 1, 2025, 11:33 AM","August 1, 2025, 11:33 AM",,"January 1, +1000000000, 12:00 AM",,0
"3,840","88,892",18,2284,"August 1, 2025, 11:33 AM","August 1, 2025, 11:33 AM",,"January 1, +1000000000, 12:00 AM",,0
"3,841","88,908",18,5859,"August 1, 2025, 11:33 AM","August 1, 2025, 11:33 AM",,"January 1, +1000000000, 12:00 AM",,0
"3,843","88,378",18,4318,"August 1, 2025, 11:33 AM","August 1, 2025, 11:33 AM",,"January 1, +1000000000, 12:00 AM",,0
"3,844","83,699",45,13610,"August 1, 2025, 11:33 AM","August 1, 2025, 11:33 AM",,"January 1, +1000000000, 12:00 AM",,0
"3,845","84,279",45,14674,"August 1, 2025, 11:33 AM","August 1, 2025, 11:33 AM",,"January 1, +1000000000, 12:00 AM",,0
"3,846","85,914",45,37885,"August 1, 2025, 11:33 AM","August 1, 2025, 11:33 AM",,"January 1, +1000000000, 12:00 AM",,0
"3,847","86,286",12,491801,"August 1, 2025, 11:33 AM","August 1, 2025, 11:33 AM",,"January 1, +1000000000, 12:00 AM",,0
"3,848","85,897",11,5487,"August 1, 2025, 11:33 AM","August 1, 2025, 11:33 AM",,"January 1, +1000000000, 12:00 AM",,0
"3,830","87,811",45,12020,"August 1, 2025, 11:33 AM","August 1, 2025, 11:33 AM",,"January 1, +1000000000, 12:00 AM",,0
"3,816","85,012",36,3256,"August 1, 2025, 11:33 AM","August 1, 2025, 11:33 AM",,"January 1, +1000000000, 12:00 AM",,0
"3,810","82,502",24,240,"August 1, 2025, 11:33 AM","September 30, 2025, 3:52 PM",,"January 1, 2000, 12:00 AM",,0
"3,850","84,495",9,7014,"August 1, 2025, 11:33 AM","August 1, 2025, 11:33 AM",,"January 1, +1000000000, 12:00 AM",,0
"3,853","85,721",9,2756,"August 1, 2025, 11:33 AM","August 1, 2025, 11:33 AM",,"January 1, +1000000000, 12:00 AM",,0
"3,854","88,978",11,6599,"August 1, 2025, 11:33 AM","August 1, 2025, 11:33 AM",,"January 1, +1000000000, 12:00 AM",,0
"3,855","82,944",11,4306,"August 1, 2025, 11:33 AM","August 1, 2025, 11:33 AM",,"January 1, +1000000000, 12:00 AM",,0
"3,857","83,775",36,4595,"August 1, 2025, 11:33 AM","August 1, 2025, 11:33 AM",,"January 1, +1000000000, 12:00 AM",,0
"3,858","83,594",18,5352,"August 1, 2025, 11:33 AM","August 1, 2025, 11:33 AM",,"January 1, +1000000000, 12:00 AM",,0
"3,859","84,620",22,105244,"August 1, 2025, 11:33 AM","August 1, 2025, 11:33 AM",,"January 1, +1000000000, 12:00 AM",,0
"3,860","88,907",18,5183,"August 1, 2025, 11:33 AM","August 1, 2025, 11:33 AM",,"January 1, +1000000000, 12:00 AM",,0
"3,861","86,686",9,8760,"August 1, 2025, 11:33 AM","August 1, 2025, 11:33 AM",,"January 1, +1000000000, 12:00 AM",,0
"3,862","88,900",18,4744,"August 1, 2025, 11:33 AM","August 1, 2025, 11:33 AM",,"January 1, +1000000000, 12:00 AM",,0
"3,863","87,895",45,14174,"August 1, 2025, 11:33 AM","August 1, 2025, 11:33 AM",,"January 1, +1000000000, 12:00 AM",,0
"3,864","82,478",36,730,"August 1, 2025, 11:33 AM","August 1, 2025, 11:33 AM",,"January 1, +1000000000, 12:00 AM",,0
"3,865","84,889",36,363,"August 1, 2025, 11:33 AM","August 1, 2025, 11:33 AM",,"January 1, +1000000000, 12:00 AM",,0
"3,866","85,844",36,1656,"August 1, 2025, 11:33 AM","August 1, 2025, 11:33 AM",,"January 1, +1000000000, 12:00 AM",,0
"3,867","89,895",36,2770,"August 1, 2025, 11:33 AM","August 1, 2025, 11:33 AM",,"January 1, +1000000000, 12:00 AM",,0
"3,868","82,371",36,1365,"August 1, 2025, 11:33 AM","August 1, 2025, 11:33 AM",,"January 1, +1000000000, 12:00 AM",,0
"3,869","89,172",12,5101102,"August 1, 2025, 11:33 AM","August 1, 2025, 11:33 AM",,"January 1, +1000000000, 12:00 AM",,0
"3,870","83,602",25,251093,"August 1, 2025, 11:33 AM","August 1, 2025, 11:33 AM",,"January 1, +1000000000, 12:00 AM",,0
"3,871","82,444",12,4091201,"August 1, 2025, 11:33 AM","August 1, 2025, 11:33 AM",,"January 1, +1000000000, 12:00 AM",,0
"3,873","83,147",24,7540,"August 1, 2025, 11:33 AM","August 1, 2025, 11:33 AM",,"January 1, +1000000000, 12:00 AM",,0
"3,874","85,278",18,240,"August 1, 2025, 11:33 AM","August 1, 2025, 11:33 AM",,"January 1, +1000000000, 12:00 AM",,0
"3,875","89,035",18,4687,"August 1, 2025, 11:33 AM","August 1, 2025, 11:33 AM",,"January 1, +1000000000, 12:00 AM",,0
"3,876","87,216",45,25438,"August 1, 2025, 11:33 AM","August 1, 2025, 11:33 AM",,"January 1, +1000000000, 12:00 AM",,0
"3,877","87,478",36,3334,"August 1, 2025, 11:33 AM","August 1, 2025, 11:33 AM",,"January 1, +1000000000, 12:00 AM",,0
"3,879","86,147",36,2151,"August 1, 2025, 11:33 AM","August 1, 2025, 11:33 AM",,"January 1, +1000000000, 12:00 AM",,0
"3,880","83,813",21,1771,"August 1, 2025, 11:33 AM","August 1, 2025, 11:33 AM",,"January 1, +1000000000, 12:00 AM",,0
"3,881","88,521",18,2436,"August 1, 2025, 11:33 AM","August 1, 2025, 11:33 AM",,"January 1, +1000000000, 12:00 AM",,0
"3,882","90,031",10,z1164,"August 1, 2025, 11:33 AM","August 1, 2025, 11:33 AM",,"January 1, +1000000000, 12:00 AM",,0
"3,883","85,242",9,1004,"August 1, 2025, 11:33 AM","August 1, 2025, 11:33 AM",,"January 1, +1000000000, 12:00 AM",,0
"3,884","89,027",18,4261,"August 1, 2025, 11:33 AM","August 1, 2025, 11:33 AM",,"January 1, +1000000000, 12:00 AM",,0
"3,885","83,207",9,9961,"August 1, 2025, 11:33 AM","August 1, 2025, 11:33 AM",,"January 1, +1000000000, 12:00 AM",,0
"3,886","82,565",10,851,"August 1, 2025, 11:33 AM","August 1, 2025, 11:33 AM",,"January 1, +1000000000, 12:00 AM",,0
"3,887","85,597",9,35,"August 1, 2025, 11:33 AM","August 1, 2025, 11:33 AM",,"January 1, +1000000000, 12:00 AM",,0
"3,888","85,455",45,14278,"August 1, 2025, 11:33 AM","August 1, 2025, 11:33 AM",,"January 1, +1000000000, 12:00 AM",,0
"3,889","89,024",18,3140,"August 1, 2025, 11:33 AM","August 1, 2025, 11:33 AM",,"January 1, +1000000000, 12:00 AM",,0
"3,890","87,170",9,7822,"August 1, 2025, 11:33 AM","August 1, 2025, 11:33 AM",,"January 1, +1000000000, 12:00 AM",,0
"3,891","83,151",45,13580,"August 1, 2025, 11:33 AM","August 1, 2025, 11:33 AM",,"January 1, +1000000000, 12:00 AM",,0
"3,893","89,815",42,1726,"August 1, 2025, 11:33 AM","August 1, 2025, 11:33 AM",,"January 1, +1000000000, 12:00 AM",,0
"3,894","90,368",11,12854,"August 1, 2025, 11:33 AM","August 1, 2025, 11:33 AM",,"January 1, +1000000000, 12:00 AM",,0
"3,895","88,152",11,6387,"August 1, 2025, 11:33 AM","August 1, 2025, 11:33 AM",,"January 1, +1000000000, 12:00 AM",,0
"3,896","88,155",11,8897,"August 1, 2025, 11:33 AM","August 1, 2025, 11:33 AM",,"January 1, +1000000000, 12:00 AM",,0
"3,897","88,800",11,1522,"August 1, 2025, 11:33 AM","August 1, 2025, 11:33 AM",,"January 1, +1000000000, 12:00 AM",,0
"3,898","88,154",11,984,"August 1, 2025, 11:33 AM","August 1, 2025, 11:33 AM",,"January 1, +1000000000, 12:00 AM",,0
"3,902","81,939",25,251417,"August 1, 2025, 11:33 AM","August 1, 2025, 11:33 AM",,"January 1, +1000000000, 12:00 AM",,0
"3,903","82,219",25,202576,"August 1, 2025, 11:33 AM","August 1, 2025, 11:33 AM",,"January 1, +1000000000, 12:00 AM",,0
"3,904","84,119",36,3623,"August 1, 2025, 11:33 AM","August 1, 2025, 11:33 AM",,"January 1, +1000000000, 12:00 AM",,0
"3,905","87,446",45,33339,"August 1, 2025, 11:33 AM","August 1, 2025, 11:33 AM",,"January 1, +1000000000, 12:00 AM",,0
"3,906","85,145",18,656,"August 1, 2025, 11:33 AM","August 1, 2025, 11:33 AM",,"January 1, +1000000000, 12:00 AM",,0
"3,907","82,664",9,8269,"August 1, 2025, 11:33 AM","August 1, 2025, 11:33 AM",,"January 1, +1000000000, 12:00 AM",,0
"3,908","90,153",45,35393,"August 1, 2025, 11:33 AM","August 1, 2025, 11:33 AM",,"January 1, +1000000000, 12:00 AM",,0
"3,909","85,424",11,151167,"August 1, 2025, 11:33 AM","August 1, 2025, 11:33 AM",,"January 1, +1000000000, 12:00 AM",,0
"3,910","83,688",45,16602,"August 1, 2025, 11:33 AM","August 1, 2025, 11:33 AM",,"January 1, +1000000000, 12:00 AM",,0
"3,911","89,329",11,10418,"August 1, 2025, 11:33 AM","August 1, 2025, 11:33 AM",,"January 1, +1000000000, 12:00 AM",,0
"3,912","85,134",36,950,"August 1, 2025, 11:33 AM","August 1, 2025, 11:33 AM",,"January 1, +1000000000, 12:00 AM",,0
"3,913","86,194",25,250980,"August 1, 2025, 11:33 AM","August 1, 2025, 11:33 AM",,"January 1, +1000000000, 12:00 AM",,0
"3,914","89,010",34,5152,"August 1, 2025, 11:33 AM","August 1, 2025, 11:33 AM",,"January 1, +1000000000, 12:00 AM",,0
"3,915","89,538",12,8563701,"August 1, 2025, 11:33 AM","August 1, 2025, 11:33 AM",,"January 1, +1000000000, 12:00 AM",,0
"3,916","82,437",12,486822,"August 1, 2025, 11:33 AM","August 1, 2025, 11:33 AM",,"January 1, +1000000000, 12:00 AM",,0
"3,917","82,032",45,13537,"August 1, 2025, 11:33 AM","August 1, 2025, 11:33 AM",,"January 1, +1000000000, 12:00 AM",,0
"3,918","83,068",18,4827,"August 1, 2025, 11:33 AM","August 1, 2025, 11:33 AM",,"January 1, +1000000000, 12:00 AM",,0
"3,919","87,850",18,760,"August 1, 2025, 11:33 AM","August 1, 2025, 11:33 AM",,"January 1, +1000000000, 12:00 AM",,0
"3,920","88,379",18,4175,"August 1, 2025, 11:33 AM","August 1, 2025, 11:33 AM",,"January 1, +1000000000, 12:00 AM",,0
"3,921","88,375",18,4176,"August 1, 2025, 11:33 AM","August 1, 2025, 11:33 AM",,"January 1, +1000000000, 12:00 AM",,0
"3,922","85,574",9,7868,"August 1, 2025, 11:33 AM","August 1, 2025, 11:33 AM",,"January 1, +1000000000, 12:00 AM",,0
"3,923","87,895",18,4049,"August 1, 2025, 11:33 AM","August 1, 2025, 11:33 AM",,"January 1, +1000000000, 12:00 AM",,0
"3,925","82,183",11,108154,"August 1, 2025, 11:33 AM","August 1, 2025, 11:33 AM",,"January 1, +1000000000, 12:00 AM",,0
"3,926","88,309",12,489301,"August 1, 2025, 11:33 AM","August 1, 2025, 11:33 AM",,"January 1, +1000000000, 12:00 AM",,0
"3,927","89,392",12,6561501,"August 1, 2025, 11:33 AM","August 1, 2025, 11:33 AM",,"January 1, +1000000000, 12:00 AM",,0
"3,928","87,842",43,36201,"August 1, 2025, 11:33 AM","August 1, 2025, 11:33 AM",,"January 1, +1000000000, 12:00 AM",,0
"3,929","88,548",42,2531,"August 1, 2025, 11:33 AM","August 1, 2025, 11:33 AM",,"January 1, +1000000000, 12:00 AM",,0
"3,930","86,520",10,Z779,"August 1, 2025, 11:33 AM","August 1, 2025, 11:33 AM",,"January 1, +1000000000, 12:00 AM",,0
"3,931","84,606",42,1349,"August 1, 2025, 11:33 AM","August 1, 2025, 11:33 AM",,"January 1, +1000000000, 12:00 AM",,0
"3,932","84,826",42,2518,"August 1, 2025, 11:33 AM","August 1, 2025, 11:33 AM",,"January 1, +1000000000, 12:00 AM",,0
"3,933","87,060",45,28064,"August 1, 2025, 11:33 AM","August 1, 2025, 11:33 AM",,"January 1, +1000000000, 12:00 AM",,0
"3,934","89,336",10,714,"August 1, 2025, 11:33 AM","August 1, 2025, 11:33 AM",,"January 1, +1000000000, 12:00 AM",,0
"3,936","83,246",45,28665,"August 1, 2025, 11:33 AM","August 1, 2025, 11:33 AM",,"January 1, +1000000000, 12:00 AM",,0
"3,872","85,296",36,1551,"August 1, 2025, 11:33 AM","August 1, 2025, 11:33 AM",,"January 1, +1000000000, 12:00 AM",,0
"3,852","90,288",34,1279,"August 1, 2025, 11:33 AM","August 1, 2025, 11:33 AM",,"January 1, +1000000000, 12:00 AM",,0
"3,849","84,517",45,31616,"August 1, 2025, 11:33 AM","August 1, 2025, 11:33 AM",,"January 1, +1000000000, 12:00 AM",,0
"3,856","90,288",11,4725,"August 1, 2025, 11:33 AM","August 1, 2025, 11:33 AM",,"January 1, +1000000000, 12:00 AM",,0
"3,937","83,245",45,22942,"August 1, 2025, 11:33 AM","August 1, 2025, 11:33 AM",,"January 1, +1000000000, 12:00 AM",,0
"3,938","88,679",11,109238,"August 1, 2025, 11:33 AM","August 1, 2025, 11:33 AM",,"January 1, +1000000000, 12:00 AM",,0
"3,939","82,901",12,5681101,"August 1, 2025, 11:33 AM","August 1, 2025, 11:33 AM",,"January 1, +1000000000, 12:00 AM",,0
"3,940","89,971",34,4845,"August 1, 2025, 11:33 AM","August 1, 2025, 11:33 AM",,"January 1, +1000000000, 12:00 AM",,0
"3,941","88,482",45,27494,"August 1, 2025, 11:33 AM","August 1, 2025, 11:33 AM",,"January 1, +1000000000, 12:00 AM",,0
"3,942","88,484",18,4726,"August 1, 2025, 11:33 AM","August 1, 2025, 11:33 AM",,"January 1, +1000000000, 12:00 AM",,0
"3,944","89,942",34,4875,"August 1, 2025, 11:33 AM","August 1, 2025, 11:33 AM",,"January 1, +1000000000, 12:00 AM",,0
"3,945","89,631",34,4315,"August 1, 2025, 11:33 AM","August 1, 2025, 11:33 AM",,"January 1, +1000000000, 12:00 AM",,0
"3,946","89,691",34,4869,"August 1, 2025, 11:33 AM","August 1, 2025, 11:33 AM",,"January 1, +1000000000, 12:00 AM",,0
"3,947","83,228",36,3656,"August 1, 2025, 11:33 AM","August 1, 2025, 11:33 AM",,"January 1, +1000000000, 12:00 AM",,0
"3,948","90,588",34,5127,"August 1, 2025, 11:33 AM","August 1, 2025, 11:33 AM",,"January 1, +1000000000, 12:00 AM",,0
"3,949","90,315",32,65617,"August 1, 2025, 11:33 AM","August 1, 2025, 11:33 AM",,"January 1, +1000000000, 12:00 AM",,0
"3,950","89,551",42,2239,"August 1, 2025, 11:33 AM","August 1, 2025, 11:33 AM",,"January 1, +1000000000, 12:00 AM",,0
"3,951","88,725",42,3521,"August 1, 2025, 11:33 AM","August 1, 2025, 11:33 AM",,"January 1, +1000000000, 12:00 AM",,0
"3,952","82,682",11,115302,"August 1, 2025, 11:33 AM","August 1, 2025, 11:33 AM",,"January 1, +1000000000, 12:00 AM",,0
"3,953","88,729",42,3521,"August 1, 2025, 11:33 AM","August 1, 2025, 11:33 AM",,"January 1, +1000000000, 12:00 AM",,0
"3,954","86,933",9,6978,"August 1, 2025, 11:33 AM","August 1, 2025, 11:33 AM",,"January 1, +1000000000, 12:00 AM",,0
"3,955","84,354",42,2063,"August 1, 2025, 11:33 AM","August 1, 2025, 11:33 AM",,"January 1, +1000000000, 12:00 AM",,0
"3,956","88,344",34,1076,"August 1, 2025, 11:33 AM","August 1, 2025, 11:33 AM",,"January 1, +1000000000, 12:00 AM",,0
"3,957","90,307",34,5630,"August 1, 2025, 11:33 AM","August 1, 2025, 11:33 AM",,"January 1, +1000000000, 12:00 AM",,0
"3,958","90,287",34,5555,"August 1, 2025, 11:33 AM","August 1, 2025, 11:33 AM",,"January 1, +1000000000, 12:00 AM",,0
"3,959","86,330",18,3485,"August 1, 2025, 11:33 AM","August 1, 2025, 11:33 AM",,"January 1, +1000000000, 12:00 AM",,0
"3,960","88,894",18,5208,"August 1, 2025, 11:33 AM","August 1, 2025, 11:33 AM",,"January 1, +1000000000, 12:00 AM",,0
"3,961","88,897",18,4864,"August 1, 2025, 11:33 AM","August 1, 2025, 11:33 AM",,"January 1, +1000000000, 12:00 AM",,0
"3,962","88,906",18,2925,"August 1, 2025, 11:33 AM","August 1, 2025, 11:33 AM",,"January 1, +1000000000, 12:00 AM",,0
"3,963","88,905",18,4727,"August 1, 2025, 11:33 AM","August 1, 2025, 11:33 AM",,"January 1, +1000000000, 12:00 AM",,0
"3,964","88,902",18,2924,"August 1, 2025, 11:33 AM","August 1, 2025, 11:33 AM",,"January 1, +1000000000, 12:00 AM",,0
"3,965","88,918",18,4556,"August 1, 2025, 11:33 AM","August 1, 2025, 11:33 AM",,"January 1, +1000000000, 12:00 AM",,0
"3,966","88,915",18,2287,"August 1, 2025, 11:33 AM","August 1, 2025, 11:33 AM",,"January 1, +1000000000, 12:00 AM",,0
"3,967","88,911",18,3538,"August 1, 2025, 11:33 AM","August 1, 2025, 11:33 AM",,"January 1, +1000000000, 12:00 AM",,0
"3,968","88,916",18,716,"August 1, 2025, 11:33 AM","August 1, 2025, 11:33 AM",,"January 1, +1000000000, 12:00 AM",,0
"3,969","88,917",18,2902,"August 1, 2025, 11:33 AM","August 1, 2025, 11:33 AM",,"January 1, +1000000000, 12:00 AM",,0
"3,970","88,914",18,2901,"August 1, 2025, 11:33 AM","August 1, 2025, 11:33 AM",,"January 1, +1000000000, 12:00 AM",,0
"3,971","88,912",18,2905,"August 1, 2025, 11:33 AM","August 1, 2025, 11:33 AM",,"January 1, +1000000000, 12:00 AM",,0
"3,972","88,903",18,2926,"August 1, 2025, 11:33 AM","August 1, 2025, 11:33 AM",,"January 1, +1000000000, 12:00 AM",,0
"3,973","88,899",18,2904,"August 1, 2025, 11:33 AM","August 1, 2025, 11:33 AM",,"January 1, +1000000000, 12:00 AM",,0
"3,974","88,898",18,2923,"August 1, 2025, 11:33 AM","August 1, 2025, 11:33 AM",,"January 1, +1000000000, 12:00 AM",,0
"3,975","87,043",45,28848,"August 1, 2025, 11:33 AM","August 1, 2025, 11:33 AM",,"January 1, +1000000000, 12:00 AM",,0
"3,976","87,042",45,24769,"August 1, 2025, 11:33 AM","August 1, 2025, 11:33 AM",,"January 1, +1000000000, 12:00 AM",,0
"3,977","90,592",45,35615,"August 1, 2025, 11:33 AM","August 1, 2025, 11:33 AM",,"January 1, +1000000000, 12:00 AM",,0
"3,978","90,078",45,33683,"August 1, 2025, 11:33 AM","August 1, 2025, 11:33 AM",,"January 1, +1000000000, 12:00 AM",,0
"3,979","82,935",45,22197,"August 1, 2025, 11:33 AM","August 1, 2025, 11:33 AM",,"January 1, +1000000000, 12:00 AM",,0
"3,980","89,029",18,4258,"August 1, 2025, 11:33 AM","August 1, 2025, 11:33 AM",,"January 1, +1000000000, 12:00 AM",,0
"3,981","89,040",18,5137,"August 1, 2025, 11:33 AM","August 1, 2025, 11:33 AM",,"January 1, +1000000000, 12:00 AM",,0
"3,982","82,936",45,19867,"August 1, 2025, 11:33 AM","August 1, 2025, 11:33 AM",,"January 1, +1000000000, 12:00 AM",,0
"3,983","89,031",18,4256,"August 1, 2025, 11:33 AM","August 1, 2025, 11:33 AM",,"January 1, +1000000000, 12:00 AM",,0
"3,984","90,593",45,35206,"August 1, 2025, 11:33 AM","August 1, 2025, 11:33 AM",,"January 1, +1000000000, 12:00 AM",,0
"3,986","90,263",45,38033,"August 1, 2025, 11:33 AM","August 1, 2025, 11:33 AM",,"January 1, +1000000000, 12:00 AM",,0
"3,987","89,039",18,5043,"August 1, 2025, 11:33 AM","August 1, 2025, 11:33 AM",,"January 1, +1000000000, 12:00 AM",,0
"3,988","89,038",18,4975,"August 1, 2025, 11:33 AM","August 1, 2025, 11:33 AM",,"January 1, +1000000000, 12:00 AM",,0
"3,989","83,932",45,13773,"August 1, 2025, 11:33 AM","August 1, 2025, 11:33 AM",,"January 1, +1000000000, 12:00 AM",,0
"3,990","87,771",18,5575,"August 1, 2025, 11:33 AM","August 1, 2025, 11:33 AM",,"January 1, +1000000000, 12:00 AM",,0
"3,991","89,034",18,4257,"August 1, 2025, 11:33 AM","August 1, 2025, 11:33 AM",,"January 1, +1000000000, 12:00 AM",,0
"3,992","86,877",12,9363701,"August 1, 2025, 11:33 AM","August 1, 2025, 11:33 AM",,"January 1, +1000000000, 12:00 AM",,0
"3,993","89,033",18,4268,"August 1, 2025, 11:33 AM","August 1, 2025, 11:33 AM",,"January 1, +1000000000, 12:00 AM",,0
"3,994","89,030",18,4263,"August 1, 2025, 11:33 AM","August 1, 2025, 11:33 AM",,"January 1, +1000000000, 12:00 AM",,0
"3,995","89,026",18,4255,"August 1, 2025, 11:33 AM","August 1, 2025, 11:33 AM",,"January 1, +1000000000, 12:00 AM",,0
"3,996","84,489",42,384,"August 1, 2025, 11:33 AM","August 1, 2025, 11:33 AM",,"January 1, +1000000000, 12:00 AM",,0
"3,997","87,860",11,113336,"August 1, 2025, 11:33 AM","August 1, 2025, 11:33 AM",,"January 1, +1000000000, 12:00 AM",,0
"3,998","89,032",18,4267,"August 1, 2025, 11:33 AM","August 1, 2025, 11:33 AM",,"January 1, +1000000000, 12:00 AM",,0
"3,999","87,774",18,4688,"August 1, 2025, 11:33 AM","August 1, 2025, 11:33 AM",,"January 1, +1000000000, 12:00 AM",,0
"4,000","89,028",18,4262,"August 1, 2025, 11:33 AM","August 1, 2025, 11:33 AM",,"January 1, +1000000000, 12:00 AM",,0
"4,001","87,854",11,113661,"August 1, 2025, 11:33 AM","August 1, 2025, 11:33 AM",,"January 1, +1000000000, 12:00 AM",,0
"4,003","88,904",18,4307,"August 1, 2025, 11:33 AM","August 1, 2025, 11:33 AM",,"January 1, +1000000000, 12:00 AM",,0
"4,004","87,858",11,106316,"August 1, 2025, 11:33 AM","August 1, 2025, 11:33 AM",,"January 1, +1000000000, 12:00 AM",,0
"4,005","85,103",36,1688,"August 1, 2025, 11:33 AM","August 1, 2025, 11:33 AM",,"January 1, +1000000000, 12:00 AM",,0
"4,006","87,753",44,105933,"August 1, 2025, 11:33 AM","August 1, 2025, 11:33 AM",,"January 1, +1000000000, 12:00 AM",,0
"4,007","88,919",18,4146,"August 1, 2025, 11:33 AM","August 1, 2025, 11:33 AM",,"January 1, +1000000000, 12:00 AM",,0
"4,008","88,920",18,5635,"August 1, 2025, 11:33 AM","August 1, 2025, 11:33 AM",,"January 1, +1000000000, 12:00 AM",,0
"4,009","87,857",11,1779,"August 1, 2025, 11:33 AM","August 1, 2025, 11:33 AM",,"January 1, +1000000000, 12:00 AM",,0
"4,010","88,562",11,5759,"August 1, 2025, 11:33 AM","August 1, 2025, 11:33 AM",,"January 1, +1000000000, 12:00 AM",,0
"4,012","87,856",11,113643,"August 1, 2025, 11:33 AM","August 1, 2025, 11:33 AM",,"January 1, +1000000000, 12:00 AM",,0
"4,013","87,855",11,116064,"August 1, 2025, 11:33 AM","August 1, 2025, 11:33 AM",,"January 1, +1000000000, 12:00 AM",,0
"4,014","86,912",18,566,"August 1, 2025, 11:33 AM","August 1, 2025, 11:33 AM",,"January 1, +1000000000, 12:00 AM",,0
"4,015","82,442",12,486823,"August 1, 2025, 11:33 AM","August 1, 2025, 11:33 AM",,"January 1, +1000000000, 12:00 AM",,0
"4,017","90,329",36,1169,"August 1, 2025, 11:33 AM","August 1, 2025, 11:33 AM",,"January 1, +1000000000, 12:00 AM",,0
"4,018","87,226",36,2872,"August 1, 2025, 11:33 AM","August 1, 2025, 11:33 AM",,"January 1, +1000000000, 12:00 AM",,0
"4,019","83,525",45,27948,"August 1, 2025, 11:33 AM","August 1, 2025, 11:33 AM",,"January 1, +1000000000, 12:00 AM",,0
"4,020","82,872",9,7514,"August 1, 2025, 11:33 AM","August 1, 2025, 11:33 AM",,"January 1, +1000000000, 12:00 AM",,0
"4,021","90,028",45,33028,"August 1, 2025, 11:33 AM","August 1, 2025, 11:33 AM",,"January 1, +1000000000, 12:00 AM",,0
"4,022","87,807",45,33777,"August 1, 2025, 11:33 AM","August 1, 2025, 11:33 AM",,"January 1, +1000000000, 12:00 AM",,0
"4,023","90,342",45,28528,"August 1, 2025, 11:33 AM","August 1, 2025, 11:33 AM",,"January 1, +1000000000, 12:00 AM",,0
"4,024","83,155",45,36348,"August 1, 2025, 11:33 AM","August 1, 2025, 11:33 AM",,"January 1, +1000000000, 12:00 AM",,0
"4,011","87,361",18,4051,"August 1, 2025, 11:33 AM","August 1, 2025, 11:33 AM",,"January 1, +1000000000, 12:00 AM",,0
"4,025","90,340",45,36344,"August 1, 2025, 11:33 AM","August 1, 2025, 11:33 AM",,"January 1, +1000000000, 12:00 AM",,0
"4,026","89,086",10,6103,"August 1, 2025, 11:33 AM","August 1, 2025, 11:33 AM",,"January 1, +1000000000, 12:00 AM",,0
"4,028","90,309",45,37917,"August 1, 2025, 11:33 AM","August 1, 2025, 11:33 AM",,"January 1, +1000000000, 12:00 AM",,0
"4,029","90,112",45,23342,"August 1, 2025, 11:33 AM","August 1, 2025, 11:33 AM",,"January 1, +1000000000, 12:00 AM",,0
"4,030","88,181",45,35754,"August 1, 2025, 11:33 AM","August 1, 2025, 11:33 AM",,"January 1, +1000000000, 12:00 AM",,0
"4,031","90,111",45,23341,"August 1, 2025, 11:33 AM","August 1, 2025, 11:33 AM",,"January 1, +1000000000, 12:00 AM",,0
"4,032","90,114",45,23343,"August 1, 2025, 11:33 AM","August 1, 2025, 11:33 AM",,"January 1, +1000000000, 12:00 AM",,0
"4,033","88,180",45,23330,"August 1, 2025, 11:33 AM","August 1, 2025, 11:33 AM",,"January 1, +1000000000, 12:00 AM",,0
"4,034","83,459",12,6863901,"August 1, 2025, 11:33 AM","August 1, 2025, 11:33 AM",,"January 1, +1000000000, 12:00 AM",,0
"4,035","87,777",9,4177,"August 1, 2025, 11:33 AM","August 1, 2025, 11:33 AM",,"January 1, +1000000000, 12:00 AM",,0
"4,036","84,854",42,1397,"August 1, 2025, 11:33 AM","August 1, 2025, 11:33 AM",,"January 1, +1000000000, 12:00 AM",,0
"4,037","82,982",42,3067,"August 1, 2025, 11:33 AM","August 1, 2025, 11:33 AM",,"January 1, +1000000000, 12:00 AM",,0
"4,038","89,769",10,1065,"August 1, 2025, 11:33 AM","August 1, 2025, 11:33 AM",,"January 1, +1000000000, 12:00 AM",,0
"4,039","87,551",9,10100,"August 1, 2025, 11:33 AM","August 1, 2025, 11:33 AM",,"January 1, +1000000000, 12:00 AM",,0
"4,040","90,180",42,3548,"August 1, 2025, 11:33 AM","August 1, 2025, 11:33 AM",,"January 1, +1000000000, 12:00 AM",,0
"4,041","87,322",24,3694,"August 1, 2025, 11:33 AM","August 1, 2025, 11:33 AM",,"January 1, +1000000000, 12:00 AM",,0
"4,042","90,115",42,3505,"August 1, 2025, 11:33 AM","August 1, 2025, 11:33 AM",,"January 1, +1000000000, 12:00 AM",,0
"4,043","82,325",36,649,"August 1, 2025, 11:33 AM","August 1, 2025, 11:33 AM",,"January 1, +1000000000, 12:00 AM",,0
"4,044","87,036",9,7328,"August 1, 2025, 11:33 AM","August 1, 2025, 11:33 AM",,"January 1, +1000000000, 12:00 AM",,0
"4,045","82,981",42,2869,"August 1, 2025, 11:33 AM","August 1, 2025, 11:33 AM",,"January 1, +1000000000, 12:00 AM",,0
"4,046","88,546",34,894,"August 1, 2025, 11:33 AM","August 1, 2025, 11:33 AM",,"January 1, +1000000000, 12:00 AM",,0
"4,047","84,599",10,c191,"August 1, 2025, 11:33 AM","August 1, 2025, 11:33 AM",,"January 1, +1000000000, 12:00 AM",,0
"4,048","86,227",44,106005,"August 1, 2025, 11:33 AM","August 1, 2025, 11:33 AM",,"January 1, +1000000000, 12:00 AM",,0
"4,049","85,257",45,14788,"August 1, 2025, 11:33 AM","August 1, 2025, 11:33 AM",,"January 1, +1000000000, 12:00 AM",,0
"4,050","82,720",9,8989,"August 1, 2025, 11:33 AM","August 1, 2025, 11:33 AM",,"January 1, +1000000000, 12:00 AM",,0
"4,051","89,218",11,107165,"August 1, 2025, 11:33 AM","August 1, 2025, 11:33 AM",,"January 1, +1000000000, 12:00 AM",,0
"4,052","87,459",11,6466,"August 1, 2025, 11:33 AM","August 1, 2025, 11:33 AM",,"January 1, +1000000000, 12:00 AM",,0
"4,054","84,171",9,7720,"August 1, 2025, 11:33 AM","August 1, 2025, 11:33 AM",,"January 1, +1000000000, 12:00 AM",,0
"4,055","89,161",43,4701,"August 1, 2025, 11:33 AM","August 1, 2025, 11:33 AM",,"January 1, +1000000000, 12:00 AM",,0
"4,056","83,527",45,25292,"August 1, 2025, 11:33 AM","August 1, 2025, 11:33 AM",,"January 1, +1000000000, 12:00 AM",,0
"4,057","88,643",18,3487,"August 1, 2025, 11:33 AM","August 1, 2025, 11:33 AM",,"January 1, +1000000000, 12:00 AM",,0
"4,058","88,983",45,10913,"August 1, 2025, 11:33 AM","August 1, 2025, 11:33 AM",,"January 1, +1000000000, 12:00 AM",,0
"4,059","88,708",45,10921,"August 1, 2025, 11:33 AM","August 1, 2025, 11:33 AM",,"January 1, +1000000000, 12:00 AM",,0
"4,060","88,417",45,12088,"August 1, 2025, 11:33 AM","August 1, 2025, 11:33 AM",,"January 1, +1000000000, 12:00 AM",,0
"4,061","85,356",45,34047,"August 1, 2025, 11:33 AM","August 1, 2025, 11:33 AM",,"January 1, +1000000000, 12:00 AM",,0
"4,062","89,869",18,3564,"August 1, 2025, 11:33 AM","August 1, 2025, 11:33 AM",,"January 1, +1000000000, 12:00 AM",,0
"4,063","88,160",45,12090,"August 1, 2025, 11:33 AM","August 1, 2025, 11:33 AM",,"January 1, +1000000000, 12:00 AM",,0
"4,064","85,333",22,100183,"August 1, 2025, 11:33 AM","August 1, 2025, 11:33 AM",,"January 1, +1000000000, 12:00 AM",,0
"4,065","83,726",22,101856,"August 1, 2025, 11:33 AM","August 1, 2025, 11:33 AM",,"January 1, +1000000000, 12:00 AM",,0
"4,066","90,350",45,10912,"August 1, 2025, 11:33 AM","August 1, 2025, 11:33 AM",,"January 1, +1000000000, 12:00 AM",,0
"4,067","89,807",18,3201,"August 1, 2025, 11:33 AM","August 1, 2025, 11:33 AM",,"January 1, +1000000000, 12:00 AM",,0
"4,068","90,035",45,32675,"August 1, 2025, 11:33 AM","August 1, 2025, 11:33 AM",,"January 1, +1000000000, 12:00 AM",,0
"4,069","89,564",45,26151,"August 1, 2025, 11:33 AM","August 1, 2025, 11:33 AM",,"January 1, +1000000000, 12:00 AM",,0
"4,070","89,776",45,27949,"August 1, 2025, 11:33 AM","August 1, 2025, 11:33 AM",,"January 1, +1000000000, 12:00 AM",,0
"4,071","83,253",45,34354,"August 1, 2025, 11:33 AM","August 1, 2025, 11:33 AM",,"January 1, +1000000000, 12:00 AM",,0
"4,072","89,640",45,26629,"August 1, 2025, 11:33 AM","August 1, 2025, 11:33 AM",,"January 1, +1000000000, 12:00 AM",,0
"4,073","89,762",45,28662,"August 1, 2025, 11:33 AM","August 1, 2025, 11:33 AM",,"January 1, +1000000000, 12:00 AM",,0
"4,074","89,747",45,25414,"August 1, 2025, 11:33 AM","August 1, 2025, 11:33 AM",,"January 1, +1000000000, 12:00 AM",,0
"4,075","89,664",45,24791,"August 1, 2025, 11:33 AM","August 1, 2025, 11:33 AM",,"January 1, +1000000000, 12:00 AM",,0
"4,076","87,869",22,100917,"August 1, 2025, 11:33 AM","August 1, 2025, 11:33 AM",,"January 1, +1000000000, 12:00 AM",,0
"4,077","89,443",45,22167,"August 1, 2025, 11:33 AM","August 1, 2025, 11:33 AM",,"January 1, +1000000000, 12:00 AM",,0
"4,078","88,538",45,12147,"August 1, 2025, 11:33 AM","August 1, 2025, 11:33 AM",,"January 1, +1000000000, 12:00 AM",,0
"4,079","88,537",45,12032,"August 1, 2025, 11:33 AM","August 1, 2025, 11:33 AM",,"January 1, +1000000000, 12:00 AM",,0
"4,080","88,614",45,12434,"August 1, 2025, 11:33 AM","August 1, 2025, 11:33 AM",,"January 1, +1000000000, 12:00 AM",,0
"4,081","87,955",45,11732,"August 1, 2025, 11:33 AM","August 1, 2025, 11:33 AM",,"January 1, +1000000000, 12:00 AM",,0
"4,082","87,848",18,3405,"August 1, 2025, 11:33 AM","August 1, 2025, 11:33 AM",,"January 1, +1000000000, 12:00 AM",,0
"4,083","90,017",36,3190,"August 1, 2025, 11:33 AM","August 1, 2025, 11:33 AM",,"January 1, +1000000000, 12:00 AM",,0
"4,085","88,524",18,2433,"August 1, 2025, 11:33 AM","August 1, 2025, 11:33 AM",,"January 1, +1000000000, 12:00 AM",,0
"4,087","90,144",22,105591,"August 1, 2025, 11:33 AM","August 1, 2025, 11:33 AM",,"January 1, +1000000000, 12:00 AM",,0
"4,088","85,955",9,1170,"August 1, 2025, 11:33 AM","August 1, 2025, 11:33 AM",,"January 1, +1000000000, 12:00 AM",,0
"4,089","88,751",18,2650,"August 1, 2025, 11:33 AM","August 1, 2025, 11:33 AM",,"January 1, +1000000000, 12:00 AM",,0
"4,090","88,895",11,107095,"August 1, 2025, 11:33 AM","August 1, 2025, 11:33 AM",,"January 1, +1000000000, 12:00 AM",,0
"4,092","88,857",11,109235,"August 1, 2025, 11:33 AM","August 1, 2025, 11:33 AM",,"January 1, +1000000000, 12:00 AM",,0
"4,093","88,857",42,2689,"August 1, 2025, 11:33 AM","August 1, 2025, 11:33 AM",,"January 1, +1000000000, 12:00 AM",,0
"4,094","89,733",18,3182,"August 1, 2025, 11:33 AM","August 1, 2025, 11:33 AM",,"January 1, +1000000000, 12:00 AM",,0
"4,095","84,332",34,520,"August 1, 2025, 11:33 AM","August 1, 2025, 11:33 AM",,"January 1, +1000000000, 12:00 AM",,0
"4,096","90,520",45,31601,"August 1, 2025, 11:33 AM","August 1, 2025, 11:33 AM",,"January 1, +1000000000, 12:00 AM",,0
"4,097","85,362",9,1325,"August 1, 2025, 11:33 AM","August 1, 2025, 11:33 AM",,"January 1, +1000000000, 12:00 AM",,0
"4,098","84,717",36,4775,"August 1, 2025, 11:33 AM","August 1, 2025, 11:33 AM",,"January 1, +1000000000, 12:00 AM",,0
"4,099","88,935",45,23400,"August 1, 2025, 11:33 AM","August 1, 2025, 11:33 AM",,"January 1, +1000000000, 12:00 AM",,0
"4,100","87,670",12,5913101,"August 1, 2025, 11:33 AM","August 1, 2025, 11:33 AM",,"January 1, +1000000000, 12:00 AM",,0
"4,101","90,031",11,103262,"August 1, 2025, 11:33 AM","August 1, 2025, 11:33 AM",,"January 1, +1000000000, 12:00 AM",,0
"4,102","82,643",11,115985,"August 1, 2025, 11:33 AM","August 1, 2025, 11:33 AM",,"January 1, +1000000000, 12:00 AM",,0
"4,103","87,334",11,113616,"August 1, 2025, 11:33 AM","August 1, 2025, 11:33 AM",,"January 1, +1000000000, 12:00 AM",,0
"4,104","82,988",9,6789,"August 1, 2025, 11:33 AM","August 1, 2025, 11:33 AM",,"January 1, +1000000000, 12:00 AM",,0
"4,105","83,078",45,15271,"August 1, 2025, 11:33 AM","August 1, 2025, 11:33 AM",,"January 1, +1000000000, 12:00 AM",,0
"4,106","88,462",32,41467,"August 1, 2025, 11:33 AM","August 1, 2025, 11:33 AM",,"January 1, +1000000000, 12:00 AM",,0
"4,107","89,558",9,8807,"August 1, 2025, 11:33 AM","August 1, 2025, 11:33 AM",,"January 1, +1000000000, 12:00 AM",,0
"4,109","89,744",12,8985701,"August 1, 2025, 11:33 AM","August 1, 2025, 11:33 AM",,"January 1, +1000000000, 12:00 AM",,0
"4,110","84,169",32,66915,"August 1, 2025, 11:33 AM","August 1, 2025, 11:33 AM",,"January 1, +1000000000, 12:00 AM",,0
"4,111","87,225",44,105771,"August 1, 2025, 11:33 AM","August 1, 2025, 11:33 AM",,"January 1, +1000000000, 12:00 AM",,0
"4,112","85,115",9,1052,"August 1, 2025, 11:33 AM","August 1, 2025, 11:33 AM",,"January 1, +1000000000, 12:00 AM",,0
"4,113","86,540",22,101206,"August 1, 2025, 11:33 AM","August 1, 2025, 11:33 AM",,"January 1, +1000000000, 12:00 AM",,0
"4,114","82,473",45,37705,"August 1, 2025, 11:33 AM","August 1, 2025, 11:33 AM",,"January 1, +1000000000, 12:00 AM",,0
"4,116","83,669",36,1806,"August 1, 2025, 11:33 AM","August 1, 2025, 11:33 AM",,"January 1, +1000000000, 12:00 AM",,0
"4,117","84,495",18,2499,"August 1, 2025, 11:33 AM","August 1, 2025, 11:33 AM",,"January 1, +1000000000, 12:00 AM",,0
"4,118","83,627",25,250808,"August 1, 2025, 11:33 AM","August 1, 2025, 11:33 AM",,"January 1, +1000000000, 12:00 AM",,0
"4,119","89,787",18,5691,"August 1, 2025, 11:33 AM","August 1, 2025, 11:33 AM",,"January 1, +1000000000, 12:00 AM",,0
"4,120","90,605",45,37762,"August 1, 2025, 11:33 AM","August 1, 2025, 11:33 AM",,"January 1, +1000000000, 12:00 AM",,0
"4,121","88,409",34,3823,"August 1, 2025, 11:33 AM","August 1, 2025, 11:33 AM",,"January 1, +1000000000, 12:00 AM",,0
"4,122","89,581",11,103351,"August 1, 2025, 11:33 AM","August 1, 2025, 11:33 AM",,"January 1, +1000000000, 12:00 AM",,0
"4,123","85,435",45,33909,"August 1, 2025, 11:33 AM","August 1, 2025, 11:33 AM",,"January 1, +1000000000, 12:00 AM",,0
"4,124","86,012",10,870,"August 1, 2025, 11:33 AM","August 1, 2025, 11:33 AM",,"January 1, +1000000000, 12:00 AM",,0
"4,125","81,867",36,3155,"August 1, 2025, 11:33 AM","August 1, 2025, 11:33 AM",,"January 1, +1000000000, 12:00 AM",,0
"4,126","81,867",9,8413,"August 1, 2025, 11:33 AM","August 1, 2025, 11:33 AM",,"January 1, +1000000000, 12:00 AM",,0
"4,127","86,732",18,2421,"August 1, 2025, 11:33 AM","August 1, 2025, 11:33 AM",,"January 1, +1000000000, 12:00 AM",,0
"4,130","89,981",43,5116,"August 1, 2025, 11:33 AM","August 1, 2025, 11:33 AM",,"January 1, +1000000000, 12:00 AM",,0
"4,131","89,359",45,34805,"August 1, 2025, 11:33 AM","August 1, 2025, 11:33 AM",,"January 1, +1000000000, 12:00 AM",,0
"4,132","83,974",44,105795,"August 1, 2025, 11:33 AM","August 1, 2025, 11:33 AM",,"January 1, +1000000000, 12:00 AM",,0
"4,133","86,036",45,14046,"August 1, 2025, 11:33 AM","August 1, 2025, 11:33 AM",,"January 1, +1000000000, 12:00 AM",,0
"4,134","87,561",9,9024,"August 1, 2025, 11:33 AM","August 1, 2025, 11:33 AM",,"January 1, +1000000000, 12:00 AM",,0
"4,135","82,351",45,13292,"August 1, 2025, 11:33 AM","August 1, 2025, 11:33 AM",,"January 1, +1000000000, 12:00 AM",,0
"4,136","88,475",45,34870,"August 1, 2025, 11:33 AM","August 1, 2025, 11:33 AM",,"January 1, +1000000000, 12:00 AM",,0
"4,137","87,325",12,9873903,"August 1, 2025, 11:33 AM","August 1, 2025, 11:33 AM",,"January 1, +1000000000, 12:00 AM",,0
"4,138","88,020",45,13355,"August 1, 2025, 11:33 AM","August 1, 2025, 11:33 AM",,"January 1, +1000000000, 12:00 AM",,0
"4,139","89,179",11,9908,"August 1, 2025, 11:33 AM","August 1, 2025, 11:33 AM",,"January 1, +1000000000, 12:00 AM",,0
"4,140","81,942",10,475,"August 1, 2025, 11:33 AM","August 1, 2025, 11:33 AM",,"January 1, +1000000000, 12:00 AM",,0
"4,141","89,507",10,Y1003,"August 1, 2025, 11:33 AM","August 1, 2025, 11:33 AM",,"January 1, +1000000000, 12:00 AM",,0
"4,142","86,423",36,1431,"August 1, 2025, 11:33 AM","August 1, 2025, 11:33 AM",,"January 1, +1000000000, 12:00 AM",,0
"4,143","88,700",10,190,"August 1, 2025, 11:33 AM","August 1, 2025, 11:33 AM",,"January 1, +1000000000, 12:00 AM",,0
"4,144","89,977",10,z1132,"August 1, 2025, 11:33 AM","August 1, 2025, 11:33 AM",,"January 1, +1000000000, 12:00 AM",,0
"4,145","81,955",10,1106,"August 1, 2025, 11:33 AM","August 1, 2025, 11:33 AM",,"January 1, +1000000000, 12:00 AM",,0
"4,146","85,467",45,28837,"August 1, 2025, 11:33 AM","August 1, 2025, 11:33 AM",,"January 1, +1000000000, 12:00 AM",,0
"4,147","82,629",45,15755,"August 1, 2025, 11:33 AM","August 1, 2025, 11:33 AM",,"January 1, +1000000000, 12:00 AM",,0
"4,148","82,628",45,16304,"August 1, 2025, 11:33 AM","August 1, 2025, 11:33 AM",,"January 1, +1000000000, 12:00 AM",,0
"4,149","82,587",45,34606,"August 1, 2025, 11:33 AM","August 1, 2025, 11:33 AM",,"January 1, +1000000000, 12:00 AM",,0
"4,150","83,615",11,4641,"August 1, 2025, 11:33 AM","August 1, 2025, 11:33 AM",,"January 1, +1000000000, 12:00 AM",,0
"4,151","87,016",45,27592,"August 1, 2025, 11:33 AM","August 1, 2025, 11:33 AM",,"January 1, +1000000000, 12:00 AM",,0
"4,152","86,081",45,13331,"August 1, 2025, 11:33 AM","August 1, 2025, 11:33 AM",,"January 1, +1000000000, 12:00 AM",,0
"4,153","88,689",45,35117,"August 1, 2025, 11:33 AM","August 1, 2025, 11:33 AM",,"January 1, +1000000000, 12:00 AM",,0
"4,154","82,112",45,10714,"August 1, 2025, 11:33 AM","August 1, 2025, 11:33 AM",,"January 1, +1000000000, 12:00 AM",,0
"4,155","90,216",11,10790,"August 1, 2025, 11:33 AM","August 1, 2025, 11:33 AM",,"January 1, +1000000000, 12:00 AM",,0
"4,156","90,204",11,10797,"August 1, 2025, 11:33 AM","August 1, 2025, 11:33 AM",,"January 1, +1000000000, 12:00 AM",,0
"4,157","89,780",11,6486,"August 1, 2025, 11:33 AM","August 1, 2025, 11:33 AM",,"January 1, +1000000000, 12:00 AM",,0
"4,158","89,605",11,5712,"August 1, 2025, 11:33 AM","August 1, 2025, 11:33 AM",,"January 1, +1000000000, 12:00 AM",,0
"4,159","89,606",11,5489,"August 1, 2025, 11:33 AM","August 1, 2025, 11:33 AM",,"January 1, +1000000000, 12:00 AM",,0
"4,160","90,533",11,5029,"August 1, 2025, 11:33 AM","August 1, 2025, 11:33 AM",,"January 1, +1000000000, 12:00 AM",,0
"4,161","89,043",11,9996,"August 1, 2025, 11:33 AM","August 1, 2025, 11:33 AM",,"January 1, +1000000000, 12:00 AM",,0
"4,162","88,773",11,9249,"August 1, 2025, 11:33 AM","August 1, 2025, 11:33 AM",,"January 1, +1000000000, 12:00 AM",,0
"4,163","89,973",34,344,"August 1, 2025, 11:33 AM","August 1, 2025, 11:33 AM",,"January 1, +1000000000, 12:00 AM",,0
"4,164","86,404",45,21273,"August 1, 2025, 11:33 AM","August 1, 2025, 11:33 AM",,"January 1, +1000000000, 12:00 AM",,0
"4,165","84,454",45,25374,"August 1, 2025, 11:33 AM","August 1, 2025, 11:33 AM",,"January 1, +1000000000, 12:00 AM",,0
"4,166","82,632",45,15694,"August 1, 2025, 11:33 AM","August 1, 2025, 11:33 AM",,"January 1, +1000000000, 12:00 AM",,0
"4,167","82,628",45,15755,"August 1, 2025, 11:33 AM","August 1, 2025, 11:33 AM",,"January 1, +1000000000, 12:00 AM",,0
"4,168","82,631",45,16303,"August 1, 2025, 11:33 AM","August 1, 2025, 11:33 AM",,"January 1, +1000000000, 12:00 AM",,0
"4,169","82,627",45,16025,"August 1, 2025, 11:33 AM","August 1, 2025, 11:33 AM",,"January 1, +1000000000, 12:00 AM",,0
"4,170","82,630",45,16461,"August 1, 2025, 11:33 AM","August 1, 2025, 11:33 AM",,"January 1, +1000000000, 12:00 AM",,0
"4,171","83,355",10,783,"August 1, 2025, 11:33 AM","August 1, 2025, 11:33 AM",,"January 1, +1000000000, 12:00 AM",,0
"4,172","82,470",9,7502,"August 1, 2025, 11:33 AM","August 1, 2025, 11:33 AM",,"January 1, +1000000000, 12:00 AM",,0
"4,173","88,687",45,24224,"August 1, 2025, 11:33 AM","August 1, 2025, 11:33 AM",,"January 1, +1000000000, 12:00 AM",,0
"4,174","87,006",9,7699,"August 1, 2025, 11:33 AM","August 1, 2025, 11:33 AM",,"January 1, +1000000000, 12:00 AM",,0
"4,175","86,096",45,14277,"August 1, 2025, 11:33 AM","August 1, 2025, 11:33 AM",,"January 1, +1000000000, 12:00 AM",,0
"4,176","85,658",9,9108,"August 1, 2025, 11:33 AM","August 1, 2025, 11:33 AM",,"January 1, +1000000000, 12:00 AM",,0
"4,177","88,470",45,13525,"August 1, 2025, 11:33 AM","August 1, 2025, 11:33 AM",,"January 1, +1000000000, 12:00 AM",,0
"4,178","88,471",45,14160,"August 1, 2025, 11:33 AM","August 1, 2025, 11:33 AM",,"January 1, +1000000000, 12:00 AM",,0
"4,179","83,391",9,8252,"August 1, 2025, 11:33 AM","August 1, 2025, 11:33 AM",,"January 1, +1000000000, 12:00 AM",,0
"4,180","86,570",45,34198,"August 1, 2025, 11:33 AM","August 1, 2025, 11:33 AM",,"January 1, +1000000000, 12:00 AM",,0
"4,181","89,829",10,z551,"August 1, 2025, 11:33 AM","August 1, 2025, 11:33 AM",,"January 1, +1000000000, 12:00 AM",,0
"4,182","81,923",9,7934,"August 1, 2025, 11:33 AM","August 1, 2025, 11:33 AM",,"January 1, +1000000000, 12:00 AM",,0
"4,183","89,190",11,4003,"August 1, 2025, 11:33 AM","August 1, 2025, 11:33 AM",,"January 1, +1000000000, 12:00 AM",,0
"4,184","89,665",34,4370,"August 1, 2025, 11:33 AM","August 1, 2025, 11:33 AM",,"January 1, +1000000000, 12:00 AM",,0
"4,185","85,782",36,16,"August 1, 2025, 11:33 AM","August 1, 2025, 11:33 AM",,"January 1, +1000000000, 12:00 AM",,0
"4,186","89,610",35,14241,"August 1, 2025, 11:33 AM","August 1, 2025, 11:33 AM",,"January 1, +1000000000, 12:00 AM",,0
"4,187","90,290",11,13320,"August 1, 2025, 11:33 AM","August 1, 2025, 11:33 AM",,"January 1, +1000000000, 12:00 AM",,0
"4,188","89,303",11,4313,"August 1, 2025, 11:33 AM","August 1, 2025, 11:33 AM",,"January 1, +1000000000, 12:00 AM",,0
"4,189","87,813",11,9380,"August 1, 2025, 11:33 AM","August 1, 2025, 11:33 AM",,"January 1, +1000000000, 12:00 AM",,0
"4,190","89,309",11,4404,"August 1, 2025, 11:33 AM","August 1, 2025, 11:33 AM",,"January 1, +1000000000, 12:00 AM",,0
"4,191","89,519",11,5105,"August 1, 2025, 11:33 AM","August 1, 2025, 11:33 AM",,"January 1, +1000000000, 12:00 AM",,0
"4,192","88,540",11,9378,"August 1, 2025, 11:33 AM","August 1, 2025, 11:33 AM",,"January 1, +1000000000, 12:00 AM",,0
"4,193","89,963",12,9545701,"August 1, 2025, 11:33 AM","August 1, 2025, 11:33 AM",,"January 1, +1000000000, 12:00 AM",,0
"4,194","89,966",45,31616,"August 1, 2025, 11:33 AM","August 1, 2025, 11:33 AM",,"January 1, +1000000000, 12:00 AM",,0
"4,195","88,385",11,9382,"August 1, 2025, 11:33 AM","August 1, 2025, 11:33 AM",,"January 1, +1000000000, 12:00 AM",,0
"4,197","86,195",12,8129701,"August 1, 2025, 11:33 AM","August 1, 2025, 11:33 AM",,"January 1, +1000000000, 12:00 AM",,0
"4,198","88,624",11,9377,"August 1, 2025, 11:33 AM","August 1, 2025, 11:33 AM",,"January 1, +1000000000, 12:00 AM",,0
"4,199","84,579",42,2904,"August 1, 2025, 11:33 AM","August 1, 2025, 11:33 AM",,"January 1, +1000000000, 12:00 AM",,0
"4,200","84,232",11,107969,"August 1, 2025, 11:33 AM","August 1, 2025, 11:33 AM",,"January 1, +1000000000, 12:00 AM",,0
"4,115","86,212",25,250384,"August 1, 2025, 11:33 AM","August 1, 2025, 11:33 AM",,"January 1, +1000000000, 12:00 AM",,0
"4,129","81,714",12,10097101,"August 1, 2025, 11:33 AM","August 1, 2025, 11:33 AM",,"January 1, +1000000000, 12:00 AM",,0
"4,201","88,194",45,18593,"August 1, 2025, 11:33 AM","August 1, 2025, 11:33 AM",,"January 1, +1000000000, 12:00 AM",,0
"4,202","85,135",45,31997,"August 1, 2025, 11:33 AM","August 1, 2025, 11:33 AM",,"January 1, +1000000000, 12:00 AM",,0
"4,203","89,126",11,9743,"August 1, 2025, 11:33 AM","August 1, 2025, 11:33 AM",,"January 1, +1000000000, 12:00 AM",,0
"4,204","87,678",24,3718,"August 1, 2025, 11:33 AM","August 1, 2025, 11:33 AM",,"January 1, +1000000000, 12:00 AM",,0
"4,205","90,092",45,33652,"August 1, 2025, 11:33 AM","August 1, 2025, 11:33 AM",,"January 1, +1000000000, 12:00 AM",,0
"4,206","84,962",45,16950,"August 1, 2025, 11:33 AM","August 1, 2025, 11:33 AM",,"January 1, +1000000000, 12:00 AM",,0
"4,207","87,012",36,4462,"August 1, 2025, 11:33 AM","August 1, 2025, 11:33 AM",,"January 1, +1000000000, 12:00 AM",,0
"4,208","83,786",10,Z886,"August 1, 2025, 11:33 AM","August 1, 2025, 11:33 AM",,"January 1, +1000000000, 12:00 AM",,0
"4,210","85,000",10,657,"August 1, 2025, 11:33 AM","August 1, 2025, 11:33 AM",,"January 1, +1000000000, 12:00 AM",,0
"4,211","88,247",12,2889803,"August 1, 2025, 11:33 AM","August 1, 2025, 11:33 AM",,"January 1, +1000000000, 12:00 AM",,0
"4,212","83,602",44,105931,"August 1, 2025, 11:33 AM","August 1, 2025, 11:33 AM",,"January 1, +1000000000, 12:00 AM",,0
"4,213","88,869",34,2830,"August 1, 2025, 11:33 AM","August 1, 2025, 11:33 AM",,"January 1, +1000000000, 12:00 AM",,0
"4,214","86,819",34,5349,"August 1, 2025, 11:33 AM","August 1, 2025, 11:33 AM",,"January 1, +1000000000, 12:00 AM",,0
"4,215","85,778",34,5350,"August 1, 2025, 11:33 AM","August 1, 2025, 11:33 AM",,"January 1, +1000000000, 12:00 AM",,0
"4,216","88,351",34,5348,"August 1, 2025, 11:33 AM","August 1, 2025, 11:33 AM",,"January 1, +1000000000, 12:00 AM",,0
"4,217","81,720",34,5346,"August 1, 2025, 11:33 AM","August 1, 2025, 11:33 AM",,"January 1, +1000000000, 12:00 AM",,0
"4,218","90,245",45,36121,"August 1, 2025, 11:33 AM","August 1, 2025, 11:33 AM",,"January 1, +1000000000, 12:00 AM",,0
"4,219","87,731",11,1197,"August 1, 2025, 11:33 AM","August 1, 2025, 11:33 AM",,"January 1, +1000000000, 12:00 AM",,0
"4,220","90,537",11,5962,"August 1, 2025, 11:33 AM","August 1, 2025, 11:33 AM",,"January 1, +1000000000, 12:00 AM",,0
"4,221","88,776",11,785,"August 1, 2025, 11:33 AM","August 1, 2025, 11:33 AM",,"January 1, +1000000000, 12:00 AM",,0
"4,222","87,847",18,762,"August 1, 2025, 11:33 AM","August 1, 2025, 11:33 AM",,"January 1, +1000000000, 12:00 AM",,0
"4,223","83,011",12,9189701,"August 1, 2025, 11:33 AM","August 1, 2025, 11:33 AM",,"January 1, +1000000000, 12:00 AM",,0
"4,224","84,844",36,2191,"August 1, 2025, 11:33 AM","August 1, 2025, 11:33 AM",,"January 1, +1000000000, 12:00 AM",,0
"4,225","81,710",42,20,"August 1, 2025, 11:33 AM","August 1, 2025, 11:33 AM",,"January 1, +1000000000, 12:00 AM",,0
"4,226","87,444",45,33467,"August 1, 2025, 11:33 AM","August 1, 2025, 11:33 AM",,"January 1, +1000000000, 12:00 AM",,0
"4,228","87,731",45,27096,"August 1, 2025, 11:33 AM","August 1, 2025, 11:33 AM",,"January 1, +1000000000, 12:00 AM",,0
"4,229","82,720",36,2330,"August 1, 2025, 11:33 AM","August 1, 2025, 11:33 AM",,"January 1, +1000000000, 12:00 AM",,0
"4,230","82,992",9,726,"August 1, 2025, 11:33 AM","August 1, 2025, 11:33 AM",,"January 1, +1000000000, 12:00 AM",,0
"4,231","86,781",36,2905,"August 1, 2025, 11:33 AM","August 1, 2025, 11:33 AM",,"January 1, +1000000000, 12:00 AM",,0
"4,232","85,238",36,2093,"August 1, 2025, 11:33 AM","August 1, 2025, 11:33 AM",,"January 1, +1000000000, 12:00 AM",,0
"4,233","82,480",9,4209,"August 1, 2025, 11:33 AM","August 1, 2025, 11:33 AM",,"January 1, +1000000000, 12:00 AM",,0
"4,234","85,014",10,788,"August 1, 2025, 11:33 AM","August 1, 2025, 11:33 AM",,"January 1, +1000000000, 12:00 AM",,0
"4,235","85,751",9,6308,"August 1, 2025, 11:33 AM","August 1, 2025, 11:33 AM",,"January 1, +1000000000, 12:00 AM",,0
"4,236","86,689",45,20797,"August 1, 2025, 11:33 AM","August 1, 2025, 11:33 AM",,"January 1, +1000000000, 12:00 AM",,0
"4,237","83,923",10,809,"August 1, 2025, 11:33 AM","August 1, 2025, 11:33 AM",,"January 1, +1000000000, 12:00 AM",,0
"4,238","84,249",22,100117,"August 1, 2025, 11:33 AM","August 1, 2025, 11:33 AM",,"January 1, +1000000000, 12:00 AM",,0
"4,239","82,312",11,150801,"August 1, 2025, 11:33 AM","August 1, 2025, 11:33 AM",,"January 1, +1000000000, 12:00 AM",,0
"4,240","88,405",12,895701,"August 1, 2025, 11:33 AM","August 1, 2025, 11:33 AM",,"January 1, +1000000000, 12:00 AM",,0
"4,241","87,883",18,2247,"August 1, 2025, 11:33 AM","August 1, 2025, 11:33 AM",,"January 1, +1000000000, 12:00 AM",,0
"4,242","90,121",34,5001,"August 1, 2025, 11:33 AM","August 1, 2025, 11:33 AM",,"January 1, +1000000000, 12:00 AM",,0
"4,243","85,297",9,2428,"August 1, 2025, 11:33 AM","August 1, 2025, 11:33 AM",,"January 1, +1000000000, 12:00 AM",,0
"4,244","87,071",45,25325,"August 1, 2025, 11:33 AM","August 1, 2025, 11:33 AM",,"January 1, +1000000000, 12:00 AM",,0
"4,245","83,544",36,2800,"August 1, 2025, 11:33 AM","August 1, 2025, 11:33 AM",,"January 1, +1000000000, 12:00 AM",,0
"4,246","90,001",11,8208,"August 1, 2025, 11:33 AM","August 1, 2025, 11:33 AM",,"January 1, +1000000000, 12:00 AM",,0
"4,247","89,666",11,5667,"August 1, 2025, 11:33 AM","August 1, 2025, 11:33 AM",,"January 1, +1000000000, 12:00 AM",,0
"4,248","88,075",45,10602,"August 1, 2025, 11:33 AM","August 1, 2025, 11:33 AM",,"January 1, +1000000000, 12:00 AM",,0
"4,249","84,992",12,2298103,"August 1, 2025, 11:33 AM","August 1, 2025, 11:33 AM",,"January 1, +1000000000, 12:00 AM",,0
"4,250","88,715",45,26454,"August 1, 2025, 11:33 AM","August 1, 2025, 11:33 AM",,"January 1, +1000000000, 12:00 AM",,0
"4,251","83,056",18,3402,"August 1, 2025, 11:33 AM","August 1, 2025, 11:33 AM",,"January 1, +1000000000, 12:00 AM",,0
"4,252","85,655",36,172,"August 1, 2025, 11:33 AM","August 1, 2025, 11:33 AM",,"January 1, +1000000000, 12:00 AM",,0
"4,253","84,164",9,6396,"August 1, 2025, 11:33 AM","August 1, 2025, 11:33 AM",,"January 1, +1000000000, 12:00 AM",,0
"4,254","90,220",11,12986,"August 1, 2025, 11:33 AM","August 1, 2025, 11:33 AM",,"January 1, +1000000000, 12:00 AM",,0
"4,255","90,521",32,65269,"August 1, 2025, 11:33 AM","August 1, 2025, 11:33 AM",,"January 1, +1000000000, 12:00 AM",,0
"4,256","83,468",45,26966,"August 1, 2025, 11:33 AM","August 1, 2025, 11:33 AM",,"January 1, +1000000000, 12:00 AM",,0
"4,257","87,779",12,488114,"August 1, 2025, 11:33 AM","August 1, 2025, 11:33 AM",,"January 1, +1000000000, 12:00 AM",,0
"4,258","82,262",11,6553,"August 1, 2025, 11:33 AM","August 1, 2025, 11:33 AM",,"January 1, +1000000000, 12:00 AM",,0
"4,259","88,143",42,331,"August 1, 2025, 11:33 AM","August 1, 2025, 11:33 AM",,"January 1, +1000000000, 12:00 AM",,0
"4,260","83,207",45,35304,"August 1, 2025, 11:33 AM","August 1, 2025, 11:33 AM",,"January 1, +1000000000, 12:00 AM",,0
"4,261","88,489",18,4476,"August 1, 2025, 11:33 AM","August 1, 2025, 11:33 AM",,"January 1, +1000000000, 12:00 AM",,0
"4,262","87,656",11,103351,"August 1, 2025, 11:33 AM","August 1, 2025, 11:33 AM",,"January 1, +1000000000, 12:00 AM",,0
"4,263","89,581",10,875,"August 1, 2025, 11:33 AM","August 1, 2025, 11:33 AM",,"January 1, +1000000000, 12:00 AM",,0
"4,264","84,676",36,1734,"August 1, 2025, 11:33 AM","August 1, 2025, 11:33 AM",,"January 1, +1000000000, 12:00 AM",,0
"4,265","84,170",21,100280,"August 1, 2025, 11:33 AM","August 1, 2025, 11:33 AM",,"January 1, +1000000000, 12:00 AM",,0
"4,266","84,388",25,202315,"August 1, 2025, 11:33 AM","August 1, 2025, 11:33 AM",,"January 1, +1000000000, 12:00 AM",,0
"4,268","87,502",9,9834,"August 1, 2025, 11:33 AM","August 1, 2025, 11:33 AM",,"January 1, +1000000000, 12:00 AM",,0
"4,269","86,044",11,9735,"August 1, 2025, 11:33 AM","August 1, 2025, 11:33 AM",,"January 1, +1000000000, 12:00 AM",,0
"4,270","87,418",18,4929,"August 1, 2025, 11:33 AM","August 1, 2025, 11:33 AM",,"January 1, +1000000000, 12:00 AM",,0
"4,271","83,181",36,1596,"August 1, 2025, 11:33 AM","August 1, 2025, 11:33 AM",,"January 1, +1000000000, 12:00 AM",,0
"4,272","85,101",34,2318,"August 1, 2025, 11:33 AM","August 1, 2025, 11:33 AM",,"January 1, +1000000000, 12:00 AM",,0
"4,274","84,112",36,2127,"August 1, 2025, 11:33 AM","August 1, 2025, 11:33 AM",,"January 1, +1000000000, 12:00 AM",,0
"4,275","83,952",12,9511701,"August 1, 2025, 11:33 AM","August 1, 2025, 11:33 AM",,"January 1, +1000000000, 12:00 AM",,0
"4,276","86,939",36,1631,"August 1, 2025, 11:33 AM","August 1, 2025, 11:33 AM",,"January 1, +1000000000, 12:00 AM",,0
"4,277","89,081",45,23357,"August 1, 2025, 11:33 AM","August 1, 2025, 11:33 AM",,"January 1, +1000000000, 12:00 AM",,0
"4,278","89,856",45,28467,"August 1, 2025, 11:33 AM","August 1, 2025, 11:33 AM",,"January 1, +1000000000, 12:00 AM",,0
"4,279","82,965",11,4642,"August 1, 2025, 11:33 AM","August 1, 2025, 11:33 AM",,"January 1, +1000000000, 12:00 AM",,0
"4,280","82,821",12,1187203,"August 1, 2025, 11:33 AM","August 1, 2025, 11:33 AM",,"January 1, +1000000000, 12:00 AM",,0
"4,281","85,455",42,1538,"August 1, 2025, 11:33 AM","August 1, 2025, 11:33 AM",,"January 1, +1000000000, 12:00 AM",,0
"4,282","87,925",42,2725,"August 1, 2025, 11:33 AM","August 1, 2025, 11:33 AM",,"January 1, +1000000000, 12:00 AM",,0
"4,283","89,127",45,20679,"August 1, 2025, 11:33 AM","August 1, 2025, 11:33 AM",,"January 1, +1000000000, 12:00 AM",,0
"4,284","83,162",10,1323,"August 1, 2025, 11:33 AM","August 1, 2025, 11:33 AM",,"January 1, +1000000000, 12:00 AM",,0
"4,286","82,715",9,6893,"August 1, 2025, 11:33 AM","August 1, 2025, 11:33 AM",,"January 1, +1000000000, 12:00 AM",,0
"4,287","88,355",34,5379,"August 1, 2025, 11:33 AM","August 1, 2025, 11:33 AM",,"January 1, +1000000000, 12:00 AM",,0
"4,288","87,311",9,6443,"August 1, 2025, 11:33 AM","August 1, 2025, 11:33 AM",,"January 1, +1000000000, 12:00 AM",,0
"4,209","89,189",18,4705,"August 1, 2025, 11:33 AM","August 1, 2025, 11:33 AM",,"January 1, +1000000000, 12:00 AM",,0
"4,227","90,344",9,1000005468,"August 1, 2025, 11:33 AM","August 1, 2025, 11:33 AM",,"January 1, +1000000000, 12:00 AM",,0
"4,273","83,492",9,1000004509,"August 1, 2025, 11:33 AM","August 1, 2025, 11:33 AM",,"January 1, +1000000000, 12:00 AM",,0
"4,289","87,140",11,13965,"August 1, 2025, 11:33 AM","August 1, 2025, 11:33 AM",,"January 1, +1000000000, 12:00 AM",,0
"4,290","85,926",45,14302,"August 1, 2025, 11:33 AM","August 1, 2025, 11:33 AM",,"January 1, +1000000000, 12:00 AM",,0
"4,291","88,377",9,9951,"August 1, 2025, 11:33 AM","August 1, 2025, 11:33 AM",,"January 1, +1000000000, 12:00 AM",,0
"4,292","87,914",11,10030,"August 1, 2025, 11:33 AM","August 1, 2025, 11:33 AM",,"January 1, +1000000000, 12:00 AM",,0
"4,293","86,511",45,22510,"August 1, 2025, 11:33 AM","August 1, 2025, 11:33 AM",,"January 1, +1000000000, 12:00 AM",,0
"4,294","89,956",18,4062,"August 1, 2025, 11:33 AM","August 1, 2025, 11:33 AM",,"January 1, +1000000000, 12:00 AM",,0
"4,295","83,617",45,28055,"August 1, 2025, 11:33 AM","August 1, 2025, 11:33 AM",,"January 1, +1000000000, 12:00 AM",,0
"4,296","89,061",35,11537,"August 1, 2025, 11:33 AM","August 1, 2025, 11:33 AM",,"January 1, +1000000000, 12:00 AM",,0
"4,297","90,304",10,1389,"August 1, 2025, 11:33 AM","August 1, 2025, 11:33 AM",,"January 1, +1000000000, 12:00 AM",,0
"4,298","89,725",11,5981,"August 1, 2025, 11:33 AM","August 1, 2025, 11:33 AM",,"January 1, +1000000000, 12:00 AM",,0
"4,299","82,099",11,13796,"August 1, 2025, 11:33 AM","August 1, 2025, 11:33 AM",,"January 1, +1000000000, 12:00 AM",,0
"4,300","89,363",11,4501,"August 1, 2025, 11:33 AM","August 1, 2025, 11:33 AM",,"January 1, +1000000000, 12:00 AM",,0
"4,302","89,179",10,614,"August 1, 2025, 11:33 AM","August 1, 2025, 11:33 AM",,"January 1, +1000000000, 12:00 AM",,0
"4,303","83,317",43,5765,"August 1, 2025, 11:33 AM","August 1, 2025, 11:33 AM",,"January 1, +1000000000, 12:00 AM",,0
"4,304","90,312",45,37909,"August 1, 2025, 11:33 AM","August 1, 2025, 11:33 AM",,"January 1, +1000000000, 12:00 AM",,0
"4,305","85,493",45,25151,"August 1, 2025, 11:33 AM","August 1, 2025, 11:33 AM",,"January 1, +1000000000, 12:00 AM",,0
"4,306","83,526",12,9549702,"August 1, 2025, 11:33 AM","August 1, 2025, 11:33 AM",,"January 1, +1000000000, 12:00 AM",,0
"4,308","82,157",44,101018,"August 1, 2025, 11:33 AM","August 1, 2025, 11:33 AM",,"January 1, +1000000000, 12:00 AM",,0
"4,309","82,922",45,20786,"August 1, 2025, 11:33 AM","August 1, 2025, 11:33 AM",,"January 1, +1000000000, 12:00 AM",,0
"4,311","85,791",44,104312,"August 1, 2025, 11:33 AM","August 1, 2025, 11:33 AM",,"January 1, +1000000000, 12:00 AM",,0
"4,312","87,502",36,4069,"August 1, 2025, 11:33 AM","August 1, 2025, 11:33 AM",,"January 1, +1000000000, 12:00 AM",,0
"4,313","82,191",25,202109,"August 1, 2025, 11:33 AM","August 1, 2025, 11:33 AM",,"January 1, +1000000000, 12:00 AM",,0
"4,314","84,380",42,439,"August 1, 2025, 11:33 AM","August 1, 2025, 11:33 AM",,"January 1, +1000000000, 12:00 AM",,0
"4,315","90,270",9,10337,"August 1, 2025, 11:33 AM","August 1, 2025, 11:33 AM",,"January 1, +1000000000, 12:00 AM",,0
"4,317","85,751",22,103326,"August 1, 2025, 11:33 AM","August 1, 2025, 11:33 AM",,"January 1, +1000000000, 12:00 AM",,0
"4,318","82,082",36,2798,"August 1, 2025, 11:33 AM","August 1, 2025, 11:33 AM",,"January 1, +1000000000, 12:00 AM",,0
"4,319","84,388",25,251197,"August 1, 2025, 11:33 AM","August 1, 2025, 11:33 AM",,"January 1, +1000000000, 12:00 AM",,0
"4,320","87,160",45,23899,"August 1, 2025, 11:33 AM","August 1, 2025, 11:33 AM",,"January 1, +1000000000, 12:00 AM",,0
"4,321","86,401",18,4066,"August 1, 2025, 11:33 AM","August 1, 2025, 11:33 AM",,"January 1, +1000000000, 12:00 AM",,0
"4,322","82,087",10,V097,"August 1, 2025, 11:33 AM","August 1, 2025, 11:33 AM",,"January 1, +1000000000, 12:00 AM",,0
"4,323","83,240",36,2472,"August 1, 2025, 11:33 AM","August 1, 2025, 11:33 AM",,"January 1, +1000000000, 12:00 AM",,0
"4,324","83,989",12,9535701,"August 1, 2025, 11:33 AM","August 1, 2025, 11:33 AM",,"January 1, +1000000000, 12:00 AM",,0
"4,325","83,807",45,16801,"August 1, 2025, 11:33 AM","August 1, 2025, 11:33 AM",,"January 1, +1000000000, 12:00 AM",,0
"4,326","88,683",25,105693,"August 1, 2025, 11:33 AM","August 1, 2025, 11:33 AM",,"January 1, +1000000000, 12:00 AM",,0
"4,327","89,611",35,14049,"August 1, 2025, 11:33 AM","August 1, 2025, 11:33 AM",,"January 1, +1000000000, 12:00 AM",,0
"4,329","87,114",45,37413,"August 1, 2025, 11:33 AM","August 1, 2025, 11:33 AM",,"January 1, +1000000000, 12:00 AM",,0
"4,330","82,789",45,15984,"August 1, 2025, 11:33 AM","August 1, 2025, 11:33 AM",,"January 1, +1000000000, 12:00 AM",,0
"4,331","82,678",9,6281,"August 1, 2025, 11:33 AM","August 1, 2025, 11:33 AM",,"January 1, +1000000000, 12:00 AM",,0
"4,332","86,155",24,70,"August 1, 2025, 11:33 AM","August 1, 2025, 11:33 AM",,"January 1, +1000000000, 12:00 AM",,0
"4,333","82,537",9,9840,"August 1, 2025, 11:33 AM","August 1, 2025, 11:33 AM",,"January 1, +1000000000, 12:00 AM",,0
"4,335","88,515",45,33513,"August 1, 2025, 11:33 AM","August 1, 2025, 11:33 AM",,"January 1, +1000000000, 12:00 AM",,0
"4,336","87,698",11,117038,"August 1, 2025, 11:33 AM","August 1, 2025, 11:33 AM",,"January 1, +1000000000, 12:00 AM",,0
"4,337","85,273",24,3865,"August 1, 2025, 11:33 AM","August 1, 2025, 11:33 AM",,"January 1, +1000000000, 12:00 AM",,0
"4,338","87,715",9,8197,"August 1, 2025, 11:33 AM","August 1, 2025, 11:33 AM",,"January 1, +1000000000, 12:00 AM",,0
"4,339","81,785",42,2510,"August 1, 2025, 11:33 AM","August 1, 2025, 11:33 AM",,"January 1, +1000000000, 12:00 AM",,0
"4,340","87,656",10,1313,"August 1, 2025, 11:33 AM","August 1, 2025, 11:33 AM",,"January 1, +1000000000, 12:00 AM",,0
"4,341","89,536",45,24722,"August 1, 2025, 11:33 AM","August 1, 2025, 11:33 AM",,"January 1, +1000000000, 12:00 AM",,0
"4,342","88,908",11,107095,"August 1, 2025, 11:33 AM","August 1, 2025, 11:33 AM",,"January 1, +1000000000, 12:00 AM",,0
"4,343","83,636",45,28487,"August 1, 2025, 11:33 AM","August 1, 2025, 11:33 AM",,"January 1, +1000000000, 12:00 AM",,0
"4,344","88,495",10,574,"August 1, 2025, 11:33 AM","August 1, 2025, 11:33 AM",,"January 1, +1000000000, 12:00 AM",,0
"4,345","88,406",10,z206,"August 1, 2025, 11:33 AM","August 1, 2025, 11:33 AM",,"January 1, +1000000000, 12:00 AM",,0
"4,346","81,726",11,10426,"August 1, 2025, 11:33 AM","August 1, 2025, 11:33 AM",,"January 1, +1000000000, 12:00 AM",,0
"4,347","88,403",11,7212,"August 1, 2025, 11:33 AM","August 1, 2025, 11:33 AM",,"January 1, +1000000000, 12:00 AM",,0
"4,348","89,270",11,4460,"August 1, 2025, 11:33 AM","August 1, 2025, 11:33 AM",,"January 1, +1000000000, 12:00 AM",,0
"4,349","90,210",11,10729,"August 1, 2025, 11:33 AM","August 1, 2025, 11:33 AM",,"January 1, +1000000000, 12:00 AM",,0
"4,350","82,253",25,202560,"August 1, 2025, 11:33 AM","August 1, 2025, 11:33 AM",,"January 1, +1000000000, 12:00 AM",,0
"4,351","86,216",45,18583,"August 1, 2025, 11:33 AM","August 1, 2025, 11:33 AM",,"January 1, +1000000000, 12:00 AM",,0
"4,352","90,477",11,6314,"August 1, 2025, 11:33 AM","August 1, 2025, 11:33 AM",,"January 1, +1000000000, 12:00 AM",,0
"4,353","89,549",11,5145,"August 1, 2025, 11:33 AM","August 1, 2025, 11:33 AM",,"January 1, +1000000000, 12:00 AM",,0
"4,354","89,302",11,8304,"August 1, 2025, 11:33 AM","August 1, 2025, 11:33 AM",,"January 1, +1000000000, 12:00 AM",,0
"4,355","86,096",9,5578,"August 1, 2025, 11:33 AM","August 1, 2025, 11:33 AM",,"January 1, +1000000000, 12:00 AM",,0
"4,356","90,143",10,z1279,"August 1, 2025, 11:33 AM","August 1, 2025, 11:33 AM",,"January 1, +1000000000, 12:00 AM",,0
"4,357","87,188",9,10347,"August 1, 2025, 11:33 AM","August 1, 2025, 11:33 AM",,"January 1, +1000000000, 12:00 AM",,0
"4,358","82,967",44,105733,"August 1, 2025, 11:33 AM","August 1, 2025, 11:33 AM",,"January 1, +1000000000, 12:00 AM",,0
"4,359","87,801",11,5846,"August 1, 2025, 11:33 AM","August 1, 2025, 11:33 AM",,"January 1, +1000000000, 12:00 AM",,0
"4,360","83,682",18,1350,"August 1, 2025, 11:33 AM","August 1, 2025, 11:33 AM",,"January 1, +1000000000, 12:00 AM",,0
"4,361","86,913",45,27879,"August 1, 2025, 11:33 AM","August 1, 2025, 11:33 AM",,"January 1, +1000000000, 12:00 AM",,0
"4,362","88,742",11,5480,"August 1, 2025, 11:33 AM","August 1, 2025, 11:33 AM",,"January 1, +1000000000, 12:00 AM",,0
"4,363","89,125",11,9691,"August 1, 2025, 11:33 AM","August 1, 2025, 11:33 AM",,"January 1, +1000000000, 12:00 AM",,0
"4,364","82,534",45,13474,"August 1, 2025, 11:33 AM","August 1, 2025, 11:33 AM",,"January 1, +1000000000, 12:00 AM",,0
"4,365","89,393",12,6561503,"August 1, 2025, 11:33 AM","August 1, 2025, 11:33 AM",,"January 1, +1000000000, 12:00 AM",,0
"4,366","89,535",11,5096,"August 1, 2025, 11:33 AM","August 1, 2025, 11:33 AM",,"January 1, +1000000000, 12:00 AM",,0
"4,367","86,193",11,6677,"August 1, 2025, 11:33 AM","August 1, 2025, 11:33 AM",,"January 1, +1000000000, 12:00 AM",,0
"4,368","81,727",11,13148,"August 1, 2025, 11:33 AM","August 1, 2025, 11:33 AM",,"January 1, +1000000000, 12:00 AM",,0
"4,369","83,795",9,9527,"August 1, 2025, 11:33 AM","August 1, 2025, 11:33 AM",,"January 1, +1000000000, 12:00 AM",,0
"4,370","82,297",36,2433,"August 1, 2025, 11:33 AM","August 1, 2025, 11:33 AM",,"January 1, +1000000000, 12:00 AM",,0
"4,371","89,203",11,4002,"August 1, 2025, 11:33 AM","August 1, 2025, 11:33 AM",,"January 1, +1000000000, 12:00 AM",,0
"4,372","89,240",11,4184,"August 1, 2025, 11:33 AM","August 1, 2025, 11:33 AM",,"January 1, +1000000000, 12:00 AM",,0
"4,373","83,763",12,2661001,"August 1, 2025, 11:33 AM","August 1, 2025, 11:33 AM",,"January 1, +1000000000, 12:00 AM",,0
"4,374","87,071",34,4428,"August 1, 2025, 11:33 AM","August 1, 2025, 11:33 AM",,"January 1, +1000000000, 12:00 AM",,0
"4,375","82,480",36,115,"August 1, 2025, 11:33 AM","August 1, 2025, 11:33 AM",,"January 1, +1000000000, 12:00 AM",,0
"4,376","88,695",11,7461,"August 1, 2025, 11:33 AM","August 1, 2025, 11:33 AM",,"January 1, +1000000000, 12:00 AM",,0
"4,334","86,436",34,5585,"August 1, 2025, 11:33 AM","August 1, 2025, 11:33 AM",,"January 1, +1000000000, 12:00 AM",,0
"4,328","86,265",45,7357,"August 1, 2025, 11:33 AM","August 1, 2025, 11:33 AM",,"January 1, +1000000000, 12:00 AM",,0
"4,301","90,160",44,106017,"August 1, 2025, 11:33 AM","August 1, 2025, 11:33 AM",,"January 1, +1000000000, 12:00 AM",,0
"4,377","83,792",9,5825,"August 1, 2025, 11:33 AM","August 1, 2025, 11:33 AM",,"January 1, +1000000000, 12:00 AM",,0
"4,378","88,697",11,8333,"August 1, 2025, 11:33 AM","August 1, 2025, 11:33 AM",,"January 1, +1000000000, 12:00 AM",,0
"4,379","89,726",34,4586,"August 1, 2025, 11:33 AM","August 1, 2025, 11:33 AM",,"January 1, +1000000000, 12:00 AM",,0
"4,380","87,757",25,251081,"August 1, 2025, 11:33 AM","August 1, 2025, 11:33 AM",,"January 1, +1000000000, 12:00 AM",,0
"4,381","89,500",45,25693,"August 1, 2025, 11:33 AM","August 1, 2025, 11:33 AM",,"January 1, +1000000000, 12:00 AM",,0
"4,382","85,963",42,3179,"August 1, 2025, 11:33 AM","August 1, 2025, 11:33 AM",,"January 1, +1000000000, 12:00 AM",,0
"4,383","82,382",36,1472,"August 1, 2025, 11:33 AM","August 1, 2025, 11:33 AM",,"January 1, +1000000000, 12:00 AM",,0
"4,384","81,720",11,5884,"August 1, 2025, 11:33 AM","August 1, 2025, 11:33 AM",,"January 1, +1000000000, 12:00 AM",,0
"4,385","85,887",18,5975,"August 1, 2025, 11:33 AM","August 1, 2025, 11:33 AM",,"January 1, +1000000000, 12:00 AM",,0
"4,386","85,887",18,4335,"August 1, 2025, 11:33 AM","August 1, 2025, 11:33 AM",,"January 1, +1000000000, 12:00 AM",,0
"4,387","87,150",36,1673,"August 1, 2025, 11:33 AM","August 1, 2025, 11:33 AM",,"January 1, +1000000000, 12:00 AM",,0
"4,388","89,786",18,3451,"August 1, 2025, 11:33 AM","August 1, 2025, 11:33 AM",,"January 1, +1000000000, 12:00 AM",,0
"4,389","86,044",34,4922,"August 1, 2025, 11:33 AM","August 1, 2025, 11:33 AM",,"January 1, +1000000000, 12:00 AM",,0
"4,390","84,116",36,2411,"August 1, 2025, 11:33 AM","August 1, 2025, 11:33 AM",,"January 1, +1000000000, 12:00 AM",,0
"4,391","89,967",43,5210,"August 1, 2025, 11:33 AM","August 1, 2025, 11:33 AM",,"January 1, +1000000000, 12:00 AM",,0
"4,392","87,020",9,9357,"August 1, 2025, 11:33 AM","August 1, 2025, 11:33 AM",,"January 1, +1000000000, 12:00 AM",,0
"4,393","90,376",11,4898,"August 1, 2025, 11:33 AM","August 1, 2025, 11:33 AM",,"January 1, +1000000000, 12:00 AM",,0
"4,394","83,558",25,251500,"August 1, 2025, 11:33 AM","August 1, 2025, 11:33 AM",,"January 1, +1000000000, 12:00 AM",,0
"4,395","83,596",44,105849,"August 1, 2025, 11:33 AM","August 1, 2025, 11:33 AM",,"January 1, +1000000000, 12:00 AM",,0
"4,396","83,916",25,251106,"August 1, 2025, 11:33 AM","August 1, 2025, 11:33 AM",,"January 1, +1000000000, 12:00 AM",,0
"4,398","82,961",45,18207,"August 1, 2025, 11:33 AM","August 1, 2025, 11:33 AM",,"January 1, +1000000000, 12:00 AM",,0
"4,399","89,672",9,8923,"August 1, 2025, 11:33 AM","August 1, 2025, 11:33 AM",,"January 1, +1000000000, 12:00 AM",,0
"4,400","85,225",24,1206,"August 1, 2025, 11:33 AM","August 1, 2025, 11:33 AM",,"January 1, +1000000000, 12:00 AM",,0
"4,401","84,186",18,403,"August 1, 2025, 11:33 AM","August 1, 2025, 11:33 AM",,"January 1, +1000000000, 12:00 AM",,0
"4,402","88,277",18,4996,"August 1, 2025, 11:33 AM","August 1, 2025, 11:33 AM",,"January 1, +1000000000, 12:00 AM",,0
"4,403","90,072",45,32317,"August 1, 2025, 11:33 AM","August 1, 2025, 11:33 AM",,"January 1, +1000000000, 12:00 AM",,0
"4,404","89,008",34,2837,"August 1, 2025, 11:33 AM","August 1, 2025, 11:33 AM",,"January 1, +1000000000, 12:00 AM",,0
"4,405","89,009",34,925,"August 1, 2025, 11:33 AM","August 1, 2025, 11:33 AM",,"January 1, +1000000000, 12:00 AM",,0
"4,406","89,007",34,5688,"August 1, 2025, 11:33 AM","August 1, 2025, 11:33 AM",,"January 1, +1000000000, 12:00 AM",,0
"4,407","89,006",34,925,"August 1, 2025, 11:33 AM","August 1, 2025, 11:33 AM",,"January 1, +1000000000, 12:00 AM",,0
"4,408","83,440",12,7500001,"August 1, 2025, 11:33 AM","August 1, 2025, 11:33 AM",,"January 1, +1000000000, 12:00 AM",,0
"4,409","89,748",34,4485,"August 1, 2025, 11:33 AM","August 1, 2025, 11:33 AM",,"January 1, +1000000000, 12:00 AM",,0
"4,411","86,720",11,103022,"August 1, 2025, 11:33 AM","August 1, 2025, 11:33 AM",,"January 1, +1000000000, 12:00 AM",,0
"4,412","89,450",10,Y972,"August 1, 2025, 11:33 AM","August 1, 2025, 11:33 AM",,"January 1, +1000000000, 12:00 AM",,0
"4,414","89,423",34,5481,"August 1, 2025, 11:33 AM","August 1, 2025, 11:33 AM",,"January 1, +1000000000, 12:00 AM",,0
"4,416","88,476",45,35113,"August 1, 2025, 11:33 AM","August 1, 2025, 11:33 AM",,"January 1, +1000000000, 12:00 AM",,0
"4,418","87,058",45,34870,"August 1, 2025, 11:33 AM","August 1, 2025, 11:33 AM",,"January 1, +1000000000, 12:00 AM",,0
"4,419","82,436",12,486806,"August 1, 2025, 11:33 AM","August 1, 2025, 11:33 AM",,"January 1, +1000000000, 12:00 AM",,0
"4,422","84,363",45,13404,"August 1, 2025, 11:33 AM","August 1, 2025, 11:33 AM",,"January 1, +1000000000, 12:00 AM",,0
"4,423","89,646",11,5624,"August 1, 2025, 11:33 AM","August 1, 2025, 11:33 AM",,"January 1, +1000000000, 12:00 AM",,0
"4,427","87,874",45,20834,"August 1, 2025, 11:33 AM","August 1, 2025, 11:33 AM",,"January 1, +1000000000, 12:00 AM",,0
"4,428","86,413",45,15722,"August 1, 2025, 11:33 AM","August 1, 2025, 11:33 AM",,"January 1, +1000000000, 12:00 AM",,0
"4,429","87,425",45,33448,"August 1, 2025, 11:33 AM","August 1, 2025, 11:33 AM",,"January 1, +1000000000, 12:00 AM",,0
"4,430","84,875",12,8543801,"August 1, 2025, 11:33 AM","August 1, 2025, 11:33 AM",,"January 1, +1000000000, 12:00 AM",,0
"4,431","83,716",9,1465,"August 1, 2025, 11:33 AM","August 1, 2025, 11:33 AM",,"January 1, +1000000000, 12:00 AM",,0
"4,433","88,277",45,26648,"August 1, 2025, 11:33 AM","August 1, 2025, 11:33 AM",,"January 1, +1000000000, 12:00 AM",,0
"4,435","87,562",24,4449,"August 1, 2025, 11:33 AM","August 1, 2025, 11:33 AM",,"January 1, +1000000000, 12:00 AM",,0
"4,436","83,984",9,1418,"August 1, 2025, 11:33 AM","August 1, 2025, 11:33 AM",,"January 1, +1000000000, 12:00 AM",,0
"4,437","89,625",9,7662,"August 1, 2025, 11:33 AM","August 1, 2025, 11:33 AM",,"January 1, +1000000000, 12:00 AM",,0
"4,438","82,887",9,5693,"August 1, 2025, 11:33 AM","August 1, 2025, 11:33 AM",,"January 1, +1000000000, 12:00 AM",,0
"4,439","87,183",21,100754,"August 1, 2025, 11:33 AM","August 1, 2025, 11:33 AM",,"January 1, +1000000000, 12:00 AM",,0
"4,440","83,495",21,100385,"August 1, 2025, 11:33 AM","August 1, 2025, 11:33 AM",,"January 1, +1000000000, 12:00 AM",,0
"4,441","87,071",12,8403701,"August 1, 2025, 11:33 AM","August 1, 2025, 11:33 AM",,"January 1, +1000000000, 12:00 AM",,0
"4,443","89,475",43,5022,"August 1, 2025, 11:33 AM","August 1, 2025, 11:33 AM",,"January 1, +1000000000, 12:00 AM",,0
"4,445","89,872",45,27288,"August 1, 2025, 11:33 AM","August 1, 2025, 11:33 AM",,"January 1, +1000000000, 12:00 AM",,0
"4,447","81,758",9,10321,"August 1, 2025, 11:33 AM","August 1, 2025, 11:33 AM",,"January 1, +1000000000, 12:00 AM",,0
"4,448","85,540",9,1159,"August 1, 2025, 11:33 AM","August 1, 2025, 11:33 AM",,"January 1, +1000000000, 12:00 AM",,0
"4,450","87,421",9,9026,"August 1, 2025, 11:33 AM","August 1, 2025, 11:33 AM",,"January 1, +1000000000, 12:00 AM",,0
"4,453","82,856",18,3719,"August 1, 2025, 11:33 AM","August 1, 2025, 11:33 AM",,"January 1, +1000000000, 12:00 AM",,0
"4,454","89,598",11,5347,"August 1, 2025, 11:33 AM","August 1, 2025, 11:33 AM",,"January 1, +1000000000, 12:00 AM",,0
"4,455","89,627",18,4188,"August 1, 2025, 11:33 AM","August 1, 2025, 11:33 AM",,"January 1, +1000000000, 12:00 AM",,0
"4,457","89,974",11,13987,"August 1, 2025, 11:33 AM","August 1, 2025, 11:33 AM",,"January 1, +1000000000, 12:00 AM",,0
"4,458","84,995",9,6038,"August 1, 2025, 11:33 AM","August 1, 2025, 11:33 AM",,"January 1, +1000000000, 12:00 AM",,0
"4,459","87,928",42,2725,"August 1, 2025, 11:33 AM","August 1, 2025, 11:33 AM",,"January 1, +1000000000, 12:00 AM",,0
"4,460","88,536",34,3267,"August 1, 2025, 11:33 AM","August 1, 2025, 11:33 AM",,"January 1, +1000000000, 12:00 AM",,0
"4,461","83,033",36,1484,"August 1, 2025, 11:33 AM","August 1, 2025, 11:33 AM",,"January 1, +1000000000, 12:00 AM",,0
"4,462","84,420",24,150,"August 1, 2025, 11:33 AM","August 1, 2025, 11:33 AM",,"January 1, +1000000000, 12:00 AM",,0
"4,463","83,409",45,37624,"August 1, 2025, 11:33 AM","August 1, 2025, 11:33 AM",,"January 1, +1000000000, 12:00 AM",,0
"4,464","88,520",18,5586,"August 1, 2025, 11:33 AM","August 1, 2025, 11:33 AM",,"January 1, +1000000000, 12:00 AM",,0
"4,410","84,937",11,5215,"August 1, 2025, 11:33 AM","August 1, 2025, 11:33 AM",,"January 1, +1000000000, 12:00 AM",,0
"4,452","90,049",10,1158,"August 1, 2025, 11:33 AM","August 1, 2025, 11:33 AM",,"January 1, +1000000000, 12:00 AM",,0
"4,456","89,370",11,4748,"August 1, 2025, 11:33 AM","August 1, 2025, 11:33 AM",,"January 1, +1000000000, 12:00 AM",,0
"4,446","83,505",24,7714,"August 1, 2025, 11:33 AM","September 9, 2025, 2:03 PM",,"January 1, 2000, 12:00 AM",,0
"4,432","82,767",45,15645,"August 1, 2025, 11:33 AM","August 1, 2025, 11:33 AM",,"January 1, +1000000000, 12:00 AM",,0
"4,449","82,516",45,38119,"August 1, 2025, 11:33 AM","November 19, 2025, 8:21 PM",,"January 1, 2000, 12:00 AM",,0
"4,465","89,059",35,11538,"August 1, 2025, 11:33 AM","August 1, 2025, 11:33 AM",,"January 1, +1000000000, 12:00 AM",,0
"4,466","85,927",11,108166,"August 1, 2025, 11:33 AM","August 1, 2025, 11:33 AM",,"January 1, +1000000000, 12:00 AM",,0
"4,467","89,672",45,27569,"August 1, 2025, 11:33 AM","August 1, 2025, 11:33 AM",,"January 1, +1000000000, 12:00 AM",,0
"4,468","88,377",18,4619,"August 1, 2025, 11:33 AM","August 1, 2025, 11:33 AM",,"January 1, +1000000000, 12:00 AM",,0
"4,470","88,392",34,778,"August 1, 2025, 11:33 AM","August 1, 2025, 11:33 AM",,"January 1, +1000000000, 12:00 AM",,0
"4,472","83,449",12,9806801,"August 1, 2025, 11:33 AM","August 1, 2025, 11:33 AM",,"January 1, +1000000000, 12:00 AM",,0
"4,473","87,160",24,3699,"August 1, 2025, 11:33 AM","August 1, 2025, 11:33 AM",,"January 1, +1000000000, 12:00 AM",,0
"4,474","90,249",11,13417,"August 1, 2025, 11:33 AM","August 1, 2025, 11:33 AM",,"January 1, +1000000000, 12:00 AM",,0
"4,475","83,522",44,105678,"August 1, 2025, 11:33 AM","August 1, 2025, 11:33 AM",,"January 1, +1000000000, 12:00 AM",,0
"4,476","83,553",45,29211,"August 1, 2025, 11:33 AM","August 1, 2025, 11:33 AM",,"January 1, +1000000000, 12:00 AM",,0
"4,477","88,565",45,24296,"August 1, 2025, 11:33 AM","August 1, 2025, 11:33 AM",,"January 1, +1000000000, 12:00 AM",,0
"4,478","85,926",18,705,"August 1, 2025, 11:33 AM","August 1, 2025, 11:33 AM",,"January 1, +1000000000, 12:00 AM",,0
"4,479","86,919",36,3565,"August 1, 2025, 11:33 AM","August 1, 2025, 11:33 AM",,"January 1, +1000000000, 12:00 AM",,0
"4,480","83,600",9,10431,"August 1, 2025, 11:33 AM","August 1, 2025, 11:33 AM",,"January 1, +1000000000, 12:00 AM",,0
"4,481","82,949",45,36536,"August 1, 2025, 11:33 AM","August 1, 2025, 11:33 AM",,"January 1, +1000000000, 12:00 AM",,0
"4,482","88,232",11,4626,"August 1, 2025, 11:33 AM","August 1, 2025, 11:33 AM",,"January 1, +1000000000, 12:00 AM",,0
"4,483","82,213",12,1168101,"August 1, 2025, 11:33 AM","August 1, 2025, 11:33 AM",,"January 1, +1000000000, 12:00 AM",,0
"4,484","83,319",45,27369,"August 1, 2025, 11:33 AM","August 1, 2025, 11:33 AM",,"January 1, +1000000000, 12:00 AM",,0
"4,486","83,526",45,36232,"August 1, 2025, 11:33 AM","August 1, 2025, 11:33 AM",,"January 1, +1000000000, 12:00 AM",,0
"4,488","85,926",11,170678,"August 1, 2025, 11:33 AM","August 1, 2025, 11:33 AM",,"January 1, +1000000000, 12:00 AM",,0
"4,489","82,205",25,250305,"August 1, 2025, 11:33 AM","August 1, 2025, 11:33 AM",,"January 1, +1000000000, 12:00 AM",,0
"4,490","83,082",18,2412,"August 1, 2025, 11:33 AM","August 1, 2025, 11:33 AM",,"January 1, +1000000000, 12:00 AM",,0
"4,491","83,168",9,7779,"August 1, 2025, 11:33 AM","August 1, 2025, 11:33 AM",,"January 1, +1000000000, 12:00 AM",,0
"4,492","85,744",9,5447,"August 1, 2025, 11:33 AM","August 1, 2025, 11:33 AM",,"January 1, +1000000000, 12:00 AM",,0
"4,493","82,434",11,109452,"August 1, 2025, 11:33 AM","August 1, 2025, 11:33 AM",,"January 1, +1000000000, 12:00 AM",,0
"4,494","82,433",45,25437,"August 1, 2025, 11:33 AM","August 1, 2025, 11:33 AM",,"January 1, +1000000000, 12:00 AM",,0
"4,495","82,432",42,3176,"August 1, 2025, 11:33 AM","August 1, 2025, 11:33 AM",,"January 1, +1000000000, 12:00 AM",,0
"4,497","90,599",10,1335,"August 1, 2025, 11:33 AM","August 1, 2025, 11:33 AM",,"January 1, +1000000000, 12:00 AM",,0
"4,498","89,785",18,573,"August 1, 2025, 11:33 AM","August 1, 2025, 11:33 AM",,"January 1, +1000000000, 12:00 AM",,0
"4,500","90,029",43,5277,"August 1, 2025, 11:33 AM","August 1, 2025, 11:33 AM",,"January 1, +1000000000, 12:00 AM",,0
"4,501","83,598",45,21506,"August 1, 2025, 11:33 AM","August 1, 2025, 11:33 AM",,"January 1, +1000000000, 12:00 AM",,0
"4,502","86,842",44,200088,"August 1, 2025, 11:33 AM","August 1, 2025, 11:33 AM",,"January 1, +1000000000, 12:00 AM",,0
"4,504","87,629",18,4784,"August 1, 2025, 11:33 AM","August 1, 2025, 11:33 AM",,"January 1, +1000000000, 12:00 AM",,0
"4,505","82,554",11,151748,"August 1, 2025, 11:33 AM","August 1, 2025, 11:33 AM",,"January 1, +1000000000, 12:00 AM",,0
"4,506","87,949",9,7400,"August 1, 2025, 11:33 AM","August 1, 2025, 11:33 AM",,"January 1, +1000000000, 12:00 AM",,0
"4,507","81,956",18,444,"August 1, 2025, 11:33 AM","August 1, 2025, 11:33 AM",,"January 1, +1000000000, 12:00 AM",,0
"4,508","84,840",9,5553,"August 1, 2025, 11:33 AM","August 1, 2025, 11:33 AM",,"January 1, +1000000000, 12:00 AM",,0
"4,509","84,645",42,3465,"August 1, 2025, 11:33 AM","August 1, 2025, 11:33 AM",,"January 1, +1000000000, 12:00 AM",,0
"4,510","87,659",9,9901,"August 1, 2025, 11:33 AM","August 1, 2025, 11:33 AM",,"January 1, +1000000000, 12:00 AM",,0
"4,511","90,322",45,10401,"August 1, 2025, 11:33 AM","August 1, 2025, 11:33 AM",,"January 1, +1000000000, 12:00 AM",,0
"4,512","89,734",18,3181,"August 1, 2025, 11:33 AM","August 1, 2025, 11:33 AM",,"January 1, +1000000000, 12:00 AM",,0
"4,513","85,455",12,468301,"August 1, 2025, 11:33 AM","August 1, 2025, 11:33 AM",,"January 1, +1000000000, 12:00 AM",,0
"4,514","82,528",10,Z979,"August 1, 2025, 11:33 AM","August 1, 2025, 11:33 AM",,"January 1, +1000000000, 12:00 AM",,0
"4,515","88,822",12,8055703,"August 1, 2025, 11:33 AM","August 1, 2025, 11:33 AM",,"January 1, +1000000000, 12:00 AM",,0
"4,516","90,475",24,108142,"August 1, 2025, 11:33 AM","August 1, 2025, 11:33 AM",,"January 1, +1000000000, 12:00 AM",,0
"4,517","90,475",42,1299,"August 1, 2025, 11:33 AM","August 1, 2025, 11:33 AM",,"January 1, +1000000000, 12:00 AM",,0
"4,518","89,522",43,1944,"August 1, 2025, 11:33 AM","August 1, 2025, 11:33 AM",,"January 1, +1000000000, 12:00 AM",,0
"4,521","84,110",10,1338,"August 1, 2025, 11:33 AM","August 1, 2025, 11:33 AM",,"January 1, +1000000000, 12:00 AM",,0
"4,522","83,186",44,200911,"August 1, 2025, 11:33 AM","August 1, 2025, 11:33 AM",,"January 1, +1000000000, 12:00 AM",,0
"4,523","88,008",25,106273,"August 1, 2025, 11:33 AM","August 1, 2025, 11:33 AM",,"January 1, +1000000000, 12:00 AM",,0
"4,525","83,672",9,62,"August 1, 2025, 11:33 AM","August 1, 2025, 11:33 AM",,"January 1, +1000000000, 12:00 AM",,0
"4,526","86,953",25,251475,"August 1, 2025, 11:33 AM","August 1, 2025, 11:33 AM",,"January 1, +1000000000, 12:00 AM",,0
"4,527","88,948",45,33247,"August 1, 2025, 11:33 AM","August 1, 2025, 11:33 AM",,"January 1, +1000000000, 12:00 AM",,0
"4,528","87,219",45,36504,"August 1, 2025, 11:33 AM","August 1, 2025, 11:33 AM",,"January 1, +1000000000, 12:00 AM",,0
"4,529","86,587",9,5512,"August 1, 2025, 11:33 AM","August 1, 2025, 11:33 AM",,"January 1, +1000000000, 12:00 AM",,0
"4,530","89,258",10,Z642,"August 1, 2025, 11:33 AM","August 1, 2025, 11:33 AM",,"January 1, +1000000000, 12:00 AM",,0
"4,531","86,132",25,151019,"August 1, 2025, 11:33 AM","August 1, 2025, 11:33 AM",,"January 1, +1000000000, 12:00 AM",,0
"4,532","89,788",18,5750,"August 1, 2025, 11:33 AM","August 1, 2025, 11:33 AM",,"January 1, +1000000000, 12:00 AM",,0
"4,533","89,132",45,23644,"August 1, 2025, 11:33 AM","August 1, 2025, 11:33 AM",,"January 1, +1000000000, 12:00 AM",,0
"4,534","87,107",12,6729601,"August 1, 2025, 11:33 AM","August 1, 2025, 11:33 AM",,"January 1, +1000000000, 12:00 AM",,0
"4,535","90,174",42,3532,"August 1, 2025, 11:33 AM","August 1, 2025, 11:33 AM",,"January 1, +1000000000, 12:00 AM",,0
"4,536","81,897",45,16587,"August 1, 2025, 11:33 AM","August 1, 2025, 11:33 AM",,"January 1, +1000000000, 12:00 AM",,0
"4,537","83,157",25,200492,"August 1, 2025, 11:33 AM","August 1, 2025, 11:33 AM",,"January 1, +1000000000, 12:00 AM",,0
"4,538","88,883",45,10774,"August 1, 2025, 11:33 AM","August 1, 2025, 11:33 AM",,"January 1, +1000000000, 12:00 AM",,0
"4,539","89,781",18,5020,"August 1, 2025, 11:33 AM","August 1, 2025, 11:33 AM",,"January 1, +1000000000, 12:00 AM",,0
"4,540","89,554",9,8804,"August 1, 2025, 11:33 AM","August 1, 2025, 11:33 AM",,"January 1, +1000000000, 12:00 AM",,0
"4,541","85,849",42,3198,"August 1, 2025, 11:33 AM","August 1, 2025, 11:33 AM",,"January 1, +1000000000, 12:00 AM",,0
"4,542","86,678",36,2386,"August 1, 2025, 11:33 AM","August 1, 2025, 11:33 AM",,"January 1, +1000000000, 12:00 AM",,0
"4,543","82,874",45,16143,"August 1, 2025, 11:33 AM","August 1, 2025, 11:33 AM",,"January 1, +1000000000, 12:00 AM",,0
"4,546","82,863",45,19032,"August 1, 2025, 11:33 AM","August 1, 2025, 11:33 AM",,"January 1, +1000000000, 12:00 AM",,0
"4,547","89,096",45,11305,"August 1, 2025, 11:33 AM","August 1, 2025, 11:33 AM",,"January 1, +1000000000, 12:00 AM",,0
"4,548","88,676",45,18272,"August 1, 2025, 11:33 AM","August 1, 2025, 11:33 AM",,"January 1, +1000000000, 12:00 AM",,0
"4,549","88,166",45,18273,"August 1, 2025, 11:33 AM","August 1, 2025, 11:33 AM",,"January 1, +1000000000, 12:00 AM",,0
"4,550","88,848",12,2798401,"August 1, 2025, 11:33 AM","August 1, 2025, 11:33 AM",,"January 1, +1000000000, 12:00 AM",,0
"4,551","86,637",36,2822,"August 1, 2025, 11:33 AM","August 1, 2025, 11:33 AM",,"January 1, +1000000000, 12:00 AM",,0
"4,552","90,493",43,4903,"August 1, 2025, 11:33 AM","August 1, 2025, 11:33 AM",,"January 1, +1000000000, 12:00 AM",,0
"4,469","88,568",11,2783,"August 1, 2025, 11:33 AM","August 1, 2025, 11:33 AM",,"January 1, +1000000000, 12:00 AM",,0
"4,485","88,846",45,20089,"August 1, 2025, 11:33 AM","August 1, 2025, 11:33 AM",,"January 1, +1000000000, 12:00 AM",,0
"4,496","82,430",12,486801,"August 1, 2025, 11:33 AM","August 1, 2025, 11:33 AM",,"January 1, +1000000000, 12:00 AM",,0
"4,553","88,487",18,4729,"August 1, 2025, 11:33 AM","August 1, 2025, 11:33 AM",,"January 1, +1000000000, 12:00 AM",,0
"4,554","84,954",45,16603,"August 1, 2025, 11:34 AM","August 1, 2025, 11:34 AM",,"January 1, +1000000000, 12:00 AM",,0
"4,555","82,171",36,600,"August 1, 2025, 11:34 AM","August 1, 2025, 11:34 AM",,"January 1, +1000000000, 12:00 AM",,0
"4,556","84,632",36,220,"August 1, 2025, 11:34 AM","August 1, 2025, 11:34 AM",,"January 1, +1000000000, 12:00 AM",,0
"4,557","84,613",10,891,"August 1, 2025, 11:34 AM","August 1, 2025, 11:34 AM",,"January 1, +1000000000, 12:00 AM",,0
"4,559","89,838",36,2768,"August 1, 2025, 11:34 AM","August 1, 2025, 11:34 AM",,"January 1, +1000000000, 12:00 AM",,0
"4,560","87,412",11,13226,"August 1, 2025, 11:34 AM","August 1, 2025, 11:34 AM",,"January 1, +1000000000, 12:00 AM",,0
"4,561","84,977",36,1930,"August 1, 2025, 11:34 AM","August 1, 2025, 11:34 AM",,"January 1, +1000000000, 12:00 AM",,0
"4,562","84,006",9,1523,"August 1, 2025, 11:34 AM","August 1, 2025, 11:34 AM",,"January 1, +1000000000, 12:00 AM",,0
"4,563","84,006",36,1523,"August 1, 2025, 11:34 AM","August 1, 2025, 11:34 AM",,"January 1, +1000000000, 12:00 AM",,0
"4,564","86,618",9,3396,"August 1, 2025, 11:34 AM","August 1, 2025, 11:34 AM",,"January 1, +1000000000, 12:00 AM",,0
"4,565","87,780",45,22289,"August 1, 2025, 11:34 AM","August 1, 2025, 11:34 AM",,"January 1, +1000000000, 12:00 AM",,0
"4,566","89,531",25,250477,"August 1, 2025, 11:34 AM","August 1, 2025, 11:34 AM",,"January 1, +1000000000, 12:00 AM",,0
"4,567","83,965",24,1060,"August 1, 2025, 11:34 AM","August 1, 2025, 11:34 AM",,"January 1, +1000000000, 12:00 AM",,0
"4,568","86,836",9,8197,"August 1, 2025, 11:34 AM","August 1, 2025, 11:34 AM",,"January 1, +1000000000, 12:00 AM",,0
"4,569","82,016",18,292,"August 1, 2025, 11:34 AM","August 1, 2025, 11:34 AM",,"January 1, +1000000000, 12:00 AM",,0
"4,570","82,124",18,279,"August 1, 2025, 11:34 AM","August 1, 2025, 11:34 AM",,"January 1, +1000000000, 12:00 AM",,0
"4,571","84,912",18,386,"August 1, 2025, 11:34 AM","August 1, 2025, 11:34 AM",,"January 1, +1000000000, 12:00 AM",,0
"4,572","86,321",18,145,"August 1, 2025, 11:34 AM","August 1, 2025, 11:34 AM",,"January 1, +1000000000, 12:00 AM",,0
"4,573","88,429",36,3670,"August 1, 2025, 11:34 AM","August 1, 2025, 11:34 AM",,"January 1, +1000000000, 12:00 AM",,0
"4,575","86,195",18,2736,"August 1, 2025, 11:34 AM","August 1, 2025, 11:34 AM",,"January 1, +1000000000, 12:00 AM",,0
"4,576","88,524",45,18476,"August 1, 2025, 11:34 AM","August 1, 2025, 11:34 AM",,"January 1, +1000000000, 12:00 AM",,0
"4,577","89,032",45,17281,"August 1, 2025, 11:34 AM","August 1, 2025, 11:34 AM",,"January 1, +1000000000, 12:00 AM",,0
"4,578","83,661",42,64,"August 1, 2025, 11:34 AM","August 1, 2025, 11:34 AM",,"January 1, +1000000000, 12:00 AM",,0
"4,579","84,107",45,24106,"August 1, 2025, 11:34 AM","August 1, 2025, 11:34 AM",,"January 1, +1000000000, 12:00 AM",,0
"4,580","86,535",36,1450,"August 1, 2025, 11:34 AM","August 1, 2025, 11:34 AM",,"January 1, +1000000000, 12:00 AM",,0
"4,581","90,478",45,15779,"August 1, 2025, 11:34 AM","August 1, 2025, 11:34 AM",,"January 1, +1000000000, 12:00 AM",,0
"4,582","86,186",36,434,"August 1, 2025, 11:34 AM","August 1, 2025, 11:34 AM",,"January 1, +1000000000, 12:00 AM",,0
"4,583","88,473",18,3550,"August 1, 2025, 11:34 AM","August 1, 2025, 11:34 AM",,"January 1, +1000000000, 12:00 AM",,0
"4,585","88,491",18,3551,"August 1, 2025, 11:34 AM","August 1, 2025, 11:34 AM",,"January 1, +1000000000, 12:00 AM",,0
"4,586","85,626",12,1234501,"August 1, 2025, 11:34 AM","August 1, 2025, 11:34 AM",,"January 1, +1000000000, 12:00 AM",,0
"4,587","84,304",9,5399,"August 1, 2025, 11:34 AM","August 1, 2025, 11:34 AM",,"January 1, +1000000000, 12:00 AM",,0
"4,588","82,664",11,106727,"August 1, 2025, 11:34 AM","August 1, 2025, 11:34 AM",,"January 1, +1000000000, 12:00 AM",,0
"4,589","85,040",11,108201,"August 1, 2025, 11:34 AM","August 1, 2025, 11:34 AM",,"January 1, +1000000000, 12:00 AM",,0
"4,590","89,982",11,7725,"August 1, 2025, 11:34 AM","August 1, 2025, 11:34 AM",,"January 1, +1000000000, 12:00 AM",,0
"4,591","83,331",36,1934,"August 1, 2025, 11:34 AM","August 1, 2025, 11:34 AM",,"January 1, +1000000000, 12:00 AM",,0
"4,592","88,488",18,5563,"August 1, 2025, 11:34 AM","August 1, 2025, 11:34 AM",,"January 1, +1000000000, 12:00 AM",,0
"4,593","82,831",45,21457,"August 1, 2025, 11:34 AM","August 1, 2025, 11:34 AM",,"January 1, +1000000000, 12:00 AM",,0
"4,594","84,488",11,4623,"August 1, 2025, 11:34 AM","August 1, 2025, 11:34 AM",,"January 1, +1000000000, 12:00 AM",,0
"4,595","88,415",11,4624,"August 1, 2025, 11:34 AM","August 1, 2025, 11:34 AM",,"January 1, +1000000000, 12:00 AM",,0
"4,596","89,679",11,13649,"August 1, 2025, 11:34 AM","August 1, 2025, 11:34 AM",,"January 1, +1000000000, 12:00 AM",,0
"4,597","87,839",11,5513,"August 1, 2025, 11:34 AM","August 1, 2025, 11:34 AM",,"January 1, +1000000000, 12:00 AM",,0
"4,599","83,303",25,251455,"August 1, 2025, 11:34 AM","August 1, 2025, 11:34 AM",,"January 1, +1000000000, 12:00 AM",,0
"4,600","89,103",45,18015,"August 1, 2025, 11:34 AM","August 1, 2025, 11:34 AM",,"January 1, +1000000000, 12:00 AM",,0
"4,601","89,513",45,24254,"August 1, 2025, 11:34 AM","August 1, 2025, 11:34 AM",,"January 1, +1000000000, 12:00 AM",,0
"4,602","89,960",45,28482,"August 1, 2025, 11:34 AM","August 1, 2025, 11:34 AM",,"January 1, +1000000000, 12:00 AM",,0
"4,603","83,317",11,7868,"August 1, 2025, 11:34 AM","August 1, 2025, 11:34 AM",,"January 1, +1000000000, 12:00 AM",,0
"4,605","88,479",18,3504,"August 1, 2025, 11:34 AM","August 1, 2025, 11:34 AM",,"January 1, +1000000000, 12:00 AM",,0
"4,607","89,037",18,4594,"August 1, 2025, 11:34 AM","August 1, 2025, 11:34 AM",,"January 1, +1000000000, 12:00 AM",,0
"4,608","82,776",25,102878,"August 1, 2025, 11:34 AM","August 1, 2025, 11:34 AM",,"January 1, +1000000000, 12:00 AM",,0
"4,609","90,545",18,4188,"August 1, 2025, 11:34 AM","August 1, 2025, 11:34 AM",,"January 1, +1000000000, 12:00 AM",,0
"4,610","87,963",45,23776,"August 1, 2025, 11:34 AM","August 1, 2025, 11:34 AM",,"January 1, +1000000000, 12:00 AM",,0
"4,611","90,273",42,3558,"August 1, 2025, 11:34 AM","August 1, 2025, 11:34 AM",,"January 1, +1000000000, 12:00 AM",,0
"4,612","89,856",11,107265,"August 1, 2025, 11:34 AM","August 1, 2025, 11:34 AM",,"January 1, +1000000000, 12:00 AM",,0
"4,613","89,685",45,24564,"August 1, 2025, 11:34 AM","August 1, 2025, 11:34 AM",,"January 1, +1000000000, 12:00 AM",,0
"4,614","87,473",9,10414,"August 1, 2025, 11:34 AM","August 1, 2025, 11:34 AM",,"January 1, +1000000000, 12:00 AM",,0
"4,615","84,033",11,106621,"August 1, 2025, 11:34 AM","August 1, 2025, 11:34 AM",,"January 1, +1000000000, 12:00 AM",,0
"4,616","88,534",11,103152,"August 1, 2025, 11:34 AM","August 1, 2025, 11:34 AM",,"January 1, +1000000000, 12:00 AM",,0
"4,617","88,026",11,533,"August 1, 2025, 11:34 AM","August 1, 2025, 11:34 AM",,"January 1, +1000000000, 12:00 AM",,0
"4,618","82,090",36,2859,"August 1, 2025, 11:34 AM","August 1, 2025, 11:34 AM",,"January 1, +1000000000, 12:00 AM",,0
"4,619","84,279",36,1765,"August 1, 2025, 11:34 AM","August 1, 2025, 11:34 AM",,"January 1, +1000000000, 12:00 AM",,0
"4,620","86,928",9,7279,"August 1, 2025, 11:34 AM","August 1, 2025, 11:34 AM",,"January 1, +1000000000, 12:00 AM",,0
"4,621","87,896",18,4049,"August 1, 2025, 11:34 AM","August 1, 2025, 11:34 AM",,"January 1, +1000000000, 12:00 AM",,0
"4,622","86,286",42,2412,"August 1, 2025, 11:34 AM","August 1, 2025, 11:34 AM",,"January 1, +1000000000, 12:00 AM",,0
"4,624","86,082",11,111540,"August 1, 2025, 11:34 AM","August 1, 2025, 11:34 AM",,"January 1, +1000000000, 12:00 AM",,0
"4,625","86,160",11,151738,"August 1, 2025, 11:34 AM","August 1, 2025, 11:34 AM",,"January 1, +1000000000, 12:00 AM",,0
"4,626","86,853",25,251339,"August 1, 2025, 11:34 AM","August 1, 2025, 11:34 AM",,"January 1, +1000000000, 12:00 AM",,0
"4,627","89,741",9,9471,"August 1, 2025, 11:34 AM","August 1, 2025, 11:34 AM",,"January 1, +1000000000, 12:00 AM",,0
"4,629","90,234",45,35422,"August 1, 2025, 11:34 AM","August 1, 2025, 11:34 AM",,"January 1, +1000000000, 12:00 AM",,0
"4,630","89,733",45,26033,"August 1, 2025, 11:34 AM","August 1, 2025, 11:34 AM",,"January 1, +1000000000, 12:00 AM",,0
"4,631","83,944",12,3519201,"August 1, 2025, 11:34 AM","August 1, 2025, 11:34 AM",,"January 1, +1000000000, 12:00 AM",,0
"4,632","87,410",18,2611,"August 1, 2025, 11:34 AM","August 1, 2025, 11:34 AM",,"January 1, +1000000000, 12:00 AM",,0
"4,634","83,240",9,5546,"August 1, 2025, 11:34 AM","August 1, 2025, 11:34 AM",,"January 1, +1000000000, 12:00 AM",,0
"4,635","86,907",9,5805,"August 1, 2025, 11:34 AM","August 1, 2025, 11:34 AM",,"January 1, +1000000000, 12:00 AM",,0
"4,636","86,781",9,9009,"August 1, 2025, 11:34 AM","August 1, 2025, 11:34 AM",,"January 1, +1000000000, 12:00 AM",,0
"4,637","85,915",22,100083,"August 1, 2025, 11:34 AM","August 1, 2025, 11:34 AM",,"January 1, +1000000000, 12:00 AM",,0
"4,638","86,464",12,47472,"August 1, 2025, 11:34 AM","August 1, 2025, 11:34 AM",,"January 1, +1000000000, 12:00 AM",,0
"4,639","84,465",9,6632,"August 1, 2025, 11:34 AM","August 1, 2025, 11:34 AM",,"January 1, +1000000000, 12:00 AM",,0
"4,640","84,822",45,11022,"August 1, 2025, 11:34 AM","August 1, 2025, 11:34 AM",,"January 1, +1000000000, 12:00 AM",,0
"4,604","83,268",45,21028,"August 1, 2025, 11:34 AM","September 22, 2025, 8:37 PM",,"January 1, 2000, 12:00 AM",,0
"4,606","88,486",18,4967,"August 1, 2025, 11:34 AM","November 21, 2025, 3:06 PM",,"January 1, +1000000000, 12:00 AM",,0
"4,641","87,790",18,5454,"August 1, 2025, 11:34 AM","August 1, 2025, 11:34 AM",,"January 1, +1000000000, 12:00 AM",,0
"4,642","84,517",18,5049,"August 1, 2025, 11:34 AM","August 1, 2025, 11:34 AM",,"January 1, +1000000000, 12:00 AM",,0
"4,643","82,517",10,Z 791,"August 1, 2025, 11:34 AM","August 1, 2025, 11:34 AM",,"January 1, +1000000000, 12:00 AM",,0
"4,644","88,124",11,109081,"August 1, 2025, 11:34 AM","August 1, 2025, 11:34 AM",,"January 1, +1000000000, 12:00 AM",,0
"4,645","87,140",21,100530,"August 1, 2025, 11:34 AM","August 1, 2025, 11:34 AM",,"January 1, +1000000000, 12:00 AM",,0
"4,646","88,331",22,103103,"August 1, 2025, 11:34 AM","August 1, 2025, 11:34 AM",,"January 1, +1000000000, 12:00 AM",,0
"4,651","86,734",32,43755,"August 1, 2025, 11:34 AM","August 1, 2025, 11:34 AM",,"January 1, +1000000000, 12:00 AM",,0
"4,652","89,515",45,23081,"August 1, 2025, 11:34 AM","August 1, 2025, 11:34 AM",,"January 1, +1000000000, 12:00 AM",,0
"4,653","82,187",10,724,"August 1, 2025, 11:34 AM","August 1, 2025, 11:34 AM",,"January 1, +1000000000, 12:00 AM",,0
"4,654","88,478",18,4841,"August 1, 2025, 11:34 AM","August 1, 2025, 11:34 AM",,"January 1, +1000000000, 12:00 AM",,0
"4,655","83,399",9,10010,"August 1, 2025, 11:34 AM","August 1, 2025, 11:34 AM",,"January 1, +1000000000, 12:00 AM",,0
"4,656","89,531",25,25477,"August 1, 2025, 11:34 AM","August 1, 2025, 11:34 AM",,"January 1, +1000000000, 12:00 AM",,0
"4,657","84,993",18,52,"August 1, 2025, 11:34 AM","August 1, 2025, 11:34 AM",,"January 1, +1000000000, 12:00 AM",,0
"4,658","87,527",11,107294,"August 1, 2025, 11:34 AM","August 1, 2025, 11:34 AM",,"January 1, +1000000000, 12:00 AM",,0
"4,659","83,060",11,111423,"August 1, 2025, 11:34 AM","August 1, 2025, 11:34 AM",,"January 1, +1000000000, 12:00 AM",,0
"4,660","86,519",12,8707701,"August 1, 2025, 11:34 AM","August 1, 2025, 11:34 AM",,"January 1, +1000000000, 12:00 AM",,0
"4,661","83,182",9,5982,"August 1, 2025, 11:34 AM","August 1, 2025, 11:34 AM",,"January 1, +1000000000, 12:00 AM",,0
"4,662","82,999",18,4416,"August 1, 2025, 11:34 AM","August 1, 2025, 11:34 AM",,"January 1, +1000000000, 12:00 AM",,0
"4,663","87,340",18,2866,"August 1, 2025, 11:34 AM","August 1, 2025, 11:34 AM",,"January 1, +1000000000, 12:00 AM",,0
"4,664","83,654",45,13468,"August 1, 2025, 11:34 AM","August 1, 2025, 11:34 AM",,"January 1, +1000000000, 12:00 AM",,0
"4,665","89,554",18,4603,"August 1, 2025, 11:34 AM","August 1, 2025, 11:34 AM",,"January 1, +1000000000, 12:00 AM",,0
"4,666","83,432",18,3904,"August 1, 2025, 11:34 AM","August 1, 2025, 11:34 AM",,"January 1, +1000000000, 12:00 AM",,0
"4,667","87,851",18,761,"August 1, 2025, 11:34 AM","August 1, 2025, 11:34 AM",,"January 1, +1000000000, 12:00 AM",,0
"4,668","89,957",24,4233,"August 1, 2025, 11:34 AM","August 1, 2025, 11:34 AM",,"January 1, +1000000000, 12:00 AM",,0
"4,669","82,634",45,19793,"August 1, 2025, 11:34 AM","August 1, 2025, 11:34 AM",,"January 1, +1000000000, 12:00 AM",,0
"4,670","84,903",11,106309,"August 1, 2025, 11:34 AM","August 1, 2025, 11:34 AM",,"January 1, +1000000000, 12:00 AM",,0
"4,671","90,280",25,251481,"August 1, 2025, 11:34 AM","August 1, 2025, 11:34 AM",,"January 1, +1000000000, 12:00 AM",,0
"4,672","87,264",25,250432,"August 1, 2025, 11:34 AM","August 1, 2025, 11:34 AM",,"January 1, +1000000000, 12:00 AM",,0
"4,673","84,088",18,5053,"August 1, 2025, 11:34 AM","August 1, 2025, 11:34 AM",,"January 1, +1000000000, 12:00 AM",,0
"4,674","87,954",45,33253,"August 1, 2025, 11:34 AM","August 1, 2025, 11:34 AM",,"January 1, +1000000000, 12:00 AM",,0
"4,676","82,072",10,z247,"August 1, 2025, 11:34 AM","August 1, 2025, 11:34 AM",,"January 1, +1000000000, 12:00 AM",,0
"4,677","83,024",25,251235,"August 1, 2025, 11:34 AM","August 1, 2025, 11:34 AM",,"January 1, +1000000000, 12:00 AM",,0
"4,678","89,784",18,3449,"August 1, 2025, 11:34 AM","August 1, 2025, 11:34 AM",,"January 1, +1000000000, 12:00 AM",,0
"4,679","83,197",11,108294,"August 1, 2025, 11:34 AM","August 1, 2025, 11:34 AM",,"January 1, +1000000000, 12:00 AM",,0
"4,681","89,414",45,21551,"August 1, 2025, 11:34 AM","August 1, 2025, 11:34 AM",,"January 1, +1000000000, 12:00 AM",,0
"4,682","86,982",45,27888,"August 1, 2025, 11:34 AM","August 1, 2025, 11:34 AM",,"January 1, +1000000000, 12:00 AM",,0
"4,683","90,022",42,2527,"August 1, 2025, 11:34 AM","August 1, 2025, 11:34 AM",,"January 1, +1000000000, 12:00 AM",,0
"4,684","90,170",11,12987,"August 1, 2025, 11:34 AM","August 1, 2025, 11:34 AM",,"January 1, +1000000000, 12:00 AM",,0
"4,685","90,170",43,5949,"August 1, 2025, 11:34 AM","August 1, 2025, 11:34 AM",,"January 1, +1000000000, 12:00 AM",,0
"4,686","87,188",45,32858,"August 1, 2025, 11:34 AM","August 1, 2025, 11:34 AM",,"January 1, +1000000000, 12:00 AM",,0
"4,687","89,783",18,5076,"August 1, 2025, 11:34 AM","August 1, 2025, 11:34 AM",,"January 1, +1000000000, 12:00 AM",,0
"4,688","82,177",9,9733,"August 1, 2025, 11:34 AM","August 1, 2025, 11:34 AM",,"January 1, +1000000000, 12:00 AM",,0
"4,689","85,928",18,5671,"August 1, 2025, 11:34 AM","August 1, 2025, 11:34 AM",,"January 1, +1000000000, 12:00 AM",,0
"4,690","82,494",25,151294,"August 1, 2025, 11:34 AM","August 1, 2025, 11:34 AM",,"January 1, +1000000000, 12:00 AM",,0
"4,691","82,330",45,25486,"August 1, 2025, 11:34 AM","August 1, 2025, 11:34 AM",,"January 1, +1000000000, 12:00 AM",,0
"4,692","82,331",45,18669,"August 1, 2025, 11:34 AM","August 1, 2025, 11:34 AM",,"January 1, +1000000000, 12:00 AM",,0
"4,693","89,565",42,208,"August 1, 2025, 11:34 AM","August 1, 2025, 11:34 AM",,"January 1, +1000000000, 12:00 AM",,0
"4,694","87,612",43,6012,"August 1, 2025, 11:34 AM","August 1, 2025, 11:34 AM",,"January 1, +1000000000, 12:00 AM",,0
"4,695","85,538",36,1355,"August 1, 2025, 11:34 AM","August 1, 2025, 11:34 AM",,"January 1, +1000000000, 12:00 AM",,0
"4,696","81,872",9,5591,"August 1, 2025, 11:34 AM","August 1, 2025, 11:34 AM",,"January 1, +1000000000, 12:00 AM",,0
"4,697","82,917",45,19836,"August 1, 2025, 11:34 AM","August 1, 2025, 11:34 AM",,"January 1, +1000000000, 12:00 AM",,0
"4,698","88,510",36,2449,"August 1, 2025, 11:34 AM","August 1, 2025, 11:34 AM",,"January 1, +1000000000, 12:00 AM",,0
"4,699","87,776",45,21766,"August 1, 2025, 11:34 AM","August 1, 2025, 11:34 AM",,"January 1, +1000000000, 12:00 AM",,0
"4,700","83,545",24,4486,"August 1, 2025, 11:34 AM","August 1, 2025, 11:34 AM",,"January 1, +1000000000, 12:00 AM",,0
"4,701","87,197",45,32897,"August 1, 2025, 11:34 AM","August 1, 2025, 11:34 AM",,"January 1, +1000000000, 12:00 AM",,0
"4,703","85,617",11,113158,"August 1, 2025, 11:34 AM","August 1, 2025, 11:34 AM",,"January 1, +1000000000, 12:00 AM",,0
"4,704","85,617",36,2350,"August 1, 2025, 11:34 AM","August 1, 2025, 11:34 AM",,"January 1, +1000000000, 12:00 AM",,0
"4,705","87,507",9,10729,"August 1, 2025, 11:34 AM","August 1, 2025, 11:34 AM",,"January 1, +1000000000, 12:00 AM",,0
"4,706","89,999",45,33323,"August 1, 2025, 11:34 AM","August 1, 2025, 11:34 AM",,"January 1, +1000000000, 12:00 AM",,0
"4,707","85,882",9,10077,"August 1, 2025, 11:34 AM","August 1, 2025, 11:34 AM",,"January 1, +1000000000, 12:00 AM",,0
"4,708","84,079",18,3312,"August 1, 2025, 11:34 AM","August 1, 2025, 11:34 AM",,"January 1, +1000000000, 12:00 AM",,0
"4,709","85,014",11,7720,"August 1, 2025, 11:34 AM","August 1, 2025, 11:34 AM",,"January 1, +1000000000, 12:00 AM",,0
"4,713","83,016",35,15803,"August 1, 2025, 11:34 AM","August 1, 2025, 11:34 AM",,"January 1, +1000000000, 12:00 AM",,0
"4,714","87,467",9,7229,"August 1, 2025, 11:34 AM","August 1, 2025, 11:34 AM",,"January 1, +1000000000, 12:00 AM",,0
"4,716","83,360",35,15123,"August 1, 2025, 11:34 AM","August 1, 2025, 11:34 AM",,"January 1, +1000000000, 12:00 AM",,0
"4,717","86,769",9,8684,"August 1, 2025, 11:34 AM","August 1, 2025, 11:34 AM",,"January 1, +1000000000, 12:00 AM",,0
"4,718","82,366",9,2440,"August 1, 2025, 11:34 AM","August 1, 2025, 11:34 AM",,"January 1, +1000000000, 12:00 AM",,0
"4,719","82,366",36,395,"August 1, 2025, 11:34 AM","August 1, 2025, 11:34 AM",,"January 1, +1000000000, 12:00 AM",,0
"4,720","90,315",10,1170,"August 1, 2025, 11:34 AM","August 1, 2025, 11:34 AM",,"January 1, +1000000000, 12:00 AM",,0
"4,721","82,462",9,5975,"August 1, 2025, 11:34 AM","August 1, 2025, 11:34 AM",,"January 1, +1000000000, 12:00 AM",,0
"4,722","87,136",25,251334,"August 1, 2025, 11:34 AM","August 1, 2025, 11:34 AM",,"January 1, +1000000000, 12:00 AM",,0
"4,723","89,670",9,8924,"August 1, 2025, 11:34 AM","August 1, 2025, 11:34 AM",,"January 1, +1000000000, 12:00 AM",,0
"4,725","86,345",12,4109101,"August 1, 2025, 11:34 AM","August 1, 2025, 11:34 AM",,"January 1, +1000000000, 12:00 AM",,0
"4,727","83,019",36,3535,"August 1, 2025, 11:34 AM","August 1, 2025, 11:34 AM",,"January 1, +1000000000, 12:00 AM",,0
"4,728","88,504",45,14200,"August 1, 2025, 11:34 AM","August 1, 2025, 11:34 AM",,"January 1, +1000000000, 12:00 AM",,0
"4,649","89,825",45,25911,"August 1, 2025, 11:34 AM","August 1, 2025, 11:34 AM",,"January 1, +1000000000, 12:00 AM",,0
"4,647","88,368",45,26302,"August 1, 2025, 11:34 AM","August 1, 2025, 11:34 AM",,"January 1, +1000000000, 12:00 AM",,0
"4,729","84,205",24,7587,"August 1, 2025, 11:34 AM","August 1, 2025, 11:34 AM",,"January 1, +1000000000, 12:00 AM",,0
"4,730","89,829",10,z1123,"August 1, 2025, 11:34 AM","August 1, 2025, 11:34 AM",,"January 1, +1000000000, 12:00 AM",,0
"4,731","89,080",10,Y667,"August 1, 2025, 11:34 AM","August 1, 2025, 11:34 AM",,"January 1, +1000000000, 12:00 AM",,0
"4,732","88,503",45,13415,"August 1, 2025, 11:34 AM","August 1, 2025, 11:34 AM",,"January 1, +1000000000, 12:00 AM",,0
"4,733","86,348",43,5734,"August 1, 2025, 11:34 AM","August 1, 2025, 11:34 AM",,"January 1, +1000000000, 12:00 AM",,0
"4,734","83,048",36,2268,"August 1, 2025, 11:34 AM","August 1, 2025, 11:34 AM",,"January 1, +1000000000, 12:00 AM",,0
"4,735","85,833",45,17765,"August 1, 2025, 11:34 AM","August 1, 2025, 11:34 AM",,"January 1, +1000000000, 12:00 AM",,0
"4,737","83,036",11,5001,"August 1, 2025, 11:34 AM","August 1, 2025, 11:34 AM",,"January 1, +1000000000, 12:00 AM",,0
"4,738","86,966",45,14571,"August 1, 2025, 11:34 AM","August 1, 2025, 11:34 AM",,"January 1, +1000000000, 12:00 AM",,0
"4,739","85,964",9,7474,"August 1, 2025, 11:34 AM","August 1, 2025, 11:34 AM",,"January 1, +1000000000, 12:00 AM",,0
"4,740","90,076",45,32710,"August 1, 2025, 11:34 AM","August 1, 2025, 11:34 AM",,"January 1, +1000000000, 12:00 AM",,0
"4,741","87,237",45,20716,"August 1, 2025, 11:34 AM","August 1, 2025, 11:34 AM",,"January 1, +1000000000, 12:00 AM",,0
"4,742","87,157",9,8183,"August 1, 2025, 11:34 AM","August 1, 2025, 11:34 AM",,"January 1, +1000000000, 12:00 AM",,0
"4,743","89,830",9,2594,"August 1, 2025, 11:34 AM","August 1, 2025, 11:34 AM",,"January 1, +1000000000, 12:00 AM",,0
"4,744","85,571",36,388,"August 1, 2025, 11:34 AM","August 1, 2025, 11:34 AM",,"January 1, +1000000000, 12:00 AM",,0
"4,745","89,449",32,63053,"August 1, 2025, 11:34 AM","August 1, 2025, 11:34 AM",,"January 1, +1000000000, 12:00 AM",,0
"4,747","85,329",44,103314,"August 1, 2025, 11:34 AM","August 1, 2025, 11:34 AM",,"January 1, +1000000000, 12:00 AM",,0
"4,748","89,023",18,5119,"August 1, 2025, 11:34 AM","August 1, 2025, 11:34 AM",,"January 1, +1000000000, 12:00 AM",,0
"4,749","81,782",45,13343,"August 1, 2025, 11:34 AM","August 1, 2025, 11:34 AM",,"January 1, +1000000000, 12:00 AM",,0
"4,750","90,286",34,5660,"August 1, 2025, 11:34 AM","August 1, 2025, 11:34 AM",,"January 1, +1000000000, 12:00 AM",,0
"4,751","82,320",11,109693,"August 1, 2025, 11:34 AM","August 1, 2025, 11:34 AM",,"January 1, +1000000000, 12:00 AM",,0
"4,752","86,637",22,109257,"August 1, 2025, 11:34 AM","August 1, 2025, 11:34 AM",,"January 1, +1000000000, 12:00 AM",,0
"4,753","83,932",11,103510,"August 1, 2025, 11:34 AM","August 1, 2025, 11:34 AM",,"January 1, +1000000000, 12:00 AM",,0
"4,754","81,741",11,116624,"August 1, 2025, 11:34 AM","August 1, 2025, 11:34 AM",,"January 1, +1000000000, 12:00 AM",,0
"4,756","85,398",11,111750,"August 1, 2025, 11:34 AM","August 1, 2025, 11:34 AM",,"January 1, +1000000000, 12:00 AM",,0
"4,758","82,683",45,14330,"August 1, 2025, 11:34 AM","August 1, 2025, 11:34 AM",,"January 1, +1000000000, 12:00 AM",,0
"4,759","90,041",9,9034,"August 1, 2025, 11:34 AM","August 1, 2025, 11:34 AM",,"January 1, +1000000000, 12:00 AM",,0
"4,760","90,194",9,9892,"August 1, 2025, 11:34 AM","August 1, 2025, 11:34 AM",,"January 1, +1000000000, 12:00 AM",,0
"4,761","89,769",11,103393,"August 1, 2025, 11:34 AM","August 1, 2025, 11:34 AM",,"January 1, +1000000000, 12:00 AM",,0
"4,762","90,352",45,11495,"August 1, 2025, 11:34 AM","August 1, 2025, 11:34 AM",,"January 1, +1000000000, 12:00 AM",,0
"4,763","85,369",36,2323,"August 1, 2025, 11:34 AM","August 1, 2025, 11:34 AM",,"January 1, +1000000000, 12:00 AM",,0
"4,764","89,583",11,116105,"August 1, 2025, 11:34 AM","August 1, 2025, 11:34 AM",,"January 1, +1000000000, 12:00 AM",,0
"4,765","89,271",11,116032,"August 1, 2025, 11:34 AM","August 1, 2025, 11:34 AM",,"January 1, +1000000000, 12:00 AM",,0
"4,766","89,310",11,116042,"August 1, 2025, 11:34 AM","August 1, 2025, 11:34 AM",,"January 1, +1000000000, 12:00 AM",,0
"4,769","85,729",45,14713,"August 1, 2025, 11:34 AM","August 1, 2025, 11:34 AM",,"January 1, +1000000000, 12:00 AM",,0
"4,770","88,868",10,z 517,"August 1, 2025, 11:34 AM","August 1, 2025, 11:34 AM",,"January 1, +1000000000, 12:00 AM",,0
"4,773","85,728",36,3497,"August 1, 2025, 11:34 AM","August 1, 2025, 11:34 AM",,"January 1, +1000000000, 12:00 AM",,0
"4,774","85,539",9,8915,"August 1, 2025, 11:34 AM","August 1, 2025, 11:34 AM",,"January 1, +1000000000, 12:00 AM",,0
"4,777","89,185",45,19940,"August 1, 2025, 11:34 AM","August 1, 2025, 11:34 AM",,"January 1, +1000000000, 12:00 AM",,0
"4,778","83,121",45,18318,"August 1, 2025, 11:34 AM","August 1, 2025, 11:34 AM",,"January 1, +1000000000, 12:00 AM",,0
"4,780","85,440",45,19229,"August 1, 2025, 11:34 AM","August 1, 2025, 11:34 AM",,"January 1, +1000000000, 12:00 AM",,0
"4,781","89,902",45,28488,"August 1, 2025, 11:34 AM","August 1, 2025, 11:34 AM",,"January 1, +1000000000, 12:00 AM",,0
"4,783","82,715",45,23565,"August 1, 2025, 11:34 AM","August 1, 2025, 11:34 AM",,"January 1, +1000000000, 12:00 AM",,0
"4,784","85,237",12,9441701,"August 1, 2025, 11:34 AM","August 1, 2025, 11:34 AM",,"January 1, +1000000000, 12:00 AM",,0
"4,785","86,565",12,9497802,"August 1, 2025, 11:34 AM","August 1, 2025, 11:34 AM",,"January 1, +1000000000, 12:00 AM",,0
"4,786","90,051",9,9063,"August 1, 2025, 11:34 AM","August 1, 2025, 11:34 AM",,"January 1, +1000000000, 12:00 AM",,0
"4,787","84,332",11,3911,"August 1, 2025, 11:34 AM","August 1, 2025, 11:34 AM",,"January 1, +1000000000, 12:00 AM",,0
"4,788","84,586",45,16066,"August 1, 2025, 11:34 AM","August 1, 2025, 11:34 AM",,"January 1, +1000000000, 12:00 AM",,0
"4,789","89,861",11,12211,"August 1, 2025, 11:34 AM","August 1, 2025, 11:34 AM",,"January 1, +1000000000, 12:00 AM",,0
"4,790","83,492",45,26772,"August 1, 2025, 11:34 AM","August 1, 2025, 11:34 AM",,"January 1, +1000000000, 12:00 AM",,0
"4,791","87,751",36,4529,"August 1, 2025, 11:34 AM","August 1, 2025, 11:34 AM",,"January 1, +1000000000, 12:00 AM",,0
"4,793","89,429",45,21916,"August 1, 2025, 11:34 AM","August 1, 2025, 11:34 AM",,"January 1, +1000000000, 12:00 AM",,0
"4,794","89,298",45,24801,"August 1, 2025, 11:34 AM","August 1, 2025, 11:34 AM",,"January 1, +1000000000, 12:00 AM",,0
"4,795","88,395",42,2113,"August 1, 2025, 11:34 AM","August 1, 2025, 11:34 AM",,"January 1, +1000000000, 12:00 AM",,0
"4,796","83,938",10,Z1108,"August 1, 2025, 11:34 AM","August 1, 2025, 11:34 AM",,"January 1, +1000000000, 12:00 AM",,0
"4,797","89,753",42,2653,"August 1, 2025, 11:34 AM","August 1, 2025, 11:34 AM",,"January 1, +1000000000, 12:00 AM",,0
"4,799","84,620",36,4025,"August 1, 2025, 11:34 AM","August 1, 2025, 11:34 AM",,"January 1, +1000000000, 12:00 AM",,0
"4,800","89,726",11,8234,"August 1, 2025, 11:34 AM","August 1, 2025, 11:34 AM",,"January 1, +1000000000, 12:00 AM",,0
"4,802","83,393",11,13048,"August 1, 2025, 11:34 AM","August 1, 2025, 11:34 AM",,"January 1, +1000000000, 12:00 AM",,0
"4,803","82,522",9,7061,"August 1, 2025, 11:34 AM","August 1, 2025, 11:34 AM",,"January 1, +1000000000, 12:00 AM",,0
"4,804","86,372",9,7172,"August 1, 2025, 11:34 AM","August 1, 2025, 11:34 AM",,"January 1, +1000000000, 12:00 AM",,0
"4,805","86,946",9,7240,"August 1, 2025, 11:34 AM","August 1, 2025, 11:34 AM",,"January 1, +1000000000, 12:00 AM",,0
"4,806","87,291",9,9741,"August 1, 2025, 11:34 AM","August 1, 2025, 11:34 AM",,"January 1, +1000000000, 12:00 AM",,0
"4,807","88,367",10,Z580,"August 1, 2025, 11:34 AM","August 1, 2025, 11:34 AM",,"January 1, +1000000000, 12:00 AM",,0
"4,808","82,914",11,4247,"August 1, 2025, 11:34 AM","August 1, 2025, 11:34 AM",,"January 1, +1000000000, 12:00 AM",,0
"4,809","87,900",45,22145,"August 1, 2025, 11:34 AM","August 1, 2025, 11:34 AM",,"January 1, +1000000000, 12:00 AM",,0
"4,810","87,901",45,22145,"August 1, 2025, 11:34 AM","August 1, 2025, 11:34 AM",,"January 1, +1000000000, 12:00 AM",,0
"4,811","84,028",45,16450,"August 1, 2025, 11:34 AM","August 1, 2025, 11:34 AM",,"January 1, +1000000000, 12:00 AM",,0
"4,813","82,711",36,642,"August 1, 2025, 11:34 AM","August 1, 2025, 11:34 AM",,"January 1, +1000000000, 12:00 AM",,0
"4,814","84,346",9,6686,"August 1, 2025, 11:34 AM","August 1, 2025, 11:34 AM",,"January 1, +1000000000, 12:00 AM",,0
"4,815","82,939",22,101391,"August 1, 2025, 11:34 AM","August 1, 2025, 11:34 AM",,"January 1, +1000000000, 12:00 AM",,0
"4,816","90,352",32,43708,"August 1, 2025, 11:34 AM","August 1, 2025, 11:34 AM",,"January 1, +1000000000, 12:00 AM",,0
"4,767","85,501",45,38230,"August 1, 2025, 11:34 AM","August 1, 2025, 11:34 AM",,"January 1, +1000000000, 12:00 AM",,0
"4,736","88,502",45,38668,"August 1, 2025, 11:34 AM","August 1, 2025, 11:34 AM",,"January 1, +1000000000, 12:00 AM",,0
"4,772","82,225",45,38225,"August 1, 2025, 11:34 AM","August 1, 2025, 11:34 AM",,"January 1, +1000000000, 12:00 AM",,0
"4,779","90,050",9,10385,"August 1, 2025, 11:34 AM","August 1, 2025, 11:34 AM",,"January 1, +1000000000, 12:00 AM",,0
"4,782","89,855",11,12211,"August 1, 2025, 11:34 AM","August 1, 2025, 11:34 AM",,"January 1, +1000000000, 12:00 AM",,0
"4,757","89,021",18,4260,"August 1, 2025, 11:34 AM","August 1, 2025, 11:34 AM",,"January 1, +1000000000, 12:00 AM",,0
"4,817","88,038",12,902001,"August 1, 2025, 11:34 AM","August 1, 2025, 11:34 AM",,"January 1, +1000000000, 12:00 AM",,0
"4,818","86,464",10,Z587,"August 1, 2025, 11:34 AM","August 1, 2025, 11:34 AM",,"January 1, +1000000000, 12:00 AM",,0
"4,819","89,744",10,1181,"August 1, 2025, 11:34 AM","August 1, 2025, 11:34 AM",,"January 1, +1000000000, 12:00 AM",,0
"4,820","89,080",45,11095,"August 1, 2025, 11:34 AM","August 1, 2025, 11:34 AM",,"January 1, +1000000000, 12:00 AM",,0
"4,821","89,866",11,108152,"August 1, 2025, 11:34 AM","August 1, 2025, 11:34 AM",,"January 1, +1000000000, 12:00 AM",,0
"4,822","86,247",11,6658,"August 1, 2025, 11:34 AM","August 1, 2025, 11:34 AM",,"January 1, +1000000000, 12:00 AM",,0
"4,823","87,329",25,251346,"August 1, 2025, 11:34 AM","August 1, 2025, 11:34 AM",,"January 1, +1000000000, 12:00 AM",,0
"4,824","89,268",45,23805,"August 1, 2025, 11:34 AM","August 1, 2025, 11:34 AM",,"January 1, +1000000000, 12:00 AM",,0
"4,825","84,768",12,667101,"August 1, 2025, 11:34 AM","August 1, 2025, 11:34 AM",,"January 1, +1000000000, 12:00 AM",,0
"4,826","84,015",45,36054,"August 1, 2025, 11:34 AM","August 1, 2025, 11:34 AM",,"January 1, +1000000000, 12:00 AM",,0
"4,827","90,503",11,105203,"August 1, 2025, 11:34 AM","August 1, 2025, 11:34 AM",,"January 1, +1000000000, 12:00 AM",,0
"4,828","89,249",11,4819,"August 1, 2025, 11:34 AM","August 1, 2025, 11:34 AM",,"January 1, +1000000000, 12:00 AM",,0
"4,829","82,823",42,2654,"August 1, 2025, 11:34 AM","August 1, 2025, 11:34 AM",,"January 1, +1000000000, 12:00 AM",,0
"4,830","89,218",45,26323,"August 1, 2025, 11:34 AM","August 1, 2025, 11:34 AM",,"January 1, +1000000000, 12:00 AM",,0
"4,831","84,782",18,667,"August 1, 2025, 11:34 AM","August 1, 2025, 11:34 AM",,"January 1, +1000000000, 12:00 AM",,0
"4,832","90,564",12,9763801,"August 1, 2025, 11:34 AM","August 1, 2025, 11:34 AM",,"January 1, +1000000000, 12:00 AM",,0
"4,833","83,134",12,2186701,"August 1, 2025, 11:34 AM","August 1, 2025, 11:34 AM",,"January 1, +1000000000, 12:00 AM",,0
"4,834","90,299",35,15872,"August 1, 2025, 11:34 AM","August 1, 2025, 11:34 AM",,"January 1, +1000000000, 12:00 AM",,0
"4,835","85,440",36,1334,"August 1, 2025, 11:34 AM","August 1, 2025, 11:34 AM",,"January 1, +1000000000, 12:00 AM",,0
"4,836","90,578",32,43613,"August 1, 2025, 11:34 AM","August 1, 2025, 11:34 AM",,"January 1, +1000000000, 12:00 AM",,0
"4,837","88,933",9,9331,"August 1, 2025, 11:34 AM","August 1, 2025, 11:34 AM",,"January 1, +1000000000, 12:00 AM",,0
"4,840","83,308",11,113244,"August 1, 2025, 11:34 AM","August 1, 2025, 11:34 AM",,"January 1, +1000000000, 12:00 AM",,0
"4,842","89,800",11,12537,"August 1, 2025, 11:34 AM","August 1, 2025, 11:34 AM",,"January 1, +1000000000, 12:00 AM",,0
"4,843","89,800",24,7003,"August 1, 2025, 11:34 AM","August 1, 2025, 11:34 AM",,"January 1, +1000000000, 12:00 AM",,0
"4,844","87,054",9,8986,"August 1, 2025, 11:34 AM","August 1, 2025, 11:34 AM",,"January 1, +1000000000, 12:00 AM",,0
"4,845","89,803",10,Z1069,"August 1, 2025, 11:34 AM","August 1, 2025, 11:34 AM",,"January 1, +1000000000, 12:00 AM",,0
"4,846","82,746",45,14186,"August 1, 2025, 11:34 AM","August 1, 2025, 11:34 AM",,"January 1, +1000000000, 12:00 AM",,0
"4,847","86,318",24,4194,"August 1, 2025, 11:34 AM","August 1, 2025, 11:34 AM",,"January 1, +1000000000, 12:00 AM",,0
"4,848","89,242",11,106658,"August 1, 2025, 11:34 AM","August 1, 2025, 11:34 AM",,"January 1, +1000000000, 12:00 AM",,0
"4,849","89,245",11,106657,"August 1, 2025, 11:34 AM","August 1, 2025, 11:34 AM",,"January 1, +1000000000, 12:00 AM",,0
"4,850","86,583",11,103232,"August 1, 2025, 11:34 AM","August 1, 2025, 11:34 AM",,"January 1, +1000000000, 12:00 AM",,0
"4,851","90,394",25,151009,"August 1, 2025, 11:34 AM","August 1, 2025, 11:34 AM",,"January 1, +1000000000, 12:00 AM",,0
"4,852","82,591",45,12234,"August 1, 2025, 11:34 AM","August 1, 2025, 11:34 AM",,"January 1, +1000000000, 12:00 AM",,0
"4,853","90,074",11,109652,"August 1, 2025, 11:34 AM","August 1, 2025, 11:34 AM",,"January 1, +1000000000, 12:00 AM",,0
"4,854","90,599",11,103386,"August 1, 2025, 11:34 AM","August 1, 2025, 11:34 AM",,"January 1, +1000000000, 12:00 AM",,0
"4,855","85,486",36,332,"August 1, 2025, 11:34 AM","August 1, 2025, 11:34 AM",,"January 1, +1000000000, 12:00 AM",,0
"4,856","90,553",25,250707,"August 1, 2025, 11:34 AM","August 1, 2025, 11:34 AM",,"January 1, +1000000000, 12:00 AM",,0
"4,857","89,210",32,43600,"August 1, 2025, 11:34 AM","August 1, 2025, 11:34 AM",,"January 1, +1000000000, 12:00 AM",,0
"4,858","88,462",45,27877,"August 1, 2025, 11:34 AM","August 1, 2025, 11:34 AM",,"January 1, +1000000000, 12:00 AM",,0
"4,859","89,837",45,26834,"August 1, 2025, 11:34 AM","August 1, 2025, 11:34 AM",,"January 1, +1000000000, 12:00 AM",,0
"4,860","87,869",9,173,"August 1, 2025, 11:34 AM","August 1, 2025, 11:34 AM",,"January 1, +1000000000, 12:00 AM",,0
"4,861","87,390",18,577,"August 1, 2025, 11:34 AM","August 1, 2025, 11:34 AM",,"January 1, +1000000000, 12:00 AM",,0
"4,862","86,429",24,4470,"August 1, 2025, 11:34 AM","August 1, 2025, 11:34 AM",,"January 1, +1000000000, 12:00 AM",,0
"4,864","83,665",45,22691,"August 1, 2025, 11:34 AM","August 1, 2025, 11:34 AM",,"January 1, +1000000000, 12:00 AM",,0
"4,866","82,768",12,3567701,"August 1, 2025, 11:34 AM","August 1, 2025, 11:34 AM",,"January 1, +1000000000, 12:00 AM",,0
"4,867","81,984",9,374,"August 1, 2025, 11:34 AM","August 1, 2025, 11:34 AM",,"January 1, +1000000000, 12:00 AM",,0
"4,868","86,630",24,7374,"August 1, 2025, 11:34 AM","August 1, 2025, 11:34 AM",,"January 1, +1000000000, 12:00 AM",,0
"4,871","83,411",11,103243,"August 1, 2025, 11:34 AM","August 1, 2025, 11:34 AM",,"January 1, +1000000000, 12:00 AM",,0
"4,872","83,121",36,1583,"August 1, 2025, 11:34 AM","August 1, 2025, 11:34 AM",,"January 1, +1000000000, 12:00 AM",,0
"4,873","85,508",36,254,"August 1, 2025, 11:34 AM","August 1, 2025, 11:34 AM",,"January 1, +1000000000, 12:00 AM",,0
"4,874","84,059",25,100091,"August 1, 2025, 11:34 AM","August 1, 2025, 11:34 AM",,"January 1, +1000000000, 12:00 AM",,0
"4,875","85,298",45,15036,"August 1, 2025, 11:34 AM","August 1, 2025, 11:34 AM",,"January 1, +1000000000, 12:00 AM",,0
"4,876","85,863",18,726,"August 1, 2025, 11:34 AM","August 1, 2025, 11:34 AM",,"January 1, +1000000000, 12:00 AM",,0
"4,878","89,403",45,23110,"August 1, 2025, 11:34 AM","August 1, 2025, 11:34 AM",,"January 1, +1000000000, 12:00 AM",,0
"4,879","87,871",45,14862,"August 1, 2025, 11:34 AM","August 1, 2025, 11:34 AM",,"January 1, +1000000000, 12:00 AM",,0
"4,880","83,161",25,350152,"August 1, 2025, 11:34 AM","August 1, 2025, 11:34 AM",,"January 1, +1000000000, 12:00 AM",,0
"4,881","84,326",45,10435,"August 1, 2025, 11:34 AM","August 1, 2025, 11:34 AM",,"January 1, +1000000000, 12:00 AM",,0
"4,883","89,516",36,2497,"August 1, 2025, 11:34 AM","August 1, 2025, 11:34 AM",,"January 1, +1000000000, 12:00 AM",,0
"4,884","82,843",45,21356,"August 1, 2025, 11:34 AM","August 1, 2025, 11:34 AM",,"January 1, +1000000000, 12:00 AM",,0
"4,885","82,250",11,112012,"August 1, 2025, 11:34 AM","August 1, 2025, 11:34 AM",,"January 1, +1000000000, 12:00 AM",,0
"4,886","89,378",12,6619702,"August 1, 2025, 11:34 AM","August 1, 2025, 11:34 AM",,"January 1, +1000000000, 12:00 AM",,0
"4,887","88,719",10,1320,"August 1, 2025, 11:34 AM","August 1, 2025, 11:34 AM",,"January 1, +1000000000, 12:00 AM",,0
"4,889","84,069",45,26892,"August 1, 2025, 11:34 AM","August 1, 2025, 11:34 AM",,"January 1, +1000000000, 12:00 AM",,0
"4,890","89,877",45,28377,"August 1, 2025, 11:34 AM","August 1, 2025, 11:34 AM",,"January 1, +1000000000, 12:00 AM",,0
"4,892","83,295",9,8422,"August 1, 2025, 11:34 AM","August 1, 2025, 11:34 AM",,"January 1, +1000000000, 12:00 AM",,0
"4,894","87,227",36,2048,"August 1, 2025, 11:34 AM","August 1, 2025, 11:34 AM",,"January 1, +1000000000, 12:00 AM",,0
"4,895","89,693",11,5906,"August 1, 2025, 11:34 AM","August 1, 2025, 11:34 AM",,"January 1, +1000000000, 12:00 AM",,0
"4,896","82,443",12,486824,"August 1, 2025, 11:34 AM","August 1, 2025, 11:34 AM",,"January 1, +1000000000, 12:00 AM",,0
"4,897","89,584",11,5437,"August 1, 2025, 11:34 AM","August 1, 2025, 11:34 AM",,"January 1, +1000000000, 12:00 AM",,0
"4,898","89,499",11,5017,"August 1, 2025, 11:34 AM","August 1, 2025, 11:34 AM",,"January 1, +1000000000, 12:00 AM",,0
"4,899","82,074",24,652,"August 1, 2025, 11:34 AM","August 1, 2025, 11:34 AM",,"January 1, +1000000000, 12:00 AM",,0
"4,900","88,644",45,25087,"August 1, 2025, 11:34 AM","August 1, 2025, 11:34 AM",,"January 1, +1000000000, 12:00 AM",,0
"4,901","88,620",45,12241,"August 1, 2025, 11:34 AM","August 1, 2025, 11:34 AM",,"January 1, +1000000000, 12:00 AM",,0
"4,902","87,970",45,10966,"August 1, 2025, 11:34 AM","August 1, 2025, 11:34 AM",,"January 1, +1000000000, 12:00 AM",,0
"4,903","88,982",45,11370,"August 1, 2025, 11:34 AM","August 1, 2025, 11:34 AM",,"January 1, +1000000000, 12:00 AM",,0
"4,904","88,772",11,9247,"August 1, 2025, 11:34 AM","August 1, 2025, 11:34 AM",,"January 1, +1000000000, 12:00 AM",,0
"4,888","90,496",10,z516,"August 1, 2025, 11:34 AM","August 1, 2025, 11:34 AM",,"January 1, +1000000000, 12:00 AM",,0
"4,839","90,603",45,37477,"August 1, 2025, 11:34 AM","August 1, 2025, 11:34 AM",,"January 1, +1000000000, 12:00 AM",,0
"4,841","90,269",45,36040,"August 1, 2025, 11:34 AM","August 1, 2025, 11:34 AM",,"January 1, +1000000000, 12:00 AM",,0
"4,905","82,859",45,19418,"August 1, 2025, 11:34 AM","August 1, 2025, 11:34 AM",,"January 1, +1000000000, 12:00 AM",,0
"4,906","83,611",9,9833,"August 1, 2025, 11:34 AM","August 1, 2025, 11:34 AM",,"January 1, +1000000000, 12:00 AM",,0
"4,907","90,326",11,4312,"August 1, 2025, 11:34 AM","August 1, 2025, 11:34 AM",,"January 1, +1000000000, 12:00 AM",,0
"4,908","90,012",18,5400,"August 1, 2025, 11:34 AM","August 1, 2025, 11:34 AM",,"January 1, +1000000000, 12:00 AM",,0
"4,909","90,084",45,34802,"August 1, 2025, 11:34 AM","August 1, 2025, 11:34 AM",,"January 1, +1000000000, 12:00 AM",,0
"4,910","87,206",12,9953801,"August 1, 2025, 11:34 AM","August 1, 2025, 11:34 AM",,"January 1, +1000000000, 12:00 AM",,0
"4,913","89,709",45,27276,"August 1, 2025, 11:34 AM","August 1, 2025, 11:34 AM",,"January 1, +1000000000, 12:00 AM",,0
"4,915","85,092",9,321,"August 1, 2025, 11:34 AM","August 1, 2025, 11:34 AM",,"January 1, +1000000000, 12:00 AM",,0
"4,916","84,459",36,2353,"August 1, 2025, 11:34 AM","August 1, 2025, 11:34 AM",,"January 1, +1000000000, 12:00 AM",,0
"4,917","82,185",32,43776,"August 1, 2025, 11:34 AM","August 1, 2025, 11:34 AM",,"January 1, +1000000000, 12:00 AM",,0
"4,918","87,337",9,9795,"August 1, 2025, 11:34 AM","August 1, 2025, 11:34 AM",,"January 1, +1000000000, 12:00 AM",,0
"4,919","83,299",25,251095,"August 1, 2025, 11:34 AM","August 1, 2025, 11:34 AM",,"January 1, +1000000000, 12:00 AM",,0
"4,921","89,193",45,18868,"August 1, 2025, 11:34 AM","August 1, 2025, 11:34 AM",,"January 1, +1000000000, 12:00 AM",,0
"4,922","84,568",45,19348,"August 1, 2025, 11:34 AM","August 1, 2025, 11:34 AM",,"January 1, +1000000000, 12:00 AM",,0
"4,923","89,284",9,8764,"August 1, 2025, 11:34 AM","August 1, 2025, 11:34 AM",,"January 1, +1000000000, 12:00 AM",,0
"4,924","89,540",18,4054,"August 1, 2025, 11:34 AM","August 1, 2025, 11:34 AM",,"January 1, +1000000000, 12:00 AM",,0
"4,925","83,370",21,100591,"August 1, 2025, 11:34 AM","August 1, 2025, 11:34 AM",,"January 1, +1000000000, 12:00 AM",,0
"4,926","88,418",45,32790,"August 1, 2025, 11:34 AM","August 1, 2025, 11:34 AM",,"January 1, +1000000000, 12:00 AM",,0
"4,928","88,418",45,23001,"August 1, 2025, 11:34 AM","August 1, 2025, 11:34 AM",,"January 1, +1000000000, 12:00 AM",,0
"4,929","82,635",12,2511801,"August 1, 2025, 11:34 AM","August 1, 2025, 11:34 AM",,"January 1, +1000000000, 12:00 AM",,0
"4,930","85,928",11,170678,"August 1, 2025, 11:34 AM","August 1, 2025, 11:34 AM",,"January 1, +1000000000, 12:00 AM",,0
"4,931","83,796",11,117032,"August 1, 2025, 11:34 AM","August 1, 2025, 11:34 AM",,"January 1, +1000000000, 12:00 AM",,0
"4,932","88,583",45,15771,"August 1, 2025, 11:34 AM","August 1, 2025, 11:34 AM",,"January 1, +1000000000, 12:00 AM",,0
"4,935","90,266",45,36344,"August 1, 2025, 11:34 AM","August 1, 2025, 11:34 AM",,"January 1, +1000000000, 12:00 AM",,0
"4,936","88,840",18,2491,"August 1, 2025, 11:34 AM","August 1, 2025, 11:34 AM",,"January 1, +1000000000, 12:00 AM",,0
"4,937","87,782",45,22289,"August 1, 2025, 11:34 AM","August 1, 2025, 11:34 AM",,"January 1, +1000000000, 12:00 AM",,0
"4,938","83,095",18,1732,"August 1, 2025, 11:34 AM","August 1, 2025, 11:34 AM",,"January 1, +1000000000, 12:00 AM",,0
"4,939","82,097",45,25373,"August 1, 2025, 11:34 AM","August 1, 2025, 11:34 AM",,"January 1, +1000000000, 12:00 AM",,0
"4,941","82,657",36,818,"August 1, 2025, 11:34 AM","August 1, 2025, 11:34 AM",,"January 1, +1000000000, 12:00 AM",,0
"4,942","82,841",9,5692,"August 1, 2025, 11:34 AM","August 1, 2025, 11:34 AM",,"January 1, +1000000000, 12:00 AM",,0
"4,944","89,701",45,33028,"August 1, 2025, 11:34 AM","August 1, 2025, 11:34 AM",,"January 1, +1000000000, 12:00 AM",,0
"4,945","89,380",45,21193,"August 1, 2025, 11:34 AM","August 1, 2025, 11:34 AM",,"January 1, +1000000000, 12:00 AM",,0
"4,946","85,698",11,107315,"August 1, 2025, 11:34 AM","August 1, 2025, 11:34 AM",,"January 1, +1000000000, 12:00 AM",,0
"4,948","87,873",45,14862,"August 1, 2025, 11:34 AM","August 1, 2025, 11:34 AM",,"January 1, +1000000000, 12:00 AM",,0
"4,949","89,275",9,8764,"August 1, 2025, 11:34 AM","August 1, 2025, 11:34 AM",,"January 1, +1000000000, 12:00 AM",,0
"4,950","85,269",9,3295,"August 1, 2025, 11:34 AM","August 1, 2025, 11:34 AM",,"January 1, +1000000000, 12:00 AM",,0
"4,951","84,576",45,18106,"August 1, 2025, 11:34 AM","August 1, 2025, 11:34 AM",,"January 1, +1000000000, 12:00 AM",,0
"4,953","90,188",45,35093,"August 1, 2025, 11:34 AM","August 1, 2025, 11:34 AM",,"January 1, +1000000000, 12:00 AM",,0
"4,954","90,305",10,Z1323,"August 1, 2025, 11:34 AM","August 1, 2025, 11:34 AM",,"January 1, +1000000000, 12:00 AM",,0
"4,955","87,877",45,22709,"August 1, 2025, 11:34 AM","August 1, 2025, 11:34 AM",,"January 1, +1000000000, 12:00 AM",,0
"4,956","87,730",42,2245,"August 1, 2025, 11:34 AM","August 1, 2025, 11:34 AM",,"January 1, +1000000000, 12:00 AM",,0
"4,957","84,003",36,3679,"August 1, 2025, 11:34 AM","August 1, 2025, 11:34 AM",,"January 1, +1000000000, 12:00 AM",,0
"4,958","85,084",45,27796,"August 1, 2025, 11:34 AM","August 1, 2025, 11:34 AM",,"January 1, +1000000000, 12:00 AM",,0
"4,959","82,537",11,151700,"August 1, 2025, 11:34 AM","August 1, 2025, 11:34 AM",,"January 1, +1000000000, 12:00 AM",,0
"4,960","82,046",11,107077,"August 1, 2025, 11:34 AM","August 1, 2025, 11:34 AM",,"January 1, +1000000000, 12:00 AM",,0
"4,961","84,875",45,25621,"August 1, 2025, 11:34 AM","August 1, 2025, 11:34 AM",,"January 1, +1000000000, 12:00 AM",,0
"4,962","84,957",36,2537,"August 1, 2025, 11:34 AM","August 1, 2025, 11:34 AM",,"January 1, +1000000000, 12:00 AM",,0
"4,963","85,777",45,34915,"August 1, 2025, 11:34 AM","August 1, 2025, 11:34 AM",,"January 1, +1000000000, 12:00 AM",,0
"4,964","90,159",43,5672,"August 1, 2025, 11:34 AM","August 1, 2025, 11:34 AM",,"January 1, +1000000000, 12:00 AM",,0
"4,965","82,452",9,791,"August 1, 2025, 11:34 AM","August 1, 2025, 11:34 AM",,"January 1, +1000000000, 12:00 AM",,0
"4,966","82,248",45,11037,"August 1, 2025, 11:34 AM","August 1, 2025, 11:34 AM",,"January 1, +1000000000, 12:00 AM",,0
"4,967","90,099",25,151300,"August 1, 2025, 11:34 AM","August 1, 2025, 11:34 AM",,"January 1, +1000000000, 12:00 AM",,0
"4,968","83,780",9,7291,"August 1, 2025, 11:34 AM","August 1, 2025, 11:34 AM",,"January 1, +1000000000, 12:00 AM",,0
"4,969","89,530",12,7711802,"August 1, 2025, 11:34 AM","August 1, 2025, 11:34 AM",,"January 1, +1000000000, 12:00 AM",,0
"4,971","89,329",12,9789001,"August 1, 2025, 11:34 AM","August 1, 2025, 11:34 AM",,"January 1, +1000000000, 12:00 AM",,0
"4,973","87,959",10,Z584,"August 1, 2025, 11:34 AM","August 1, 2025, 11:34 AM",,"January 1, +1000000000, 12:00 AM",,0
"4,974","88,483",12,2255019,"August 1, 2025, 11:34 AM","August 1, 2025, 11:34 AM",,"January 1, +1000000000, 12:00 AM",,0
"4,976","84,483",12,1216201,"August 1, 2025, 11:34 AM","August 1, 2025, 11:34 AM",,"January 1, +1000000000, 12:00 AM",,0
"4,977","88,731",42,2701,"August 1, 2025, 11:34 AM","August 1, 2025, 11:34 AM",,"January 1, +1000000000, 12:00 AM",,0
"4,978","88,733",42,2759,"August 1, 2025, 11:34 AM","August 1, 2025, 11:34 AM",,"January 1, +1000000000, 12:00 AM",,0
"4,979","82,842",45,29172,"August 1, 2025, 11:34 AM","August 1, 2025, 11:34 AM",,"January 1, +1000000000, 12:00 AM",,0
"4,980","88,501",11,109450,"August 1, 2025, 11:34 AM","August 1, 2025, 11:34 AM",,"January 1, +1000000000, 12:00 AM",,0
"4,981","86,560",11,31011,"August 1, 2025, 11:34 AM","August 1, 2025, 11:34 AM",,"January 1, +1000000000, 12:00 AM",,0
"4,982","86,637",9,5534,"August 1, 2025, 11:34 AM","August 1, 2025, 11:34 AM",,"January 1, +1000000000, 12:00 AM",,0
"4,983","83,982",9,302,"August 1, 2025, 11:34 AM","August 1, 2025, 11:34 AM",,"January 1, +1000000000, 12:00 AM",,0
"4,984","84,388",25,205537,"August 1, 2025, 11:34 AM","August 1, 2025, 11:34 AM",,"January 1, +1000000000, 12:00 AM",,0
"4,987","85,757",11,103223,"August 1, 2025, 11:34 AM","August 1, 2025, 11:34 AM",,"January 1, +1000000000, 12:00 AM",,0
"4,988","84,239",18,4410,"August 1, 2025, 11:34 AM","August 1, 2025, 11:34 AM",,"January 1, +1000000000, 12:00 AM",,0
"4,990","88,605",45,33749,"August 1, 2025, 11:34 AM","August 1, 2025, 11:34 AM",,"January 1, +1000000000, 12:00 AM",,0
"4,992","88,564",45,12203,"August 1, 2025, 11:34 AM","August 1, 2025, 11:34 AM",,"January 1, +1000000000, 12:00 AM",,0
"4,993","90,375",34,3851,"August 1, 2025, 11:34 AM","August 1, 2025, 11:34 AM",,"January 1, +1000000000, 12:00 AM",,0
"4,994","85,558",45,14894,"August 1, 2025, 11:34 AM","August 1, 2025, 11:34 AM",,"January 1, +1000000000, 12:00 AM",,0
"4,995","85,064",9,8338,"August 1, 2025, 11:34 AM","August 1, 2025, 11:34 AM",,"January 1, +1000000000, 12:00 AM",,0
"4,996","89,704",45,24921,"August 1, 2025, 11:34 AM","August 1, 2025, 11:34 AM",,"January 1, +1000000000, 12:00 AM",,0
"4,997","88,504",11,109343,"August 1, 2025, 11:34 AM","August 1, 2025, 11:34 AM",,"January 1, +1000000000, 12:00 AM",,0
"4,998","85,430",32,68403,"August 1, 2025, 11:34 AM","August 1, 2025, 11:34 AM",,"January 1, +1000000000, 12:00 AM",,0
"4,999","88,502",11,109266,"August 1, 2025, 11:34 AM","August 1, 2025, 11:34 AM",,"January 1, +1000000000, 12:00 AM",,0
"5,000","87,276",21,40102,"August 1, 2025, 11:34 AM","August 1, 2025, 11:34 AM",,"January 1, +1000000000, 12:00 AM",,0
"5,001","89,392",42,3241,"August 1, 2025, 11:34 AM","August 1, 2025, 11:34 AM",,"January 1, +1000000000, 12:00 AM",,0
"5,002","85,497",42,478,"August 1, 2025, 11:34 AM","August 1, 2025, 11:34 AM",,"January 1, +1000000000, 12:00 AM",,0
"5,003","90,226",11,12653,"August 1, 2025, 11:34 AM","August 1, 2025, 11:34 AM",,"January 1, +1000000000, 12:00 AM",,0
"5,004","84,218",9,8324,"August 1, 2025, 11:34 AM","August 1, 2025, 11:34 AM",,"January 1, +1000000000, 12:00 AM",,0
"5,005","84,069",32,26892,"August 1, 2025, 11:34 AM","August 1, 2025, 11:34 AM",,"January 1, +1000000000, 12:00 AM",,0
"5,007","89,468",45,37442,"August 1, 2025, 11:34 AM","August 1, 2025, 11:34 AM",,"January 1, +1000000000, 12:00 AM",,0
"5,009","89,467",45,37888,"August 1, 2025, 11:34 AM","August 1, 2025, 11:34 AM",,"January 1, +1000000000, 12:00 AM",,0
"5,010","90,058",45,37661,"August 1, 2025, 11:34 AM","August 1, 2025, 11:34 AM",,"January 1, +1000000000, 12:00 AM",,0
"5,012","83,573",42,3537,"August 1, 2025, 11:34 AM","August 1, 2025, 11:34 AM",,"January 1, +1000000000, 12:00 AM",,0
"5,014","82,340",12,9463701,"August 1, 2025, 11:34 AM","August 1, 2025, 11:34 AM",,"January 1, +1000000000, 12:00 AM",,0
"5,015","87,607",9,8450,"August 1, 2025, 11:34 AM","August 1, 2025, 11:34 AM",,"January 1, +1000000000, 12:00 AM",,0
"5,016","84,983",18,4521,"August 1, 2025, 11:34 AM","August 1, 2025, 11:34 AM",,"January 1, +1000000000, 12:00 AM",,0
"5,017","85,283",11,13542,"August 1, 2025, 11:34 AM","August 1, 2025, 11:34 AM",,"January 1, +1000000000, 12:00 AM",,0
"5,018","88,030",18,4286,"August 1, 2025, 11:34 AM","August 1, 2025, 11:34 AM",,"January 1, +1000000000, 12:00 AM",,0
"5,019","85,367",35,6928,"August 1, 2025, 11:34 AM","August 1, 2025, 11:34 AM",,"January 1, +1000000000, 12:00 AM",,0
"5,020","89,475",45,29246,"August 1, 2025, 11:34 AM","August 1, 2025, 11:34 AM",,"January 1, +1000000000, 12:00 AM",,0
"5,021","88,878",45,11250,"August 1, 2025, 11:34 AM","August 1, 2025, 11:34 AM",,"January 1, +1000000000, 12:00 AM",,0
"5,022","89,978",45,28122,"August 1, 2025, 11:34 AM","August 1, 2025, 11:34 AM",,"January 1, +1000000000, 12:00 AM",,0
"5,023","90,096",45,33013,"August 1, 2025, 11:34 AM","August 1, 2025, 11:34 AM",,"January 1, +1000000000, 12:00 AM",,0
"5,024","83,591",44,105992,"August 1, 2025, 11:34 AM","August 1, 2025, 11:34 AM",,"January 1, +1000000000, 12:00 AM",,0
"5,027","85,711",9,4325,"August 1, 2025, 11:34 AM","August 1, 2025, 11:34 AM",,"January 1, +1000000000, 12:00 AM",,0
"5,028","88,418",12,696504,"August 1, 2025, 11:34 AM","August 1, 2025, 11:34 AM",,"January 1, +1000000000, 12:00 AM",,0
"5,029","87,739",36,2132,"August 1, 2025, 11:34 AM","August 1, 2025, 11:34 AM",,"January 1, +1000000000, 12:00 AM",,0
"5,030","89,006",34,4485,"August 1, 2025, 11:34 AM","August 1, 2025, 11:34 AM",,"January 1, +1000000000, 12:00 AM",,0
"5,031","88,645",45,23777,"August 1, 2025, 11:34 AM","August 1, 2025, 11:34 AM",,"January 1, +1000000000, 12:00 AM",,0
"5,032","85,350",45,34190,"August 1, 2025, 11:34 AM","August 1, 2025, 11:34 AM",,"January 1, +1000000000, 12:00 AM",,0
"5,033","88,848",45,37387,"August 1, 2025, 11:34 AM","August 1, 2025, 11:34 AM",,"January 1, +1000000000, 12:00 AM",,0
"5,034","81,899",35,13970,"August 1, 2025, 11:34 AM","August 1, 2025, 11:34 AM",,"January 1, +1000000000, 12:00 AM",,0
"5,036","90,516",32,43963,"August 1, 2025, 11:34 AM","August 1, 2025, 11:34 AM",,"January 1, +1000000000, 12:00 AM",,0
"5,038","88,822",45,24507,"August 1, 2025, 11:34 AM","August 1, 2025, 11:34 AM",,"January 1, +1000000000, 12:00 AM",,0
"5,040","85,528",36,4226,"August 1, 2025, 11:34 AM","August 1, 2025, 11:34 AM",,"January 1, +1000000000, 12:00 AM",,0
"5,041","88,470",18,2688,"August 1, 2025, 11:34 AM","August 1, 2025, 11:34 AM",,"January 1, +1000000000, 12:00 AM",,0
"5,042","84,913",36,4176,"August 1, 2025, 11:34 AM","August 1, 2025, 11:34 AM",,"January 1, +1000000000, 12:00 AM",,0
"5,043","86,334",11,7540,"August 1, 2025, 11:34 AM","August 1, 2025, 11:34 AM",,"January 1, +1000000000, 12:00 AM",,0
"5,044","90,299",35,13338,"August 1, 2025, 11:34 AM","August 1, 2025, 11:34 AM",,"January 1, +1000000000, 12:00 AM",,0
"5,045","88,835",42,2642,"August 1, 2025, 11:34 AM","August 1, 2025, 11:34 AM",,"January 1, +1000000000, 12:00 AM",,0
"5,046","85,226",45,14557,"August 1, 2025, 11:34 AM","August 1, 2025, 11:34 AM",,"January 1, +1000000000, 12:00 AM",,0
"5,047","86,065",11,13297,"August 1, 2025, 11:34 AM","August 1, 2025, 11:34 AM",,"January 1, +1000000000, 12:00 AM",,0
"5,048","90,258",11,12899,"August 1, 2025, 11:34 AM","August 1, 2025, 11:34 AM",,"January 1, +1000000000, 12:00 AM",,0
"5,049","87,454",45,31422,"August 1, 2025, 11:34 AM","August 1, 2025, 11:34 AM",,"January 1, +1000000000, 12:00 AM",,0
"5,050","84,212",11,6014,"August 1, 2025, 11:34 AM","August 1, 2025, 11:34 AM",,"January 1, +1000000000, 12:00 AM",,0
"5,052","87,445",45,33339,"August 1, 2025, 11:34 AM","August 1, 2025, 11:34 AM",,"January 1, +1000000000, 12:00 AM",,0
"5,053","84,304",18,584,"August 1, 2025, 11:34 AM","August 1, 2025, 11:34 AM",,"January 1, +1000000000, 12:00 AM",,0
"5,054","84,897",9,5521,"August 1, 2025, 11:34 AM","August 1, 2025, 11:34 AM",,"January 1, +1000000000, 12:00 AM",,0
"5,055","85,951",9,5603,"August 1, 2025, 11:34 AM","August 1, 2025, 11:34 AM",,"January 1, +1000000000, 12:00 AM",,0
"5,056","85,347",44,106165,"August 1, 2025, 11:34 AM","August 1, 2025, 11:34 AM",,"January 1, +1000000000, 12:00 AM",,0
"5,057","89,422",32,43962,"August 1, 2025, 11:34 AM","August 1, 2025, 11:34 AM",,"January 1, +1000000000, 12:00 AM",,0
"5,058","90,499",11,106329,"August 1, 2025, 11:34 AM","August 1, 2025, 11:34 AM",,"January 1, +1000000000, 12:00 AM",,0
"5,059","90,082",18,4873,"August 1, 2025, 11:34 AM","August 1, 2025, 11:34 AM",,"January 1, +1000000000, 12:00 AM",,0
"5,060","82,230",45,18179,"August 1, 2025, 11:34 AM","August 1, 2025, 11:34 AM",,"January 1, +1000000000, 12:00 AM",,0
"5,061","89,345",45,20893,"August 1, 2025, 11:34 AM","August 1, 2025, 11:34 AM",,"January 1, +1000000000, 12:00 AM",,0
"5,062","85,767",9,725,"August 1, 2025, 11:34 AM","August 1, 2025, 11:34 AM",,"January 1, +1000000000, 12:00 AM",,0
"5,063","89,992",9,8426,"August 1, 2025, 11:34 AM","August 1, 2025, 11:34 AM",,"January 1, +1000000000, 12:00 AM",,0
"5,064","83,733",36,3624,"August 1, 2025, 11:34 AM","August 1, 2025, 11:34 AM",,"January 1, +1000000000, 12:00 AM",,0
"5,065","89,112",45,17606,"August 1, 2025, 11:34 AM","August 1, 2025, 11:34 AM",,"January 1, +1000000000, 12:00 AM",,0
"5,066","83,563",9,10461,"August 1, 2025, 11:34 AM","August 1, 2025, 11:34 AM",,"January 1, +1000000000, 12:00 AM",,0
"5,068","86,999",9,9210,"August 1, 2025, 11:34 AM","August 1, 2025, 11:34 AM",,"January 1, +1000000000, 12:00 AM",,0
"5,069","90,150",11,109685,"August 1, 2025, 11:34 AM","August 1, 2025, 11:34 AM",,"January 1, +1000000000, 12:00 AM",,0
"5,070","82,711",9,1056,"August 1, 2025, 11:34 AM","August 1, 2025, 11:34 AM",,"January 1, +1000000000, 12:00 AM",,0
"5,071","84,583",45,13762,"August 1, 2025, 11:34 AM","August 1, 2025, 11:34 AM",,"January 1, +1000000000, 12:00 AM",,0
"5,072","89,883",45,29169,"August 1, 2025, 11:34 AM","August 1, 2025, 11:34 AM",,"January 1, +1000000000, 12:00 AM",,0
"5,073","89,757",45,25739,"August 1, 2025, 11:34 AM","August 1, 2025, 11:34 AM",,"January 1, +1000000000, 12:00 AM",,0
"5,074","83,308",45,28140,"August 1, 2025, 11:34 AM","August 1, 2025, 11:34 AM",,"January 1, +1000000000, 12:00 AM",,0
"5,075","89,904",45,28354,"August 1, 2025, 11:34 AM","August 1, 2025, 11:34 AM",,"January 1, +1000000000, 12:00 AM",,0
"5,076","84,883",9,937,"August 1, 2025, 11:34 AM","August 1, 2025, 11:34 AM",,"January 1, +1000000000, 12:00 AM",,0
"5,077","82,274",45,13701,"August 1, 2025, 11:34 AM","August 1, 2025, 11:34 AM",,"January 1, +1000000000, 12:00 AM",,0
"5,078","87,636",22,102996,"August 1, 2025, 11:34 AM","August 1, 2025, 11:34 AM",,"January 1, +1000000000, 12:00 AM",,0
"5,079","88,475",18,4837,"August 1, 2025, 11:34 AM","August 1, 2025, 11:34 AM",,"January 1, +1000000000, 12:00 AM",,0
"5,080","89,625",18,4315,"August 1, 2025, 11:34 AM","August 1, 2025, 11:34 AM",,"January 1, +1000000000, 12:00 AM",,0
"5,037","86,564",12,9497801,"August 1, 2025, 11:34 AM","August 1, 2025, 11:34 AM",,"January 1, +1000000000, 12:00 AM",,0
"5,039","90,604",25,251458,"August 1, 2025, 11:34 AM","August 1, 2025, 11:34 AM",,"January 1, +1000000000, 12:00 AM",,0
"5,067","87,058",18,4837,"August 1, 2025, 11:34 AM","August 1, 2025, 11:34 AM",,"January 1, +1000000000, 12:00 AM",,0
"5,082","87,317",22,106050,"August 1, 2025, 11:34 AM","August 1, 2025, 11:34 AM",,"January 1, +1000000000, 12:00 AM",,0
"5,083","84,171",36,2684,"August 1, 2025, 11:34 AM","August 1, 2025, 11:34 AM",,"January 1, +1000000000, 12:00 AM",,0
"5,084","81,973",25,206427,"August 1, 2025, 11:34 AM","August 1, 2025, 11:34 AM",,"January 1, +1000000000, 12:00 AM",,0
"5,085","90,218",12,486822,"August 1, 2025, 11:34 AM","August 1, 2025, 11:34 AM",,"January 1, +1000000000, 12:00 AM",,0
"5,086","90,578",12,9757401,"August 1, 2025, 11:34 AM","August 1, 2025, 11:34 AM",,"January 1, +1000000000, 12:00 AM",,0
"5,087","86,554",25,350131,"August 1, 2025, 11:34 AM","August 1, 2025, 11:34 AM",,"January 1, +1000000000, 12:00 AM",,0
"5,088","82,843",12,6717601,"August 1, 2025, 11:34 AM","August 1, 2025, 11:34 AM",,"January 1, +1000000000, 12:00 AM",,0
"5,089","83,989",36,2109,"August 1, 2025, 11:34 AM","August 1, 2025, 11:34 AM",,"January 1, +1000000000, 12:00 AM",,0
"5,090","86,582",11,106702,"August 1, 2025, 11:34 AM","August 1, 2025, 11:34 AM",,"January 1, +1000000000, 12:00 AM",,0
"5,091","89,151",45,37883,"August 1, 2025, 11:34 AM","August 1, 2025, 11:34 AM",,"January 1, +1000000000, 12:00 AM",,0
"5,092","89,188",9,9388,"August 1, 2025, 11:34 AM","August 1, 2025, 11:34 AM",,"January 1, +1000000000, 12:00 AM",,0
"5,093","86,391",9,3412,"August 1, 2025, 11:34 AM","August 1, 2025, 11:34 AM",,"January 1, +1000000000, 12:00 AM",,0
"5,094","87,105",9,9268,"August 1, 2025, 11:34 AM","August 1, 2025, 11:34 AM",,"January 1, +1000000000, 12:00 AM",,0
"5,095","83,590",44,105992,"August 1, 2025, 11:34 AM","August 1, 2025, 11:34 AM",,"January 1, +1000000000, 12:00 AM",,0
"5,096","82,414",45,11071,"August 1, 2025, 11:34 AM","August 1, 2025, 11:34 AM",,"January 1, +1000000000, 12:00 AM",,0
"5,097","89,895",9,7909,"August 1, 2025, 11:34 AM","August 1, 2025, 11:34 AM",,"January 1, +1000000000, 12:00 AM",,0
"5,098","84,034",36,2045,"August 1, 2025, 11:34 AM","August 1, 2025, 11:34 AM",,"January 1, +1000000000, 12:00 AM",,0
"5,099","89,196",43,4730,"August 1, 2025, 11:34 AM","August 1, 2025, 11:34 AM",,"January 1, +1000000000, 12:00 AM",,0
"5,100","82,998",9,9017,"August 1, 2025, 11:34 AM","August 1, 2025, 11:34 AM",,"January 1, +1000000000, 12:00 AM",,0
"5,102","85,559",24,4077,"August 1, 2025, 11:34 AM","August 1, 2025, 11:34 AM",,"January 1, +1000000000, 12:00 AM",,0
"5,103","87,394",36,4229,"August 1, 2025, 11:34 AM","August 1, 2025, 11:34 AM",,"January 1, +1000000000, 12:00 AM",,0
"5,104","83,833",36,1580,"August 1, 2025, 11:34 AM","August 1, 2025, 11:34 AM",,"January 1, +1000000000, 12:00 AM",,0
"5,105","84,315",25,203259,"August 1, 2025, 11:34 AM","August 1, 2025, 11:34 AM",,"January 1, +1000000000, 12:00 AM",,0
"5,106","86,672",18,5065,"August 1, 2025, 11:34 AM","August 1, 2025, 11:34 AM",,"January 1, +1000000000, 12:00 AM",,0
"5,107","89,705",12,9757301,"August 1, 2025, 11:34 AM","August 1, 2025, 11:34 AM",,"January 1, +1000000000, 12:00 AM",,0
"5,108","84,578",45,34440,"August 1, 2025, 11:34 AM","August 1, 2025, 11:34 AM",,"January 1, +1000000000, 12:00 AM",,0
"5,109","86,553",9,5783,"August 1, 2025, 11:34 AM","August 1, 2025, 11:34 AM",,"January 1, +1000000000, 12:00 AM",,0
"5,110","84,707",36,1761,"August 1, 2025, 11:34 AM","August 1, 2025, 11:34 AM",,"January 1, +1000000000, 12:00 AM",,0
"5,113","84,925",9,7890,"August 1, 2025, 11:34 AM","August 1, 2025, 11:34 AM",,"January 1, +1000000000, 12:00 AM",,0
"5,114","87,604",9,10644,"August 1, 2025, 11:34 AM","August 1, 2025, 11:34 AM",,"January 1, +1000000000, 12:00 AM",,0
"5,115","83,440",10,1158,"August 1, 2025, 11:34 AM","August 1, 2025, 11:34 AM",,"January 1, +1000000000, 12:00 AM",,0
"5,116","82,705",45,14968,"August 1, 2025, 11:34 AM","August 1, 2025, 11:34 AM",,"January 1, +1000000000, 12:00 AM",,0
"5,117","84,506",22,100161,"August 1, 2025, 11:34 AM","August 1, 2025, 11:34 AM",,"January 1, +1000000000, 12:00 AM",,0
"5,118","81,874",42,3164,"August 1, 2025, 11:34 AM","August 1, 2025, 11:34 AM",,"January 1, +1000000000, 12:00 AM",,0
"5,119","83,086",10,Z831,"August 1, 2025, 11:34 AM","August 1, 2025, 11:34 AM",,"January 1, +1000000000, 12:00 AM",,0
"5,120","83,015",18,5071,"August 1, 2025, 11:34 AM","August 1, 2025, 11:34 AM",,"January 1, +1000000000, 12:00 AM",,0
"5,121","87,776",11,9916,"August 1, 2025, 11:34 AM","August 1, 2025, 11:34 AM",,"January 1, +1000000000, 12:00 AM",,0
"5,122","87,776",32,68527,"August 1, 2025, 11:34 AM","August 1, 2025, 11:34 AM",,"January 1, +1000000000, 12:00 AM",,0
"5,123","85,290",45,14827,"August 1, 2025, 11:34 AM","August 1, 2025, 11:34 AM",,"January 1, +1000000000, 12:00 AM",,0
"5,124","82,136",45,11738,"August 1, 2025, 11:34 AM","August 1, 2025, 11:34 AM",,"January 1, +1000000000, 12:00 AM",,0
"5,126","85,281",18,1220,"August 1, 2025, 11:34 AM","August 1, 2025, 11:34 AM",,"January 1, +1000000000, 12:00 AM",,0
"5,127","84,809",11,109193,"August 1, 2025, 11:34 AM","August 1, 2025, 11:34 AM",,"January 1, +1000000000, 12:00 AM",,0
"5,128","84,516",45,21477,"August 1, 2025, 11:34 AM","August 1, 2025, 11:34 AM",,"January 1, +1000000000, 12:00 AM",,0
"5,129","86,156",45,36448,"August 1, 2025, 11:34 AM","August 1, 2025, 11:34 AM",,"January 1, +1000000000, 12:00 AM",,0
"5,130","85,725",9,7469,"August 1, 2025, 11:34 AM","August 1, 2025, 11:34 AM",,"January 1, +1000000000, 12:00 AM",,0
"5,131","87,350",9,6747,"August 1, 2025, 11:34 AM","August 1, 2025, 11:34 AM",,"January 1, +1000000000, 12:00 AM",,0
"5,132","87,153",45,33903,"August 1, 2025, 11:34 AM","August 1, 2025, 11:34 AM",,"January 1, +1000000000, 12:00 AM",,0
"5,133","85,477",36,333,"August 1, 2025, 11:34 AM","August 1, 2025, 11:34 AM",,"January 1, +1000000000, 12:00 AM",,0
"5,134","86,438",18,5326,"August 1, 2025, 11:34 AM","August 1, 2025, 11:34 AM",,"January 1, +1000000000, 12:00 AM",,0
"5,135","85,887",9,10077,"August 1, 2025, 11:34 AM","August 1, 2025, 11:34 AM",,"January 1, +1000000000, 12:00 AM",,0
"5,136","85,219",36,119,"August 1, 2025, 11:34 AM","August 1, 2025, 11:34 AM",,"January 1, +1000000000, 12:00 AM",,0
"5,137","86,588",9,9773,"August 1, 2025, 11:34 AM","August 1, 2025, 11:34 AM",,"January 1, +1000000000, 12:00 AM",,0
"5,138","85,471",9,9093,"August 1, 2025, 11:34 AM","August 1, 2025, 11:34 AM",,"January 1, +1000000000, 12:00 AM",,0
"5,139","87,115",42,3535,"August 1, 2025, 11:34 AM","August 1, 2025, 11:34 AM",,"January 1, +1000000000, 12:00 AM",,0
"5,140","82,094",42,459,"August 1, 2025, 11:34 AM","August 1, 2025, 11:34 AM",,"January 1, +1000000000, 12:00 AM",,0
"5,141","83,722",22,109809,"August 1, 2025, 11:34 AM","August 1, 2025, 11:34 AM",,"January 1, +1000000000, 12:00 AM",,0
"5,142","84,392",36,831,"August 1, 2025, 11:34 AM","August 1, 2025, 11:34 AM",,"January 1, +1000000000, 12:00 AM",,0
"5,143","89,090",36,4384,"August 1, 2025, 11:34 AM","August 1, 2025, 11:34 AM",,"January 1, +1000000000, 12:00 AM",,0
"5,144","84,357",9,88,"August 1, 2025, 11:34 AM","August 1, 2025, 11:34 AM",,"January 1, +1000000000, 12:00 AM",,0
"5,145","87,077",9,7127,"August 1, 2025, 11:34 AM","August 1, 2025, 11:34 AM",,"January 1, +1000000000, 12:00 AM",,0
"5,146","87,051",18,3060,"August 1, 2025, 11:34 AM","August 1, 2025, 11:34 AM",,"January 1, +1000000000, 12:00 AM",,0
"5,147","89,988",45,28331,"August 1, 2025, 11:34 AM","August 1, 2025, 11:34 AM",,"January 1, +1000000000, 12:00 AM",,0
"5,148","83,931",9,9330,"August 1, 2025, 11:34 AM","August 1, 2025, 11:34 AM",,"January 1, +1000000000, 12:00 AM",,0
"5,149","89,409",45,21534,"August 1, 2025, 11:34 AM","August 1, 2025, 11:34 AM",,"January 1, +1000000000, 12:00 AM",,0
"5,150","82,432",45,25437,"August 1, 2025, 11:34 AM","August 1, 2025, 11:34 AM",,"January 1, +1000000000, 12:00 AM",,0
"5,151","82,430",42,3176,"August 1, 2025, 11:34 AM","August 1, 2025, 11:34 AM",,"January 1, +1000000000, 12:00 AM",,0
"5,152","82,433",12,486822,"August 1, 2025, 11:34 AM","August 1, 2025, 11:34 AM",,"January 1, +1000000000, 12:00 AM",,0
"5,153","89,490",45,35157,"August 1, 2025, 11:34 AM","August 1, 2025, 11:34 AM",,"January 1, +1000000000, 12:00 AM",,0
"5,154","86,891",25,251205,"August 1, 2025, 11:34 AM","August 1, 2025, 11:34 AM",,"January 1, +1000000000, 12:00 AM",,0
"5,155","90,001",43,5947,"August 1, 2025, 11:34 AM","August 1, 2025, 11:34 AM",,"January 1, +1000000000, 12:00 AM",,0
"5,156","89,223",9,8667,"August 1, 2025, 11:34 AM","August 1, 2025, 11:34 AM",,"January 1, +1000000000, 12:00 AM",,0
"5,157","83,010",10,Z625,"August 1, 2025, 11:34 AM","August 1, 2025, 11:34 AM",,"January 1, +1000000000, 12:00 AM",,0
"5,158","88,938",45,36282,"August 1, 2025, 11:34 AM","August 1, 2025, 11:34 AM",,"January 1, +1000000000, 12:00 AM",,0
"5,159","89,456",45,25266,"August 1, 2025, 11:34 AM","August 1, 2025, 11:34 AM",,"January 1, +1000000000, 12:00 AM",,0
"5,160","88,936",45,28722,"August 1, 2025, 11:34 AM","August 1, 2025, 11:34 AM",,"January 1, +1000000000, 12:00 AM",,0
"5,161","89,457",45,24891,"August 1, 2025, 11:34 AM","August 1, 2025, 11:34 AM",,"January 1, +1000000000, 12:00 AM",,0
"5,162","89,722",45,25149,"August 1, 2025, 11:34 AM","August 1, 2025, 11:34 AM",,"January 1, +1000000000, 12:00 AM",,0
"5,163","88,518",11,4596,"August 1, 2025, 11:34 AM","August 1, 2025, 11:34 AM",,"January 1, +1000000000, 12:00 AM",,0
"5,164","88,467",45,11253,"August 1, 2025, 11:34 AM","August 1, 2025, 11:34 AM",,"January 1, +1000000000, 12:00 AM",,0
"5,165","88,466",45,11263,"August 1, 2025, 11:34 AM","August 1, 2025, 11:34 AM",,"January 1, +1000000000, 12:00 AM",,0
"5,167","84,565",22,100309,"August 1, 2025, 11:34 AM","August 1, 2025, 11:34 AM",,"January 1, +1000000000, 12:00 AM",,0
"5,168","89,455",45,22418,"August 1, 2025, 11:34 AM","August 1, 2025, 11:34 AM",,"January 1, +1000000000, 12:00 AM",,0
"5,112","81,975",25,251099,"August 1, 2025, 11:34 AM","August 1, 2025, 11:34 AM",,"January 1, +1000000000, 12:00 AM",,0
"5,169","89,460",45,34535,"August 1, 2025, 11:34 AM","August 1, 2025, 11:34 AM",,"January 1, +1000000000, 12:00 AM",,0
"5,170","88,669",45,11321,"August 1, 2025, 11:34 AM","August 1, 2025, 11:34 AM",,"January 1, +1000000000, 12:00 AM",,0
"5,171","89,458",45,24892,"August 1, 2025, 11:34 AM","August 1, 2025, 11:34 AM",,"January 1, +1000000000, 12:00 AM",,0
"5,172","84,309",45,12497,"August 1, 2025, 11:34 AM","August 1, 2025, 11:34 AM",,"January 1, +1000000000, 12:00 AM",,0
"5,173","88,939",45,35829,"August 1, 2025, 11:34 AM","August 1, 2025, 11:34 AM",,"January 1, +1000000000, 12:00 AM",,0
"5,174","88,937",45,11252,"August 1, 2025, 11:34 AM","August 1, 2025, 11:34 AM",,"January 1, +1000000000, 12:00 AM",,0
"5,177","90,052",9,10411,"August 1, 2025, 11:34 AM","August 1, 2025, 11:34 AM",,"January 1, +1000000000, 12:00 AM",,0
"5,178","90,230",25,251239,"August 1, 2025, 11:34 AM","August 1, 2025, 11:34 AM",,"January 1, +1000000000, 12:00 AM",,0
"5,179","89,308",24,4551,"August 1, 2025, 11:34 AM","August 1, 2025, 11:34 AM",,"January 1, +1000000000, 12:00 AM",,0
"5,180","89,308",21,30307,"August 1, 2025, 11:34 AM","August 1, 2025, 11:34 AM",,"January 1, +1000000000, 12:00 AM",,0
"5,181","86,204",12,3604901,"August 1, 2025, 11:34 AM","August 1, 2025, 11:34 AM",,"January 1, +1000000000, 12:00 AM",,0
"5,182","84,905",18,5201,"August 1, 2025, 11:34 AM","August 1, 2025, 11:34 AM",,"January 1, +1000000000, 12:00 AM",,0
"5,183","82,658",34,1221,"August 1, 2025, 11:34 AM","August 1, 2025, 11:34 AM",,"January 1, +1000000000, 12:00 AM",,0
"5,184","87,488",32,43730,"August 1, 2025, 11:34 AM","August 1, 2025, 11:34 AM",,"January 1, +1000000000, 12:00 AM",,0
"5,185","89,687",45,34735,"August 1, 2025, 11:34 AM","August 1, 2025, 11:34 AM",,"January 1, +1000000000, 12:00 AM",,0
"5,186","89,317",36,2276,"August 1, 2025, 11:34 AM","August 1, 2025, 11:34 AM",,"January 1, +1000000000, 12:00 AM",,0
"5,187","87,691",45,36268,"August 1, 2025, 11:34 AM","August 1, 2025, 11:34 AM",,"January 1, +1000000000, 12:00 AM",,0
"5,188","89,604",36,1929,"August 1, 2025, 11:34 AM","August 1, 2025, 11:34 AM",,"January 1, +1000000000, 12:00 AM",,0
"5,189","87,009",9,9154,"August 1, 2025, 11:34 AM","August 1, 2025, 11:34 AM",,"January 1, +1000000000, 12:00 AM",,0
"5,190","88,933",45,14286,"August 1, 2025, 11:34 AM","August 1, 2025, 11:34 AM",,"January 1, +1000000000, 12:00 AM",,0
"5,191","88,141",18,2838,"August 1, 2025, 11:34 AM","August 1, 2025, 11:34 AM",,"January 1, +1000000000, 12:00 AM",,0
"5,192","89,771",21,23700,"August 1, 2025, 11:34 AM","August 1, 2025, 11:34 AM",,"January 1, +1000000000, 12:00 AM",,0
"5,193","87,314",9,8018,"August 1, 2025, 11:34 AM","August 1, 2025, 11:34 AM",,"January 1, +1000000000, 12:00 AM",,0
"5,194","87,527",18,3889,"August 1, 2025, 11:34 AM","August 1, 2025, 11:34 AM",,"January 1, +1000000000, 12:00 AM",,0
"5,195","86,239",18,4955,"August 1, 2025, 11:34 AM","August 1, 2025, 11:34 AM",,"January 1, +1000000000, 12:00 AM",,0
"5,196","86,519",45,0,"August 1, 2025, 11:34 AM","August 1, 2025, 11:34 AM",,"January 1, +1000000000, 12:00 AM",,0
"5,198","88,544",18,539,"August 1, 2025, 11:34 AM","August 1, 2025, 11:34 AM",,"January 1, +1000000000, 12:00 AM",,0
"5,200","86,082",18,4960,"August 1, 2025, 11:34 AM","August 1, 2025, 11:34 AM",,"January 1, +1000000000, 12:00 AM",,0
"5,201","84,903",18,269,"August 1, 2025, 11:34 AM","August 1, 2025, 11:34 AM",,"January 1, +1000000000, 12:00 AM",,0
"5,202","90,585",11,3782,"August 1, 2025, 11:34 AM","August 1, 2025, 11:34 AM",,"January 1, +1000000000, 12:00 AM",,0
"5,203","88,485",18,4481,"August 1, 2025, 11:34 AM","August 1, 2025, 11:34 AM",,"January 1, +1000000000, 12:00 AM",,0
"5,204","88,509",36,2449,"August 1, 2025, 11:34 AM","August 1, 2025, 11:34 AM",,"January 1, +1000000000, 12:00 AM",,0
"5,205","89,377",45,35793,"August 1, 2025, 11:34 AM","August 1, 2025, 11:34 AM",,"January 1, +1000000000, 12:00 AM",,0
"5,206","90,031",45,32246,"August 1, 2025, 11:34 AM","August 1, 2025, 11:34 AM",,"January 1, +1000000000, 12:00 AM",,0
"5,207","84,897",45,15336,"August 1, 2025, 11:34 AM","August 1, 2025, 11:34 AM",,"January 1, +1000000000, 12:00 AM",,0
"5,208","82,431",11,109452,"August 1, 2025, 11:34 AM","August 1, 2025, 11:34 AM",,"January 1, +1000000000, 12:00 AM",,0
"5,209","83,582",45,36498,"August 1, 2025, 11:34 AM","August 1, 2025, 11:34 AM",,"January 1, +1000000000, 12:00 AM",,0
"5,210","83,465",45,37601,"August 1, 2025, 11:34 AM","August 1, 2025, 11:34 AM",,"January 1, +1000000000, 12:00 AM",,0
"5,211","86,374",45,16164,"August 1, 2025, 11:34 AM","August 1, 2025, 11:34 AM",,"January 1, +1000000000, 12:00 AM",,0
"5,213","83,777",9,765,"August 1, 2025, 11:34 AM","August 1, 2025, 11:34 AM",,"January 1, +1000000000, 12:00 AM",,0
"5,214","83,944",10,998,"August 1, 2025, 11:34 AM","August 1, 2025, 11:34 AM",,"January 1, +1000000000, 12:00 AM",,0
"5,215","89,336",11,4452,"August 1, 2025, 11:34 AM","August 1, 2025, 11:34 AM",,"January 1, +1000000000, 12:00 AM",,0
"5,216","87,265",25,152027,"August 1, 2025, 11:34 AM","August 1, 2025, 11:34 AM",,"January 1, +1000000000, 12:00 AM",,0
"5,217","82,769",9,5600,"August 1, 2025, 11:34 AM","August 1, 2025, 11:34 AM",,"January 1, +1000000000, 12:00 AM",,0
"5,218","90,192",11,13002,"August 1, 2025, 11:34 AM","August 1, 2025, 11:34 AM",,"January 1, +1000000000, 12:00 AM",,0
"5,219","83,791",9,4275,"August 1, 2025, 11:34 AM","August 1, 2025, 11:34 AM",,"January 1, +1000000000, 12:00 AM",,0
"5,220","89,510",36,2794,"August 1, 2025, 11:34 AM","August 1, 2025, 11:34 AM",,"January 1, +1000000000, 12:00 AM",,0
"5,221","83,722",36,195,"August 1, 2025, 11:34 AM","August 1, 2025, 11:34 AM",,"January 1, +1000000000, 12:00 AM",,0
"5,222","87,478",9,8707,"August 1, 2025, 11:34 AM","August 1, 2025, 11:34 AM",,"January 1, +1000000000, 12:00 AM",,0
"5,223","86,208",9,670,"August 1, 2025, 11:34 AM","August 1, 2025, 11:34 AM",,"January 1, +1000000000, 12:00 AM",,0
"5,224","84,550",11,9325,"August 1, 2025, 11:34 AM","August 1, 2025, 11:34 AM",,"January 1, +1000000000, 12:00 AM",,0
"5,225","90,565",24,4002,"August 1, 2025, 11:34 AM","August 1, 2025, 11:34 AM",,"January 1, +1000000000, 12:00 AM",,0
"5,226","85,962",24,4606,"August 1, 2025, 11:34 AM","August 1, 2025, 11:34 AM",,"January 1, +1000000000, 12:00 AM",,0
"5,227","82,078",11,4846,"August 1, 2025, 11:34 AM","August 1, 2025, 11:34 AM",,"January 1, +1000000000, 12:00 AM",,0
"5,228","90,508",11,9824,"August 1, 2025, 11:34 AM","August 1, 2025, 11:34 AM",,"January 1, +1000000000, 12:00 AM",,0
"5,229","90,362",45,36341,"August 1, 2025, 11:34 AM","August 1, 2025, 11:34 AM",,"January 1, +1000000000, 12:00 AM",,0
"5,230","84,905",18,269,"August 1, 2025, 11:34 AM","August 1, 2025, 11:34 AM",,"January 1, +1000000000, 12:00 AM",,0
"5,231","86,035",11,150171,"August 1, 2025, 11:34 AM","August 1, 2025, 11:34 AM",,"January 1, +1000000000, 12:00 AM",,0
"5,232","85,321",12,556101,"August 1, 2025, 11:34 AM","August 1, 2025, 11:34 AM",,"January 1, +1000000000, 12:00 AM",,0
"5,233","85,444",11,150702,"August 1, 2025, 11:34 AM","August 1, 2025, 11:34 AM",,"January 1, +1000000000, 12:00 AM",,0
"5,235","87,460",45,22504,"August 1, 2025, 11:34 AM","August 1, 2025, 11:34 AM",,"January 1, +1000000000, 12:00 AM",,0
"5,236","84,638",10,J445,"August 1, 2025, 11:34 AM","August 1, 2025, 11:34 AM",,"January 1, +1000000000, 12:00 AM",,0
"5,237","84,317",45,13725,"August 1, 2025, 11:34 AM","August 1, 2025, 11:34 AM",,"January 1, +1000000000, 12:00 AM",,0
"5,238","88,282",45,26648,"August 1, 2025, 11:34 AM","August 1, 2025, 11:34 AM",,"January 1, +1000000000, 12:00 AM",,0
"5,239","84,003",45,34114,"August 1, 2025, 11:34 AM","August 1, 2025, 11:34 AM",,"January 1, +1000000000, 12:00 AM",,0
"5,240","87,869",36,1830,"August 1, 2025, 11:34 AM","August 1, 2025, 11:34 AM",,"January 1, +1000000000, 12:00 AM",,0
"5,241","82,777",45,15397,"August 1, 2025, 11:34 AM","August 1, 2025, 11:34 AM",,"January 1, +1000000000, 12:00 AM",,0
"5,242","82,329",9,2991,"August 1, 2025, 11:34 AM","August 1, 2025, 11:34 AM",,"January 1, +1000000000, 12:00 AM",,0
"5,243","87,563",9,9334,"August 1, 2025, 11:34 AM","August 1, 2025, 11:34 AM",,"January 1, +1000000000, 12:00 AM",,0
"5,244","87,673",45,34594,"August 1, 2025, 11:34 AM","August 1, 2025, 11:34 AM",,"January 1, +1000000000, 12:00 AM",,0
"5,248","87,958",9,8137,"August 1, 2025, 11:34 AM","August 1, 2025, 11:34 AM",,"January 1, +1000000000, 12:00 AM",,0
"5,197","87,877",18,1225308,"August 1, 2025, 11:34 AM","August 1, 2025, 11:34 AM",,"January 1, +1000000000, 12:00 AM",,0
"5,199","89,853",18,4490,"August 1, 2025, 11:34 AM","August 1, 2025, 11:34 AM",,"January 1, +1000000000, 12:00 AM",,0
"5,247","87,292",36,3825,"August 1, 2025, 11:34 AM","August 1, 2025, 11:34 AM",,"January 1, +1000000000, 12:00 AM",,0
"5,263","82,237",34,659,"August 1, 2025, 11:34 AM","August 1, 2025, 11:34 AM",,"January 1, +1000000000, 12:00 AM",,0
"5,265","82,827",32,3239,"August 1, 2025, 11:34 AM","August 1, 2025, 11:34 AM",,"January 1, +1000000000, 12:00 AM",,0
"5,266","89,422",12,7559801,"August 1, 2025, 11:34 AM","August 1, 2025, 11:34 AM",,"January 1, +1000000000, 12:00 AM",,0
"5,268","82,437",42,3176,"August 1, 2025, 11:34 AM","August 1, 2025, 11:34 AM",,"January 1, +1000000000, 12:00 AM",,0
"5,269","83,464",45,26783,"August 1, 2025, 11:34 AM","August 1, 2025, 11:34 AM",,"January 1, +1000000000, 12:00 AM",,0
"5,270","82,019",11,116582,"August 1, 2025, 11:34 AM","August 1, 2025, 11:34 AM",,"January 1, +1000000000, 12:00 AM",,0
"5,271","90,043",45,32394,"August 1, 2025, 11:34 AM","August 1, 2025, 11:34 AM",,"January 1, +1000000000, 12:00 AM",,0
"5,272","84,208",36,2680,"August 1, 2025, 11:34 AM","August 1, 2025, 11:34 AM",,"January 1, +1000000000, 12:00 AM",,0
"5,273","82,176",45,12457,"August 1, 2025, 11:34 AM","August 1, 2025, 11:34 AM",,"January 1, +1000000000, 12:00 AM",,0
"5,276","88,992",45,28735,"August 1, 2025, 11:34 AM","August 1, 2025, 11:34 AM",,"January 1, +1000000000, 12:00 AM",,0
"5,280","84,761",12,2285901,"August 1, 2025, 11:34 AM","August 1, 2025, 11:34 AM",,"January 1, +1000000000, 12:00 AM",,0
"5,281","86,012",45,17506,"August 1, 2025, 11:34 AM","August 1, 2025, 11:34 AM",,"January 1, +1000000000, 12:00 AM",,0
"5,283","89,602",45,26772,"August 1, 2025, 11:34 AM","August 1, 2025, 11:34 AM",,"January 1, +1000000000, 12:00 AM",,0
"5,284","82,553",45,14115,"August 1, 2025, 11:34 AM","August 1, 2025, 11:34 AM",,"January 1, +1000000000, 12:00 AM",,0
"5,286","87,772",18,4788,"August 1, 2025, 11:34 AM","August 1, 2025, 11:34 AM",,"January 1, +1000000000, 12:00 AM",,0
"5,287","87,023",45,19252,"August 1, 2025, 11:34 AM","August 1, 2025, 11:34 AM",,"January 1, +1000000000, 12:00 AM",,0
"5,288","85,818",11,150893,"August 1, 2025, 11:34 AM","August 1, 2025, 11:34 AM",,"January 1, +1000000000, 12:00 AM",,0
"5,289","83,228",36,3657,"August 1, 2025, 11:34 AM","August 1, 2025, 11:34 AM",,"January 1, +1000000000, 12:00 AM",,0
"5,290","86,138",10,845,"August 1, 2025, 11:34 AM","August 1, 2025, 11:34 AM",,"January 1, +1000000000, 12:00 AM",,0
"5,291","89,805",11,108241,"August 1, 2025, 11:34 AM","August 1, 2025, 11:34 AM",,"January 1, +1000000000, 12:00 AM",,0
"5,293","90,584",9,9464,"August 1, 2025, 11:34 AM","August 1, 2025, 11:34 AM",,"January 1, +1000000000, 12:00 AM",,0
"5,294","88,229",45,11663,"August 1, 2025, 11:34 AM","August 1, 2025, 11:34 AM",,"January 1, +1000000000, 12:00 AM",,0
"5,295","89,378",34,1296,"August 1, 2025, 11:34 AM","August 1, 2025, 11:34 AM",,"January 1, +1000000000, 12:00 AM",,0
"5,296","87,669",12,9891702,"August 1, 2025, 11:34 AM","August 1, 2025, 11:34 AM",,"January 1, +1000000000, 12:00 AM",,0
"5,297","81,730",9,1165,"August 1, 2025, 11:34 AM","August 1, 2025, 11:34 AM",,"January 1, +1000000000, 12:00 AM",,0
"5,298","90,344",36,2182,"August 1, 2025, 11:34 AM","August 1, 2025, 11:34 AM",,"January 1, +1000000000, 12:00 AM",,0
"5,300","85,155",42,1734,"August 1, 2025, 11:34 AM","August 1, 2025, 11:34 AM",,"January 1, +1000000000, 12:00 AM",,0
"5,301","86,131",36,847,"August 1, 2025, 11:34 AM","August 1, 2025, 11:34 AM",,"January 1, +1000000000, 12:00 AM",,0
"5,302","87,268",12,7201701,"August 1, 2025, 11:34 AM","August 1, 2025, 11:34 AM",,"January 1, +1000000000, 12:00 AM",,0
"5,303","86,258",36,1840,"August 1, 2025, 11:34 AM","August 1, 2025, 11:34 AM",,"January 1, +1000000000, 12:00 AM",,0
"5,304","88,930",11,9549,"August 1, 2025, 11:34 AM","August 1, 2025, 11:34 AM",,"January 1, +1000000000, 12:00 AM",,0
"5,305","84,231",24,228,"August 1, 2025, 11:34 AM","August 1, 2025, 11:34 AM",,"January 1, +1000000000, 12:00 AM",,0
"5,306","83,326",45,18660,"August 1, 2025, 11:34 AM","August 1, 2025, 11:34 AM",,"January 1, +1000000000, 12:00 AM",,0
"5,307","86,515",45,18861,"August 1, 2025, 11:34 AM","August 1, 2025, 11:34 AM",,"January 1, +1000000000, 12:00 AM",,0
"5,308","83,467",12,8379701,"August 1, 2025, 11:34 AM","August 1, 2025, 11:34 AM",,"January 1, +1000000000, 12:00 AM",,0
"5,309","87,060",12,9277702,"August 1, 2025, 11:34 AM","August 1, 2025, 11:34 AM",,"January 1, +1000000000, 12:00 AM",,0
"5,310","83,468",12,8379702,"August 1, 2025, 11:34 AM","August 1, 2025, 11:34 AM",,"January 1, +1000000000, 12:00 AM",,0
"5,312","85,252",18,453,"August 1, 2025, 11:34 AM","August 1, 2025, 11:34 AM",,"January 1, +1000000000, 12:00 AM",,0
"5,313","87,803",11,107990,"August 1, 2025, 11:34 AM","August 1, 2025, 11:34 AM",,"January 1, +1000000000, 12:00 AM",,0
"5,314","82,995",9,8817,"August 1, 2025, 11:34 AM","August 1, 2025, 11:34 AM",,"January 1, +1000000000, 12:00 AM",,0
"5,315","82,497",45,26292,"August 1, 2025, 11:34 AM","August 1, 2025, 11:34 AM",,"January 1, +1000000000, 12:00 AM",,0
"5,316","83,691",42,365,"August 1, 2025, 11:34 AM","August 1, 2025, 11:34 AM",,"January 1, +1000000000, 12:00 AM",,0
"5,317","86,546",45,23742,"August 1, 2025, 11:34 AM","August 1, 2025, 11:34 AM",,"January 1, +1000000000, 12:00 AM",,0
"5,318","87,602",45,33754,"August 1, 2025, 11:34 AM","August 1, 2025, 11:34 AM",,"January 1, +1000000000, 12:00 AM",,0
"5,319","83,868",36,1195,"August 1, 2025, 11:34 AM","August 1, 2025, 11:34 AM",,"January 1, +1000000000, 12:00 AM",,0
"5,320","85,917",36,906,"August 1, 2025, 11:34 AM","August 1, 2025, 11:34 AM",,"January 1, +1000000000, 12:00 AM",,0
"5,321","84,516",45,24868,"August 1, 2025, 11:34 AM","August 1, 2025, 11:34 AM",,"January 1, +1000000000, 12:00 AM",,0
"5,322","90,143",11,103327,"August 1, 2025, 11:34 AM","August 1, 2025, 11:34 AM",,"January 1, +1000000000, 12:00 AM",,0
"5,323","87,898",36,175,"August 1, 2025, 11:34 AM","August 1, 2025, 11:34 AM",,"January 1, +1000000000, 12:00 AM",,0
"5,324","83,760",18,2336,"August 1, 2025, 11:34 AM","August 1, 2025, 11:34 AM",,"January 1, +1000000000, 12:00 AM",,0
"5,325","85,070",45,15079,"August 1, 2025, 11:34 AM","August 1, 2025, 11:34 AM",,"January 1, +1000000000, 12:00 AM",,0
"5,326","84,983",45,13246,"August 1, 2025, 11:34 AM","August 1, 2025, 11:34 AM",,"January 1, +1000000000, 12:00 AM",,0
"5,327","88,526",18,2434,"August 1, 2025, 11:34 AM","August 1, 2025, 11:34 AM",,"January 1, +1000000000, 12:00 AM",,0
"5,328","88,527",18,4958,"August 1, 2025, 11:34 AM","August 1, 2025, 11:34 AM",,"January 1, +1000000000, 12:00 AM",,0
"5,329","88,519",18,4322,"August 1, 2025, 11:34 AM","August 1, 2025, 11:34 AM",,"January 1, +1000000000, 12:00 AM",,0
"5,330","83,618",18,2807,"August 1, 2025, 11:34 AM","August 1, 2025, 11:34 AM",,"January 1, +1000000000, 12:00 AM",,0
"5,331","83,618",45,28055,"August 1, 2025, 11:34 AM","August 1, 2025, 11:34 AM",,"January 1, +1000000000, 12:00 AM",,0
"5,332","88,235",34,916,"August 1, 2025, 11:34 AM","August 1, 2025, 11:34 AM",,"January 1, +1000000000, 12:00 AM",,0
"5,335","85,693",45,36045,"August 1, 2025, 11:34 AM","August 1, 2025, 11:34 AM",,"January 1, +1000000000, 12:00 AM",,0
"5,336","81,971",34,1850,"August 1, 2025, 11:34 AM","August 1, 2025, 11:34 AM",,"January 1, +1000000000, 12:00 AM",,0
"5,337","90,372",32,13013,"August 1, 2025, 11:34 AM","August 1, 2025, 11:34 AM",,"January 1, +1000000000, 12:00 AM",,0
"5,338","82,378",45,11460,"August 1, 2025, 11:34 AM","August 1, 2025, 11:34 AM",,"January 1, +1000000000, 12:00 AM",,0
"5,339","85,536",45,20826,"August 1, 2025, 11:35 AM","August 1, 2025, 11:35 AM",,"January 1, +1000000000, 12:00 AM",,0
"5,341","83,124",12,9869701,"August 1, 2025, 11:35 AM","August 1, 2025, 11:35 AM",,"January 1, +1000000000, 12:00 AM",,0
"5,342","89,512",45,25633,"August 1, 2025, 11:35 AM","August 1, 2025, 11:35 AM",,"January 1, +1000000000, 12:00 AM",,0
"5,343","90,150",42,3522,"August 1, 2025, 11:35 AM","August 1, 2025, 11:35 AM",,"January 1, +1000000000, 12:00 AM",,0
"5,344","85,703",45,25901,"August 1, 2025, 11:35 AM","August 1, 2025, 11:35 AM",,"January 1, +1000000000, 12:00 AM",,0
"5,292","88,045",42,380,"August 1, 2025, 11:34 AM","August 1, 2025, 11:34 AM",,"January 1, +1000000000, 12:00 AM",,0
"5,333","84,340",42,303,"August 1, 2025, 11:34 AM","August 1, 2025, 11:34 AM",,"January 1, +1000000000, 12:00 AM",,0
"5,274","89,036",18,5137,"August 1, 2025, 11:34 AM","August 1, 2025, 11:34 AM",,"January 1, +1000000000, 12:00 AM",,0
"5,345","82,575",44,104199,"August 1, 2025, 11:35 AM","August 1, 2025, 11:35 AM",,"January 1, +1000000000, 12:00 AM",,0
"5,347","88,852",45,37950,"August 1, 2025, 11:35 AM","August 1, 2025, 11:35 AM",,"January 1, +1000000000, 12:00 AM",,0
"5,348","86,505",36,2134,"August 1, 2025, 11:35 AM","August 1, 2025, 11:35 AM",,"January 1, +1000000000, 12:00 AM",,0
"5,349","83,863",9,2627,"August 1, 2025, 11:35 AM","August 1, 2025, 11:35 AM",,"January 1, +1000000000, 12:00 AM",,0
"5,350","84,564",9,7955,"August 1, 2025, 11:35 AM","August 1, 2025, 11:35 AM",,"January 1, +1000000000, 12:00 AM",,0
"5,351","87,623",22,105863,"August 1, 2025, 11:35 AM","August 1, 2025, 11:35 AM",,"January 1, +1000000000, 12:00 AM",,0
"5,352","89,569",45,37460,"August 1, 2025, 11:35 AM","August 1, 2025, 11:35 AM",,"January 1, +1000000000, 12:00 AM",,0
"5,353","82,926",45,13566,"August 1, 2025, 11:35 AM","August 1, 2025, 11:35 AM",,"January 1, +1000000000, 12:00 AM",,0
"5,354","82,226",45,34125,"August 1, 2025, 11:35 AM","August 1, 2025, 11:35 AM",,"January 1, +1000000000, 12:00 AM",,0
"5,355","88,038",45,11481,"August 1, 2025, 11:35 AM","August 1, 2025, 11:35 AM",,"January 1, +1000000000, 12:00 AM",,0
"5,356","88,038",32,43655,"August 1, 2025, 11:35 AM","August 1, 2025, 11:35 AM",,"January 1, +1000000000, 12:00 AM",,0
"5,359","88,618",32,9180,"August 1, 2025, 11:35 AM","August 1, 2025, 11:35 AM",,"January 1, +1000000000, 12:00 AM",,0
"5,360","85,715",9,5203,"August 1, 2025, 11:35 AM","August 1, 2025, 11:35 AM",,"January 1, +1000000000, 12:00 AM",,0
"5,361","85,782",9,2217,"August 1, 2025, 11:35 AM","August 1, 2025, 11:35 AM",,"January 1, +1000000000, 12:00 AM",,0
"5,362","86,272",18,5404,"August 1, 2025, 11:35 AM","August 1, 2025, 11:35 AM",,"January 1, +1000000000, 12:00 AM",,0
"5,363","86,879",10,1056,"August 1, 2025, 11:35 AM","August 1, 2025, 11:35 AM",,"January 1, +1000000000, 12:00 AM",,0
"5,364","86,879",32,67075,"August 1, 2025, 11:35 AM","August 1, 2025, 11:35 AM",,"January 1, +1000000000, 12:00 AM",,0
"5,365","88,269",9,9248,"August 1, 2025, 11:35 AM","August 1, 2025, 11:35 AM",,"January 1, +1000000000, 12:00 AM",,0
"5,366","84,902",18,4992,"August 1, 2025, 11:35 AM","August 1, 2025, 11:35 AM",,"January 1, +1000000000, 12:00 AM",,0
"5,367","89,378",43,5807,"August 1, 2025, 11:35 AM","August 1, 2025, 11:35 AM",,"January 1, +1000000000, 12:00 AM",,0
"5,368","83,263",25,250270,"August 1, 2025, 11:35 AM","August 1, 2025, 11:35 AM",,"January 1, +1000000000, 12:00 AM",,0
"5,369","84,644",42,408,"August 1, 2025, 11:35 AM","August 1, 2025, 11:35 AM",,"January 1, +1000000000, 12:00 AM",,0
"5,370","89,723",45,26921,"August 1, 2025, 11:35 AM","August 1, 2025, 11:35 AM",,"January 1, +1000000000, 12:00 AM",,0
"5,371","82,571",45,16492,"August 1, 2025, 11:35 AM","August 1, 2025, 11:35 AM",,"January 1, +1000000000, 12:00 AM",,0
"5,372","87,966",45,13560,"August 1, 2025, 11:35 AM","August 1, 2025, 11:35 AM",,"January 1, +1000000000, 12:00 AM",,0
"5,374","83,057",22,105040,"August 1, 2025, 11:35 AM","August 1, 2025, 11:35 AM",,"January 1, +1000000000, 12:00 AM",,0
"5,375","86,914",36,3111,"August 1, 2025, 11:35 AM","August 1, 2025, 11:35 AM",,"January 1, +1000000000, 12:00 AM",,0
"5,376","81,770",45,21967,"August 1, 2025, 11:35 AM","August 1, 2025, 11:35 AM",,"January 1, +1000000000, 12:00 AM",,0
"5,377","89,005",18,325,"August 1, 2025, 11:35 AM","August 1, 2025, 11:35 AM",,"January 1, +1000000000, 12:00 AM",,0
"5,378","82,787",32,43555,"August 1, 2025, 11:35 AM","August 1, 2025, 11:35 AM",,"January 1, +1000000000, 12:00 AM",,0
"5,379","83,136",25,251238,"August 1, 2025, 11:35 AM","August 1, 2025, 11:35 AM",,"January 1, +1000000000, 12:00 AM",,0
"5,380","83,417",45,25472,"August 1, 2025, 11:35 AM","August 1, 2025, 11:35 AM",,"January 1, +1000000000, 12:00 AM",,0
"5,381","85,040",11,10722,"August 1, 2025, 11:35 AM","August 1, 2025, 11:35 AM",,"January 1, +1000000000, 12:00 AM",,0
"5,382","89,150",45,18006,"August 1, 2025, 11:35 AM","August 1, 2025, 11:35 AM",,"January 1, +1000000000, 12:00 AM",,0
"5,383","87,285",21,100563,"August 1, 2025, 11:35 AM","August 1, 2025, 11:35 AM",,"January 1, +1000000000, 12:00 AM",,0
"5,384","89,829",10,z745,"August 1, 2025, 11:35 AM","August 1, 2025, 11:35 AM",,"January 1, +1000000000, 12:00 AM",,0
"5,385","89,829",10,z747,"August 1, 2025, 11:35 AM","August 1, 2025, 11:35 AM",,"January 1, +1000000000, 12:00 AM",,0
"5,386","85,661",42,1209,"August 1, 2025, 11:35 AM","August 1, 2025, 11:35 AM",,"January 1, +1000000000, 12:00 AM",,0
"5,387","89,804",18,5131,"August 1, 2025, 11:35 AM","August 1, 2025, 11:35 AM",,"January 1, +1000000000, 12:00 AM",,0
"5,388","89,051",45,10398,"August 1, 2025, 11:35 AM","August 1, 2025, 11:35 AM",,"January 1, +1000000000, 12:00 AM",,0
"5,389","88,721",11,115618,"August 1, 2025, 11:35 AM","August 1, 2025, 11:35 AM",,"January 1, +1000000000, 12:00 AM",,0
"5,391","83,308",9,7624,"August 1, 2025, 11:35 AM","August 1, 2025, 11:35 AM",,"January 1, +1000000000, 12:00 AM",,0
"5,392","90,301",10,1364,"August 1, 2025, 11:35 AM","August 1, 2025, 11:35 AM",,"January 1, +1000000000, 12:00 AM",,0
"5,393","87,146",11,12110,"August 1, 2025, 11:35 AM","August 1, 2025, 11:35 AM",,"January 1, +1000000000, 12:00 AM",,0
"5,394","85,236",42,2626,"August 1, 2025, 11:35 AM","August 1, 2025, 11:35 AM",,"January 1, +1000000000, 12:00 AM",,0
"5,395","87,714",9,7502,"August 1, 2025, 11:35 AM","August 1, 2025, 11:35 AM",,"January 1, +1000000000, 12:00 AM",,0
"5,397","84,900",18,5201,"August 1, 2025, 11:35 AM","August 1, 2025, 11:35 AM",,"January 1, +1000000000, 12:00 AM",,0
"5,398","90,058",12,9800201,"August 1, 2025, 11:35 AM","August 1, 2025, 11:35 AM",,"January 1, +1000000000, 12:00 AM",,0
"5,399","89,467",12,5753101,"August 1, 2025, 11:35 AM","August 1, 2025, 11:35 AM",,"January 1, +1000000000, 12:00 AM",,0
"5,400","89,468",12,7087701,"August 1, 2025, 11:35 AM","August 1, 2025, 11:35 AM",,"January 1, +1000000000, 12:00 AM",,0
"5,401","90,520",34,1274,"August 1, 2025, 11:35 AM","August 1, 2025, 11:35 AM",,"January 1, +1000000000, 12:00 AM",,0
"5,402","88,297",45,17631,"August 1, 2025, 11:35 AM","August 1, 2025, 11:35 AM",,"January 1, +1000000000, 12:00 AM",,0
"5,404","84,922",9,5095,"August 1, 2025, 11:35 AM","August 1, 2025, 11:35 AM",,"January 1, +1000000000, 12:00 AM",,0
"5,405","89,539",42,3429,"August 1, 2025, 11:35 AM","August 1, 2025, 11:35 AM",,"January 1, +1000000000, 12:00 AM",,0
"5,406","87,292",9,9741,"August 1, 2025, 11:35 AM","August 1, 2025, 11:35 AM",,"January 1, +1000000000, 12:00 AM",,0
"5,407","82,777",9,9795,"August 1, 2025, 11:35 AM","August 1, 2025, 11:35 AM",,"January 1, +1000000000, 12:00 AM",,0
"5,408","86,761",34,2995,"August 1, 2025, 11:35 AM","August 1, 2025, 11:35 AM",,"January 1, +1000000000, 12:00 AM",,0
"5,409","89,633",45,26143,"August 1, 2025, 11:35 AM","August 1, 2025, 11:35 AM",,"January 1, +1000000000, 12:00 AM",,0
"5,410","88,799",45,36119,"August 1, 2025, 11:35 AM","August 1, 2025, 11:35 AM",,"January 1, +1000000000, 12:00 AM",,0
"5,411","89,829",32,43970,"August 1, 2025, 11:35 AM","August 1, 2025, 11:35 AM",,"January 1, +1000000000, 12:00 AM",,0
"5,412","83,124",34,4225,"August 1, 2025, 11:35 AM","August 1, 2025, 11:35 AM",,"January 1, +1000000000, 12:00 AM",,0
"5,414","88,945",45,22271,"August 1, 2025, 11:35 AM","August 1, 2025, 11:35 AM",,"January 1, +1000000000, 12:00 AM",,0
"5,415","87,012",22,107867,"August 1, 2025, 11:35 AM","August 1, 2025, 11:35 AM",,"January 1, +1000000000, 12:00 AM",,0
"5,416","86,403",45,13588,"August 1, 2025, 11:35 AM","August 1, 2025, 11:35 AM",,"January 1, +1000000000, 12:00 AM",,0
"5,417","85,021",9,5284,"August 1, 2025, 11:35 AM","August 1, 2025, 11:35 AM",,"January 1, +1000000000, 12:00 AM",,0
"5,418","84,306",45,13424,"August 1, 2025, 11:35 AM","August 1, 2025, 11:35 AM",,"January 1, +1000000000, 12:00 AM",,0
"5,419","89,829",32,43979,"August 1, 2025, 11:35 AM","August 1, 2025, 11:35 AM",,"January 1, +1000000000, 12:00 AM",,0
"5,420","87,680",45,37841,"August 1, 2025, 11:35 AM","August 1, 2025, 11:35 AM",,"January 1, +1000000000, 12:00 AM",,0
"5,421","89,514",45,23081,"August 1, 2025, 11:35 AM","August 1, 2025, 11:35 AM",,"January 1, +1000000000, 12:00 AM",,0
"5,422","83,596",25,251158,"August 1, 2025, 11:35 AM","August 1, 2025, 11:35 AM",,"January 1, +1000000000, 12:00 AM",,0
"5,423","84,439",45,14798,"August 1, 2025, 11:35 AM","August 1, 2025, 11:35 AM",,"January 1, +1000000000, 12:00 AM",,0
"5,424","87,535",45,37672,"August 1, 2025, 11:35 AM","August 1, 2025, 11:35 AM",,"January 1, +1000000000, 12:00 AM",,0
"5,426","82,964",34,1992,"August 1, 2025, 11:35 AM","August 1, 2025, 11:35 AM",,"January 1, +1000000000, 12:00 AM",,0
"5,427","86,868",45,36128,"August 1, 2025, 11:35 AM","August 1, 2025, 11:35 AM",,"January 1, +1000000000, 12:00 AM",,0
"5,429","85,762",36,3281,"August 1, 2025, 11:35 AM","August 1, 2025, 11:35 AM",,"January 1, +1000000000, 12:00 AM",,0
"5,430","88,895",9,6842,"August 1, 2025, 11:35 AM","August 1, 2025, 11:35 AM",,"January 1, +1000000000, 12:00 AM",,0
"5,432","85,643",21,24992,"August 1, 2025, 11:35 AM","August 1, 2025, 11:35 AM",,"January 1, +1000000000, 12:00 AM",,0
"5,346","89,661",45,34699,"August 1, 2025, 11:35 AM","August 1, 2025, 11:35 AM",,"January 1, +1000000000, 12:00 AM",,0
"5,403","84,336",12,295101,"August 1, 2025, 11:35 AM","August 1, 2025, 11:35 AM",,"January 1, +1000000000, 12:00 AM",,0
"5,431","89,464",25,151548,"August 1, 2025, 11:35 AM","August 1, 2025, 11:35 AM",,"January 1, +1000000000, 12:00 AM",,0
"5,413","86,711",45,21292,"August 1, 2025, 11:35 AM","August 1, 2025, 11:35 AM",,"January 1, +1000000000, 12:00 AM",,0
"5,433","87,108",45,25024,"August 1, 2025, 11:35 AM","August 1, 2025, 11:35 AM",,"January 1, +1000000000, 12:00 AM",,0
"5,434","87,499",45,35127,"August 1, 2025, 11:35 AM","August 1, 2025, 11:35 AM",,"January 1, +1000000000, 12:00 AM",,0
"5,435","86,649",25,250401,"August 1, 2025, 11:35 AM","August 1, 2025, 11:35 AM",,"January 1, +1000000000, 12:00 AM",,0
"5,438","86,548",45,17744,"August 1, 2025, 11:35 AM","August 1, 2025, 11:35 AM",,"January 1, +1000000000, 12:00 AM",,0
"5,439","89,361",10,727,"August 1, 2025, 11:35 AM","August 1, 2025, 11:35 AM",,"January 1, +1000000000, 12:00 AM",,0
"5,440","86,160",36,1342,"August 1, 2025, 11:35 AM","August 1, 2025, 11:35 AM",,"January 1, +1000000000, 12:00 AM",,0
"5,441","85,831",11,103085,"August 1, 2025, 11:35 AM","August 1, 2025, 11:35 AM",,"January 1, +1000000000, 12:00 AM",,0
"5,442","89,305",44,106024,"August 1, 2025, 11:35 AM","August 1, 2025, 11:35 AM",,"January 1, +1000000000, 12:00 AM",,0
"5,443","83,931",11,103518,"August 1, 2025, 11:35 AM","August 1, 2025, 11:35 AM",,"January 1, +1000000000, 12:00 AM",,0
"5,444","88,873",45,20102,"August 1, 2025, 11:35 AM","August 1, 2025, 11:35 AM",,"January 1, +1000000000, 12:00 AM",,0
"5,446","84,474",45,35501,"August 1, 2025, 11:35 AM","August 1, 2025, 11:35 AM",,"January 1, +1000000000, 12:00 AM",,0
"5,448","89,829",32,43791,"August 1, 2025, 11:35 AM","August 1, 2025, 11:35 AM",,"January 1, +1000000000, 12:00 AM",,0
"5,449","87,589",18,4311,"August 1, 2025, 11:35 AM","August 1, 2025, 11:35 AM",,"January 1, +1000000000, 12:00 AM",,0
"5,450","83,691",45,14313,"August 1, 2025, 11:35 AM","August 1, 2025, 11:35 AM",,"January 1, +1000000000, 12:00 AM",,0
"5,451","85,743",12,545901,"August 1, 2025, 11:35 AM","August 1, 2025, 11:35 AM",,"January 1, +1000000000, 12:00 AM",,0
"5,452","87,852",12,197401,"August 1, 2025, 11:35 AM","August 1, 2025, 11:35 AM",,"January 1, +1000000000, 12:00 AM",,0
"5,453","87,048",9,6843,"August 1, 2025, 11:35 AM","August 1, 2025, 11:35 AM",,"January 1, +1000000000, 12:00 AM",,0
"5,454","87,432",45,27676,"August 1, 2025, 11:35 AM","August 1, 2025, 11:35 AM",,"January 1, +1000000000, 12:00 AM",,0
"5,455","85,494",36,1949,"August 1, 2025, 11:35 AM","August 1, 2025, 11:35 AM",,"January 1, +1000000000, 12:00 AM",,0
"5,456","82,726",9,6700,"August 1, 2025, 11:35 AM","August 1, 2025, 11:35 AM",,"January 1, +1000000000, 12:00 AM",,0
"5,457","88,988",10,Z599,"August 1, 2025, 11:35 AM","August 1, 2025, 11:35 AM",,"January 1, +1000000000, 12:00 AM",,0
"5,458","82,647",36,1427,"August 1, 2025, 11:35 AM","August 1, 2025, 11:35 AM",,"January 1, +1000000000, 12:00 AM",,0
"5,459","83,454",45,25283,"August 1, 2025, 11:35 AM","August 1, 2025, 11:35 AM",,"January 1, +1000000000, 12:00 AM",,0
"5,460","86,739",45,34590,"August 1, 2025, 11:35 AM","August 1, 2025, 11:35 AM",,"January 1, +1000000000, 12:00 AM",,0
"5,461","84,826",45,14359,"August 1, 2025, 11:35 AM","August 1, 2025, 11:35 AM",,"January 1, +1000000000, 12:00 AM",,0
"5,462","85,502",45,14843,"August 1, 2025, 11:35 AM","August 1, 2025, 11:35 AM",,"January 1, +1000000000, 12:00 AM",,0
"5,463","83,170",22,106492,"August 1, 2025, 11:35 AM","August 1, 2025, 11:35 AM",,"January 1, +1000000000, 12:00 AM",,0
"5,464","81,708",12,486001,"August 1, 2025, 11:35 AM","August 1, 2025, 11:35 AM",,"January 1, +1000000000, 12:00 AM",,0
"5,465","86,047",45,14384,"August 1, 2025, 11:35 AM","August 1, 2025, 11:35 AM",,"January 1, +1000000000, 12:00 AM",,0
"5,466","89,662",45,26710,"August 1, 2025, 11:35 AM","August 1, 2025, 11:35 AM",,"January 1, +1000000000, 12:00 AM",,0
"5,467","83,383",45,35343,"August 1, 2025, 11:35 AM","August 1, 2025, 11:35 AM",,"January 1, +1000000000, 12:00 AM",,0
"5,468","90,293",12,10004801,"August 1, 2025, 11:35 AM","August 1, 2025, 11:35 AM",,"January 1, +1000000000, 12:00 AM",,0
"5,469","88,321",45,14906,"August 1, 2025, 11:35 AM","August 1, 2025, 11:35 AM",,"January 1, +1000000000, 12:00 AM",,0
"5,471","88,418",45,11507,"August 1, 2025, 11:35 AM","August 1, 2025, 11:35 AM",,"January 1, +1000000000, 12:00 AM",,0
"5,472","83,720",9,6540,"August 1, 2025, 11:35 AM","August 1, 2025, 11:35 AM",,"January 1, +1000000000, 12:00 AM",,0
"5,474","88,418",45,22984,"August 1, 2025, 11:35 AM","August 1, 2025, 11:35 AM",,"January 1, +1000000000, 12:00 AM",,0
"5,475","84,528",45,28113,"August 1, 2025, 11:35 AM","August 1, 2025, 11:35 AM",,"January 1, +1000000000, 12:00 AM",,0
"5,476","86,438",9,10208,"August 1, 2025, 11:35 AM","August 1, 2025, 11:35 AM",,"January 1, +1000000000, 12:00 AM",,0
"5,477","84,708",36,104,"August 1, 2025, 11:35 AM","August 1, 2025, 11:35 AM",,"January 1, +1000000000, 12:00 AM",,0
"5,478","89,772",21,23700,"August 1, 2025, 11:35 AM","August 1, 2025, 11:35 AM",,"January 1, +1000000000, 12:00 AM",,0
"5,479","88,743",25,211307,"August 1, 2025, 11:35 AM","August 1, 2025, 11:35 AM",,"January 1, +1000000000, 12:00 AM",,0
"5,480","85,597",36,682,"August 1, 2025, 11:35 AM","August 1, 2025, 11:35 AM",,"January 1, +1000000000, 12:00 AM",,0
"5,481","83,384",45,37864,"August 1, 2025, 11:35 AM","August 1, 2025, 11:35 AM",,"January 1, +1000000000, 12:00 AM",,0
"5,482","88,287",18,4996,"August 1, 2025, 11:35 AM","August 1, 2025, 11:35 AM",,"January 1, +1000000000, 12:00 AM",,0
"5,483","90,503",18,1291,"August 1, 2025, 11:35 AM","August 1, 2025, 11:35 AM",,"January 1, +1000000000, 12:00 AM",,0
"5,484","82,903",36,3444,"August 1, 2025, 11:35 AM","August 1, 2025, 11:35 AM",,"January 1, +1000000000, 12:00 AM",,0
"5,485","85,574",36,2308,"August 1, 2025, 11:35 AM","August 1, 2025, 11:35 AM",,"January 1, +1000000000, 12:00 AM",,0
"5,488","86,286",45,14018,"August 1, 2025, 11:35 AM","August 1, 2025, 11:35 AM",,"January 1, +1000000000, 12:00 AM",,0
"5,489","85,210",36,302,"August 1, 2025, 11:35 AM","August 1, 2025, 11:35 AM",,"January 1, +1000000000, 12:00 AM",,0
"5,490","87,506",34,4531,"August 1, 2025, 11:35 AM","August 1, 2025, 11:35 AM",,"January 1, +1000000000, 12:00 AM",,0
"5,491","84,761",11,109452,"August 1, 2025, 11:35 AM","August 1, 2025, 11:35 AM",,"January 1, +1000000000, 12:00 AM",,0
"5,492","83,319",34,4744,"August 1, 2025, 11:35 AM","August 1, 2025, 11:35 AM",,"January 1, +1000000000, 12:00 AM",,0
"5,493","85,497",12,4143101,"August 1, 2025, 11:35 AM","August 1, 2025, 11:35 AM",,"January 1, +1000000000, 12:00 AM",,0
"5,494","86,442",9,4876,"August 1, 2025, 11:35 AM","August 1, 2025, 11:35 AM",,"January 1, +1000000000, 12:00 AM",,0
"5,496","83,937",36,4142,"August 1, 2025, 11:35 AM","August 1, 2025, 11:35 AM",,"January 1, +1000000000, 12:00 AM",,0
"5,497","87,427",45,27852,"August 1, 2025, 11:35 AM","August 1, 2025, 11:35 AM",,"January 1, +1000000000, 12:00 AM",,0
"5,498","82,964",43,3453,"August 1, 2025, 11:35 AM","August 1, 2025, 11:35 AM",,"January 1, +1000000000, 12:00 AM",,0
"5,499","90,175",34,5213,"August 1, 2025, 11:35 AM","August 1, 2025, 11:35 AM",,"January 1, +1000000000, 12:00 AM",,0
"5,500","89,089",12,9932001,"August 1, 2025, 11:35 AM","August 1, 2025, 11:35 AM",,"January 1, +1000000000, 12:00 AM",,0
"5,501","83,343",11,13414,"August 1, 2025, 11:35 AM","August 1, 2025, 11:35 AM",,"January 1, +1000000000, 12:00 AM",,0
"5,502","85,807",32,68926,"August 1, 2025, 11:35 AM","August 1, 2025, 11:35 AM",,"January 1, +1000000000, 12:00 AM",,0
"5,503","86,322",24,1586,"August 1, 2025, 11:35 AM","August 1, 2025, 11:35 AM",,"January 1, +1000000000, 12:00 AM",,0
"5,504","84,550",44,105797,"August 1, 2025, 11:35 AM","August 1, 2025, 11:35 AM",,"January 1, +1000000000, 12:00 AM",,0
"5,505","83,931",18,648,"August 1, 2025, 11:35 AM","August 1, 2025, 11:35 AM",,"January 1, +1000000000, 12:00 AM",,0
"5,506","87,174",18,3067,"August 1, 2025, 11:35 AM","August 1, 2025, 11:35 AM",,"January 1, +1000000000, 12:00 AM",,0
"5,507","86,275",45,14110,"August 1, 2025, 11:35 AM","August 1, 2025, 11:35 AM",,"January 1, +1000000000, 12:00 AM",,0
"5,508","82,312",36,1912,"August 1, 2025, 11:35 AM","August 1, 2025, 11:35 AM",,"January 1, +1000000000, 12:00 AM",,0
"5,509","81,769",18,1272,"August 1, 2025, 11:35 AM","August 1, 2025, 11:35 AM",,"January 1, +1000000000, 12:00 AM",,0
"5,510","83,254",12,8257702,"August 1, 2025, 11:35 AM","August 1, 2025, 11:35 AM",,"January 1, +1000000000, 12:00 AM",,0
"5,511","87,912",11,823,"August 1, 2025, 11:35 AM","August 1, 2025, 11:35 AM",,"January 1, +1000000000, 12:00 AM",,0
"5,512","82,843",34,1193,"August 1, 2025, 11:35 AM","August 1, 2025, 11:35 AM",,"January 1, +1000000000, 12:00 AM",,0
"5,513","87,231",44,200910,"August 1, 2025, 11:35 AM","August 1, 2025, 11:35 AM",,"January 1, +1000000000, 12:00 AM",,0
"5,514","84,989",18,739,"August 1, 2025, 11:35 AM","August 1, 2025, 11:35 AM",,"January 1, +1000000000, 12:00 AM",,0
"5,515","86,205",9,10252,"August 1, 2025, 11:35 AM","August 1, 2025, 11:35 AM",,"January 1, +1000000000, 12:00 AM",,0
"5,516","83,425",11,12993,"August 1, 2025, 11:35 AM","August 1, 2025, 11:35 AM",,"January 1, +1000000000, 12:00 AM",,0
"5,517","84,605",45,14801,"August 1, 2025, 11:35 AM","August 1, 2025, 11:35 AM",,"January 1, +1000000000, 12:00 AM",,0
"5,518","89,829",32,43972,"August 1, 2025, 11:35 AM","August 1, 2025, 11:35 AM",,"January 1, +1000000000, 12:00 AM",,0
"5,519","89,829",32,43971,"August 1, 2025, 11:35 AM","August 1, 2025, 11:35 AM",,"January 1, +1000000000, 12:00 AM",,0
"5,520","84,072",9,10490,"August 1, 2025, 11:35 AM","August 1, 2025, 11:35 AM",,"January 1, +1000000000, 12:00 AM",,0
"5,522","85,384",21,25524,"August 1, 2025, 11:35 AM","August 1, 2025, 11:35 AM",,"January 1, +1000000000, 12:00 AM",,0
"5,523","81,987",9,8053,"August 1, 2025, 11:35 AM","August 1, 2025, 11:35 AM",,"January 1, +1000000000, 12:00 AM",,0
"5,526","88,203",12,967807,"August 1, 2025, 11:35 AM","August 1, 2025, 11:35 AM",,"January 1, +1000000000, 12:00 AM",,0
"5,527","87,128",9,8995,"August 1, 2025, 11:35 AM","August 1, 2025, 11:35 AM",,"January 1, +1000000000, 12:00 AM",,0
"5,530","89,638",11,6530,"August 1, 2025, 11:35 AM","August 1, 2025, 11:35 AM",,"January 1, +1000000000, 12:00 AM",,0
"5,532","89,081",43,36169,"August 1, 2025, 11:35 AM","August 1, 2025, 11:35 AM",,"January 1, +1000000000, 12:00 AM",,0
"5,533","85,529",36,1378,"August 1, 2025, 11:35 AM","August 1, 2025, 11:35 AM",,"January 1, +1000000000, 12:00 AM",,0
"5,535","82,562",21,30315,"August 1, 2025, 11:35 AM","August 1, 2025, 11:35 AM",,"January 1, +1000000000, 12:00 AM",,0
"5,536","82,670",24,7139,"August 1, 2025, 11:35 AM","August 1, 2025, 11:35 AM",,"January 1, +1000000000, 12:00 AM",,0
"5,537","87,495",36,4188,"August 1, 2025, 11:35 AM","August 1, 2025, 11:35 AM",,"January 1, +1000000000, 12:00 AM",,0
"5,538","83,479",22,110231,"August 1, 2025, 11:35 AM","August 1, 2025, 11:35 AM",,"January 1, +1000000000, 12:00 AM",,0
"5,539","84,938",24,104029,"August 1, 2025, 11:35 AM","August 1, 2025, 11:35 AM",,"January 1, +1000000000, 12:00 AM",,0
"5,540","86,538",9,4007,"August 1, 2025, 11:35 AM","August 1, 2025, 11:35 AM",,"January 1, +1000000000, 12:00 AM",,0
"5,546","85,816",45,15618,"August 1, 2025, 11:35 AM","August 1, 2025, 11:35 AM",,"January 1, +1000000000, 12:00 AM",,0
"5,547","87,537",12,10076502,"August 1, 2025, 11:35 AM","August 1, 2025, 11:35 AM",,"January 1, +1000000000, 12:00 AM",,0
"5,548","87,059",12,9277701,"August 1, 2025, 11:35 AM","August 1, 2025, 11:35 AM",,"January 1, +1000000000, 12:00 AM",,0
"5,549","84,529",12,9485701,"August 1, 2025, 11:35 AM","August 1, 2025, 11:35 AM",,"January 1, +1000000000, 12:00 AM",,0
"5,550","89,128",12,4397101,"August 1, 2025, 11:35 AM","August 1, 2025, 11:35 AM",,"January 1, +1000000000, 12:00 AM",,0
"5,554","89,741",11,113499,"August 1, 2025, 11:35 AM","August 1, 2025, 11:35 AM",,"January 1, +1000000000, 12:00 AM",,0
"5,556","84,040",25,150244,"August 1, 2025, 11:35 AM","August 1, 2025, 11:35 AM",,"January 1, +1000000000, 12:00 AM",,0
"5,557","87,191",18,3113,"August 1, 2025, 11:35 AM","August 1, 2025, 11:35 AM",,"January 1, +1000000000, 12:00 AM",,0
"5,558","88,892",18,5877,"August 1, 2025, 11:35 AM","August 1, 2025, 11:35 AM",,"January 1, +1000000000, 12:00 AM",,0
"5,559","87,505",12,9017701,"August 1, 2025, 11:35 AM","August 1, 2025, 11:35 AM",,"January 1, +1000000000, 12:00 AM",,0
"5,560","85,040",11,107422,"August 1, 2025, 11:35 AM","August 1, 2025, 11:35 AM",,"January 1, +1000000000, 12:00 AM",,0
"5,561","88,716",45,15762,"August 1, 2025, 11:35 AM","August 1, 2025, 11:35 AM",,"January 1, +1000000000, 12:00 AM",,0
"5,562","89,783",11,108062,"August 1, 2025, 11:35 AM","August 1, 2025, 11:35 AM",,"January 1, +1000000000, 12:00 AM",,0
"5,564","88,026",45,26072,"August 1, 2025, 11:35 AM","August 1, 2025, 11:35 AM",,"January 1, +1000000000, 12:00 AM",,0
"5,565","88,749",45,33749,"August 1, 2025, 11:35 AM","August 1, 2025, 11:35 AM",,"January 1, +1000000000, 12:00 AM",,0
"5,566","88,748",45,10595,"August 1, 2025, 11:35 AM","August 1, 2025, 11:35 AM",,"January 1, +1000000000, 12:00 AM",,0
"5,567","88,753",45,24019,"August 1, 2025, 11:35 AM","August 1, 2025, 11:35 AM",,"January 1, +1000000000, 12:00 AM",,0
"5,568","83,786",11,9751,"August 1, 2025, 11:35 AM","August 1, 2025, 11:35 AM",,"January 1, +1000000000, 12:00 AM",,0
"5,570","85,500",45,14287,"August 1, 2025, 11:35 AM","August 1, 2025, 11:35 AM",,"January 1, +1000000000, 12:00 AM",,0
"5,572","89,089",11,9683,"August 1, 2025, 11:35 AM","August 1, 2025, 11:35 AM",,"January 1, +1000000000, 12:00 AM",,0
"5,573","89,870",45,27063,"August 1, 2025, 11:35 AM","August 1, 2025, 11:35 AM",,"January 1, +1000000000, 12:00 AM",,0
"5,574","88,329",45,11246,"August 1, 2025, 11:35 AM","August 1, 2025, 11:35 AM",,"January 1, +1000000000, 12:00 AM",,0
"5,576","89,855",45,27115,"August 1, 2025, 11:35 AM","August 1, 2025, 11:35 AM",,"January 1, +1000000000, 12:00 AM",,0
"5,577","89,861",45,27028,"August 1, 2025, 11:35 AM","August 1, 2025, 11:35 AM",,"January 1, +1000000000, 12:00 AM",,0
"5,578","84,015",36,4236,"August 1, 2025, 11:35 AM","August 1, 2025, 11:35 AM",,"January 1, +1000000000, 12:00 AM",,0
"5,580","82,144",35,10949,"August 1, 2025, 11:35 AM","August 1, 2025, 11:35 AM",,"January 1, +1000000000, 12:00 AM",,0
"5,582","87,551",18,5132,"August 1, 2025, 11:35 AM","August 1, 2025, 11:35 AM",,"January 1, +1000000000, 12:00 AM",,0
"5,584","88,869",11,8248,"August 1, 2025, 11:35 AM","August 1, 2025, 11:35 AM",,"January 1, +1000000000, 12:00 AM",,0
"5,585","82,733",45,10821,"August 1, 2025, 11:35 AM","August 1, 2025, 11:35 AM",,"January 1, +1000000000, 12:00 AM",,0
"5,586","87,444",12,9779501,"August 1, 2025, 11:35 AM","August 1, 2025, 11:35 AM",,"January 1, +1000000000, 12:00 AM",,0
"5,587","83,863",12,600301,"August 1, 2025, 11:35 AM","August 1, 2025, 11:35 AM",,"January 1, +1000000000, 12:00 AM",,0
"5,588","86,171",12,5549101,"August 1, 2025, 11:35 AM","August 1, 2025, 11:35 AM",,"January 1, +1000000000, 12:00 AM",,0
"5,589","82,247",25,251251,"August 1, 2025, 11:35 AM","August 1, 2025, 11:35 AM",,"January 1, +1000000000, 12:00 AM",,0
"5,590","83,418",45,25427,"August 1, 2025, 11:35 AM","August 1, 2025, 11:35 AM",,"January 1, +1000000000, 12:00 AM",,0
"5,591","83,859",25,200403,"August 1, 2025, 11:35 AM","August 1, 2025, 11:35 AM",,"January 1, +1000000000, 12:00 AM",,0
"5,592","88,732",42,2596,"August 1, 2025, 11:35 AM","August 1, 2025, 11:35 AM",,"January 1, +1000000000, 12:00 AM",,0
"5,593","87,206",9,7564,"August 1, 2025, 11:35 AM","August 1, 2025, 11:35 AM",,"January 1, +1000000000, 12:00 AM",,0
"5,595","88,298",45,16282,"August 1, 2025, 11:35 AM","August 1, 2025, 11:35 AM",,"January 1, +1000000000, 12:00 AM",,0
"5,596","88,638",45,11400,"August 1, 2025, 11:35 AM","August 1, 2025, 11:35 AM",,"January 1, +1000000000, 12:00 AM",,0
"5,597","81,960",10,Z492,"August 1, 2025, 11:35 AM","August 1, 2025, 11:35 AM",,"January 1, +1000000000, 12:00 AM",,0
"5,598","82,150",45,11442,"August 1, 2025, 11:35 AM","August 1, 2025, 11:35 AM",,"January 1, +1000000000, 12:00 AM",,0
"5,599","89,595",45,30158,"August 1, 2025, 11:35 AM","August 1, 2025, 11:35 AM",,"January 1, +1000000000, 12:00 AM",,0
"5,600","86,653",45,15782,"August 1, 2025, 11:35 AM","August 1, 2025, 11:35 AM",,"January 1, +1000000000, 12:00 AM",,0
"5,601","90,473",11,7968,"August 1, 2025, 11:35 AM","August 1, 2025, 11:35 AM",,"January 1, +1000000000, 12:00 AM",,0
"5,603","88,503",11,111118,"August 1, 2025, 11:35 AM","August 1, 2025, 11:35 AM",,"January 1, +1000000000, 12:00 AM",,0
"5,604","89,102",11,4748,"August 1, 2025, 11:35 AM","August 1, 2025, 11:35 AM",,"January 1, +1000000000, 12:00 AM",,0
"5,605","83,250",45,25447,"August 1, 2025, 11:35 AM","August 1, 2025, 11:35 AM",,"January 1, +1000000000, 12:00 AM",,0
"5,606","83,153",18,3533,"August 1, 2025, 11:35 AM","August 1, 2025, 11:35 AM",,"January 1, +1000000000, 12:00 AM",,0
"5,607","83,590",25,200520,"August 1, 2025, 11:35 AM","August 1, 2025, 11:35 AM",,"January 1, +1000000000, 12:00 AM",,0
"5,608","83,591",25,107064,"August 1, 2025, 11:35 AM","August 1, 2025, 11:35 AM",,"January 1, +1000000000, 12:00 AM",,0
"5,602","89,415",12,22272,"August 1, 2025, 11:35 AM","August 1, 2025, 11:35 AM",,"January 1, +1000000000, 12:00 AM",,0
"5,528","82,962",36,5634,"August 1, 2025, 11:35 AM","August 1, 2025, 11:35 AM",,"January 1, +1000000000, 12:00 AM",,0
"5,594","86,548",9,1000004865,"August 1, 2025, 11:35 AM","August 1, 2025, 11:35 AM",,"January 1, +1000000000, 12:00 AM",,0
"5,555","83,257",35,14049,"August 1, 2025, 11:35 AM","August 1, 2025, 11:35 AM",,"January 1, +1000000000, 12:00 AM",,0
"5,611","82,109",44,100030,"August 1, 2025, 11:35 AM","August 1, 2025, 11:35 AM",,"January 1, +1000000000, 12:00 AM",,0
"5,612","86,620",11,109163,"August 1, 2025, 11:35 AM","August 1, 2025, 11:35 AM",,"January 1, +1000000000, 12:00 AM",,0
"5,613","85,455",11,109528,"August 1, 2025, 11:35 AM","August 1, 2025, 11:35 AM",,"January 1, +1000000000, 12:00 AM",,0
"5,614","84,895",22,101412,"August 1, 2025, 11:35 AM","August 1, 2025, 11:35 AM",,"January 1, +1000000000, 12:00 AM",,0
"5,615","82,773",9,7513,"August 1, 2025, 11:35 AM","August 1, 2025, 11:35 AM",,"January 1, +1000000000, 12:00 AM",,0
"5,616","87,013",32,43850,"August 1, 2025, 11:35 AM","August 1, 2025, 11:35 AM",,"January 1, +1000000000, 12:00 AM",,0
"5,617","84,575",45,16323,"August 1, 2025, 11:35 AM","August 1, 2025, 11:35 AM",,"January 1, +1000000000, 12:00 AM",,0
"5,619","89,323",18,3974,"August 1, 2025, 11:35 AM","August 1, 2025, 11:35 AM",,"January 1, +1000000000, 12:00 AM",,0
"5,620","90,597",45,36012,"August 1, 2025, 11:35 AM","August 1, 2025, 11:35 AM",,"January 1, +1000000000, 12:00 AM",,0
"5,621","83,787",9,4770,"August 1, 2025, 11:35 AM","August 1, 2025, 11:35 AM",,"January 1, +1000000000, 12:00 AM",,0
"5,622","83,189",9,8939,"August 1, 2025, 11:35 AM","August 1, 2025, 11:35 AM",,"January 1, +1000000000, 12:00 AM",,0
"5,623","88,769",45,14201,"August 1, 2025, 11:35 AM","August 1, 2025, 11:35 AM",,"January 1, +1000000000, 12:00 AM",,0
"5,624","87,561",45,33401,"August 1, 2025, 11:35 AM","August 1, 2025, 11:35 AM",,"January 1, +1000000000, 12:00 AM",,0
"5,625","85,629",45,25416,"August 1, 2025, 11:35 AM","August 1, 2025, 11:35 AM",,"January 1, +1000000000, 12:00 AM",,0
"5,626","87,881",11,104042,"August 1, 2025, 11:35 AM","August 1, 2025, 11:35 AM",,"January 1, +1000000000, 12:00 AM",,0
"5,627","82,984",34,4930,"August 1, 2025, 11:35 AM","August 1, 2025, 11:35 AM",,"January 1, +1000000000, 12:00 AM",,0
"5,631","85,887",18,5113,"August 1, 2025, 11:35 AM","August 1, 2025, 11:35 AM",,"January 1, +1000000000, 12:00 AM",,0
"5,632","90,402",12,3394901,"August 1, 2025, 11:35 AM","August 1, 2025, 11:35 AM",,"January 1, +1000000000, 12:00 AM",,0
"5,633","89,718",12,8255703,"August 1, 2025, 11:35 AM","August 1, 2025, 11:35 AM",,"January 1, +1000000000, 12:00 AM",,0
"5,634","88,020",11,107652,"August 1, 2025, 11:35 AM","August 1, 2025, 11:35 AM",,"January 1, +1000000000, 12:00 AM",,0
"5,635","87,183",45,37716,"August 1, 2025, 11:35 AM","August 1, 2025, 11:35 AM",,"January 1, +1000000000, 12:00 AM",,0
"5,636","88,490",18,4478,"August 1, 2025, 11:35 AM","August 1, 2025, 11:35 AM",,"January 1, +1000000000, 12:00 AM",,0
"5,637","83,417",12,8377702,"August 1, 2025, 11:35 AM","August 1, 2025, 11:35 AM",,"January 1, +1000000000, 12:00 AM",,0
"5,638","85,921",45,14848,"August 1, 2025, 11:35 AM","August 1, 2025, 11:35 AM",,"January 1, +1000000000, 12:00 AM",,0
"5,639","81,782",42,24,"August 1, 2025, 11:35 AM","August 1, 2025, 11:35 AM",,"January 1, +1000000000, 12:00 AM",,0
"5,641","88,202",45,18696,"August 1, 2025, 11:35 AM","August 1, 2025, 11:35 AM",,"January 1, +1000000000, 12:00 AM",,0
"5,642","82,135",36,1066,"August 1, 2025, 11:35 AM","August 1, 2025, 11:35 AM",,"January 1, +1000000000, 12:00 AM",,0
"5,643","85,013",42,1428,"August 1, 2025, 11:35 AM","August 1, 2025, 11:35 AM",,"January 1, +1000000000, 12:00 AM",,0
"5,644","88,439",36,3663,"August 1, 2025, 11:35 AM","August 1, 2025, 11:35 AM",,"January 1, +1000000000, 12:00 AM",,0
"5,645","88,696",45,13837,"August 1, 2025, 11:35 AM","August 1, 2025, 11:35 AM",,"January 1, +1000000000, 12:00 AM",,0
"5,646","85,424",45,20182,"August 1, 2025, 11:35 AM","August 1, 2025, 11:35 AM",,"January 1, +1000000000, 12:00 AM",,0
"5,647","82,734",24,1385,"August 1, 2025, 11:35 AM","August 1, 2025, 11:35 AM",,"January 1, +1000000000, 12:00 AM",,0
"5,649","89,426",45,21683,"August 1, 2025, 11:35 AM","August 1, 2025, 11:35 AM",,"January 1, +1000000000, 12:00 AM",,0
"5,650","86,560",34,398,"August 1, 2025, 11:35 AM","August 1, 2025, 11:35 AM",,"January 1, +1000000000, 12:00 AM",,0
"5,651","89,388",45,35352,"August 1, 2025, 11:35 AM","August 1, 2025, 11:35 AM",,"January 1, +1000000000, 12:00 AM",,0
"5,652","90,020",45,32928,"August 1, 2025, 11:35 AM","August 1, 2025, 11:35 AM",,"January 1, +1000000000, 12:00 AM",,0
"5,656","84,652",36,715,"August 1, 2025, 11:35 AM","August 1, 2025, 11:35 AM",,"January 1, +1000000000, 12:00 AM",,0
"5,657","82,824",44,105513,"August 1, 2025, 11:35 AM","August 1, 2025, 11:35 AM",,"January 1, +1000000000, 12:00 AM",,0
"5,658","88,386",45,13409,"August 1, 2025, 11:35 AM","August 1, 2025, 11:35 AM",,"January 1, +1000000000, 12:00 AM",,0
"5,659","87,557",45,29191,"August 1, 2025, 11:35 AM","August 1, 2025, 11:35 AM",,"January 1, +1000000000, 12:00 AM",,0
"5,660","89,477",45,29845,"August 1, 2025, 11:35 AM","August 1, 2025, 11:35 AM",,"January 1, +1000000000, 12:00 AM",,0
"5,661","87,905",42,349,"August 1, 2025, 11:35 AM","August 1, 2025, 11:35 AM",,"January 1, +1000000000, 12:00 AM",,0
"5,662","84,329",45,34057,"August 1, 2025, 11:35 AM","August 1, 2025, 11:35 AM",,"January 1, +1000000000, 12:00 AM",,0
"5,664","85,629",11,106696,"August 1, 2025, 11:35 AM","August 1, 2025, 11:35 AM",,"January 1, +1000000000, 12:00 AM",,0
"5,665","85,084",34,4823,"August 1, 2025, 11:35 AM","August 1, 2025, 11:35 AM",,"January 1, +1000000000, 12:00 AM",,0
"5,666","82,996",18,3530,"August 1, 2025, 11:35 AM","August 1, 2025, 11:35 AM",,"January 1, +1000000000, 12:00 AM",,0
"5,667","82,857",11,107852,"August 1, 2025, 11:35 AM","August 1, 2025, 11:35 AM",,"January 1, +1000000000, 12:00 AM",,0
"5,668","85,085",45,16114,"August 1, 2025, 11:35 AM","August 1, 2025, 11:35 AM",,"January 1, +1000000000, 12:00 AM",,0
"5,669","90,067",25,250990,"August 1, 2025, 11:35 AM","August 1, 2025, 11:35 AM",,"January 1, +1000000000, 12:00 AM",,0
"5,670","85,273",9,10167,"August 1, 2025, 11:35 AM","August 1, 2025, 11:35 AM",,"January 1, +1000000000, 12:00 AM",,0
"5,671","88,889",11,9548,"August 1, 2025, 11:35 AM","August 1, 2025, 11:35 AM",,"January 1, +1000000000, 12:00 AM",,0
"5,672","83,305",12,4393101,"August 1, 2025, 11:35 AM","August 1, 2025, 11:35 AM",,"January 1, +1000000000, 12:00 AM",,0
"5,673","86,939",45,21016,"August 1, 2025, 11:35 AM","August 1, 2025, 11:35 AM",,"January 1, +1000000000, 12:00 AM",,0
"5,676","90,499",18,1291,"August 1, 2025, 11:35 AM","August 1, 2025, 11:35 AM",,"January 1, +1000000000, 12:00 AM",,0
"5,677","86,587",36,1509,"August 1, 2025, 11:35 AM","August 1, 2025, 11:35 AM",,"January 1, +1000000000, 12:00 AM",,0
"5,678","87,839",34,5242,"August 1, 2025, 11:35 AM","August 1, 2025, 11:35 AM",,"January 1, +1000000000, 12:00 AM",,0
"5,679","83,525",12,9549701,"August 1, 2025, 11:35 AM","August 1, 2025, 11:35 AM",,"January 1, +1000000000, 12:00 AM",,0
"5,680","88,199",12,967806,"August 1, 2025, 11:35 AM","August 1, 2025, 11:35 AM",,"January 1, +1000000000, 12:00 AM",,0
"5,682","82,302",36,1915,"August 1, 2025, 11:35 AM","August 1, 2025, 11:35 AM",,"January 1, +1000000000, 12:00 AM",,0
"5,683","88,710",18,134,"August 1, 2025, 11:35 AM","August 1, 2025, 11:35 AM",,"January 1, +1000000000, 12:00 AM",,0
"5,684","81,822",9,9548,"August 1, 2025, 11:35 AM","August 1, 2025, 11:35 AM",,"January 1, +1000000000, 12:00 AM",,0
"5,685","88,766",45,23340,"August 1, 2025, 11:35 AM","August 1, 2025, 11:35 AM",,"January 1, +1000000000, 12:00 AM",,0
"5,686","89,006",34,2837,"August 1, 2025, 11:35 AM","August 1, 2025, 11:35 AM",,"January 1, +1000000000, 12:00 AM",,0
"5,687","88,765",45,23340,"August 1, 2025, 11:35 AM","August 1, 2025, 11:35 AM",,"January 1, +1000000000, 12:00 AM",,0
"5,688","90,244",36,4437,"August 1, 2025, 11:35 AM","August 1, 2025, 11:35 AM",,"January 1, +1000000000, 12:00 AM",,0
"5,689","88,204",12,967810,"August 1, 2025, 11:35 AM","August 1, 2025, 11:35 AM",,"January 1, +1000000000, 12:00 AM",,0
"5,690","88,200",12,967814,"August 1, 2025, 11:35 AM","August 1, 2025, 11:35 AM",,"January 1, +1000000000, 12:00 AM",,0
"5,692","89,006",11,13650,"August 1, 2025, 11:35 AM","August 1, 2025, 11:35 AM",,"January 1, +1000000000, 12:00 AM",,0
"5,693","88,549",45,17196,"August 1, 2025, 11:35 AM","August 1, 2025, 11:35 AM",,"January 1, +1000000000, 12:00 AM",,0
"5,694","87,141",45,34760,"August 1, 2025, 11:35 AM","August 1, 2025, 11:35 AM",,"January 1, +1000000000, 12:00 AM",,0
"5,695","88,203",45,19641,"August 1, 2025, 11:35 AM","August 1, 2025, 11:35 AM",,"January 1, +1000000000, 12:00 AM",,0
"5,696","89,006",34,5152,"August 1, 2025, 11:35 AM","August 1, 2025, 11:35 AM",,"January 1, +1000000000, 12:00 AM",,0
"5,630","87,219",22,104134,"August 1, 2025, 11:35 AM","August 26, 2025, 12:05 PM",,"January 1, 2000, 12:00 AM",,0
"5,648","89,860",18,5068,"August 1, 2025, 11:35 AM","August 1, 2025, 11:35 AM",,"January 1, +1000000000, 12:00 AM",,0
"5,674","84,362",42,469,"August 1, 2025, 11:35 AM","August 1, 2025, 11:35 AM",,"January 1, +1000000000, 12:00 AM",,0
"5,675","89,624",18,4568,"August 1, 2025, 11:35 AM","August 1, 2025, 11:35 AM",,"January 1, +1000000000, 12:00 AM",,0
"5,697","89,607",35,14794,"August 1, 2025, 11:35 AM","August 1, 2025, 11:35 AM",,"January 1, +1000000000, 12:00 AM",,0
"5,698","84,172",45,12557,"August 1, 2025, 11:35 AM","August 1, 2025, 11:35 AM",,"January 1, +1000000000, 12:00 AM",,0
"5,699","81,971",45,12555,"August 1, 2025, 11:35 AM","August 1, 2025, 11:35 AM",,"January 1, +1000000000, 12:00 AM",,0
"5,700","89,782",11,107880,"August 1, 2025, 11:35 AM","August 1, 2025, 11:35 AM",,"January 1, +1000000000, 12:00 AM",,0
"5,701","88,950",45,33247,"August 1, 2025, 11:35 AM","August 1, 2025, 11:35 AM",,"January 1, +1000000000, 12:00 AM",,0
"5,702","82,511",45,27959,"August 1, 2025, 11:35 AM","August 1, 2025, 11:35 AM",,"January 1, +1000000000, 12:00 AM",,0
"5,703","88,040",12,902005,"August 1, 2025, 11:35 AM","August 1, 2025, 11:35 AM",,"January 1, +1000000000, 12:00 AM",,0
"5,704","86,115",32,66151,"August 1, 2025, 11:35 AM","August 1, 2025, 11:35 AM",,"January 1, +1000000000, 12:00 AM",,0
"5,705","89,003",45,32880,"August 1, 2025, 11:35 AM","August 1, 2025, 11:35 AM",,"January 1, +1000000000, 12:00 AM",,0
"5,706","88,232",34,4822,"August 1, 2025, 11:35 AM","August 1, 2025, 11:35 AM",,"January 1, +1000000000, 12:00 AM",,0
"5,707","87,364",11,113611,"August 1, 2025, 11:35 AM","August 1, 2025, 11:35 AM",,"January 1, +1000000000, 12:00 AM",,0
"5,708","90,314",25,251510,"August 1, 2025, 11:35 AM","August 1, 2025, 11:35 AM",,"January 1, +1000000000, 12:00 AM",,0
"5,709","82,575",11,13251,"August 1, 2025, 11:35 AM","August 1, 2025, 11:35 AM",,"January 1, +1000000000, 12:00 AM",,0
"5,710","86,681",11,108642,"August 1, 2025, 11:35 AM","August 1, 2025, 11:35 AM",,"January 1, +1000000000, 12:00 AM",,0
"5,711","86,998",9,9210,"August 1, 2025, 11:35 AM","August 1, 2025, 11:35 AM",,"January 1, +1000000000, 12:00 AM",,0
"5,713","88,586",18,4555,"August 1, 2025, 11:35 AM","August 1, 2025, 11:35 AM",,"January 1, +1000000000, 12:00 AM",,0
"5,714","84,033",18,1789,"August 1, 2025, 11:35 AM","August 1, 2025, 11:35 AM",,"January 1, +1000000000, 12:00 AM",,0
"5,715","83,233",11,116815,"August 1, 2025, 11:35 AM","August 1, 2025, 11:35 AM",,"January 1, +1000000000, 12:00 AM",,0
"5,717","89,657",25,151230,"August 1, 2025, 11:35 AM","August 1, 2025, 11:35 AM",,"January 1, +1000000000, 12:00 AM",,0
"5,718","81,889",24,3416,"August 1, 2025, 11:35 AM","August 1, 2025, 11:35 AM",,"January 1, +1000000000, 12:00 AM",,0
"5,720","86,659",9,6280,"August 1, 2025, 11:35 AM","August 1, 2025, 11:35 AM",,"January 1, +1000000000, 12:00 AM",,0
"5,721","90,075",42,2725,"August 1, 2025, 11:35 AM","August 1, 2025, 11:35 AM",,"January 1, +1000000000, 12:00 AM",,0
"5,723","86,485",12,6639601,"August 1, 2025, 11:35 AM","August 1, 2025, 11:35 AM",,"January 1, +1000000000, 12:00 AM",,0
"5,724","86,230",18,508,"August 1, 2025, 11:35 AM","August 1, 2025, 11:35 AM",,"January 1, +1000000000, 12:00 AM",,0
"5,725","81,960",10,1389,"August 1, 2025, 11:35 AM","August 1, 2025, 11:35 AM",,"January 1, +1000000000, 12:00 AM",,0
"5,726","88,839",18,591,"August 1, 2025, 11:35 AM","August 1, 2025, 11:35 AM",,"January 1, +1000000000, 12:00 AM",,0
"5,727","83,167",11,106950,"August 1, 2025, 11:35 AM","August 1, 2025, 11:35 AM",,"January 1, +1000000000, 12:00 AM",,0
"5,728","87,029",24,3865,"August 1, 2025, 11:35 AM","August 1, 2025, 11:35 AM",,"January 1, +1000000000, 12:00 AM",,0
"5,732","81,762",12,640501,"August 1, 2025, 11:35 AM","August 1, 2025, 11:35 AM",,"January 1, +1000000000, 12:00 AM",,0
"5,733","86,560",45,32085,"August 1, 2025, 11:35 AM","August 1, 2025, 11:35 AM",,"January 1, +1000000000, 12:00 AM",,0
"5,734","84,165",9,8970,"August 1, 2025, 11:35 AM","August 1, 2025, 11:35 AM",,"January 1, +1000000000, 12:00 AM",,0
"5,735","82,894",45,19856,"August 1, 2025, 11:35 AM","August 1, 2025, 11:35 AM",,"January 1, +1000000000, 12:00 AM",,0
"5,737","84,084",45,35995,"August 1, 2025, 11:35 AM","August 1, 2025, 11:35 AM",,"January 1, +1000000000, 12:00 AM",,0
"5,738","84,651",12,187401,"August 1, 2025, 11:35 AM","August 1, 2025, 11:35 AM",,"January 1, +1000000000, 12:00 AM",,0
"5,739","87,928",45,23723,"August 1, 2025, 11:35 AM","August 1, 2025, 11:35 AM",,"January 1, +1000000000, 12:00 AM",,0
"5,740","89,727",34,5480,"August 1, 2025, 11:35 AM","August 1, 2025, 11:35 AM",,"January 1, +1000000000, 12:00 AM",,0
"5,741","87,634",9,9707,"August 1, 2025, 11:35 AM","August 1, 2025, 11:35 AM",,"January 1, +1000000000, 12:00 AM",,0
"5,742","87,947",45,15139,"August 1, 2025, 11:35 AM","August 1, 2025, 11:35 AM",,"January 1, +1000000000, 12:00 AM",,0
"5,743","85,626",45,13696,"August 1, 2025, 11:35 AM","August 1, 2025, 11:35 AM",,"January 1, +1000000000, 12:00 AM",,0
"5,744","90,184",42,3566,"August 1, 2025, 11:35 AM","August 1, 2025, 11:35 AM",,"January 1, +1000000000, 12:00 AM",,0
"5,745","83,611",45,24310,"August 1, 2025, 11:35 AM","August 1, 2025, 11:35 AM",,"January 1, +1000000000, 12:00 AM",,0
"5,746","87,072",12,6019101,"August 1, 2025, 11:35 AM","August 1, 2025, 11:35 AM",,"January 1, +1000000000, 12:00 AM",,0
"5,747","87,796",45,26656,"August 1, 2025, 11:35 AM","August 1, 2025, 11:35 AM",,"January 1, +1000000000, 12:00 AM",,0
"5,748","86,767",45,15165,"August 1, 2025, 11:35 AM","August 1, 2025, 11:35 AM",,"January 1, +1000000000, 12:00 AM",,0
"5,749","88,616",45,12226,"August 1, 2025, 11:35 AM","August 1, 2025, 11:35 AM",,"January 1, +1000000000, 12:00 AM",,0
"5,750","87,870",32,40274,"August 1, 2025, 11:35 AM","August 1, 2025, 11:35 AM",,"January 1, +1000000000, 12:00 AM",,0
"5,751","89,772",11,13904,"August 1, 2025, 11:35 AM","August 1, 2025, 11:35 AM",,"January 1, +1000000000, 12:00 AM",,0
"5,752","88,008",43,807,"August 1, 2025, 11:35 AM","August 1, 2025, 11:35 AM",,"January 1, +1000000000, 12:00 AM",,0
"5,753","87,900",10,Y1169,"August 1, 2025, 11:35 AM","August 1, 2025, 11:35 AM",,"January 1, +1000000000, 12:00 AM",,0
"5,754","88,376",18,4188,"August 1, 2025, 11:35 AM","August 1, 2025, 11:35 AM",,"January 1, +1000000000, 12:00 AM",,0
"5,759","87,730",12,3509202,"August 1, 2025, 11:35 AM","August 1, 2025, 11:35 AM",,"January 1, +1000000000, 12:00 AM",,0
"5,760","84,938",45,13452,"August 1, 2025, 11:35 AM","August 1, 2025, 11:35 AM",,"January 1, +1000000000, 12:00 AM",,0
"5,761","83,340",45,29406,"August 1, 2025, 11:35 AM","August 1, 2025, 11:35 AM",,"January 1, +1000000000, 12:00 AM",,0
"5,763","81,800",45,10439,"August 1, 2025, 11:35 AM","August 1, 2025, 11:35 AM",,"January 1, +1000000000, 12:00 AM",,0
"5,765","85,939",45,15803,"August 1, 2025, 11:36 AM","August 1, 2025, 11:36 AM",,"January 1, +1000000000, 12:00 AM",,0
"5,766","84,025",21,8132,"August 1, 2025, 11:36 AM","August 1, 2025, 11:36 AM",,"January 1, +1000000000, 12:00 AM",,0
"5,767","87,105",36,3852,"August 1, 2025, 11:36 AM","August 1, 2025, 11:36 AM",,"January 1, +1000000000, 12:00 AM",,0
"5,769","85,539",11,113349,"August 1, 2025, 11:36 AM","August 1, 2025, 11:36 AM",,"January 1, +1000000000, 12:00 AM",,0
"5,770","85,067",34,2816,"August 1, 2025, 11:36 AM","August 1, 2025, 11:36 AM",,"January 1, +1000000000, 12:00 AM",,0
"5,771","85,553",9,759,"August 1, 2025, 11:36 AM","August 1, 2025, 11:36 AM",,"January 1, +1000000000, 12:00 AM",,0
"5,772","83,447",25,251511,"August 1, 2025, 11:36 AM","August 1, 2025, 11:36 AM",,"January 1, +1000000000, 12:00 AM",,0
"5,773","90,004",45,29554,"August 1, 2025, 11:36 AM","August 1, 2025, 11:36 AM",,"January 1, +1000000000, 12:00 AM",,0
"5,774","88,842",43,5673,"August 1, 2025, 11:36 AM","August 1, 2025, 11:36 AM",,"January 1, +1000000000, 12:00 AM",,0
"5,775","82,773",22,102348,"August 1, 2025, 11:36 AM","August 1, 2025, 11:36 AM",,"January 1, +1000000000, 12:00 AM",,0
"5,777","87,572",45,26169,"August 1, 2025, 11:36 AM","August 1, 2025, 11:36 AM",,"January 1, +1000000000, 12:00 AM",,0
"5,780","82,657",9,2692,"August 1, 2025, 11:36 AM","August 1, 2025, 11:36 AM",,"January 1, +1000000000, 12:00 AM",,0
"5,781","86,357",18,3822,"August 1, 2025, 11:36 AM","August 1, 2025, 11:36 AM",,"January 1, +1000000000, 12:00 AM",,0
"5,782","84,854",45,13764,"August 1, 2025, 11:36 AM","August 1, 2025, 11:36 AM",,"January 1, +1000000000, 12:00 AM",,0
"5,783","87,847",45,26556,"August 1, 2025, 11:36 AM","August 1, 2025, 11:36 AM",,"January 1, +1000000000, 12:00 AM",,0
"5,784","90,233",45,35771,"August 1, 2025, 11:36 AM","August 1, 2025, 11:36 AM",,"January 1, +1000000000, 12:00 AM",,0
"5,755","84,363",42,2046,"August 1, 2025, 11:35 AM","August 1, 2025, 11:35 AM",,"January 1, +1000000000, 12:00 AM",,0
"5,736","82,995",18,3530,"August 1, 2025, 11:35 AM","August 1, 2025, 11:35 AM",,"January 1, +1000000000, 12:00 AM",,0
"5,722","85,599",18,2098,"August 1, 2025, 11:35 AM","August 1, 2025, 11:35 AM",,"January 1, +1000000000, 12:00 AM",,0
"5,785","86,219",36,2952,"August 1, 2025, 11:36 AM","August 1, 2025, 11:36 AM",,"January 1, +1000000000, 12:00 AM",,0
"5,786","85,914",9,10708,"August 1, 2025, 11:36 AM","August 1, 2025, 11:36 AM",,"January 1, +1000000000, 12:00 AM",,0
"5,787","85,597",11,150238,"August 1, 2025, 11:36 AM","August 1, 2025, 11:36 AM",,"January 1, +1000000000, 12:00 AM",,0
"5,788","86,259",18,1393,"August 1, 2025, 11:36 AM","August 1, 2025, 11:36 AM",,"January 1, +1000000000, 12:00 AM",,0
"5,789","88,670",10,889,"August 1, 2025, 11:36 AM","August 1, 2025, 11:36 AM",,"January 1, +1000000000, 12:00 AM",,0
"5,790","83,318",11,7868,"August 1, 2025, 11:36 AM","August 1, 2025, 11:36 AM",,"January 1, +1000000000, 12:00 AM",,0
"5,791","88,727",42,3521,"August 1, 2025, 11:36 AM","August 1, 2025, 11:36 AM",,"January 1, +1000000000, 12:00 AM",,0
"5,792","88,727",45,34636,"August 1, 2025, 11:36 AM","August 1, 2025, 11:36 AM",,"January 1, +1000000000, 12:00 AM",,0
"5,793","87,612",45,34587,"August 1, 2025, 11:36 AM","August 1, 2025, 11:36 AM",,"January 1, +1000000000, 12:00 AM",,0
"5,794","85,902",36,2475,"August 1, 2025, 11:36 AM","August 1, 2025, 11:36 AM",,"January 1, +1000000000, 12:00 AM",,0
"5,795","84,264",36,2405,"August 1, 2025, 11:36 AM","August 1, 2025, 11:36 AM",,"January 1, +1000000000, 12:00 AM",,0
"5,796","88,278",18,4996,"August 1, 2025, 11:36 AM","August 1, 2025, 11:36 AM",,"January 1, +1000000000, 12:00 AM",,0
"5,798","90,176",36,4209,"August 1, 2025, 11:36 AM","August 1, 2025, 11:36 AM",,"January 1, +1000000000, 12:00 AM",,0
"5,799","88,344",11,4916,"August 1, 2025, 11:36 AM","August 1, 2025, 11:36 AM",,"January 1, +1000000000, 12:00 AM",,0
"5,800","90,307",11,13413,"August 1, 2025, 11:36 AM","August 1, 2025, 11:36 AM",,"January 1, +1000000000, 12:00 AM",,0
"5,801","90,588",11,10135,"August 1, 2025, 11:36 AM","August 1, 2025, 11:36 AM",,"January 1, +1000000000, 12:00 AM",,0
"5,802","88,498",11,4220,"August 1, 2025, 11:36 AM","August 1, 2025, 11:36 AM",,"January 1, +1000000000, 12:00 AM",,0
"5,803","86,388",45,22147,"August 1, 2025, 11:36 AM","August 1, 2025, 11:36 AM",,"January 1, +1000000000, 12:00 AM",,0
"5,804","84,043",11,106698,"August 1, 2025, 11:36 AM","August 1, 2025, 11:36 AM",,"January 1, +1000000000, 12:00 AM",,0
"5,805","84,116",45,25687,"August 1, 2025, 11:36 AM","August 1, 2025, 11:36 AM",,"January 1, +1000000000, 12:00 AM",,0
"5,806","89,235",11,1661,"August 1, 2025, 11:36 AM","August 1, 2025, 11:36 AM",,"January 1, +1000000000, 12:00 AM",,0
"5,807","86,150",43,2621,"August 1, 2025, 11:36 AM","August 1, 2025, 11:36 AM",,"January 1, +1000000000, 12:00 AM",,0
"5,808","88,011",42,1761,"August 1, 2025, 11:36 AM","August 1, 2025, 11:36 AM",,"January 1, +1000000000, 12:00 AM",,0
"5,809","90,083",18,4873,"August 1, 2025, 11:36 AM","August 1, 2025, 11:36 AM",,"January 1, +1000000000, 12:00 AM",,0
"5,810","85,751",36,2552,"August 1, 2025, 11:36 AM","August 1, 2025, 11:36 AM",,"January 1, +1000000000, 12:00 AM",,0
"5,811","85,219",9,5730,"August 1, 2025, 11:36 AM","August 1, 2025, 11:36 AM",,"January 1, +1000000000, 12:00 AM",,0
"5,812","83,082",9,7089,"August 1, 2025, 11:36 AM","August 1, 2025, 11:36 AM",,"January 1, +1000000000, 12:00 AM",,0
"5,813","86,590",18,988,"August 1, 2025, 11:36 AM","August 1, 2025, 11:36 AM",,"January 1, +1000000000, 12:00 AM",,0
"5,814","85,794",45,21650,"August 1, 2025, 11:36 AM","August 1, 2025, 11:36 AM",,"January 1, +1000000000, 12:00 AM",,0
"5,815","88,684",45,15107,"August 1, 2025, 11:36 AM","August 1, 2025, 11:36 AM",,"January 1, +1000000000, 12:00 AM",,0
"5,816","83,871",18,2618,"August 1, 2025, 11:36 AM","August 1, 2025, 11:36 AM",,"January 1, +1000000000, 12:00 AM",,0
"5,818","81,716",45,17246,"August 1, 2025, 11:36 AM","August 1, 2025, 11:36 AM",,"January 1, +1000000000, 12:00 AM",,0
"5,819","88,006",45,12324,"August 1, 2025, 11:36 AM","August 1, 2025, 11:36 AM",,"January 1, +1000000000, 12:00 AM",,0
"5,820","82,587",12,9876301,"August 1, 2025, 11:36 AM","August 1, 2025, 11:36 AM",,"January 1, +1000000000, 12:00 AM",,0
"5,821","82,083",45,15383,"August 1, 2025, 11:36 AM","August 1, 2025, 11:36 AM",,"January 1, +1000000000, 12:00 AM",,0
"5,822","88,002",9,10646,"August 1, 2025, 11:36 AM","August 1, 2025, 11:36 AM",,"January 1, +1000000000, 12:00 AM",,0
"5,823","87,578",9,9069,"August 1, 2025, 11:36 AM","August 1, 2025, 11:36 AM",,"January 1, +1000000000, 12:00 AM",,0
"5,825","87,734",44,200920,"August 1, 2025, 11:36 AM","August 1, 2025, 11:36 AM",,"January 1, +1000000000, 12:00 AM",,0
"5,826","90,220",44,105997,"August 1, 2025, 11:36 AM","August 1, 2025, 11:36 AM",,"January 1, +1000000000, 12:00 AM",,0
"5,827","87,598",44,106040,"August 1, 2025, 11:36 AM","August 1, 2025, 11:36 AM",,"January 1, +1000000000, 12:00 AM",,0
"5,828","83,800",22,105228,"August 1, 2025, 11:36 AM","August 1, 2025, 11:36 AM",,"January 1, +1000000000, 12:00 AM",,0
"5,830","83,647",42,3452,"August 1, 2025, 11:36 AM","August 1, 2025, 11:36 AM",,"January 1, +1000000000, 12:00 AM",,0
"5,832","84,771",12,227601,"August 1, 2025, 11:36 AM","August 1, 2025, 11:36 AM",,"January 1, +1000000000, 12:00 AM",,0
"5,834","83,583",44,106022,"August 1, 2025, 11:36 AM","August 1, 2025, 11:36 AM",,"January 1, +1000000000, 12:00 AM",,0
"5,835","81,817",35,14693,"August 1, 2025, 11:36 AM","August 1, 2025, 11:36 AM",,"January 1, +1000000000, 12:00 AM",,0
"5,836","89,682",45,24788,"August 1, 2025, 11:36 AM","August 1, 2025, 11:36 AM",,"January 1, +1000000000, 12:00 AM",,0
"5,837","89,682",11,109527,"August 1, 2025, 11:36 AM","August 1, 2025, 11:36 AM",,"January 1, +1000000000, 12:00 AM",,0
"5,838","84,135",35,15169,"August 1, 2025, 11:36 AM","August 1, 2025, 11:36 AM",,"January 1, +1000000000, 12:00 AM",,0
"5,839","86,853",44,105875,"August 1, 2025, 11:36 AM","August 1, 2025, 11:36 AM",,"January 1, +1000000000, 12:00 AM",,0
"5,840","85,210",12,559701,"August 1, 2025, 11:36 AM","August 1, 2025, 11:36 AM",,"January 1, +1000000000, 12:00 AM",,0
"5,842","87,556",45,29191,"August 1, 2025, 11:36 AM","August 1, 2025, 11:36 AM",,"January 1, +1000000000, 12:00 AM",,0
"5,843","83,571",45,24263,"August 1, 2025, 11:36 AM","August 1, 2025, 11:36 AM",,"January 1, +1000000000, 12:00 AM",,0
"5,845","84,962",12,1921701,"August 1, 2025, 11:36 AM","August 1, 2025, 11:36 AM",,"January 1, +1000000000, 12:00 AM",,0
"5,846","83,484",44,105871,"August 1, 2025, 11:36 AM","August 1, 2025, 11:36 AM",,"January 1, +1000000000, 12:00 AM",,0
"5,847","87,595",12,9785901,"August 1, 2025, 11:36 AM","August 1, 2025, 11:36 AM",,"January 1, +1000000000, 12:00 AM",,0
"5,848","84,926",45,18680,"August 1, 2025, 11:36 AM","August 1, 2025, 11:36 AM",,"January 1, +1000000000, 12:00 AM",,0
"5,849","89,188",18,4543,"August 1, 2025, 11:36 AM","August 1, 2025, 11:36 AM",,"January 1, +1000000000, 12:00 AM",,0
"5,850","87,565",11,117034,"August 1, 2025, 11:36 AM","August 1, 2025, 11:36 AM",,"January 1, +1000000000, 12:00 AM",,0
"5,851","90,174",12,9854401,"August 1, 2025, 11:36 AM","August 1, 2025, 11:36 AM",,"January 1, +1000000000, 12:00 AM",,0
"5,852","83,847",25,203197,"August 1, 2025, 11:36 AM","August 1, 2025, 11:36 AM",,"January 1, +1000000000, 12:00 AM",,0
"5,853","82,594",25,204454,"August 1, 2025, 11:36 AM","August 1, 2025, 11:36 AM",,"January 1, +1000000000, 12:00 AM",,0
"5,854","83,988",45,24353,"August 1, 2025, 11:36 AM","August 1, 2025, 11:36 AM",,"January 1, +1000000000, 12:00 AM",,0
"5,855","84,651",45,10719,"August 1, 2025, 11:36 AM","August 1, 2025, 11:36 AM",,"January 1, +1000000000, 12:00 AM",,0
"5,856","87,829",25,107023,"August 1, 2025, 11:36 AM","August 1, 2025, 11:36 AM",,"January 1, +1000000000, 12:00 AM",,0
"5,857","84,058",42,3218,"August 1, 2025, 11:36 AM","August 1, 2025, 11:36 AM",,"January 1, +1000000000, 12:00 AM",,0
"5,858","87,996",45,23386,"August 1, 2025, 11:36 AM","August 1, 2025, 11:36 AM",,"January 1, +1000000000, 12:00 AM",,0
"5,859","85,942",35,14449,"August 1, 2025, 11:36 AM","August 1, 2025, 11:36 AM",,"January 1, +1000000000, 12:00 AM",,0
"5,860","82,786",45,26975,"August 1, 2025, 11:36 AM","August 1, 2025, 11:36 AM",,"January 1, +1000000000, 12:00 AM",,0
"5,861","82,623",12,9243701,"August 1, 2025, 11:36 AM","August 1, 2025, 11:36 AM",,"January 1, +1000000000, 12:00 AM",,0
"5,862","85,015",25,251445,"August 1, 2025, 11:36 AM","August 1, 2025, 11:36 AM",,"January 1, +1000000000, 12:00 AM",,0
"5,863","83,574",35,15023,"August 1, 2025, 11:36 AM","August 1, 2025, 11:36 AM",,"January 1, +1000000000, 12:00 AM",,0
"5,864","85,926",9,9205,"August 1, 2025, 11:36 AM","August 1, 2025, 11:36 AM",,"January 1, +1000000000, 12:00 AM",,0
"5,865","85,596",12,996601,"August 1, 2025, 11:36 AM","August 1, 2025, 11:36 AM",,"January 1, +1000000000, 12:00 AM",,0
"5,866","86,112",24,1805,"August 1, 2025, 11:36 AM","August 1, 2025, 11:36 AM",,"January 1, +1000000000, 12:00 AM",,0
"5,867","88,671",12,5113101,"August 1, 2025, 11:36 AM","August 1, 2025, 11:36 AM",,"January 1, +1000000000, 12:00 AM",,0
"5,868","85,846",45,16637,"August 1, 2025, 11:36 AM","August 1, 2025, 11:36 AM",,"January 1, +1000000000, 12:00 AM",,0
"5,869","85,213",35,15308,"August 1, 2025, 11:36 AM","August 1, 2025, 11:36 AM",,"January 1, +1000000000, 12:00 AM",,0
"5,871","84,687",25,205892,"August 1, 2025, 11:36 AM","August 1, 2025, 11:36 AM",,"January 1, +1000000000, 12:00 AM",,0
"5,872","84,092",25,200146,"August 1, 2025, 11:36 AM","August 1, 2025, 11:36 AM",,"January 1, +1000000000, 12:00 AM",,0
"5,841","88,482",18,4479,"August 1, 2025, 11:36 AM","August 1, 2025, 11:36 AM",,"January 1, +1000000000, 12:00 AM",,0
"5,831","86,558",42,3446,"August 1, 2025, 11:36 AM","August 1, 2025, 11:36 AM",,"January 1, +1000000000, 12:00 AM",,0
"5,873","90,067",44,105911,"August 1, 2025, 11:36 AM","August 1, 2025, 11:36 AM",,"January 1, +1000000000, 12:00 AM",,0
"5,875","83,045",25,204918,"August 1, 2025, 11:36 AM","August 1, 2025, 11:36 AM",,"January 1, +1000000000, 12:00 AM",,0
"5,876","87,221",36,2327,"August 1, 2025, 11:36 AM","August 1, 2025, 11:36 AM",,"January 1, +1000000000, 12:00 AM",,0
"5,877","88,544",35,5596,"August 1, 2025, 11:36 AM","August 1, 2025, 11:36 AM",,"January 1, +1000000000, 12:00 AM",,0
"5,878","89,064",35,11540,"August 1, 2025, 11:36 AM","August 1, 2025, 11:36 AM",,"January 1, +1000000000, 12:00 AM",,0
"5,879","84,218",11,117101,"August 1, 2025, 11:36 AM","August 1, 2025, 11:36 AM",,"January 1, +1000000000, 12:00 AM",,0
"5,880","89,173",42,3079,"August 1, 2025, 11:36 AM","August 1, 2025, 11:36 AM",,"January 1, +1000000000, 12:00 AM",,0
"5,881","83,939",44,104180,"August 1, 2025, 11:36 AM","August 1, 2025, 11:36 AM",,"January 1, +1000000000, 12:00 AM",,0
"5,882","88,310",45,19738,"August 1, 2025, 11:36 AM","August 1, 2025, 11:36 AM",,"January 1, +1000000000, 12:00 AM",,0
"5,884","85,925",10,554,"August 1, 2025, 11:36 AM","August 1, 2025, 11:36 AM",,"January 1, +1000000000, 12:00 AM",,0
"5,885","86,867",35,15166,"August 1, 2025, 11:36 AM","August 1, 2025, 11:36 AM",,"January 1, +1000000000, 12:00 AM",,0
"5,886","84,988",18,739,"August 1, 2025, 11:36 AM","August 1, 2025, 11:36 AM",,"January 1, +1000000000, 12:00 AM",,0
"5,887","82,112",12,227201,"August 1, 2025, 11:36 AM","August 1, 2025, 11:36 AM",,"January 1, +1000000000, 12:00 AM",,0
"5,888","88,739",45,20019,"August 1, 2025, 11:36 AM","August 1, 2025, 11:36 AM",,"January 1, +1000000000, 12:00 AM",,0
"5,889","86,666",44,106086,"August 1, 2025, 11:36 AM","August 1, 2025, 11:36 AM",,"January 1, +1000000000, 12:00 AM",,0
"5,890","88,630",35,14742,"August 1, 2025, 11:36 AM","August 1, 2025, 11:36 AM",,"January 1, +1000000000, 12:00 AM",,0
"5,891","83,225",35,14824,"August 1, 2025, 11:36 AM","August 1, 2025, 11:36 AM",,"January 1, +1000000000, 12:00 AM",,0
"5,892","88,828",12,3598901,"August 1, 2025, 11:36 AM","August 1, 2025, 11:36 AM",,"January 1, +1000000000, 12:00 AM",,0
"5,893","82,996",9,8753,"August 1, 2025, 11:36 AM","August 1, 2025, 11:36 AM",,"January 1, +1000000000, 12:00 AM",,0
"5,894","87,097",32,65625,"August 1, 2025, 11:36 AM","August 1, 2025, 11:36 AM",,"January 1, +1000000000, 12:00 AM",,0
"5,895","90,059",35,15000,"August 1, 2025, 11:36 AM","August 1, 2025, 11:36 AM",,"January 1, +1000000000, 12:00 AM",,0
"5,896","84,261",36,1463,"August 1, 2025, 11:36 AM","August 1, 2025, 11:36 AM",,"January 1, +1000000000, 12:00 AM",,0
"5,897","81,922",25,190010,"August 1, 2025, 11:36 AM","August 1, 2025, 11:36 AM",,"January 1, +1000000000, 12:00 AM",,0
"5,898","82,197",25,251375,"August 1, 2025, 11:36 AM","August 1, 2025, 11:36 AM",,"January 1, +1000000000, 12:00 AM",,0
"5,899","83,467",11,31843,"August 1, 2025, 11:36 AM","August 1, 2025, 11:36 AM",,"January 1, +1000000000, 12:00 AM",,0
"5,900","87,251",18,4581,"August 1, 2025, 11:36 AM","August 1, 2025, 11:36 AM",,"January 1, +1000000000, 12:00 AM",,0
"5,901","87,017",9,10543,"August 1, 2025, 11:36 AM","August 1, 2025, 11:36 AM",,"January 1, +1000000000, 12:00 AM",,0
"5,902","87,621",9,9875,"August 1, 2025, 11:36 AM","August 1, 2025, 11:36 AM",,"January 1, +1000000000, 12:00 AM",,0
"5,903","87,992",25,208176,"August 1, 2025, 11:36 AM","August 1, 2025, 11:36 AM",,"January 1, +1000000000, 12:00 AM",,0
"5,904","81,999",36,2678,"August 1, 2025, 11:36 AM","August 1, 2025, 11:36 AM",,"January 1, +1000000000, 12:00 AM",,0
"5,905","89,055",35,15428,"August 1, 2025, 11:36 AM","August 1, 2025, 11:36 AM",,"January 1, +1000000000, 12:00 AM",,0
"5,906","87,881",45,20952,"August 1, 2025, 11:36 AM","August 1, 2025, 11:36 AM",,"January 1, +1000000000, 12:00 AM",,0
"5,907","90,272",11,13758,"August 1, 2025, 11:36 AM","August 1, 2025, 11:36 AM",,"January 1, +1000000000, 12:00 AM",,0
"5,909","84,358",18,4841,"August 1, 2025, 11:36 AM","August 1, 2025, 11:36 AM",,"January 1, +1000000000, 12:00 AM",,0
"5,910","81,999",9,189,"August 1, 2025, 11:36 AM","August 1, 2025, 11:36 AM",,"January 1, +1000000000, 12:00 AM",,0
"5,911","86,711",34,4867,"August 1, 2025, 11:36 AM","August 1, 2025, 11:36 AM",,"January 1, +1000000000, 12:00 AM",,0
"5,913","88,787",12,2499901,"August 1, 2025, 11:36 AM","August 1, 2025, 11:36 AM",,"January 1, +1000000000, 12:00 AM",,0
"5,914","90,303",44,106158,"August 1, 2025, 11:36 AM","August 1, 2025, 11:36 AM",,"January 1, +1000000000, 12:00 AM",,0
"5,915","88,798",10,Z546,"August 1, 2025, 11:36 AM","August 1, 2025, 11:36 AM",,"January 1, +1000000000, 12:00 AM",,0
"5,916","85,508",9,1050,"August 1, 2025, 11:36 AM","August 1, 2025, 11:36 AM",,"January 1, +1000000000, 12:00 AM",,0
"5,917","83,117",25,203259,"August 1, 2025, 11:36 AM","August 1, 2025, 11:36 AM",,"January 1, +1000000000, 12:00 AM",,0
"5,918","87,366",45,25733,"August 1, 2025, 11:36 AM","August 1, 2025, 11:36 AM",,"January 1, +1000000000, 12:00 AM",,0
"5,919","87,770",18,3140,"August 1, 2025, 11:36 AM","August 1, 2025, 11:36 AM",,"January 1, +1000000000, 12:00 AM",,0
"5,920","87,772",18,3140,"August 1, 2025, 11:36 AM","August 1, 2025, 11:36 AM",,"January 1, +1000000000, 12:00 AM",,0
"5,921","83,440",10,1389,"August 1, 2025, 11:36 AM","August 1, 2025, 11:36 AM",,"January 1, +1000000000, 12:00 AM",,0
"5,922","84,332",43,1961,"August 1, 2025, 11:36 AM","August 1, 2025, 11:36 AM",,"January 1, +1000000000, 12:00 AM",,0
"5,923","83,440",10,1012,"August 1, 2025, 11:36 AM","August 1, 2025, 11:36 AM",,"January 1, +1000000000, 12:00 AM",,0
"5,924","87,196",36,5730,"August 1, 2025, 11:36 AM","August 1, 2025, 11:36 AM",,"January 1, +1000000000, 12:00 AM",,0
"5,925","89,824",10,Z1077,"August 1, 2025, 11:36 AM","August 1, 2025, 11:36 AM",,"January 1, +1000000000, 12:00 AM",,0
"5,926","86,884",42,3457,"August 1, 2025, 11:36 AM","August 1, 2025, 11:36 AM",,"January 1, +1000000000, 12:00 AM",,0
"5,927","86,173",42,3476,"August 1, 2025, 11:36 AM","August 1, 2025, 11:36 AM",,"January 1, +1000000000, 12:00 AM",,0
"5,928","85,598",42,3417,"August 1, 2025, 11:36 AM","August 1, 2025, 11:36 AM",,"January 1, +1000000000, 12:00 AM",,0
"5,929","82,035",42,3378,"August 1, 2025, 11:36 AM","August 1, 2025, 11:36 AM",,"January 1, +1000000000, 12:00 AM",,0
"5,930","85,491",42,2691,"August 1, 2025, 11:36 AM","August 1, 2025, 11:36 AM",,"January 1, +1000000000, 12:00 AM",,0
"5,931","88,964",42,2770,"August 1, 2025, 11:36 AM","August 1, 2025, 11:36 AM",,"January 1, +1000000000, 12:00 AM",,0
"5,932","88,314",42,1953,"August 1, 2025, 11:36 AM","August 1, 2025, 11:36 AM",,"January 1, +1000000000, 12:00 AM",,0
"5,933","87,383",42,3463,"August 1, 2025, 11:36 AM","August 1, 2025, 11:36 AM",,"January 1, +1000000000, 12:00 AM",,0
"5,934","85,156",42,1734,"August 1, 2025, 11:36 AM","August 1, 2025, 11:36 AM",,"January 1, +1000000000, 12:00 AM",,0
"5,935","87,776",10,Z1143,"August 1, 2025, 11:36 AM","August 1, 2025, 11:36 AM",,"January 1, +1000000000, 12:00 AM",,0
"5,936","83,665",42,505,"August 1, 2025, 11:36 AM","August 1, 2025, 11:36 AM",,"January 1, +1000000000, 12:00 AM",,0
"5,937","85,422",42,1486,"August 1, 2025, 11:36 AM","August 1, 2025, 11:36 AM",,"January 1, +1000000000, 12:00 AM",,0
"5,938","82,660",42,2185,"August 1, 2025, 11:36 AM","August 1, 2025, 11:36 AM",,"January 1, +1000000000, 12:00 AM",,0
"5,939","82,024",42,1377,"August 1, 2025, 11:36 AM","August 1, 2025, 11:36 AM",,"January 1, +1000000000, 12:00 AM",,0
"5,940","82,981",45,17964,"August 1, 2025, 11:36 AM","August 1, 2025, 11:36 AM",,"January 1, +1000000000, 12:00 AM",,0
"5,941","84,554",42,1664,"August 1, 2025, 11:36 AM","August 1, 2025, 11:36 AM",,"January 1, +1000000000, 12:00 AM",,0
"5,942","84,950",42,395,"August 1, 2025, 11:36 AM","August 1, 2025, 11:36 AM",,"January 1, +1000000000, 12:00 AM",,0
"5,943","90,115",45,34519,"August 1, 2025, 11:36 AM","August 1, 2025, 11:36 AM",,"January 1, +1000000000, 12:00 AM",,0
"5,944","86,316",42,2293,"August 1, 2025, 11:36 AM","August 1, 2025, 11:36 AM",,"January 1, +1000000000, 12:00 AM",,0
"5,945","85,881",36,4438,"August 1, 2025, 11:36 AM","August 1, 2025, 11:36 AM",,"January 1, +1000000000, 12:00 AM",,0
"5,946","84,362",45,17855,"August 1, 2025, 11:36 AM","August 1, 2025, 11:36 AM",,"January 1, +1000000000, 12:00 AM",,0
"5,947","90,081",18,4438,"August 1, 2025, 11:36 AM","August 1, 2025, 11:36 AM",,"January 1, +1000000000, 12:00 AM",,0
"5,948","82,388",42,1652,"August 1, 2025, 11:36 AM","August 1, 2025, 11:36 AM",,"January 1, +1000000000, 12:00 AM",,0
"5,949","82,508",42,8,"August 1, 2025, 11:36 AM","August 1, 2025, 11:36 AM",,"January 1, +1000000000, 12:00 AM",,0
"5,950","88,739",42,2587,"August 1, 2025, 11:36 AM","August 1, 2025, 11:36 AM",,"January 1, +1000000000, 12:00 AM",,0
"5,951","88,332",42,3450,"August 1, 2025, 11:36 AM","August 1, 2025, 11:36 AM",,"January 1, +1000000000, 12:00 AM",,0
"5,952","88,679",42,2383,"August 1, 2025, 11:36 AM","August 1, 2025, 11:36 AM",,"January 1, +1000000000, 12:00 AM",,0
"5,953","84,221",42,35,"August 1, 2025, 11:36 AM","August 1, 2025, 11:36 AM",,"January 1, +1000000000, 12:00 AM",,0
"5,954","84,432",42,1370,"August 1, 2025, 11:36 AM","August 1, 2025, 11:36 AM",,"January 1, +1000000000, 12:00 AM",,0
"5,955","82,990",42,2988,"August 1, 2025, 11:36 AM","August 1, 2025, 11:36 AM",,"January 1, +1000000000, 12:00 AM",,0
"5,956","82,282",42,155,"August 1, 2025, 11:36 AM","August 1, 2025, 11:36 AM",,"January 1, +1000000000, 12:00 AM",,0
"5,957","85,391",45,14389,"August 1, 2025, 11:36 AM","August 1, 2025, 11:36 AM",,"January 1, +1000000000, 12:00 AM",,0
"5,959","89,916",45,28742,"August 1, 2025, 11:36 AM","August 1, 2025, 11:36 AM",,"January 1, +1000000000, 12:00 AM",,0
"5,960","87,703",11,4514,"August 1, 2025, 11:36 AM","August 1, 2025, 11:36 AM",,"January 1, +1000000000, 12:00 AM",,0
"5,908","87,773",18,5289,"August 1, 2025, 11:36 AM","August 1, 2025, 11:36 AM",,"January 1, +1000000000, 12:00 AM",,0
"5,883","85,063",44,103652,"August 1, 2025, 11:36 AM","August 1, 2025, 11:36 AM",,"January 1, +1000000000, 12:00 AM",,0
"5,961","81,847",42,260,"August 1, 2025, 11:36 AM","August 1, 2025, 11:36 AM",,"January 1, +1000000000, 12:00 AM",,0
"5,962","83,278",42,3372,"August 1, 2025, 11:36 AM","August 1, 2025, 11:36 AM",,"January 1, +1000000000, 12:00 AM",,0
"5,963","82,137",42,2626,"August 1, 2025, 11:36 AM","August 1, 2025, 11:36 AM",,"January 1, +1000000000, 12:00 AM",,0
"5,964","88,210",42,3014,"August 1, 2025, 11:36 AM","August 1, 2025, 11:36 AM",,"January 1, +1000000000, 12:00 AM",,0
"5,965","85,322",42,2231,"August 1, 2025, 11:36 AM","August 1, 2025, 11:36 AM",,"January 1, +1000000000, 12:00 AM",,0
"5,966","90,341",42,939,"August 1, 2025, 11:36 AM","August 1, 2025, 11:36 AM",,"January 1, +1000000000, 12:00 AM",,0
"5,967","86,621",42,2620,"August 1, 2025, 11:36 AM","August 1, 2025, 11:36 AM",,"January 1, +1000000000, 12:00 AM",,0
"5,968","86,340",42,3098,"August 1, 2025, 11:36 AM","August 1, 2025, 11:36 AM",,"January 1, +1000000000, 12:00 AM",,0
"5,969","90,184",42,3526,"August 1, 2025, 11:36 AM","August 1, 2025, 11:36 AM",,"January 1, +1000000000, 12:00 AM",,0
"5,970","89,932",25,151064,"August 1, 2025, 11:36 AM","August 1, 2025, 11:36 AM",,"January 1, +1000000000, 12:00 AM",,0
"5,971","84,562",42,411,"August 1, 2025, 11:36 AM","August 1, 2025, 11:36 AM",,"January 1, +1000000000, 12:00 AM",,0
"5,972","88,843",42,2680,"August 1, 2025, 11:36 AM","August 1, 2025, 11:36 AM",,"January 1, +1000000000, 12:00 AM",,0
"5,973","84,196",42,23,"August 1, 2025, 11:36 AM","August 1, 2025, 11:36 AM",,"January 1, +1000000000, 12:00 AM",,0
"5,974","84,543",42,525,"August 1, 2025, 11:36 AM","August 1, 2025, 11:36 AM",,"January 1, +1000000000, 12:00 AM",,0
"5,975","84,647",42,3465,"August 1, 2025, 11:36 AM","August 1, 2025, 11:36 AM",,"January 1, +1000000000, 12:00 AM",,0
"5,976","87,895",45,37787,"August 1, 2025, 11:36 AM","August 1, 2025, 11:36 AM",,"January 1, +1000000000, 12:00 AM",,0
"5,977","88,861",42,3473,"August 1, 2025, 11:36 AM","August 1, 2025, 11:36 AM",,"January 1, +1000000000, 12:00 AM",,0
"5,978","88,150",25,190017,"August 1, 2025, 11:36 AM","August 1, 2025, 11:36 AM",,"January 1, +1000000000, 12:00 AM",,0
"5,979","83,812",11,4422,"August 1, 2025, 11:36 AM","August 1, 2025, 11:36 AM",,"January 1, +1000000000, 12:00 AM",,0
"5,980","85,134",9,399,"August 1, 2025, 11:36 AM","August 1, 2025, 11:36 AM",,"January 1, +1000000000, 12:00 AM",,0
"5,981","87,887",18,2247,"August 1, 2025, 11:36 AM","August 1, 2025, 11:36 AM",,"January 1, +1000000000, 12:00 AM",,0
"5,982","89,081",45,27840,"August 1, 2025, 11:36 AM","August 1, 2025, 11:36 AM",,"January 1, +1000000000, 12:00 AM",,0
"5,983","84,449",9,4752,"August 1, 2025, 11:36 AM","August 1, 2025, 11:36 AM",,"January 1, +1000000000, 12:00 AM",,0
"5,984","89,395",11,4694,"August 1, 2025, 11:36 AM","August 1, 2025, 11:36 AM",,"January 1, +1000000000, 12:00 AM",,0
"5,985","89,391",11,4693,"August 1, 2025, 11:36 AM","August 1, 2025, 11:36 AM",,"January 1, +1000000000, 12:00 AM",,0
"5,987","88,934",9,8428,"August 1, 2025, 11:36 AM","August 1, 2025, 11:36 AM",,"January 1, +1000000000, 12:00 AM",,0
"5,988","88,291",18,4996,"August 1, 2025, 11:36 AM","August 1, 2025, 11:36 AM",,"January 1, +1000000000, 12:00 AM",,0
"5,990","89,081",11,31576,"August 1, 2025, 11:36 AM","August 1, 2025, 11:36 AM",,"January 1, +1000000000, 12:00 AM",,0
"5,991","84,472",44,100203,"August 1, 2025, 11:36 AM","August 1, 2025, 11:36 AM",,"January 1, +1000000000, 12:00 AM",,0
"5,992","89,362",45,21535,"August 1, 2025, 11:36 AM","August 1, 2025, 11:36 AM",,"January 1, +1000000000, 12:00 AM",,0
"5,993","83,321",45,16143,"August 1, 2025, 11:36 AM","August 1, 2025, 11:36 AM",,"January 1, +1000000000, 12:00 AM",,0
"5,997","89,081",43,3301,"August 1, 2025, 11:36 AM","August 1, 2025, 11:36 AM",,"January 1, +1000000000, 12:00 AM",,0
"5,998","85,748",45,15240,"August 1, 2025, 11:36 AM","August 1, 2025, 11:36 AM",,"January 1, +1000000000, 12:00 AM",,0
"5,999","82,150",45,11441,"August 1, 2025, 11:36 AM","August 1, 2025, 11:36 AM",,"January 1, +1000000000, 12:00 AM",,0
"6,000","88,651",45,32896,"August 1, 2025, 11:36 AM","August 1, 2025, 11:36 AM",,"January 1, +1000000000, 12:00 AM",,0
"6,001","86,085",12,2393603,"August 1, 2025, 11:36 AM","August 1, 2025, 11:36 AM",,"January 1, +1000000000, 12:00 AM",,0
"6,002","87,935",42,158,"August 1, 2025, 11:36 AM","August 1, 2025, 11:36 AM",,"January 1, +1000000000, 12:00 AM",,0
"6,003","90,180",45,36376,"August 1, 2025, 11:36 AM","August 1, 2025, 11:36 AM",,"January 1, +1000000000, 12:00 AM",,0
"6,004","86,164",45,11826,"August 1, 2025, 11:36 AM","August 1, 2025, 11:36 AM",,"January 1, +1000000000, 12:00 AM",,0
"6,005","82,433",42,3176,"August 1, 2025, 11:36 AM","August 1, 2025, 11:36 AM",,"January 1, +1000000000, 12:00 AM",,0
"6,006","82,241",11,109515,"August 1, 2025, 11:36 AM","August 1, 2025, 11:36 AM",,"January 1, +1000000000, 12:00 AM",,0
"6,007","85,816",45,15619,"August 1, 2025, 11:36 AM","August 1, 2025, 11:36 AM",,"January 1, +1000000000, 12:00 AM",,0
"6,008","87,350",45,22941,"August 1, 2025, 11:36 AM","August 1, 2025, 11:36 AM",,"January 1, +1000000000, 12:00 AM",,0
"6,009","90,088",18,3228,"August 1, 2025, 11:36 AM","August 1, 2025, 11:36 AM",,"January 1, +1000000000, 12:00 AM",,0
"6,010","86,006",11,9140,"August 1, 2025, 11:36 AM","August 1, 2025, 11:36 AM",,"January 1, +1000000000, 12:00 AM",,0
"6,011","85,703",12,1919201,"August 1, 2025, 11:36 AM","August 1, 2025, 11:36 AM",,"January 1, +1000000000, 12:00 AM",,0
"6,012","90,047",24,4068,"August 1, 2025, 11:36 AM","August 1, 2025, 11:36 AM",,"January 1, +1000000000, 12:00 AM",,0
"6,013","90,174",45,37416,"August 1, 2025, 11:36 AM","August 1, 2025, 11:36 AM",,"January 1, +1000000000, 12:00 AM",,0
"6,014","82,770",11,9288,"August 1, 2025, 11:36 AM","August 1, 2025, 11:36 AM",,"January 1, +1000000000, 12:00 AM",,0
"6,015","85,436",12,4269401,"August 1, 2025, 11:36 AM","August 1, 2025, 11:36 AM",,"January 1, +1000000000, 12:00 AM",,0
"6,016","82,983",25,250579,"August 1, 2025, 11:36 AM","August 1, 2025, 11:36 AM",,"January 1, +1000000000, 12:00 AM",,0
"6,017","86,420",45,15236,"August 1, 2025, 11:36 AM","August 1, 2025, 11:36 AM",,"January 1, +1000000000, 12:00 AM",,0
"6,018","82,964",45,10691,"August 1, 2025, 11:36 AM","August 1, 2025, 11:36 AM",,"January 1, +1000000000, 12:00 AM",,0
"6,019","89,972",45,15144,"August 1, 2025, 11:36 AM","August 1, 2025, 11:36 AM",,"January 1, +1000000000, 12:00 AM",,0
"6,020","84,549",11,140003,"August 1, 2025, 11:36 AM","August 1, 2025, 11:36 AM",,"January 1, +1000000000, 12:00 AM",,0
"6,022","82,706",42,3518,"August 1, 2025, 11:36 AM","August 1, 2025, 11:36 AM",,"January 1, +1000000000, 12:00 AM",,0
"6,023","86,273",24,4496,"August 1, 2025, 11:36 AM","August 1, 2025, 11:36 AM",,"January 1, +1000000000, 12:00 AM",,0
"6,024","88,998",45,32880,"August 1, 2025, 11:36 AM","August 1, 2025, 11:36 AM",,"January 1, +1000000000, 12:00 AM",,0
"6,025","85,381",45,14108,"August 1, 2025, 11:36 AM","August 1, 2025, 11:36 AM",,"January 1, +1000000000, 12:00 AM",,0
"6,026","89,405",45,23110,"August 1, 2025, 11:36 AM","August 1, 2025, 11:36 AM",,"January 1, +1000000000, 12:00 AM",,0
"6,027","87,063",36,2307,"August 1, 2025, 11:36 AM","August 1, 2025, 11:36 AM",,"January 1, +1000000000, 12:00 AM",,0
"6,028","88,319",11,111326,"August 1, 2025, 11:36 AM","August 1, 2025, 11:36 AM",,"January 1, +1000000000, 12:00 AM",,0
"6,029","86,848",12,7625701,"August 1, 2025, 11:36 AM","August 1, 2025, 11:36 AM",,"January 1, +1000000000, 12:00 AM",,0
"6,030","83,342",45,36589,"August 1, 2025, 11:36 AM","August 1, 2025, 11:36 AM",,"January 1, +1000000000, 12:00 AM",,0
"6,031","83,528",45,21650,"August 1, 2025, 11:36 AM","August 1, 2025, 11:36 AM",,"January 1, +1000000000, 12:00 AM",,0
"6,034","89,591",34,343,"August 1, 2025, 11:36 AM","August 1, 2025, 11:36 AM",,"January 1, +1000000000, 12:00 AM",,0
"6,035","84,503",45,13293,"August 1, 2025, 11:36 AM","August 1, 2025, 11:36 AM",,"January 1, +1000000000, 12:00 AM",,0
"6,037","89,595",45,27096,"August 1, 2025, 11:36 AM","August 1, 2025, 11:36 AM",,"January 1, +1000000000, 12:00 AM",,0
"6,039","86,396",32,43917,"August 1, 2025, 11:36 AM","August 1, 2025, 11:36 AM",,"January 1, +1000000000, 12:00 AM",,0
"6,040","85,820",9,6037,"August 1, 2025, 11:36 AM","August 1, 2025, 11:36 AM",,"January 1, +1000000000, 12:00 AM",,0
"6,041","88,836",12,4091101,"August 1, 2025, 11:36 AM","August 1, 2025, 11:36 AM",,"January 1, +1000000000, 12:00 AM",,0
"6,042","90,318",25,251520,"August 1, 2025, 11:36 AM","August 1, 2025, 11:36 AM",,"January 1, +1000000000, 12:00 AM",,0
"6,044","87,390",9,8385,"August 1, 2025, 11:36 AM","August 1, 2025, 11:36 AM",,"January 1, +1000000000, 12:00 AM",,0
"6,046","90,255",11,13126,"August 1, 2025, 11:36 AM","August 1, 2025, 11:36 AM",,"January 1, +1000000000, 12:00 AM",,0
"6,047","82,871",18,2524,"August 1, 2025, 11:36 AM","August 1, 2025, 11:36 AM",,"January 1, +1000000000, 12:00 AM",,0
"6,021","85,420",45,38246,"August 1, 2025, 11:36 AM","August 1, 2025, 11:36 AM",,"January 1, +1000000000, 12:00 AM",,0
"6,043","84,061",25,251075,"August 1, 2025, 11:36 AM","August 1, 2025, 11:36 AM",,"January 1, +1000000000, 12:00 AM",,0
"5,986","81,772",18,1340,"August 1, 2025, 11:36 AM","August 1, 2025, 11:36 AM",,"January 1, +1000000000, 12:00 AM",,0
"6,049","83,890",11,106440,"August 1, 2025, 11:36 AM","August 1, 2025, 11:36 AM",,"January 1, +1000000000, 12:00 AM",,0
"6,051","86,770",12,9615801,"August 1, 2025, 11:36 AM","August 1, 2025, 11:36 AM",,"January 1, +1000000000, 12:00 AM",,0
"6,052","84,730",25,200650,"August 1, 2025, 11:36 AM","August 1, 2025, 11:36 AM",,"January 1, +1000000000, 12:00 AM",,0
"6,053","86,525",12,60832,"August 1, 2025, 11:36 AM","August 1, 2025, 11:36 AM",,"January 1, +1000000000, 12:00 AM",,0
"6,054",165,45,35804,"August 1, 2025, 1:30 PM","August 1, 2025, 1:30 PM",,"January 1, +1000000000, 12:00 AM",,0
"6,055","10,353",45,34777,"August 1, 2025, 1:30 PM","August 1, 2025, 1:30 PM",,"January 1, +1000000000, 12:00 AM",,0
"6,056","10,326",9,10890,"August 1, 2025, 1:30 PM","August 1, 2025, 1:30 PM",,"January 1, +1000000000, 12:00 AM",,0
"6,057",159,36,3655,"August 1, 2025, 1:31 PM","August 1, 2025, 1:31 PM",,"January 1, +1000000000, 12:00 AM",,0
"6,058","10,333",45,17159,"August 1, 2025, 1:31 PM","August 1, 2025, 1:31 PM",,"January 1, +1000000000, 12:00 AM",,0
"6,059","10,326",45,27690,"August 1, 2025, 1:31 PM","August 1, 2025, 1:31 PM",,"January 1, +1000000000, 12:00 AM",,0
"6,060","10,326",36,1984,"August 1, 2025, 1:32 PM","August 1, 2025, 1:32 PM",,"January 1, +1000000000, 12:00 AM",,0
"6,061",152,45,12348,"August 1, 2025, 1:32 PM","August 1, 2025, 1:32 PM",,"January 1, +1000000000, 12:00 AM",,0
"6,062","10,353",9,6801,"August 1, 2025, 1:32 PM","August 1, 2025, 1:32 PM",,"January 1, +1000000000, 12:00 AM",,0
"6,063","10,333",32,13554,"August 1, 2025, 1:32 PM","August 1, 2025, 1:32 PM",,"January 1, +1000000000, 12:00 AM",,0
"6,064","90,622",36,9999,"August 1, 2025, 4:42 PM","August 1, 2025, 4:42 PM",,"January 1, +1000000000, 12:00 AM",,0
"6,066","10,346",45,32989,"August 2, 2025, 12:38 PM","August 2, 2025, 12:38 PM",,"January 1, 2000, 12:00 AM",,0
"6,067","10,346",36,3657,"August 2, 2025, 12:39 PM","August 2, 2025, 12:39 PM",,"January 1, 2000, 12:00 AM",,0
"6,070","90,623",12,1125,"August 2, 2025, 11:13 PM","August 2, 2025, 11:13 PM",,"January 1, 2000, 12:00 AM",,0
"6,077","90,623",11,4960,"August 3, 2025, 2:22 PM","September 17, 2025, 1:49 PM",,"January 1, 2000, 12:00 AM",,0
"6,169","90,739",25,1111,"August 3, 2025, 10:37 PM","August 3, 2025, 10:37 PM",,"January 1, 2000, 12:00 AM",,0
"6,170","90,737",36,9998,"August 3, 2025, 10:56 PM","August 3, 2025, 10:56 PM",,"January 1, +1000000000, 12:00 AM",,0
"7,539","89,258",45,22348,"August 4, 2025, 12:04 PM","August 4, 2025, 12:04 PM",,"January 1, +1000000000, 12:00 AM",,0
"7,542","86,538",36,1217,"August 4, 2025, 12:04 PM","August 4, 2025, 12:04 PM",,"January 1, +1000000000, 12:00 AM",,0
"7,544","89,929",45,27996,"August 4, 2025, 12:04 PM","August 4, 2025, 12:04 PM",,"January 1, +1000000000, 12:00 AM",,0
"7,545","89,592",18,5048,"August 4, 2025, 12:04 PM","August 4, 2025, 12:04 PM",,"January 1, +1000000000, 12:00 AM",,0
"7,547","89,851",34,4657,"August 4, 2025, 12:04 PM","August 4, 2025, 12:04 PM",,"January 1, +1000000000, 12:00 AM",,0
"7,549","83,634",34,5581,"August 4, 2025, 12:04 PM","August 4, 2025, 12:04 PM",,"January 1, +1000000000, 12:00 AM",,0
"7,550","83,202",45,15288,"August 4, 2025, 12:04 PM","August 4, 2025, 12:04 PM",,"January 1, +1000000000, 12:00 AM",,0
"7,554","90,581",22,107225,"August 4, 2025, 12:04 PM","August 4, 2025, 12:04 PM",,"January 1, +1000000000, 12:00 AM",,0
"7,555","83,192",45,20242,"August 4, 2025, 12:04 PM","August 4, 2025, 12:04 PM",,"January 1, +1000000000, 12:00 AM",,0
"7,558","85,435",11,107433,"August 4, 2025, 12:04 PM","August 4, 2025, 12:04 PM",,"January 1, +1000000000, 12:00 AM",,0
"7,560","89,121",18,308,"August 4, 2025, 12:04 PM","August 4, 2025, 12:04 PM",,"January 1, +1000000000, 12:00 AM",,0
"7,561","84,662",36,1832,"August 4, 2025, 12:04 PM","August 4, 2025, 12:04 PM",,"January 1, +1000000000, 12:00 AM",,0
"7,562","86,987",44,104359,"August 4, 2025, 12:04 PM","August 4, 2025, 12:04 PM",,"January 1, +1000000000, 12:00 AM",,0
"7,563","87,011",45,35487,"August 4, 2025, 12:04 PM","August 4, 2025, 12:04 PM",,"January 1, +1000000000, 12:00 AM",,0
"7,565","87,233",45,25521,"August 4, 2025, 12:04 PM","August 4, 2025, 12:04 PM",,"January 1, +1000000000, 12:00 AM",,0
"7,566","83,802",45,27748,"August 4, 2025, 12:04 PM","August 4, 2025, 12:04 PM",,"January 1, +1000000000, 12:00 AM",,0
"7,567","83,288",45,35548,"August 4, 2025, 12:04 PM","August 4, 2025, 12:04 PM",,"January 1, +1000000000, 12:00 AM",,0
"7,568","86,928",12,10016001,"August 4, 2025, 12:04 PM","August 4, 2025, 12:04 PM",,"January 1, +1000000000, 12:00 AM",,0
"7,570","87,467",36,2298,"August 4, 2025, 12:04 PM","August 4, 2025, 12:04 PM",,"January 1, +1000000000, 12:00 AM",,0
"7,571","89,000",45,32880,"August 4, 2025, 12:04 PM","August 4, 2025, 12:04 PM",,"January 1, +1000000000, 12:00 AM",,0
"7,572","83,890",45,35731,"August 4, 2025, 12:04 PM","August 4, 2025, 12:04 PM",,"January 1, +1000000000, 12:00 AM",,0
"7,573","84,131",18,4446,"August 4, 2025, 12:04 PM","August 4, 2025, 12:04 PM",,"January 1, +1000000000, 12:00 AM",,0
"7,574","87,543",9,7446,"August 4, 2025, 12:04 PM","August 4, 2025, 12:04 PM",,"January 1, +1000000000, 12:00 AM",,0
"7,576","87,227",9,6804,"August 4, 2025, 12:04 PM","August 4, 2025, 12:04 PM",,"January 1, +1000000000, 12:00 AM",,0
"7,577","88,331",36,492,"August 4, 2025, 12:04 PM","August 4, 2025, 12:04 PM",,"January 1, +1000000000, 12:00 AM",,0
"7,578","90,581",22,107222,"August 4, 2025, 12:04 PM","August 4, 2025, 12:04 PM",,"January 1, +1000000000, 12:00 AM",,0
"7,579","86,535",9,5443,"August 4, 2025, 12:04 PM","August 4, 2025, 12:04 PM",,"January 1, +1000000000, 12:00 AM",,0
"7,580","83,295",45,26718,"August 4, 2025, 12:04 PM","August 4, 2025, 12:04 PM",,"January 1, +1000000000, 12:00 AM",,0
"7,581","84,682",45,13324,"August 4, 2025, 12:04 PM","August 4, 2025, 12:04 PM",,"January 1, +1000000000, 12:00 AM",,0
"7,582","90,142",45,34899,"August 4, 2025, 12:04 PM","August 4, 2025, 12:04 PM",,"January 1, +1000000000, 12:00 AM",,0
"7,583","82,922",11,103513,"August 4, 2025, 12:04 PM","August 4, 2025, 12:04 PM",,"January 1, +1000000000, 12:00 AM",,0
"7,584","88,643",45,21606,"August 4, 2025, 12:04 PM","August 4, 2025, 12:04 PM",,"January 1, +1000000000, 12:00 AM",,0
"7,586","90,541",45,24394,"August 4, 2025, 12:04 PM","August 4, 2025, 12:04 PM",,"January 1, +1000000000, 12:00 AM",,0
"7,587","90,202",45,34761,"August 4, 2025, 12:04 PM","August 4, 2025, 12:04 PM",,"January 1, +1000000000, 12:00 AM",,0
"7,588","89,882",45,27609,"August 4, 2025, 12:04 PM","August 4, 2025, 12:04 PM",,"January 1, +1000000000, 12:00 AM",,0
"7,589","86,236",9,8076,"August 4, 2025, 12:04 PM","August 4, 2025, 12:04 PM",,"January 1, +1000000000, 12:00 AM",,0
"7,595","88,943",45,11309,"August 4, 2025, 12:04 PM","August 4, 2025, 12:04 PM",,"January 1, +1000000000, 12:00 AM",,0
"7,598","83,317",45,28088,"August 4, 2025, 12:04 PM","August 4, 2025, 12:04 PM",,"January 1, +1000000000, 12:00 AM",,0
"7,599","87,443",45,37823,"August 4, 2025, 12:04 PM","August 4, 2025, 12:04 PM",,"January 1, +1000000000, 12:00 AM",,0
"7,600","88,785",11,5725,"August 4, 2025, 12:04 PM","August 4, 2025, 12:04 PM",,"January 1, +1000000000, 12:00 AM",,0
"7,601","84,214",11,7385,"August 4, 2025, 12:04 PM","August 4, 2025, 12:04 PM",,"January 1, +1000000000, 12:00 AM",,0
"7,602","88,522",11,107831,"August 4, 2025, 12:04 PM","August 4, 2025, 12:04 PM",,"January 1, +1000000000, 12:00 AM",,0
"7,603","86,828",9,8012,"August 4, 2025, 12:04 PM","August 4, 2025, 12:04 PM",,"January 1, +1000000000, 12:00 AM",,0
"7,604","81,891",45,13821,"August 4, 2025, 12:04 PM","August 4, 2025, 12:04 PM",,"January 1, +1000000000, 12:00 AM",,0
"7,605","88,820",45,10930,"August 4, 2025, 12:04 PM","August 4, 2025, 12:04 PM",,"January 1, +1000000000, 12:00 AM",,0
"7,606","88,820",45,10931,"August 4, 2025, 12:04 PM","August 4, 2025, 12:04 PM",,"January 1, +1000000000, 12:00 AM",,0
"7,607","87,421",36,3615,"August 4, 2025, 12:04 PM","August 4, 2025, 12:04 PM",,"January 1, +1000000000, 12:00 AM",,0
"7,610","86,035",36,625,"August 4, 2025, 12:04 PM","August 4, 2025, 12:04 PM",,"January 1, +1000000000, 12:00 AM",,0
"7,612","83,722",45,21106,"August 4, 2025, 12:04 PM","August 4, 2025, 12:04 PM",,"January 1, +1000000000, 12:00 AM",,0
"7,614","85,747",24,1185,"August 4, 2025, 12:04 PM","August 4, 2025, 12:04 PM",,"January 1, +1000000000, 12:00 AM",,0
"7,615","88,820",45,10932,"August 4, 2025, 12:04 PM","August 4, 2025, 12:04 PM",,"January 1, +1000000000, 12:00 AM",,0
"7,616","89,324",18,144,"August 4, 2025, 12:04 PM","August 4, 2025, 12:04 PM",,"January 1, +1000000000, 12:00 AM",,0
"7,618","89,921",24,4371,"August 4, 2025, 12:04 PM","August 4, 2025, 12:04 PM",,"January 1, +1000000000, 12:00 AM",,0
"7,619","88,693",24,943,"August 4, 2025, 12:04 PM","August 4, 2025, 12:04 PM",,"January 1, +1000000000, 12:00 AM",,0
"7,620","86,157",45,28002,"August 4, 2025, 12:04 PM","August 4, 2025, 12:04 PM",,"January 1, +1000000000, 12:00 AM",,0
"7,621","83,736",11,6552,"August 4, 2025, 12:04 PM","August 4, 2025, 12:04 PM",,"January 1, +1000000000, 12:00 AM",,0
"7,622","81,831",11,5314,"August 4, 2025, 12:04 PM","August 4, 2025, 12:04 PM",,"January 1, +1000000000, 12:00 AM",,0
"7,625","89,602",9,7106,"August 4, 2025, 12:04 PM","August 4, 2025, 12:04 PM",,"January 1, +1000000000, 12:00 AM",,0
"7,627","83,699",11,103141,"August 4, 2025, 12:04 PM","August 4, 2025, 12:04 PM",,"January 1, +1000000000, 12:00 AM",,0
"7,628","83,154",45,36348,"August 4, 2025, 12:04 PM","August 4, 2025, 12:04 PM",,"January 1, +1000000000, 12:00 AM",,0
"7,629","89,993",45,28312,"August 4, 2025, 12:04 PM","August 4, 2025, 12:04 PM",,"January 1, +1000000000, 12:00 AM",,0
"7,630","85,278",45,14170,"August 4, 2025, 12:04 PM","August 4, 2025, 12:04 PM",,"January 1, +1000000000, 12:00 AM",,0
"7,632","89,705",45,24977,"August 4, 2025, 12:04 PM","August 4, 2025, 12:04 PM",,"January 1, +1000000000, 12:00 AM",,0
"7,585","86,817",25,200151,"August 4, 2025, 12:04 PM","August 4, 2025, 12:04 PM",,"January 1, +1000000000, 12:00 AM",,0
"7,553","86,309",36,1788,"August 4, 2025, 12:04 PM","August 4, 2025, 12:04 PM",,"January 1, +1000000000, 12:00 AM",,0
"7,569","88,996",45,34794,"August 4, 2025, 12:04 PM","August 4, 2025, 12:04 PM",,"January 1, +1000000000, 12:00 AM",,0
"7,617","84,516",18,4142,"August 4, 2025, 12:04 PM","August 4, 2025, 12:04 PM",,"January 1, +1000000000, 12:00 AM",,0
"7,624","90,472",18,5299,"August 4, 2025, 12:04 PM","August 4, 2025, 12:04 PM",,"January 1, +1000000000, 12:00 AM",,0
"7,575","85,713",9,1000003268,"August 4, 2025, 12:04 PM","August 4, 2025, 12:04 PM",,"January 1, +1000000000, 12:00 AM",,0
"7,626","84,908",10,1408,"August 4, 2025, 12:04 PM","August 4, 2025, 12:04 PM",,"January 1, +1000000000, 12:00 AM",,0
"7,634","88,665",11,5773,"August 4, 2025, 12:04 PM","August 4, 2025, 12:04 PM",,"January 1, +1000000000, 12:00 AM",,0
"7,635","88,665",45,24397,"August 4, 2025, 12:04 PM","August 4, 2025, 12:04 PM",,"January 1, +1000000000, 12:00 AM",,0
"7,636","88,590",11,5888,"August 4, 2025, 12:04 PM","August 4, 2025, 12:04 PM",,"January 1, +1000000000, 12:00 AM",,0
"7,637","88,590",45,12154,"August 4, 2025, 12:04 PM","August 4, 2025, 12:04 PM",,"January 1, +1000000000, 12:00 AM",,0
"7,638","89,281",11,106966,"August 4, 2025, 12:04 PM","August 4, 2025, 12:04 PM",,"January 1, +1000000000, 12:00 AM",,0
"7,640","89,421",11,5952,"August 4, 2025, 12:04 PM","August 4, 2025, 12:04 PM",,"January 1, +1000000000, 12:00 AM",,0
"7,641","89,421",45,22150,"August 4, 2025, 12:04 PM","August 4, 2025, 12:04 PM",,"January 1, +1000000000, 12:00 AM",,0
"7,642","89,894",11,7219,"August 4, 2025, 12:04 PM","August 4, 2025, 12:04 PM",,"January 1, +1000000000, 12:00 AM",,0
"7,643","89,894",45,27357,"August 4, 2025, 12:04 PM","August 4, 2025, 12:04 PM",,"January 1, +1000000000, 12:00 AM",,0
"7,644","89,750",11,6324,"August 4, 2025, 12:04 PM","August 4, 2025, 12:04 PM",,"January 1, +1000000000, 12:00 AM",,0
"7,645","89,750",45,25918,"August 4, 2025, 12:04 PM","August 4, 2025, 12:04 PM",,"January 1, +1000000000, 12:00 AM",,0
"7,646","89,751",11,5983,"August 4, 2025, 12:04 PM","August 4, 2025, 12:04 PM",,"January 1, +1000000000, 12:00 AM",,0
"7,647","89,751",45,25309,"August 4, 2025, 12:04 PM","August 4, 2025, 12:04 PM",,"January 1, +1000000000, 12:00 AM",,0
"7,648","88,529",11,8644,"August 4, 2025, 12:04 PM","August 4, 2025, 12:04 PM",,"January 1, +1000000000, 12:00 AM",,0
"7,649","88,529",45,11883,"August 4, 2025, 12:04 PM","August 4, 2025, 12:04 PM",,"January 1, +1000000000, 12:00 AM",,0
"7,650","88,326",11,4837,"August 4, 2025, 12:04 PM","August 4, 2025, 12:04 PM",,"January 1, +1000000000, 12:00 AM",,0
"7,651","88,326",45,11139,"August 4, 2025, 12:04 PM","August 4, 2025, 12:04 PM",,"January 1, +1000000000, 12:00 AM",,0
"7,652","89,252",11,4170,"August 4, 2025, 12:04 PM","August 4, 2025, 12:04 PM",,"January 1, +1000000000, 12:00 AM",,0
"7,653","89,252",45,19863,"August 4, 2025, 12:04 PM","August 4, 2025, 12:04 PM",,"January 1, +1000000000, 12:00 AM",,0
"7,654","88,807",45,11039,"August 4, 2025, 12:04 PM","August 4, 2025, 12:04 PM",,"January 1, +1000000000, 12:00 AM",,0
"7,655","89,050",11,5094,"August 4, 2025, 12:04 PM","August 4, 2025, 12:04 PM",,"January 1, +1000000000, 12:00 AM",,0
"7,656","89,050",45,10697,"August 4, 2025, 12:04 PM","August 4, 2025, 12:04 PM",,"January 1, +1000000000, 12:00 AM",,0
"7,657","90,527",11,5941,"August 4, 2025, 12:04 PM","August 4, 2025, 12:04 PM",,"January 1, +1000000000, 12:00 AM",,0
"7,658","90,527",45,23095,"August 4, 2025, 12:04 PM","August 4, 2025, 12:04 PM",,"January 1, +1000000000, 12:00 AM",,0
"7,659","90,306",45,36575,"August 4, 2025, 12:04 PM","August 4, 2025, 12:04 PM",,"January 1, +1000000000, 12:00 AM",,0
"7,660","88,450",11,5947,"August 4, 2025, 12:04 PM","August 4, 2025, 12:04 PM",,"January 1, +1000000000, 12:00 AM",,0
"7,661","88,450",45,11921,"August 4, 2025, 12:04 PM","August 4, 2025, 12:04 PM",,"January 1, +1000000000, 12:00 AM",,0
"7,662","88,531",11,4849,"August 4, 2025, 12:04 PM","August 4, 2025, 12:04 PM",,"January 1, +1000000000, 12:00 AM",,0
"7,663","88,531",45,11949,"August 4, 2025, 12:04 PM","August 4, 2025, 12:04 PM",,"January 1, +1000000000, 12:00 AM",,0
"7,664","89,511",11,5069,"August 4, 2025, 12:04 PM","August 4, 2025, 12:04 PM",,"January 1, +1000000000, 12:00 AM",,0
"7,665","89,511",45,22899,"August 4, 2025, 12:04 PM","August 4, 2025, 12:04 PM",,"January 1, +1000000000, 12:00 AM",,0
"7,668","88,390",11,8370,"August 4, 2025, 12:04 PM","August 4, 2025, 12:04 PM",,"January 1, +1000000000, 12:00 AM",,0
"7,669","88,390",45,11851,"August 4, 2025, 12:04 PM","August 4, 2025, 12:04 PM",,"January 1, +1000000000, 12:00 AM",,0
"7,670","87,365",12,9807001,"August 4, 2025, 12:04 PM","August 4, 2025, 12:04 PM",,"January 1, +1000000000, 12:00 AM",,0
"7,671","87,237",9,10170,"August 4, 2025, 12:04 PM","August 4, 2025, 12:04 PM",,"January 1, +1000000000, 12:00 AM",,0
"7,672","89,924",9,8626,"August 4, 2025, 12:04 PM","August 4, 2025, 12:04 PM",,"January 1, +1000000000, 12:00 AM",,0
"7,673","83,685",12,5509101,"August 4, 2025, 12:04 PM","August 4, 2025, 12:04 PM",,"January 1, +1000000000, 12:00 AM",,0
"7,674","82,074",21,969,"August 4, 2025, 12:04 PM","August 4, 2025, 12:04 PM",,"January 1, +1000000000, 12:00 AM",,0
"7,676","89,864",11,12211,"August 4, 2025, 12:04 PM","August 4, 2025, 12:04 PM",,"January 1, +1000000000, 12:00 AM",,0
"7,677","86,687",12,46692,"August 4, 2025, 12:04 PM","August 4, 2025, 12:04 PM",,"January 1, +1000000000, 12:00 AM",,0
"7,678","82,996",11,107061,"August 4, 2025, 12:04 PM","August 4, 2025, 12:04 PM",,"January 1, +1000000000, 12:00 AM",,0
"7,680","85,136",34,2903,"August 4, 2025, 12:04 PM","August 4, 2025, 12:04 PM",,"January 1, +1000000000, 12:00 AM",,0
"7,681","85,745",9,5223,"August 4, 2025, 12:04 PM","August 4, 2025, 12:04 PM",,"January 1, +1000000000, 12:00 AM",,0
"7,683","90,037",44,106158,"August 4, 2025, 12:04 PM","August 4, 2025, 12:04 PM",,"January 1, +1000000000, 12:00 AM",,0
"7,685","90,074",45,33246,"August 4, 2025, 12:04 PM","August 4, 2025, 12:04 PM",,"January 1, +1000000000, 12:00 AM",,0
"7,687","89,956",9,9555,"August 4, 2025, 12:04 PM","August 4, 2025, 12:04 PM",,"January 1, +1000000000, 12:00 AM",,0
"7,688","86,636",36,2822,"August 4, 2025, 12:04 PM","August 4, 2025, 12:04 PM",,"January 1, +1000000000, 12:00 AM",,0
"7,689","84,321",22,102695,"August 4, 2025, 12:04 PM","August 4, 2025, 12:04 PM",,"January 1, +1000000000, 12:00 AM",,0
"7,690","83,932",9,9329,"August 4, 2025, 12:04 PM","August 4, 2025, 12:04 PM",,"January 1, +1000000000, 12:00 AM",,0
"7,691","87,054",36,2930,"August 4, 2025, 12:04 PM","August 4, 2025, 12:04 PM",,"January 1, +1000000000, 12:00 AM",,0
"7,692","90,047",9,9078,"August 4, 2025, 12:04 PM","August 4, 2025, 12:04 PM",,"January 1, +1000000000, 12:00 AM",,0
"7,694","89,842",11,103011,"August 4, 2025, 12:04 PM","August 4, 2025, 12:04 PM",,"January 1, +1000000000, 12:00 AM",,0
"7,696","82,437",11,109452,"August 4, 2025, 12:04 PM","August 4, 2025, 12:04 PM",,"January 1, +1000000000, 12:00 AM",,0
"7,698","87,569",9,9993,"August 4, 2025, 12:04 PM","August 4, 2025, 12:04 PM",,"January 1, +1000000000, 12:00 AM",,0
"7,699","86,861",21,30938,"August 4, 2025, 12:04 PM","August 4, 2025, 12:04 PM",,"January 1, +1000000000, 12:00 AM",,0
"7,700","89,374",45,21456,"August 4, 2025, 12:04 PM","August 4, 2025, 12:04 PM",,"January 1, +1000000000, 12:00 AM",,0
"7,701","82,434",45,25437,"August 4, 2025, 12:04 PM","August 4, 2025, 12:04 PM",,"January 1, +1000000000, 12:00 AM",,0
"7,702","82,433",11,109452,"August 4, 2025, 12:04 PM","August 4, 2025, 12:04 PM",,"January 1, +1000000000, 12:00 AM",,0
"7,703","89,603",36,1929,"August 4, 2025, 12:04 PM","August 4, 2025, 12:04 PM",,"January 1, +1000000000, 12:00 AM",,0
"7,705","83,889",45,19372,"August 4, 2025, 12:04 PM","August 4, 2025, 12:04 PM",,"January 1, +1000000000, 12:00 AM",,0
"7,706","89,782",45,35337,"August 4, 2025, 12:04 PM","August 4, 2025, 12:04 PM",,"January 1, +1000000000, 12:00 AM",,0
"7,707","85,294",32,23043,"August 4, 2025, 12:04 PM","August 4, 2025, 12:04 PM",,"January 1, +1000000000, 12:00 AM",,0
"7,708","89,806",45,34269,"August 4, 2025, 12:04 PM","August 4, 2025, 12:04 PM",,"January 1, +1000000000, 12:00 AM",,0
"7,709","89,314",45,164,"August 4, 2025, 12:04 PM","August 4, 2025, 12:04 PM",,"January 1, +1000000000, 12:00 AM",,0
"7,710","89,854",45,27042,"August 4, 2025, 12:04 PM","August 4, 2025, 12:04 PM",,"January 1, +1000000000, 12:00 AM",,0
"7,711","84,110",12,9948701,"August 4, 2025, 12:04 PM","August 4, 2025, 12:04 PM",,"January 1, +1000000000, 12:00 AM",,0
"7,712","90,402",45,10578,"August 4, 2025, 12:04 PM","August 4, 2025, 12:04 PM",,"January 1, +1000000000, 12:00 AM",,0
"7,713","89,009",11,1342,"August 4, 2025, 12:04 PM","August 4, 2025, 12:04 PM",,"January 1, +1000000000, 12:00 AM",,0
"7,714","89,008",11,123,"August 4, 2025, 12:04 PM","August 4, 2025, 12:04 PM",,"January 1, +1000000000, 12:00 AM",,0
"7,715","89,007",11,13650,"August 4, 2025, 12:04 PM","August 4, 2025, 12:04 PM",,"January 1, +1000000000, 12:00 AM",,0
"7,716","89,748",11,6025,"August 4, 2025, 12:04 PM","August 4, 2025, 12:04 PM",,"January 1, +1000000000, 12:00 AM",,0
"7,717","89,081",34,4899,"August 4, 2025, 12:04 PM","August 4, 2025, 12:04 PM",,"January 1, +1000000000, 12:00 AM",,0
"7,718","86,648",44,105679,"August 4, 2025, 12:04 PM","August 4, 2025, 12:04 PM",,"January 1, +1000000000, 12:00 AM",,0
"7,719","86,648",25,250401,"August 4, 2025, 12:04 PM","August 4, 2025, 12:04 PM",,"January 1, +1000000000, 12:00 AM",,0
"7,720","86,595",36,9,"August 4, 2025, 12:04 PM","August 4, 2025, 12:04 PM",,"January 1, +1000000000, 12:00 AM",,0
"7,697","82,435",12,486805,"August 4, 2025, 12:04 PM","August 4, 2025, 12:04 PM",,"January 1, +1000000000, 12:00 AM",,0
"7,667","90,490",45,11277,"August 4, 2025, 12:04 PM","August 4, 2025, 12:04 PM",,"January 1, +1000000000, 12:00 AM",,0
"7,693","82,434",12,486804,"August 4, 2025, 12:04 PM","August 4, 2025, 12:04 PM",,"January 1, +1000000000, 12:00 AM",,0
"7,721","87,931",45,23723,"August 4, 2025, 12:04 PM","August 4, 2025, 12:04 PM",,"January 1, +1000000000, 12:00 AM",,0
"7,722","86,564",11,13970,"August 4, 2025, 12:04 PM","August 4, 2025, 12:04 PM",,"January 1, +1000000000, 12:00 AM",,0
"7,723","89,238",45,24613,"August 4, 2025, 12:04 PM","August 4, 2025, 12:04 PM",,"January 1, +1000000000, 12:00 AM",,0
"7,724","82,085",12,113001,"August 4, 2025, 12:04 PM","August 4, 2025, 12:04 PM",,"January 1, +1000000000, 12:00 AM",,0
"7,726","88,861",11,109262,"August 4, 2025, 12:04 PM","August 4, 2025, 12:04 PM",,"January 1, +1000000000, 12:00 AM",,0
"7,727","84,938",18,5216,"August 4, 2025, 12:04 PM","August 4, 2025, 12:04 PM",,"January 1, +1000000000, 12:00 AM",,0
"7,728","87,881",18,2248,"August 4, 2025, 12:04 PM","August 4, 2025, 12:04 PM",,"January 1, +1000000000, 12:00 AM",,0
"7,730","86,348",12,420301,"August 4, 2025, 12:04 PM","August 4, 2025, 12:04 PM",,"January 1, +1000000000, 12:00 AM",,0
"7,731","87,192",12,9873201,"August 4, 2025, 12:04 PM","August 4, 2025, 12:04 PM",,"January 1, +1000000000, 12:00 AM",,0
"7,732","85,766",24,3210,"August 4, 2025, 12:04 PM","August 4, 2025, 12:04 PM",,"January 1, +1000000000, 12:00 AM",,0
"7,733","85,766",24,4456,"August 4, 2025, 12:04 PM","August 4, 2025, 12:04 PM",,"January 1, +1000000000, 12:00 AM",,0
"7,736","82,436",45,14379,"August 4, 2025, 12:04 PM","August 4, 2025, 12:04 PM",,"January 1, +1000000000, 12:00 AM",,0
"7,737","88,883",12,3105001,"August 4, 2025, 12:04 PM","August 4, 2025, 12:04 PM",,"January 1, +1000000000, 12:00 AM",,0
"7,738","82,435",45,22564,"August 4, 2025, 12:04 PM","August 4, 2025, 12:04 PM",,"January 1, +1000000000, 12:00 AM",,0
"7,739","87,517",9,7385,"August 4, 2025, 12:04 PM","August 4, 2025, 12:04 PM",,"January 1, +1000000000, 12:00 AM",,0
"7,740","90,081",45,33247,"August 4, 2025, 12:04 PM","August 4, 2025, 12:04 PM",,"January 1, +1000000000, 12:00 AM",,0
"7,743","88,447",45,22289,"August 4, 2025, 12:04 PM","August 4, 2025, 12:04 PM",,"January 1, +1000000000, 12:00 AM",,0
"7,744","85,255",9,3092,"August 4, 2025, 12:04 PM","August 4, 2025, 12:04 PM",,"January 1, +1000000000, 12:00 AM",,0
"7,745","88,520",11,108243,"August 4, 2025, 12:04 PM","August 4, 2025, 12:04 PM",,"January 1, +1000000000, 12:00 AM",,0
"7,746","87,635",44,100016,"August 4, 2025, 12:04 PM","August 4, 2025, 12:04 PM",,"January 1, +1000000000, 12:00 AM",,0
"7,747","89,025",45,22800,"August 4, 2025, 12:04 PM","August 4, 2025, 12:04 PM",,"January 1, +1000000000, 12:00 AM",,0
"7,748","86,836",45,26873,"August 4, 2025, 12:04 PM","August 4, 2025, 12:04 PM",,"January 1, +1000000000, 12:00 AM",,0
"7,749","82,996",45,25602,"August 4, 2025, 12:04 PM","August 4, 2025, 12:04 PM",,"January 1, +1000000000, 12:00 AM",,0
"7,750","90,503",45,19206,"August 4, 2025, 12:04 PM","August 4, 2025, 12:04 PM",,"January 1, +1000000000, 12:00 AM",,0
"7,751","88,895",45,37818,"August 4, 2025, 12:04 PM","August 4, 2025, 12:04 PM",,"January 1, +1000000000, 12:00 AM",,0
"7,753","81,723",25,203481,"August 4, 2025, 12:04 PM","August 4, 2025, 12:04 PM",,"January 1, +1000000000, 12:00 AM",,0
"7,754","90,600",12,9911501,"August 4, 2025, 12:04 PM","August 4, 2025, 12:04 PM",,"January 1, +1000000000, 12:00 AM",,0
"7,755","87,838",45,18281,"August 4, 2025, 12:04 PM","August 4, 2025, 12:04 PM",,"January 1, +1000000000, 12:00 AM",,0
"7,756","86,658",9,6825,"August 4, 2025, 12:04 PM","August 4, 2025, 12:04 PM",,"January 1, +1000000000, 12:00 AM",,0
"7,757","86,389",34,4187,"August 4, 2025, 12:04 PM","August 4, 2025, 12:04 PM",,"January 1, +1000000000, 12:00 AM",,0
"7,758","86,480",36,2070,"August 4, 2025, 12:04 PM","August 4, 2025, 12:04 PM",,"January 1, +1000000000, 12:00 AM",,0
"7,759","88,579",45,25259,"August 4, 2025, 12:04 PM","August 4, 2025, 12:04 PM",,"January 1, +1000000000, 12:00 AM",,0
"5,571","89,070",45,16396,"August 1, 2025, 11:35 AM","August 1, 2025, 11:35 AM",,"January 1, +1000000000, 12:00 AM",,0
"7,734","87,692",22,105834,"August 4, 2025, 12:04 PM","September 10, 2025, 3:16 PM",,"January 1, 2000, 12:00 AM",,0
"7,901","100,458",45,38312,"August 5, 2025, 12:01 AM","August 5, 2025, 12:01 AM",,"January 1, +1000000000, 12:00 AM",,0
"7,903","100,443",11,108344,"August 5, 2025, 12:01 AM","August 5, 2025, 12:01 AM",,"January 1, +1000000000, 12:00 AM",,0
"7,904","100,487",12,10609401,"August 5, 2025, 12:01 AM","August 5, 2025, 12:01 AM",,"January 1, +1000000000, 12:00 AM",,0
"7,905","100,465",45,37863,"August 5, 2025, 12:01 AM","August 5, 2025, 12:01 AM",,"January 1, +1000000000, 12:00 AM",,0
"7,906","100,598",11,107004,"August 5, 2025, 12:01 AM","August 5, 2025, 12:01 AM",,"January 1, +1000000000, 12:00 AM",,0
"7,907","100,435",45,27611,"August 5, 2025, 12:01 AM","August 5, 2025, 12:01 AM",,"January 1, +1000000000, 12:00 AM",,0
"7,908","100,510",18,4188,"August 5, 2025, 12:01 AM","August 5, 2025, 12:01 AM",,"January 1, +1000000000, 12:00 AM",,0
"7,909","100,316",43,4436,"August 5, 2025, 12:01 AM","August 5, 2025, 12:01 AM",,"January 1, +1000000000, 12:00 AM",,0
"7,910","100,292",44,106157,"August 5, 2025, 12:01 AM","August 5, 2025, 12:01 AM",,"January 1, +1000000000, 12:00 AM",,0
"7,911","100,621",35,15948,"August 5, 2025, 12:01 AM","August 5, 2025, 12:01 AM",,"January 1, +1000000000, 12:00 AM",,0
"7,912","100,590",25,251172,"August 5, 2025, 12:01 AM","August 5, 2025, 12:01 AM",,"January 1, +1000000000, 12:00 AM",,0
"7,913","100,518",45,16295,"August 5, 2025, 12:01 AM","August 5, 2025, 12:01 AM",,"January 1, +1000000000, 12:00 AM",,0
"7,914","100,387",24,1813,"August 5, 2025, 12:01 AM","August 5, 2025, 12:01 AM",,"January 1, +1000000000, 12:00 AM",,0
"7,915","100,392",11,106450,"August 5, 2025, 12:01 AM","August 5, 2025, 12:01 AM",,"January 1, +1000000000, 12:00 AM",,0
"7,916","100,498",45,20808,"August 5, 2025, 12:01 AM","August 5, 2025, 12:01 AM",,"January 1, +1000000000, 12:00 AM",,0
"7,917","100,547",45,16267,"August 5, 2025, 12:01 AM","August 5, 2025, 12:01 AM",,"January 1, +1000000000, 12:00 AM",,0
"7,918","100,305",45,15946,"August 5, 2025, 12:01 AM","August 5, 2025, 12:01 AM",,"January 1, +1000000000, 12:00 AM",,0
"7,919","100,484",11,106849,"August 5, 2025, 12:01 AM","August 5, 2025, 12:01 AM",,"January 1, +1000000000, 12:00 AM",,0
"7,920","100,557",18,5893,"August 5, 2025, 12:01 AM","August 5, 2025, 12:01 AM",,"January 1, +1000000000, 12:00 AM",,0
"7,921","100,251",9,0,"August 5, 2025, 12:01 AM","August 5, 2025, 12:01 AM",,"January 1, +1000000000, 12:00 AM",,0
"7,923","100,298",45,38216,"August 5, 2025, 12:01 AM","August 5, 2025, 12:01 AM",,"January 1, +1000000000, 12:00 AM",,0
"7,924","100,415",45,19760,"August 5, 2025, 12:01 AM","August 5, 2025, 12:01 AM",,"January 1, +1000000000, 12:00 AM",,0
"7,925","100,249",11,108316,"August 5, 2025, 12:01 AM","August 5, 2025, 12:01 AM",,"January 1, +1000000000, 12:00 AM",,0
"7,926","100,224",45,19611,"August 5, 2025, 12:01 AM","August 5, 2025, 12:01 AM",,"January 1, +1000000000, 12:00 AM",,0
"7,927","100,505",11,13385,"August 5, 2025, 12:01 AM","August 5, 2025, 12:01 AM",,"January 1, +1000000000, 12:00 AM",,0
"7,928","100,444",10,z1408,"August 5, 2025, 12:01 AM","August 5, 2025, 12:01 AM",,"January 1, +1000000000, 12:00 AM",,0
"7,929","100,453",34,5799,"August 5, 2025, 12:01 AM","August 5, 2025, 12:01 AM",,"January 1, +1000000000, 12:00 AM",,0
"7,930","100,460",11,108204,"August 5, 2025, 12:01 AM","August 5, 2025, 12:01 AM",,"January 1, +1000000000, 12:00 AM",,0
"7,931","100,242",11,7185,"August 5, 2025, 12:01 AM","August 5, 2025, 12:01 AM",,"January 1, +1000000000, 12:00 AM",,0
"7,932","100,272",22,110302,"August 5, 2025, 12:01 AM","August 5, 2025, 12:01 AM",,"January 1, +1000000000, 12:00 AM",,0
"7,933","100,597",11,100174,"August 5, 2025, 12:01 AM","August 5, 2025, 12:01 AM",,"January 1, +1000000000, 12:00 AM",,0
"7,934","100,330",25,150244,"August 5, 2025, 12:01 AM","August 5, 2025, 12:01 AM",,"January 1, +1000000000, 12:00 AM",,0
"7,935","100,330",25,150326,"August 5, 2025, 12:01 AM","August 5, 2025, 12:01 AM",,"January 1, +1000000000, 12:00 AM",,0
"7,937","100,532",12,476401,"August 5, 2025, 12:01 AM","August 5, 2025, 12:01 AM",,"January 1, +1000000000, 12:00 AM",,0
"7,938","100,441",45,23979,"August 5, 2025, 12:01 AM","August 5, 2025, 12:01 AM",,"January 1, +1000000000, 12:00 AM",,0
"7,939","100,326",25,200220,"August 5, 2025, 12:01 AM","August 5, 2025, 12:01 AM",,"January 1, +1000000000, 12:00 AM",,0
"7,940","100,625",18,198,"August 5, 2025, 12:01 AM","August 5, 2025, 12:01 AM",,"January 1, +1000000000, 12:00 AM",,0
"7,941","100,333",9,10869,"August 5, 2025, 12:01 AM","August 5, 2025, 12:01 AM",,"January 1, +1000000000, 12:00 AM",,0
"7,942","100,514",45,34671,"August 5, 2025, 12:01 AM","August 5, 2025, 12:01 AM",,"January 1, +1000000000, 12:00 AM",,0
"7,943","100,264",25,251466,"August 5, 2025, 12:01 AM","August 5, 2025, 12:01 AM",,"January 1, +1000000000, 12:00 AM",,0
"7,944","100,195",18,5058,"August 5, 2025, 12:01 AM","August 5, 2025, 12:01 AM",,"January 1, +1000000000, 12:00 AM",,0
"7,945","100,561",45,27589,"August 5, 2025, 12:01 AM","August 5, 2025, 12:01 AM",,"January 1, +1000000000, 12:00 AM",,0
"7,946","100,448",45,0,"August 5, 2025, 12:01 AM","August 5, 2025, 12:01 AM",,"January 1, +1000000000, 12:00 AM",,0
"7,947","100,391",36,2073,"August 5, 2025, 12:01 AM","August 5, 2025, 12:01 AM",,"January 1, +1000000000, 12:00 AM",,0
"7,948","100,631",9,10308,"August 5, 2025, 12:01 AM","August 5, 2025, 12:01 AM",,"January 1, +1000000000, 12:00 AM",,0
"7,949","100,221",45,34910,"August 5, 2025, 12:01 AM","August 5, 2025, 12:01 AM",,"January 1, +1000000000, 12:00 AM",,0
"7,952","100,551",36,2811,"August 5, 2025, 12:01 AM","August 5, 2025, 12:01 AM",,"January 1, +1000000000, 12:00 AM",,0
"7,953","100,296",45,35401,"August 5, 2025, 12:01 AM","August 5, 2025, 12:01 AM",,"January 1, +1000000000, 12:00 AM",,0
"7,954","100,330",25,105849,"August 5, 2025, 12:01 AM","August 5, 2025, 12:01 AM",,"January 1, +1000000000, 12:00 AM",,0
"7,955","100,265",25,251537,"August 5, 2025, 12:01 AM","August 5, 2025, 12:01 AM",,"January 1, +1000000000, 12:00 AM",,0
"7,956","100,447",45,36059,"August 5, 2025, 12:01 AM","August 5, 2025, 12:01 AM",,"January 1, +1000000000, 12:00 AM",,0
"7,957","100,308",25,103521,"August 5, 2025, 12:01 AM","August 5, 2025, 12:01 AM",,"January 1, +1000000000, 12:00 AM",,0
"7,958","100,307",25,103521,"August 5, 2025, 12:01 AM","August 5, 2025, 12:01 AM",,"January 1, +1000000000, 12:00 AM",,0
"7,959","100,600",11,107003,"August 5, 2025, 12:01 AM","August 5, 2025, 12:01 AM",,"January 1, +1000000000, 12:00 AM",,0
"7,960","100,599",11,107005,"August 5, 2025, 12:01 AM","August 5, 2025, 12:01 AM",,"January 1, +1000000000, 12:00 AM",,0
"7,961","100,485",45,38142,"August 5, 2025, 12:01 AM","August 5, 2025, 12:01 AM",,"January 1, +1000000000, 12:00 AM",,0
"7,962","100,324",18,5709,"August 5, 2025, 12:01 AM","August 5, 2025, 12:01 AM",,"January 1, +1000000000, 12:00 AM",,0
"7,963","100,544",12,9865101,"August 5, 2025, 12:01 AM","August 5, 2025, 12:01 AM",,"January 1, +1000000000, 12:00 AM",,0
"7,964","100,420",36,4623,"August 5, 2025, 12:01 AM","August 5, 2025, 12:01 AM",,"January 1, +1000000000, 12:00 AM",,0
"7,965","100,526",45,34767,"August 5, 2025, 12:01 AM","August 5, 2025, 12:01 AM",,"January 1, +1000000000, 12:00 AM",,0
"7,966","100,187",11,115119,"August 5, 2025, 12:01 AM","August 5, 2025, 12:01 AM",,"January 1, +1000000000, 12:00 AM",,0
"7,969","100,545",18,4844,"August 5, 2025, 12:01 AM","August 5, 2025, 12:01 AM",,"January 1, +1000000000, 12:00 AM",,0
"7,970","100,535",11,12837,"August 5, 2025, 12:01 AM","August 5, 2025, 12:01 AM",,"January 1, +1000000000, 12:00 AM",,0
"7,971","100,425",45,13475,"August 5, 2025, 12:01 AM","August 5, 2025, 12:01 AM",,"January 1, +1000000000, 12:00 AM",,0
"7,972","100,496",45,28497,"August 5, 2025, 12:01 AM","August 5, 2025, 12:01 AM",,"January 1, +1000000000, 12:00 AM",,0
"7,974","100,237",45,37766,"August 5, 2025, 12:01 AM","August 5, 2025, 12:01 AM",,"January 1, +1000000000, 12:00 AM",,0
"7,975","100,507",10,1120,"August 5, 2025, 12:01 AM","August 5, 2025, 12:01 AM",,"January 1, +1000000000, 12:00 AM",,0
"7,976","100,473",45,15342,"August 5, 2025, 12:01 AM","August 5, 2025, 12:01 AM",,"January 1, +1000000000, 12:00 AM",,0
"7,977","100,506",45,26193,"August 5, 2025, 12:01 AM","August 5, 2025, 12:01 AM",,"January 1, +1000000000, 12:00 AM",,0
"7,978","100,501",34,5601,"August 5, 2025, 12:01 AM","August 5, 2025, 12:01 AM",,"January 1, +1000000000, 12:00 AM",,0
"7,979","100,299",45,38251,"August 5, 2025, 12:01 AM","August 5, 2025, 12:01 AM",,"January 1, +1000000000, 12:00 AM",,0
"7,980","100,440",32,65854,"August 5, 2025, 12:01 AM","August 5, 2025, 12:01 AM",,"January 1, +1000000000, 12:00 AM",,0
"7,981","100,569",45,25330,"August 5, 2025, 12:01 AM","August 5, 2025, 12:01 AM",,"January 1, +1000000000, 12:00 AM",,0
"7,982","100,289",25,150748,"August 5, 2025, 12:01 AM","August 5, 2025, 12:01 AM",,"January 1, +1000000000, 12:00 AM",,0
"7,968","100,283",25,209210,"August 5, 2025, 12:01 AM","August 5, 2025, 12:01 AM",,"January 1, +1000000000, 12:00 AM",,0
"7,922","100,196",18,5750,"August 5, 2025, 12:01 AM","August 5, 2025, 12:01 AM",,"January 1, +1000000000, 12:00 AM",,0
"7,951","100,364",18,5137,"August 5, 2025, 12:01 AM","August 5, 2025, 12:01 AM",,"January 1, +1000000000, 12:00 AM",,0
"7,983","100,532",45,13401,"August 5, 2025, 12:01 AM","August 5, 2025, 12:01 AM",,"January 1, +1000000000, 12:00 AM",,0
"7,984","100,249",11,108315,"August 5, 2025, 12:01 AM","August 5, 2025, 12:01 AM",,"January 1, +1000000000, 12:00 AM",,0
"7,985","100,541",45,20482,"August 5, 2025, 12:01 AM","August 5, 2025, 12:01 AM",,"January 1, +1000000000, 12:00 AM",,0
"7,999","100,665",45,35804,"August 5, 2025, 7:33 PM","August 5, 2025, 7:33 PM",,"January 1, +1000000000, 12:00 AM",,0
"8,000","100,663",36,3926,"August 5, 2025, 7:33 PM","August 5, 2025, 7:33 PM",,"January 1, +1000000000, 12:00 AM",,0
"8,001","88,556",45,12517,"August 5, 2025, 7:33 PM","August 5, 2025, 7:33 PM",,"January 1, +1000000000, 12:00 AM",,0
"8,002","100,663",45,34777,"August 5, 2025, 7:33 PM","August 5, 2025, 7:33 PM",,"January 1, +1000000000, 12:00 AM",,0
"8,004","89,509",22,106443,"August 5, 2025, 7:33 PM","August 5, 2025, 7:33 PM",,"January 1, +1000000000, 12:00 AM",,0
"8,005","88,345",25,250247,"August 5, 2025, 7:33 PM","August 5, 2025, 7:33 PM",,"January 1, +1000000000, 12:00 AM",,0
"8,006","100,662",21,40268,"August 5, 2025, 7:33 PM","August 5, 2025, 7:33 PM",,"January 1, +1000000000, 12:00 AM",,0
"8,007","89,690",11,8164,"August 5, 2025, 7:33 PM","August 5, 2025, 7:33 PM",,"January 1, +1000000000, 12:00 AM",,0
"8,009","100,673",11,4844,"August 5, 2025, 7:33 PM","August 5, 2025, 7:33 PM",,"January 1, +1000000000, 12:00 AM",,0
"8,010","100,672",11,4947,"August 5, 2025, 7:33 PM","August 5, 2025, 7:33 PM",,"January 1, +1000000000, 12:00 AM",,0
"8,011","100,676",11,7930,"August 5, 2025, 7:33 PM","August 5, 2025, 7:33 PM",,"January 1, +1000000000, 12:00 AM",,0
"8,012","100,670",11,4748,"August 5, 2025, 7:33 PM","August 5, 2025, 7:33 PM",,"January 1, +1000000000, 12:00 AM",,0
"8,014","100,667",45,34593,"August 5, 2025, 7:33 PM","August 5, 2025, 7:33 PM",,"January 1, +1000000000, 12:00 AM",,0
"8,016","88,115",45,28253,"August 5, 2025, 7:33 PM","August 5, 2025, 7:33 PM",,"January 1, +1000000000, 12:00 AM",,0
"8,017","100,678",45,26967,"August 5, 2025, 7:33 PM","August 5, 2025, 7:33 PM",,"January 1, +1000000000, 12:00 AM",,0
"8,018","100,674",45,21189,"August 5, 2025, 7:33 PM","August 5, 2025, 7:33 PM",,"January 1, +1000000000, 12:00 AM",,0
"8,019","100,671",45,19781,"August 5, 2025, 7:33 PM","August 5, 2025, 7:33 PM",,"January 1, +1000000000, 12:00 AM",,0
"8,022","87,334",36,4105,"August 5, 2025, 7:33 PM","August 5, 2025, 7:33 PM",,"January 1, +1000000000, 12:00 AM",,0
"8,023","85,467",9,7841,"August 5, 2025, 7:33 PM","August 5, 2025, 7:33 PM",,"January 1, +1000000000, 12:00 AM",,0
"8,025","100,611",45,22843,"August 5, 2025, 7:33 PM","August 5, 2025, 7:33 PM",,"January 1, +1000000000, 12:00 AM",,0
"8,026","88,156",11,109058,"August 5, 2025, 7:33 PM","August 5, 2025, 7:33 PM",,"January 1, +1000000000, 12:00 AM",,0
"8,027","89,690",34,5123,"August 5, 2025, 7:33 PM","August 5, 2025, 7:33 PM",,"January 1, +1000000000, 12:00 AM",,0
"8,028","88,536",11,8245,"August 5, 2025, 7:33 PM","August 5, 2025, 7:33 PM",,"January 1, +1000000000, 12:00 AM",,0
"8,029","100,516",45,13795,"August 5, 2025, 7:33 PM","August 5, 2025, 7:33 PM",,"January 1, +1000000000, 12:00 AM",,0
"8,030","83,153",9,7838,"August 5, 2025, 7:33 PM","August 5, 2025, 7:33 PM",,"January 1, +1000000000, 12:00 AM",,0
"8,031","100,522",45,35302,"August 5, 2025, 7:33 PM","August 5, 2025, 7:33 PM",,"January 1, +1000000000, 12:00 AM",,0
"8,032","85,319",45,13389,"August 5, 2025, 7:33 PM","August 5, 2025, 7:33 PM",,"January 1, +1000000000, 12:00 AM",,0
"8,033","87,447",36,2815,"August 5, 2025, 7:33 PM","August 5, 2025, 7:33 PM",,"January 1, +1000000000, 12:00 AM",,0
"8,034","89,376",45,38083,"August 5, 2025, 7:33 PM","August 5, 2025, 7:33 PM",,"January 1, +1000000000, 12:00 AM",,0
"8,036","85,818",45,15156,"August 5, 2025, 7:33 PM","August 5, 2025, 7:33 PM",,"January 1, +1000000000, 12:00 AM",,0
"8,037","84,662",22,110437,"August 5, 2025, 7:33 PM","August 5, 2025, 7:33 PM",,"January 1, +1000000000, 12:00 AM",,0
"8,038","85,761",45,35234,"August 5, 2025, 7:33 PM","August 5, 2025, 7:33 PM",,"January 1, +1000000000, 12:00 AM",,0
"8,040","84,641",45,15403,"August 5, 2025, 7:33 PM","August 5, 2025, 7:33 PM",,"January 1, +1000000000, 12:00 AM",,0
"8,041","83,168",45,26481,"August 5, 2025, 7:33 PM","August 5, 2025, 7:33 PM",,"January 1, +1000000000, 12:00 AM",,0
"8,042","89,957",18,4207,"August 5, 2025, 7:33 PM","August 5, 2025, 7:33 PM",,"January 1, +1000000000, 12:00 AM",,0
"8,043","89,025",18,6092,"August 5, 2025, 7:33 PM","August 5, 2025, 7:33 PM",,"January 1, +1000000000, 12:00 AM",,0
"8,044","100,519",45,17163,"August 5, 2025, 7:33 PM","August 5, 2025, 7:33 PM",,"January 1, +1000000000, 12:00 AM",,0
"8,045","100,665",45,35804,"August 5, 2025, 7:33 PM","August 5, 2025, 7:33 PM",,"January 1, +1000000000, 12:00 AM",,0
"8,046","100,671",45,19781,"August 5, 2025, 7:33 PM","August 5, 2025, 7:33 PM",,"January 1, +1000000000, 12:00 AM",,0
"8,047","87,323",25,251220,"August 5, 2025, 7:33 PM","August 5, 2025, 7:33 PM",,"January 1, +1000000000, 12:00 AM",,0
"8,048","100,615",44,105866,"August 5, 2025, 7:33 PM","August 5, 2025, 7:33 PM",,"January 1, +1000000000, 12:00 AM",,0
"8,049","82,265",36,81,"August 5, 2025, 7:33 PM","August 5, 2025, 7:33 PM",,"January 1, +1000000000, 12:00 AM",,0
"8,050","90,099",34,5124,"August 5, 2025, 7:33 PM","August 5, 2025, 7:33 PM",,"January 1, +1000000000, 12:00 AM",,0
"8,051","84,670",36,1557,"August 5, 2025, 7:33 PM","August 5, 2025, 7:33 PM",,"January 1, +1000000000, 12:00 AM",,0
"8,052","100,674",45,21189,"August 5, 2025, 7:33 PM","August 5, 2025, 7:33 PM",,"January 1, +1000000000, 12:00 AM",,0
"8,053","89,604",9,7928,"August 5, 2025, 7:33 PM","August 5, 2025, 7:33 PM",,"January 1, +1000000000, 12:00 AM",,0
"8,054","90,087",9,9481,"August 5, 2025, 7:33 PM","August 5, 2025, 7:33 PM",,"January 1, +1000000000, 12:00 AM",,0
"8,055","88,977",45,23365,"August 5, 2025, 7:33 PM","August 5, 2025, 7:33 PM",,"January 1, +1000000000, 12:00 AM",,0
"8,056","100,678",45,26967,"August 5, 2025, 7:33 PM","August 5, 2025, 7:33 PM",,"January 1, +1000000000, 12:00 AM",,0
"8,057","83,970",45,34933,"August 5, 2025, 7:33 PM","August 5, 2025, 7:33 PM",,"January 1, +1000000000, 12:00 AM",,0
"8,058","89,760",45,25627,"August 5, 2025, 7:33 PM","August 5, 2025, 7:33 PM",,"January 1, +1000000000, 12:00 AM",,0
"8,059","89,160",45,33755,"August 5, 2025, 7:33 PM","August 5, 2025, 7:33 PM",,"January 1, +1000000000, 12:00 AM",,0
"8,060","100,298",43,6284,"August 5, 2025, 7:33 PM","August 5, 2025, 7:33 PM",,"January 1, +1000000000, 12:00 AM",,0
"8,061","100,521",45,27625,"August 5, 2025, 7:33 PM","August 5, 2025, 7:33 PM",,"January 1, +1000000000, 12:00 AM",,0
"8,062","81,821",45,27333,"August 5, 2025, 7:33 PM","August 5, 2025, 7:33 PM",,"January 1, +1000000000, 12:00 AM",,0
"8,063","100,182",45,24859,"August 5, 2025, 7:33 PM","August 5, 2025, 7:33 PM",,"January 1, +1000000000, 12:00 AM",,0
"8,064","83,642",11,5087,"August 5, 2025, 7:33 PM","August 5, 2025, 7:33 PM",,"January 1, +1000000000, 12:00 AM",,0
"8,065","89,826",11,6840,"August 5, 2025, 7:33 PM","August 5, 2025, 7:33 PM",,"January 1, +1000000000, 12:00 AM",,0
"8,066","89,720",45,25273,"August 5, 2025, 7:33 PM","August 5, 2025, 7:33 PM",,"January 1, +1000000000, 12:00 AM",,0
"8,067","100,429",12,2510401,"August 5, 2025, 7:33 PM","August 5, 2025, 7:33 PM",,"January 1, +1000000000, 12:00 AM",,0
"8,069","86,413",12,3606901,"August 5, 2025, 7:33 PM","August 5, 2025, 7:33 PM",,"January 1, +1000000000, 12:00 AM",,0
"8,024","86,829",25,21268,"August 5, 2025, 7:33 PM","August 5, 2025, 7:33 PM",,"January 1, +1000000000, 12:00 AM",,0
"8,035","85,645",22,110445,"August 5, 2025, 7:33 PM","August 5, 2025, 7:33 PM",,"January 1, +1000000000, 12:00 AM",,0
"8,021","88,004",10,1416,"August 5, 2025, 7:33 PM","August 5, 2025, 7:33 PM",,"January 1, +1000000000, 12:00 AM",,0
"8,068","100,664",22,102558,"August 5, 2025, 7:33 PM","August 5, 2025, 7:33 PM",,"January 1, +1000000000, 12:00 AM",,0
"8,070","100,659",9,8975,"August 5, 2025, 7:33 PM","August 5, 2025, 7:33 PM",,"January 1, +1000000000, 12:00 AM",,0
"8,072","84,388",25,250108,"August 5, 2025, 7:33 PM","August 5, 2025, 7:33 PM",,"January 1, +1000000000, 12:00 AM",,0
"8,073","85,319",11,107657,"August 5, 2025, 7:33 PM","August 5, 2025, 7:33 PM",,"January 1, +1000000000, 12:00 AM",,0
"8,076","84,676",9,532,"August 5, 2025, 7:33 PM","August 5, 2025, 7:33 PM",,"January 1, +1000000000, 12:00 AM",,0
"8,078","81,882",45,18394,"August 5, 2025, 7:33 PM","August 5, 2025, 7:33 PM",,"January 1, +1000000000, 12:00 AM",,0
"8,079","100,660",9,9088,"August 5, 2025, 7:33 PM","August 5, 2025, 7:33 PM",,"January 1, +1000000000, 12:00 AM",,0
"8,080","87,134",12,9900901,"August 5, 2025, 7:33 PM","August 5, 2025, 7:33 PM",,"January 1, +1000000000, 12:00 AM",,0
"8,081","90,591",45,35615,"August 5, 2025, 7:33 PM","August 5, 2025, 7:33 PM",,"January 1, +1000000000, 12:00 AM",,0
"8,084","100,241",11,7153,"August 5, 2025, 7:33 PM","August 5, 2025, 7:33 PM",,"January 1, +1000000000, 12:00 AM",,0
"8,085","90,099",45,34170,"August 5, 2025, 7:33 PM","August 5, 2025, 7:33 PM",,"January 1, +1000000000, 12:00 AM",,0
"8,087","100,479",45,33027,"August 5, 2025, 7:33 PM","August 5, 2025, 7:33 PM",,"January 1, +1000000000, 12:00 AM",,0
"8,088","83,934",24,1148,"August 5, 2025, 7:33 PM","August 5, 2025, 7:33 PM",,"January 1, +1000000000, 12:00 AM",,0
"8,089","100,529",45,22242,"August 5, 2025, 7:33 PM","August 5, 2025, 7:33 PM",,"January 1, +1000000000, 12:00 AM",,0
"8,090","83,754",12,16569,"August 5, 2025, 7:33 PM","August 5, 2025, 7:33 PM",,"January 1, +1000000000, 12:00 AM",,0
"8,091","89,100",11,9468,"August 5, 2025, 7:33 PM","August 5, 2025, 7:33 PM",,"January 1, +1000000000, 12:00 AM",,0
"8,092","100,663",36,3926,"August 5, 2025, 7:33 PM","August 5, 2025, 7:33 PM",,"January 1, +1000000000, 12:00 AM",,0
"8,093","85,058",36,822,"August 5, 2025, 7:33 PM","August 5, 2025, 7:33 PM",,"January 1, +1000000000, 12:00 AM",,0
"8,094","89,711",11,106896,"August 5, 2025, 7:33 PM","August 5, 2025, 7:33 PM",,"January 1, +1000000000, 12:00 AM",,0
"8,095","88,115",45,28253,"August 5, 2025, 7:33 PM","August 5, 2025, 7:33 PM",,"January 1, +1000000000, 12:00 AM",,0
"8,096","87,676",44,100973,"August 5, 2025, 7:33 PM","August 5, 2025, 7:33 PM",,"January 1, +1000000000, 12:00 AM",,0
"8,097","88,661",45,10987,"August 5, 2025, 7:33 PM","August 5, 2025, 7:33 PM",,"January 1, +1000000000, 12:00 AM",,0
"8,098","88,369",45,10801,"August 5, 2025, 7:33 PM","August 5, 2025, 7:33 PM",,"January 1, +1000000000, 12:00 AM",,0
"8,099","100,666",22,105425,"August 5, 2025, 7:33 PM","August 5, 2025, 7:33 PM",,"January 1, +1000000000, 12:00 AM",,0
"8,100","100,309",25,103521,"August 5, 2025, 7:33 PM","August 5, 2025, 7:33 PM",,"January 1, +1000000000, 12:00 AM",,0
"8,101","100,665",12,217501,"August 5, 2025, 7:33 PM","August 5, 2025, 7:33 PM",,"January 1, +1000000000, 12:00 AM",,0
"8,102","89,992",18,4171,"August 5, 2025, 7:33 PM","August 5, 2025, 7:33 PM",,"January 1, +1000000000, 12:00 AM",,0
"8,103","82,192",25,151324,"August 5, 2025, 7:33 PM","August 5, 2025, 7:33 PM",,"January 1, +1000000000, 12:00 AM",,0
"8,104","100,189",25,251513,"August 5, 2025, 7:33 PM","August 5, 2025, 7:33 PM",,"January 1, +1000000000, 12:00 AM",,0
"8,105","88,128",45,11678,"August 5, 2025, 7:33 PM","August 5, 2025, 7:33 PM",,"January 1, +1000000000, 12:00 AM",,0
"8,106","86,636",9,5534,"August 5, 2025, 7:33 PM","August 5, 2025, 7:33 PM",,"January 1, +1000000000, 12:00 AM",,0
"8,107","85,283",45,37613,"August 5, 2025, 7:33 PM","August 5, 2025, 7:33 PM",,"January 1, +1000000000, 12:00 AM",,0
"8,108","100,260",44,106236,"August 5, 2025, 7:33 PM","August 5, 2025, 7:33 PM",,"January 1, +1000000000, 12:00 AM",,0
"8,109","82,542",44,105580,"August 5, 2025, 7:33 PM","August 5, 2025, 7:33 PM",,"January 1, +1000000000, 12:00 AM",,0
"8,111","89,086",11,4906,"August 5, 2025, 7:33 PM","August 5, 2025, 7:33 PM",,"January 1, +1000000000, 12:00 AM",,0
"8,112","87,763",12,1142901,"August 5, 2025, 7:33 PM","August 5, 2025, 7:33 PM",,"January 1, +1000000000, 12:00 AM",,0
"8,113","100,552",42,2141,"August 5, 2025, 7:33 PM","August 5, 2025, 7:33 PM",,"January 1, +1000000000, 12:00 AM",,0
"8,114","83,263",44,250270,"August 5, 2025, 7:33 PM","August 5, 2025, 7:33 PM",,"January 1, +1000000000, 12:00 AM",,0
"8,115","87,497",9,7915,"August 5, 2025, 7:33 PM","August 5, 2025, 7:33 PM",,"January 1, +1000000000, 12:00 AM",,0
"8,116","85,529",45,14690,"August 5, 2025, 7:33 PM","August 5, 2025, 7:33 PM",,"January 1, +1000000000, 12:00 AM",,0
"8,117","100,652",45,34012,"August 5, 2025, 7:33 PM","August 5, 2025, 7:33 PM",,"January 1, +1000000000, 12:00 AM",,0
"8,118","100,313",25,251524,"August 5, 2025, 7:33 PM","August 5, 2025, 7:33 PM",,"January 1, +1000000000, 12:00 AM",,0
"8,119","85,292",10,u138,"August 5, 2025, 7:33 PM","August 5, 2025, 7:33 PM",,"January 1, +1000000000, 12:00 AM",,0
"8,120","87,036",36,2352,"August 5, 2025, 7:33 PM","August 5, 2025, 7:33 PM",,"January 1, +1000000000, 12:00 AM",,0
"8,121","100,663",45,34777,"August 5, 2025, 7:33 PM","August 5, 2025, 7:33 PM",,"January 1, +1000000000, 12:00 AM",,0
"8,122","100,386",22,110305,"August 5, 2025, 7:33 PM","August 5, 2025, 7:33 PM",,"January 1, +1000000000, 12:00 AM",,0
"8,123","89,063",35,10684,"August 5, 2025, 7:33 PM","August 5, 2025, 7:33 PM",,"January 1, +1000000000, 12:00 AM",,0
"8,124","100,574",45,23110,"August 5, 2025, 7:33 PM","August 5, 2025, 7:33 PM",,"January 1, +1000000000, 12:00 AM",,0
"8,125","83,355",34,1285,"August 5, 2025, 7:33 PM","August 5, 2025, 7:33 PM",,"January 1, +1000000000, 12:00 AM",,0
"8,126","86,512",34,4563,"August 5, 2025, 7:33 PM","August 5, 2025, 7:33 PM",,"January 1, +1000000000, 12:00 AM",,0
"8,127","82,999",9,9985,"August 5, 2025, 7:33 PM","August 5, 2025, 7:33 PM",,"January 1, +1000000000, 12:00 AM",,0
"8,128","89,869",45,27116,"August 5, 2025, 7:33 PM","August 5, 2025, 7:33 PM",,"January 1, +1000000000, 12:00 AM",,0
"8,129","86,437",12,993401,"August 5, 2025, 7:33 PM","August 5, 2025, 7:33 PM",,"January 1, +1000000000, 12:00 AM",,0
"8,130","89,694",45,22431,"August 5, 2025, 7:33 PM","August 5, 2025, 7:33 PM",,"January 1, +1000000000, 12:00 AM",,0
"8,131","90,084",18,4949,"August 5, 2025, 7:33 PM","August 5, 2025, 7:33 PM",,"January 1, +1000000000, 12:00 AM",,0
"8,132","84,058",45,20832,"August 5, 2025, 7:33 PM","August 5, 2025, 7:33 PM",,"January 1, +1000000000, 12:00 AM",,0
"8,133","85,342",12,998001,"August 5, 2025, 7:33 PM","August 5, 2025, 7:33 PM",,"January 1, +1000000000, 12:00 AM",,0
"8,134","84,590",11,108232,"August 5, 2025, 7:33 PM","August 5, 2025, 7:33 PM",,"January 1, +1000000000, 12:00 AM",,0
"8,135","86,138",45,10515,"August 5, 2025, 7:33 PM","August 5, 2025, 7:33 PM",,"January 1, +1000000000, 12:00 AM",,0
"8,136","100,304",45,37606,"August 5, 2025, 7:33 PM","August 5, 2025, 7:33 PM",,"January 1, +1000000000, 12:00 AM",,0
"8,137","82,432",45,13952,"August 5, 2025, 7:33 PM","August 5, 2025, 7:33 PM",,"January 1, +1000000000, 12:00 AM",,0
"8,138","84,164",45,21065,"August 5, 2025, 7:33 PM","August 5, 2025, 7:33 PM",,"January 1, +1000000000, 12:00 AM",,0
"8,139","86,855",45,35400,"August 5, 2025, 7:33 PM","August 5, 2025, 7:33 PM",,"January 1, +1000000000, 12:00 AM",,0
"8,140","82,863",12,5859101,"August 5, 2025, 7:33 PM","August 5, 2025, 7:33 PM",,"January 1, +1000000000, 12:00 AM",,0
"8,141","85,495",45,15033,"August 5, 2025, 7:33 PM","August 5, 2025, 7:33 PM",,"January 1, +1000000000, 12:00 AM",,0
"8,142","100,508",45,37974,"August 5, 2025, 7:33 PM","August 5, 2025, 7:33 PM",,"January 1, +1000000000, 12:00 AM",,0
"8,143","87,343",9,8233,"August 5, 2025, 7:33 PM","August 5, 2025, 7:33 PM",,"January 1, +1000000000, 12:00 AM",,0
"8,144","100,656",36,5887,"August 5, 2025, 7:33 PM","August 5, 2025, 7:33 PM",,"January 1, +1000000000, 12:00 AM",,0
"8,145","100,425",11,103581,"August 5, 2025, 7:33 PM","August 5, 2025, 7:33 PM",,"January 1, +1000000000, 12:00 AM",,0
"8,146","100,581",45,35225,"August 5, 2025, 7:33 PM","August 5, 2025, 7:33 PM",,"January 1, +1000000000, 12:00 AM",,0
"8,148","100,336",45,36189,"August 5, 2025, 7:33 PM","August 5, 2025, 7:33 PM",,"January 1, +1000000000, 12:00 AM",,0
"8,149","100,590",25,251368,"August 5, 2025, 7:33 PM","August 5, 2025, 7:33 PM",,"January 1, +1000000000, 12:00 AM",,0
"8,150","100,462",36,3947,"August 5, 2025, 7:33 PM","August 5, 2025, 7:33 PM",,"January 1, +1000000000, 12:00 AM",,0
"8,151","100,261",44,106247,"August 5, 2025, 7:33 PM","August 5, 2025, 7:33 PM",,"January 1, +1000000000, 12:00 AM",,0
"8,152","100,190",44,200612,"August 5, 2025, 7:33 PM","August 5, 2025, 7:33 PM",,"January 1, +1000000000, 12:00 AM",,0
"8,154","100,276",22,110297,"August 5, 2025, 7:33 PM","August 5, 2025, 7:33 PM",,"January 1, +1000000000, 12:00 AM",,0
"8,155","89,378",11,8265,"August 5, 2025, 7:33 PM","August 5, 2025, 7:33 PM",,"January 1, +1000000000, 12:00 AM",,0
"8,156","100,190",44,200614,"August 5, 2025, 7:33 PM","August 5, 2025, 7:33 PM",,"January 1, +1000000000, 12:00 AM",,0
"8,157","100,230",11,5884,"August 5, 2025, 7:33 PM","August 5, 2025, 7:33 PM",,"January 1, +1000000000, 12:00 AM",,0
"8,153","88,672",45,12383,"August 5, 2025, 7:33 PM","August 5, 2025, 7:33 PM",,"January 1, +1000000000, 12:00 AM",,0
"8,075","100,476",34,2891,"August 5, 2025, 7:33 PM","September 22, 2025, 5:50 PM",,"January 1, 2000, 12:00 AM",,0
"8,147","100,668",11,9428,"August 5, 2025, 7:33 PM","August 5, 2025, 7:33 PM",,"January 1, +1000000000, 12:00 AM",,0
"8,158","100,221",42,3229,"August 5, 2025, 7:33 PM","August 5, 2025, 7:33 PM",,"January 1, +1000000000, 12:00 AM",,0
"8,159","100,590",25,251040,"August 5, 2025, 7:33 PM","August 5, 2025, 7:33 PM",,"January 1, +1000000000, 12:00 AM",,0
"8,160","100,595",12,10090901,"August 5, 2025, 7:33 PM","August 5, 2025, 7:33 PM",,"January 1, +1000000000, 12:00 AM",,0
"8,161","100,559",45,35701,"August 5, 2025, 7:33 PM","August 5, 2025, 7:33 PM",,"January 1, +1000000000, 12:00 AM",,0
"8,162","100,305",12,1598501,"August 5, 2025, 7:33 PM","August 5, 2025, 7:33 PM",,"January 1, +1000000000, 12:00 AM",,0
"8,163","100,290",43,6221,"August 5, 2025, 7:33 PM","August 5, 2025, 7:33 PM",,"January 1, +1000000000, 12:00 AM",,0
"8,164","100,446",45,16265,"August 5, 2025, 7:33 PM","August 5, 2025, 7:33 PM",,"January 1, +1000000000, 12:00 AM",,0
"8,165","100,375",22,103762,"August 5, 2025, 7:33 PM","August 5, 2025, 7:33 PM",,"January 1, +1000000000, 12:00 AM",,0
"8,166","100,534",43,6223,"August 5, 2025, 7:33 PM","August 5, 2025, 7:33 PM",,"January 1, +1000000000, 12:00 AM",,0
"8,167","100,279",25,151320,"August 5, 2025, 7:33 PM","August 5, 2025, 7:33 PM",,"January 1, +1000000000, 12:00 AM",,0
"8,168","100,266",44,105765,"August 5, 2025, 7:33 PM","August 5, 2025, 7:33 PM",,"January 1, +1000000000, 12:00 AM",,0
"8,169","100,271",44,106241,"August 5, 2025, 7:33 PM","August 5, 2025, 7:33 PM",,"January 1, +1000000000, 12:00 AM",,0
"8,171","100,667",18,4726,"August 5, 2025, 7:33 PM","August 5, 2025, 7:33 PM",,"January 1, +1000000000, 12:00 AM",,0
"8,172","100,175",45,25635,"August 5, 2025, 7:33 PM","August 5, 2025, 7:33 PM",,"January 1, +1000000000, 12:00 AM",,0
"8,174","100,401",9,10559,"August 5, 2025, 7:33 PM","August 5, 2025, 7:33 PM",,"January 1, +1000000000, 12:00 AM",,0
"8,175","100,216",18,6020,"August 5, 2025, 7:33 PM","August 5, 2025, 7:33 PM",,"January 1, +1000000000, 12:00 AM",,0
"3,878","82,360",36,110441,"August 1, 2025, 11:33 AM","August 1, 2025, 11:33 AM",,"January 1, +1000000000, 12:00 AM",,0
"8,211","100,680",25,250781,"August 6, 2025, 8:58 PM","August 6, 2025, 8:58 PM",,"January 1, 2000, 12:00 AM",,0
"8,220","83,146",9,5239,"August 7, 2025, 4:58 PM","August 7, 2025, 4:58 PM",,"January 1, 2000, 12:00 AM",,0
"8,222","90,282",25,251486,"August 7, 2025, 6:41 PM","August 7, 2025, 6:41 PM",,"January 1, 2000, 12:00 AM",,0
"8,270","89,626",18,4315,"August 13, 2025, 5:52 PM","August 13, 2025, 5:52 PM",,"January 1, +1000000000, 12:00 AM",,0
"8,244","85,457",25,251075,"August 8, 2025, 4:43 PM","August 8, 2025, 4:43 PM",,"January 1, +1000000000, 12:00 AM",,0
"4,574","89,807",45,3201,"August 1, 2025, 11:34 AM","August 1, 2025, 11:34 AM",,"January 1, +1000000000, 12:00 AM",,0
"8,252","100,722",11,113661,"August 9, 2025, 12:26 AM","August 9, 2025, 12:26 AM",,"January 1, 2000, 12:00 AM",,0
"8,255","100,715",11,4501,"August 10, 2025, 12:11 PM","August 10, 2025, 12:11 PM",,"January 1, 2000, 12:00 AM",,0
"8,264","100,723",11,12870,"August 11, 2025, 5:12 PM","August 11, 2025, 5:12 PM",,"January 1, 2000, 12:00 AM",,0
"8,256","100,431",34,2783,"August 10, 2025, 11:56 PM","August 10, 2025, 11:56 PM",,"January 1, 2000, 12:00 AM",,0
"8,257","100,708",36,4098,"August 11, 2025, 11:35 AM","August 11, 2025, 11:35 AM",,"January 1, 2000, 12:00 AM",,0
"8,281","100,753",45,37035,"August 13, 2025, 10:13 PM","August 13, 2025, 10:13 PM",,"January 1, 2000, 12:00 AM",,0
"8,258","100,686",25,202109,"August 11, 2025, 11:40 AM","August 11, 2025, 11:40 AM",,"January 1, 2000, 12:00 AM",,0
"8,259","100,347",11,9431,"August 11, 2025, 12:23 PM","August 11, 2025, 12:23 PM",,"January 1, 2000, 12:00 AM",,0
"8,186","87,768",18,3140,"August 6, 2025, 1:54 AM","August 6, 2025, 1:54 AM",,"January 1, +1000000000, 12:00 AM",,0
"8,261","100,719",34,4654,"August 11, 2025, 4:27 PM","August 11, 2025, 4:27 PM",,"January 1, 2000, 12:00 AM",,0
"8,262","100,719",12,9165701,"August 11, 2025, 4:27 PM","August 11, 2025, 4:27 PM",,"January 1, 2000, 12:00 AM",,0
"8,265","100,735",25,251312,"August 11, 2025, 10:41 PM","August 11, 2025, 10:41 PM",,"January 1, 2000, 12:00 AM",,0
"8,266","87,546",45,34802,"August 12, 2025, 4:32 PM","August 12, 2025, 4:32 PM",,"January 1, 2000, 12:00 AM",,0
"8,267","87,546",18,4949,"August 12, 2025, 4:32 PM","August 12, 2025, 4:32 PM",,"January 1, 2000, 12:00 AM",,0
"8,268","100,744",24,545454,"August 13, 2025, 2:58 PM","August 13, 2025, 2:58 PM",,"January 1, 2000, 12:00 AM",,0
"8,263","100,703",45,20952,"August 11, 2025, 4:51 PM","August 11, 2025, 4:51 PM",,"January 1, +1000000000, 12:00 AM",,0
"8,269","100,215",18,2284,"August 13, 2025, 5:16 PM","August 13, 2025, 5:16 PM",,"January 1, 2000, 12:00 AM",,0
"8,271","100,471",45,37909,"August 13, 2025, 7:04 PM","August 13, 2025, 7:04 PM",,"January 1, 2000, 12:00 AM",,0
"8,272","100,750",25,200517,"August 13, 2025, 8:51 PM","August 13, 2025, 8:51 PM",,"January 1, 2000, 12:00 AM",,0
"8,273","100,749",45,21803,"August 13, 2025, 8:51 PM","August 13, 2025, 8:51 PM",,"January 1, 2000, 12:00 AM",,0
"8,274","100,749",11,106612,"August 13, 2025, 8:52 PM","August 13, 2025, 8:52 PM",,"January 1, 2000, 12:00 AM",,0
"8,275","100,748",25,151308,"August 13, 2025, 8:52 PM","August 13, 2025, 8:52 PM",,"January 1, 2000, 12:00 AM",,0
"8,276","100,749",12,486001,"August 13, 2025, 8:52 PM","August 13, 2025, 8:52 PM",,"January 1, 2000, 12:00 AM",,0
"8,277","100,751",11,10729,"August 13, 2025, 9:04 PM","August 13, 2025, 9:04 PM",,"January 1, 2000, 12:00 AM",,0
"8,278","100,751",34,5256,"August 13, 2025, 9:04 PM","August 13, 2025, 9:04 PM",,"January 1, 2000, 12:00 AM",,0
"8,279","100,753",10,z173,"August 13, 2025, 10:13 PM","August 13, 2025, 10:13 PM",,"January 1, 2000, 12:00 AM",,0
"8,280","100,753",11,115888,"August 13, 2025, 10:13 PM","August 13, 2025, 10:13 PM",,"January 1, 2000, 12:00 AM",,0
"8,282","100,754",45,33359,"August 13, 2025, 10:32 PM","August 13, 2025, 10:32 PM",,"January 1, 2000, 12:00 AM",,0
"8,283","100,754",18,4481,"August 13, 2025, 10:33 PM","August 13, 2025, 10:33 PM",,"January 1, 2000, 12:00 AM",,0
"8,284","100,756",18,5201,"August 13, 2025, 11:36 PM","August 13, 2025, 11:36 PM",,"January 1, 2000, 12:00 AM",,0
"8,285","100,757",25,105849,"August 13, 2025, 11:36 PM","August 13, 2025, 11:36 PM",,"January 1, 2000, 12:00 AM",,0
"8,286","100,758",25,150326,"August 13, 2025, 11:38 PM","August 13, 2025, 11:38 PM",,"January 1, 2000, 12:00 AM",,0
"8,287","100,759",25,108008,"August 13, 2025, 11:40 PM","August 13, 2025, 11:40 PM",,"January 1, 2000, 12:00 AM",,0
"8,288","100,760",25,150437,"August 13, 2025, 11:41 PM","August 13, 2025, 11:41 PM",,"January 1, 2000, 12:00 AM",,0
"8,289","100,761",25,200494,"August 13, 2025, 11:43 PM","August 13, 2025, 11:43 PM",,"January 1, 2000, 12:00 AM",,0
"8,290","100,762",25,200494,"August 13, 2025, 11:43 PM","August 13, 2025, 11:43 PM",,"January 1, 2000, 12:00 AM",,0
"8,291","100,763",25,251513,"August 13, 2025, 11:45 PM","August 13, 2025, 11:45 PM",,"January 1, 2000, 12:00 AM",,0
"8,170","89,853",11,107047,"August 5, 2025, 7:33 PM","August 5, 2025, 7:33 PM",,"January 1, +1000000000, 12:00 AM",,0
"4,792","89,022",18,4788,"August 1, 2025, 11:34 AM","August 1, 2025, 11:34 AM",,"January 1, +1000000000, 12:00 AM",,0
"8,292","100,764",25,250966,"August 13, 2025, 11:46 PM","August 13, 2025, 11:46 PM",,"January 1, 2000, 12:00 AM",,0
"8,293","100,765",25,251371,"August 13, 2025, 11:47 PM","August 13, 2025, 11:47 PM",,"January 1, 2000, 12:00 AM",,0
"8,294","100,766",25,250624,"August 13, 2025, 11:49 PM","August 13, 2025, 11:49 PM",,"January 1, 2000, 12:00 AM",,0
"8,295","100,767",25,251150,"August 13, 2025, 11:50 PM","August 13, 2025, 11:50 PM",,"January 1, 2000, 12:00 AM",,0
"8,296","100,768",25,200399,"August 13, 2025, 11:53 PM","August 13, 2025, 11:53 PM",,"January 1, 2000, 12:00 AM",,0
"8,297","100,769",25,152027,"August 13, 2025, 11:54 PM","August 13, 2025, 11:54 PM",,"January 1, 2000, 12:00 AM",,0
"8,298","100,770",25,152027,"August 13, 2025, 11:55 PM","August 13, 2025, 11:55 PM",,"January 1, 2000, 12:00 AM",,0
"8,299","100,771",25,251313,"August 13, 2025, 11:57 PM","August 13, 2025, 11:57 PM",,"January 1, 2000, 12:00 AM",,0
"8,300","100,772",25,251205,"August 13, 2025, 11:59 PM","August 13, 2025, 11:59 PM",,"January 1, 2000, 12:00 AM",,0
"8,301","100,773",25,251331,"August 14, 2025, 12:12 AM","August 14, 2025, 12:12 AM",,"January 1, 2000, 12:00 AM",,0
"8,302","100,774",25,251203,"August 14, 2025, 12:13 AM","August 14, 2025, 12:13 AM",,"January 1, 2000, 12:00 AM",,0
"8,303","100,775",25,251203,"August 14, 2025, 12:14 AM","August 14, 2025, 12:14 AM",,"January 1, 2000, 12:00 AM",,0
"8,304","100,776",25,154066,"August 14, 2025, 12:16 AM","August 14, 2025, 12:16 AM",,"January 1, 2000, 12:00 AM",,0
"8,305","100,777",25,251238,"August 14, 2025, 12:17 AM","August 14, 2025, 12:17 AM",,"January 1, 2000, 12:00 AM",,0
"8,306","100,778",25,251220,"August 14, 2025, 12:19 AM","August 14, 2025, 12:19 AM",,"January 1, 2000, 12:00 AM",,0
"8,307","100,779",25,151236,"August 14, 2025, 12:20 AM","August 14, 2025, 12:20 AM",,"January 1, 2000, 12:00 AM",,0
"8,308","100,780",25,151306,"August 14, 2025, 12:22 AM","August 14, 2025, 12:22 AM",,"January 1, 2000, 12:00 AM",,0
"8,309","100,781",25,150244,"August 14, 2025, 12:26 AM","August 14, 2025, 12:26 AM",,"January 1, 2000, 12:00 AM",,0
"8,310","100,731",25,251542,"August 14, 2025, 12:06 PM","August 14, 2025, 12:06 PM",,"January 1, 2000, 12:00 AM",,0
"8,312","100,546",34,5642,"August 14, 2025, 12:51 PM","August 14, 2025, 12:51 PM",,"January 1, 2000, 12:00 AM",,0
"8,313","87,573",34,5642,"August 14, 2025, 12:53 PM","August 14, 2025, 12:53 PM",,"January 1, 2000, 12:00 AM",,0
"8,315","100,797",34,2842,"August 14, 2025, 2:40 PM","August 14, 2025, 2:40 PM",,"January 1, 2000, 12:00 AM",,0
"8,316","100,746",18,3185,"August 14, 2025, 4:11 PM","August 14, 2025, 4:11 PM",,"January 1, 2000, 12:00 AM",,0
"8,318","100,802",11,10648,"August 14, 2025, 5:51 PM","August 14, 2025, 5:51 PM",,"January 1, 2000, 12:00 AM",,0
"8,319","100,802",34,5244,"August 14, 2025, 5:52 PM","August 14, 2025, 5:52 PM",,"January 1, 2000, 12:00 AM",,0
"8,320","100,805",18,4480,"August 14, 2025, 6:56 PM","August 14, 2025, 6:56 PM",,"January 1, 2000, 12:00 AM",,0
"8,321","100,805",45,32111,"August 14, 2025, 6:56 PM","August 14, 2025, 6:56 PM",,"January 1, 2000, 12:00 AM",,0
"8,353","100,818",45,18006,"August 15, 2025, 2:42 PM","August 15, 2025, 2:42 PM",,"January 1, 2000, 12:00 AM",,0
"8,367","100,798",36,1710,"August 16, 2025, 2:43 PM","August 16, 2025, 2:43 PM",,"January 1, 2000, 12:00 AM",,0
"8,322","100,752",9,5854,"August 14, 2025, 8:50 PM","August 14, 2025, 8:50 PM",,"January 1, 2000, 12:00 AM",,0
"8,323","100,806",9,9792,"August 14, 2025, 8:54 PM","August 14, 2025, 8:54 PM",,"January 1, 2000, 12:00 AM",,0
"8,338","100,808",10,Z1123,"August 14, 2025, 9:15 PM","August 14, 2025, 9:15 PM",,"January 1, 2000, 12:00 AM",,0
"8,339","100,808",32,43971,"August 14, 2025, 9:15 PM","August 14, 2025, 9:15 PM",,"January 1, 2000, 12:00 AM",,0
"8,340","100,808",45,12365,"August 14, 2025, 9:15 PM","August 14, 2025, 9:15 PM",,"January 1, 2000, 12:00 AM",,0
"8,341","100,810",45,11393,"August 14, 2025, 9:41 PM","August 14, 2025, 9:41 PM",,"January 1, 2000, 12:00 AM",,0
"8,342","100,810",10,Z745,"August 14, 2025, 9:41 PM","August 14, 2025, 9:41 PM",,"January 1, 2000, 12:00 AM",,0
"8,343","100,810",32,43970,"August 14, 2025, 9:41 PM","August 14, 2025, 9:41 PM",,"January 1, 2000, 12:00 AM",,0
"8,344","100,811",10,Z1087,"August 14, 2025, 9:58 PM","August 14, 2025, 9:58 PM",,"January 1, 2000, 12:00 AM",,0
"8,345","100,811",45,26810,"August 14, 2025, 9:58 PM","August 14, 2025, 9:58 PM",,"January 1, 2000, 12:00 AM",,0
"8,334","100,786",45,10240,"August 14, 2025, 8:59 PM","August 14, 2025, 10:00 PM",,"January 1, 2000, 12:00 AM",,0
"8,331","100,786",32,43979,"August 14, 2025, 8:58 PM","November 26, 2025, 8:15 PM",,"January 1, 2000, 12:00 AM",,0
"8,354","100,454",32,10154,"August 15, 2025, 3:22 PM","August 15, 2025, 3:22 PM",,"January 1, 2000, 12:00 AM",,0
"8,083","86,781",22,108531,"August 5, 2025, 7:33 PM","August 5, 2025, 7:33 PM",,"January 1, +1000000000, 12:00 AM",,0
"8,346","100,812",32,44066,"August 14, 2025, 11:54 PM","August 14, 2025, 11:54 PM",,"January 1, 2000, 12:00 AM",,0
"8,347","100,812",12,16209601,"August 15, 2025, 12:02 AM","August 15, 2025, 12:02 AM",,"January 1, 2000, 12:00 AM",,0
"5,833","85,884",18,150912,"August 1, 2025, 11:36 AM","August 1, 2025, 11:36 AM",,"January 1, +1000000000, 12:00 AM",,0
"8,349","100,817",10,874,"August 15, 2025, 2:23 PM","August 15, 2025, 2:23 PM",,"January 1, 2000, 12:00 AM",,0
"8,351","100,818",10,Z551,"August 15, 2025, 2:41 PM","August 15, 2025, 2:41 PM",,"January 1, 2000, 12:00 AM",,0
"8,352","100,818",32,43972,"August 15, 2025, 2:42 PM","August 15, 2025, 2:42 PM",,"January 1, 2000, 12:00 AM",,0
"8,355","81,843",45,38476,"August 15, 2025, 3:26 PM","August 15, 2025, 3:26 PM",,"January 1, 2000, 12:00 AM",,0
"8,356","100,822",11,5797,"August 15, 2025, 4:22 PM","August 15, 2025, 4:22 PM",,"January 1, 2000, 12:00 AM",,0
"8,357","100,822",34,0638,"August 15, 2025, 4:22 PM","August 15, 2025, 4:22 PM",,"January 1, 2000, 12:00 AM",,0
"8,358","100,823",11,4641,"August 15, 2025, 4:26 PM","August 15, 2025, 4:26 PM",,"January 1, 2000, 12:00 AM",,0
"8,359","100,823",34,1955,"August 15, 2025, 4:26 PM","August 15, 2025, 4:26 PM",,"January 1, 2000, 12:00 AM",,0
"8,360","100,807",32,22950,"August 16, 2025, 12:05 PM","August 16, 2025, 12:05 PM",,"January 1, 2000, 12:00 AM",,0
"8,361","100,807",45,20471,"August 16, 2025, 12:05 PM","August 16, 2025, 12:05 PM",,"January 1, 2000, 12:00 AM",,0
"8,362","100,797",11,4642,"August 16, 2025, 12:38 PM","August 16, 2025, 12:38 PM",,"January 1, 2000, 12:00 AM",,0
"8,363","100,824",11,13417,"August 16, 2025, 12:40 PM","August 16, 2025, 12:40 PM",,"January 1, 2000, 12:00 AM",,0
"8,364","100,824",34,5566,"August 16, 2025, 12:41 PM","August 16, 2025, 12:41 PM",,"January 1, 2000, 12:00 AM",,0
"8,368","100,833",34,5244,"August 16, 2025, 5:03 PM","August 16, 2025, 5:03 PM",,"January 1, 2000, 12:00 AM",,0
"8,369","100,833",11,10648,"August 16, 2025, 5:03 PM","August 16, 2025, 5:03 PM",,"January 1, 2000, 12:00 AM",,0
"8,314","88,468",18,3405,"August 14, 2025, 1:39 PM","August 14, 2025, 1:39 PM",,"January 1, +1000000000, 12:00 AM",,0
"8,366","100,828",45,14278,"August 16, 2025, 1:04 PM","September 1, 2025, 11:19 AM",,"January 1, 2000, 12:00 AM",,0
"8,348","86,837",9,1000004437,"August 15, 2025, 2:03 PM","August 15, 2025, 2:03 PM",,"January 1, +1000000000, 12:00 AM",,0
"8,365","100,828",11,109300,"August 16, 2025, 12:59 PM","September 12, 2025, 8:31 PM",,"January 1, 2000, 12:00 AM",,0
"8,260","83,061",11,111423,"August 11, 2025, 12:59 PM","August 11, 2025, 12:59 PM",,"January 1, +1000000000, 12:00 AM",,0
"8,370","100,782",18,2970,"August 18, 2025, 9:14 AM","August 18, 2025, 9:14 AM",,"January 1, 2000, 12:00 AM",,0
"8,371","100,782",11,106896,"August 18, 2025, 9:15 AM","August 18, 2025, 9:15 AM",,"January 1, 2000, 12:00 AM",,0
"8,373","100,692",25,208937,"August 18, 2025, 12:20 PM","August 18, 2025, 12:20 PM",,"January 1, 2000, 12:00 AM",,0
"8,374","100,747",45,36348,"August 18, 2025, 1:17 PM","August 18, 2025, 1:17 PM",,"January 1, 2000, 12:00 AM",,0
"8,375","100,747",11,7463,"August 18, 2025, 1:17 PM","August 18, 2025, 1:17 PM",,"January 1, 2000, 12:00 AM",,0
"8,376","100,747",34,5105,"August 18, 2025, 1:18 PM","August 18, 2025, 1:18 PM",,"January 1, 2000, 12:00 AM",,0
"8,377","100,747",12,38701,"August 18, 2025, 1:19 PM","August 18, 2025, 1:19 PM",,"January 1, 2000, 12:00 AM",,0
"8,378","100,747",25,103521,"August 18, 2025, 1:19 PM","August 18, 2025, 1:19 PM",,"January 1, 2000, 12:00 AM",,0
"8,379","100,835",11,4819,"August 18, 2025, 1:59 PM","August 18, 2025, 1:59 PM",,"January 1, 2000, 12:00 AM",,0
"8,380","100,835",34,169,"August 18, 2025, 1:59 PM","August 18, 2025, 1:59 PM",,"January 1, 2000, 12:00 AM",,0
"8,381","83,367",18,466,"August 18, 2025, 2:17 PM","August 18, 2025, 2:17 PM",,"January 1, 2000, 12:00 AM",,0
"8,384","100,842",11,103510,"August 18, 2025, 4:02 PM","August 18, 2025, 4:02 PM",,"January 1, 2000, 12:00 AM",,0
"8,385","100,842",45,13773,"August 18, 2025, 4:02 PM","August 18, 2025, 4:02 PM",,"January 1, 2000, 12:00 AM",,0
"8,386","100,842",18,647,"August 18, 2025, 4:05 PM","August 18, 2025, 4:05 PM",,"January 1, 2000, 12:00 AM",,0
"8,387","100,842",9,9329,"August 18, 2025, 4:05 PM","August 18, 2025, 4:05 PM",,"January 1, 2000, 12:00 AM",,0
"8,388","88,444",34,2600,"August 18, 2025, 5:12 PM","August 18, 2025, 5:12 PM",,"January 1, 2000, 12:00 AM",,0
"8,389","100,704",45,13764,"August 18, 2025, 7:57 PM","August 18, 2025, 7:57 PM",,"January 1, 2000, 12:00 AM",,0
"8,390","100,847",10,z206,"August 18, 2025, 9:26 PM","August 18, 2025, 9:26 PM",,"January 1, 2000, 12:00 AM",,0
"8,391","100,847",12,895801,"August 18, 2025, 9:26 PM","August 18, 2025, 9:26 PM",,"January 1, 2000, 12:00 AM",,0
"8,392","100,847",45,35719,"August 18, 2025, 9:28 PM","August 18, 2025, 9:28 PM",,"January 1, 2000, 12:00 AM",,0
"8,393","100,845",36,00012,"August 18, 2025, 9:29 PM","August 18, 2025, 9:29 PM",,"January 1, 2000, 12:00 AM",,0
"8,394","100,845",9,3396,"August 18, 2025, 9:32 PM","August 18, 2025, 9:32 PM",,"January 1, 2000, 12:00 AM",,0
"8,395","87,637",45,33746,"August 18, 2025, 9:33 PM","August 18, 2025, 9:33 PM",,"January 1, 2000, 12:00 AM",,0
"2,768","89,566",25,251556,"August 1, 2025, 11:23 AM","August 1, 2025, 11:23 AM",,"January 1, +1000000000, 12:00 AM",,0
"8,396","100,786",10,Z474,"August 18, 2025, 10:04 PM","August 18, 2025, 10:04 PM",,"January 1, 2000, 12:00 AM",,0
"8,397","100,796",9,9094,"August 18, 2025, 10:06 PM","August 18, 2025, 10:06 PM",,"January 1, 2000, 12:00 AM",,0
"8,398","100,796",36,3679,"August 18, 2025, 10:06 PM","August 18, 2025, 10:06 PM",,"January 1, 2000, 12:00 AM",,0
"8,399","100,796",45,34114,"August 18, 2025, 10:07 PM","August 18, 2025, 10:07 PM",,"January 1, 2000, 12:00 AM",,0
"8,400","100,840",9,9251,"August 18, 2025, 10:57 PM","August 18, 2025, 10:57 PM",,"January 1, 2000, 12:00 AM",,0
"8,401","100,840",45,13889,"August 18, 2025, 10:57 PM","August 18, 2025, 10:57 PM",,"January 1, 2000, 12:00 AM",,0
"8,402","100,840",12,1204602,"August 18, 2025, 10:58 PM","August 18, 2025, 10:58 PM",,"January 1, 2000, 12:00 AM",,0
"8,404","100,826",9,9250,"August 18, 2025, 11:17 PM","August 18, 2025, 11:17 PM",,"January 1, 2000, 12:00 AM",,0
"8,406","100,795",34,5124,"August 18, 2025, 11:39 PM","August 18, 2025, 11:39 PM",,"January 1, 2000, 12:00 AM",,0
"8,407","100,821",24,7517,"August 19, 2025, 12:36 AM","August 19, 2025, 12:36 AM",,"January 1, 2000, 12:00 AM",,0
"8,408","100,819",9,8764,"August 19, 2025, 11:00 AM","August 19, 2025, 11:00 AM",,"January 1, 2000, 12:00 AM",,0
"8,410","100,853",10,25,"August 19, 2025, 11:58 AM","August 19, 2025, 11:58 AM",,"January 1, 2000, 12:00 AM",,0
"8,412","100,829",34,170,"August 19, 2025, 11:59 AM","August 19, 2025, 11:59 AM",,"January 1, 2000, 12:00 AM",,0
"8,413","100,843",10,z1338,"August 19, 2025, 12:12 PM","August 19, 2025, 12:12 PM",,"January 1, 2000, 12:00 AM",,0
"8,414","100,843",12,9948701,"August 19, 2025, 12:12 PM","August 19, 2025, 12:12 PM",,"January 1, 2000, 12:00 AM",,0
"8,415","100,843",45,38189,"August 19, 2025, 12:13 PM","August 19, 2025, 12:13 PM",,"January 1, 2000, 12:00 AM",,0
"8,416","100,855",45,18702,"August 19, 2025, 12:30 PM","August 19, 2025, 12:30 PM",,"January 1, 2000, 12:00 AM",,0
"8,417","100,837",34,3712,"August 19, 2025, 1:16 PM","August 19, 2025, 1:16 PM",,"January 1, 2000, 12:00 AM",,0
"8,418","83,914",10,0151,"August 19, 2025, 1:21 PM","August 19, 2025, 1:21 PM",,"January 1, 2000, 12:00 AM",,0
"8,419","100,799",34,4563,"August 19, 2025, 1:26 PM","August 19, 2025, 1:26 PM",,"January 1, 2000, 12:00 AM",,0
"8,420","100,839",18,4996,"August 19, 2025, 1:56 PM","August 19, 2025, 1:56 PM",,"January 1, 2000, 12:00 AM",,0
"8,421","100,841",36,2048,"August 19, 2025, 2:26 PM","August 19, 2025, 2:26 PM",,"January 1, 2000, 12:00 AM",,0
"8,422","100,841",9,6804,"August 19, 2025, 2:26 PM","August 19, 2025, 2:26 PM",,"January 1, 2000, 12:00 AM",,0
"8,423","100,841",22,104437,"August 19, 2025, 2:27 PM","August 19, 2025, 2:27 PM",,"January 1, 2000, 12:00 AM",,0
"8,425","100,702",36,4432,"August 19, 2025, 2:42 PM","August 19, 2025, 2:42 PM",,"January 1, 2000, 12:00 AM",,0
"8,426","85,244",44,900167,"August 19, 2025, 3:06 PM","August 19, 2025, 3:06 PM",,"January 1, 2000, 12:00 AM",,0
"8,427","100,862",21,40040,"August 19, 2025, 3:38 PM","August 19, 2025, 3:38 PM",,"January 1, 2000, 12:00 AM",,0
"8,428","100,857",22,108703,"August 19, 2025, 3:54 PM","August 19, 2025, 3:54 PM",,"January 1, 2000, 12:00 AM",,0
"8,429","100,864",34,4899,"August 19, 2025, 4:29 PM","August 19, 2025, 4:29 PM",,"January 1, 2000, 12:00 AM",,0
"8,430","100,864",45,23357,"August 19, 2025, 4:29 PM","August 19, 2025, 4:29 PM",,"January 1, 2000, 12:00 AM",,0
"8,431","100,699",9,10762,"August 19, 2025, 5:38 PM","August 19, 2025, 5:38 PM",,"January 1, 2000, 12:00 AM",,0
"8,432","100,699",36,4775,"August 19, 2025, 5:38 PM","August 19, 2025, 5:38 PM",,"January 1, 2000, 12:00 AM",,0
"8,433","100,873",10,z1408,"August 19, 2025, 7:30 PM","August 19, 2025, 7:30 PM",,"January 1, 2000, 12:00 AM",,0
"8,434","100,867",34,3197,"August 19, 2025, 8:27 PM","August 19, 2025, 8:27 PM",,"January 1, 2000, 12:00 AM",,0
"8,436","100,831",9,393,"August 19, 2025, 8:59 PM","August 19, 2025, 8:59 PM",,"January 1, 2000, 12:00 AM",,0
"8,437","100,826",45,13293,"August 19, 2025, 9:50 PM","August 19, 2025, 9:50 PM",,"January 1, 2000, 12:00 AM",,0
"8,438","100,858",18,2412,"August 20, 2025, 11:52 AM","August 20, 2025, 11:52 AM",,"January 1, 2000, 12:00 AM",,0
"8,439","100,858",11,106024,"August 20, 2025, 11:52 AM","August 20, 2025, 11:52 AM",,"January 1, 2000, 12:00 AM",,0
"8,440","100,858",9,7089,"August 20, 2025, 11:54 AM","August 20, 2025, 11:54 AM",,"January 1, 2000, 12:00 AM",,0
"8,442","100,854",45,13526,"August 20, 2025, 12:45 PM","August 20, 2025, 12:45 PM",,"January 1, 2000, 12:00 AM",,0
"8,443","100,854",18,3550,"August 20, 2025, 12:45 PM","August 20, 2025, 12:45 PM",,"January 1, 2000, 12:00 AM",,0
"8,444","100,875",10,476,"August 20, 2025, 12:50 PM","August 20, 2025, 12:50 PM",,"January 1, 2000, 12:00 AM",,0
"8,445","100,875",11,4527,"August 20, 2025, 12:51 PM","August 20, 2025, 12:51 PM",,"January 1, 2000, 12:00 AM",,0
"8,382","90,500",11,106498,"August 18, 2025, 3:12 PM","August 18, 2025, 3:12 PM",,"January 1, +1000000000, 12:00 AM",,0
"8,441","100,693",45,37762,"August 20, 2025, 12:05 PM","August 20, 2025, 12:05 PM",,"January 1, +1000000000, 12:00 AM",,0
"8,411","100,829",11,7725,"August 19, 2025, 11:59 AM","October 29, 2025, 12:41 PM",,"January 1, 2000, 12:00 AM",,0
"8,383","82,245",9,1000006590,"August 18, 2025, 3:32 PM","November 14, 2025, 11:18 PM",,"January 1, 2000, 12:00 AM",,0
"8,446","100,714",12,4785101,"August 20, 2025, 1:03 PM","August 20, 2025, 1:03 PM",,"January 1, 2000, 12:00 AM",,0
"8,447","100,877",45,27395,"August 20, 2025, 1:08 PM","August 20, 2025, 1:08 PM",,"January 1, 2000, 12:00 AM",,0
"8,448","100,869",10,479,"August 20, 2025, 2:38 PM","August 20, 2025, 2:38 PM",,"January 1, 2000, 12:00 AM",,0
"8,449","81,832",24,1578,"August 20, 2025, 2:45 PM","August 20, 2025, 2:45 PM",,"January 1, 2000, 12:00 AM",,0
"8,514","100,846",45,25004,"August 22, 2025, 11:12 PM","August 22, 2025, 11:12 PM",,"January 1, 2000, 12:00 AM",,0
"8,451","100,882",45,12383,"August 20, 2025, 3:25 PM","August 20, 2025, 3:25 PM",,"January 1, 2000, 12:00 AM",,0
"8,452","100,882",11,5192,"August 20, 2025, 3:25 PM","August 20, 2025, 3:25 PM",,"January 1, 2000, 12:00 AM",,0
"8,453","100,825",36,3981,"August 20, 2025, 4:13 PM","August 20, 2025, 4:13 PM",,"January 1, 2000, 12:00 AM",,0
"8,454","100,880",10,Z190,"August 20, 2025, 4:19 PM","August 20, 2025, 4:21 PM",,"January 1, 2000, 12:00 AM",,0
"8,455","81,844",11,13186,"August 20, 2025, 4:32 PM","August 20, 2025, 4:32 PM",,"January 1, 2000, 12:00 AM",,0
"8,456","86,427",24,4183,"August 20, 2025, 6:39 PM","August 20, 2025, 6:39 PM",,"January 1, 2000, 12:00 AM",,0
"4,726","88,541",11,9287,"August 1, 2025, 11:34 AM","August 1, 2025, 11:34 AM",,"January 1, +1000000000, 12:00 AM",,0
"8,457","100,884",11,109442,"August 20, 2025, 7:06 PM","August 20, 2025, 7:06 PM",,"January 1, 2000, 12:00 AM",,0
"8,458","100,710",34,5479,"August 20, 2025, 7:23 PM","August 20, 2025, 7:23 PM",,"January 1, 2000, 12:00 AM",,0
"8,459","100,885",10,z545,"August 20, 2025, 8:36 PM","August 20, 2025, 8:36 PM",,"January 1, 2000, 12:00 AM",,0
"8,460","100,885",32,10550,"August 20, 2025, 8:36 PM","August 20, 2025, 8:36 PM",,"January 1, 2000, 12:00 AM",,0
"8,461","100,886",11,109442,"August 20, 2025, 8:37 PM","August 20, 2025, 8:37 PM",,"January 1, 2000, 12:00 AM",,0
"8,462","100,852",11,151757,"August 20, 2025, 8:54 PM","August 20, 2025, 8:54 PM",,"January 1, 2000, 12:00 AM",,0
"8,463","82,825",34,2964,"August 20, 2025, 10:01 PM","August 20, 2025, 10:01 PM",,"January 1, 2000, 12:00 AM",,0
"5,912","87,828",11,108508,"August 1, 2025, 11:36 AM","August 1, 2025, 11:36 AM",,"January 1, +1000000000, 12:00 AM",,0
"8,467","87,828",45,19866,"August 21, 2025, 11:52 AM","August 21, 2025, 11:52 AM",,"January 1, 2000, 12:00 AM",,0
"8,468","100,861",18,2586,"August 21, 2025, 12:19 PM","August 21, 2025, 12:19 PM",,"January 1, 2000, 12:00 AM",,0
"8,469","100,790",18,271,"August 21, 2025, 1:50 PM","August 21, 2025, 1:50 PM",,"January 1, 2000, 12:00 AM",,0
"8,470","82,704",45,14968,"August 21, 2025, 2:47 PM","August 21, 2025, 2:47 PM",,"January 1, 2000, 12:00 AM",,0
"8,471","87,886",18,2247,"August 21, 2025, 3:00 PM","August 21, 2025, 3:00 PM",,"January 1, 2000, 12:00 AM",,0
"8,472","100,887",36,4077,"August 21, 2025, 3:13 PM","August 21, 2025, 3:13 PM",,"January 1, 2000, 12:00 AM",,0
"8,473","83,124",45,22596,"August 21, 2025, 3:58 PM","August 21, 2025, 3:58 PM",,"January 1, 2000, 12:00 AM",,0
"8,474","100,891",34,274,"August 21, 2025, 4:01 PM","August 21, 2025, 4:01 PM",,"January 1, 2000, 12:00 AM",,0
"8,475","100,892",32,31593,"August 21, 2025, 4:53 PM","August 21, 2025, 4:53 PM",,"January 1, 2000, 12:00 AM",,0
"8,476","100,703",18,2247,"August 21, 2025, 5:34 PM","August 21, 2025, 5:34 PM",,"January 1, 2000, 12:00 AM",,0
"8,477","100,380",25,251495,"August 21, 2025, 5:46 PM","August 21, 2025, 5:46 PM",,"January 1, 2000, 12:00 AM",,0
"8,479","100,895",18,456789,"August 21, 2025, 6:30 PM","August 21, 2025, 6:30 PM",,"January 1, 2000, 12:00 AM",,0
"8,481","90,075",45,23723,"August 21, 2025, 6:42 PM","August 21, 2025, 6:42 PM",,"January 1, 2000, 12:00 AM",,0
"8,482","83,180",25,150338,"August 21, 2025, 7:24 PM","August 21, 2025, 7:24 PM",,"January 1, 2000, 12:00 AM",,0
"8,484","87,307",18,1716,"August 21, 2025, 7:34 PM","August 21, 2025, 7:34 PM",,"January 1, 2000, 12:00 AM",,0
"8,485","100,898",45,15262,"August 21, 2025, 8:00 PM","August 21, 2025, 8:00 PM",,"January 1, 2000, 12:00 AM",,0
"8,486","100,899",45,22943,"August 21, 2025, 8:02 PM","August 21, 2025, 8:02 PM",,"January 1, 2000, 12:00 AM",,0
"8,487","100,886",45,22031,"August 21, 2025, 8:30 PM","August 21, 2025, 8:30 PM",,"January 1, 2000, 12:00 AM",,0
"8,488","100,901",36,1806,"August 21, 2025, 8:42 PM","August 21, 2025, 8:42 PM",,"January 1, 2000, 12:00 AM",,0
"8,489","100,879",11,115766 ,"August 21, 2025, 10:07 PM","August 21, 2025, 10:07 PM",,"January 1, 2000, 12:00 AM",,0
"8,490","100,904",45,22286,"August 21, 2025, 10:27 PM","August 21, 2025, 10:27 PM",,"January 1, 2000, 12:00 AM",,0
"8,491","90,026",11,107314,"August 21, 2025, 11:04 PM","August 21, 2025, 11:04 PM",,"January 1, 2000, 12:00 AM",,0
"8,492","89,733",10,1151,"August 21, 2025, 11:11 PM","August 21, 2025, 11:11 PM",,"January 1, 2000, 12:00 AM",,0
"8,493","100,905",25,151230,"August 22, 2025, 2:41 AM","August 22, 2025, 2:41 AM",,"January 1, 2000, 12:00 AM",,0
"8,494","89,734",9,10051,"August 22, 2025, 11:16 AM","August 22, 2025, 11:16 AM",,"January 1, 2000, 12:00 AM",,0
"8,496","100,906",45,18702,"August 22, 2025, 12:55 PM","August 22, 2025, 12:55 PM",,"January 1, 2000, 12:00 AM",,0
"8,497","89,733",9,10726,"August 22, 2025, 1:41 PM","August 22, 2025, 1:41 PM",,"January 1, 2000, 12:00 AM",,0
"8,499","85,155",45,13394,"August 22, 2025, 3:12 PM","August 22, 2025, 3:12 PM",,"January 1, 2000, 12:00 AM",,0
"8,500","100,909",25,250965,"August 22, 2025, 3:47 PM","August 22, 2025, 3:47 PM",,"January 1, 2000, 12:00 AM",,0
"8,501","87,782",12,488114,"August 22, 2025, 4:47 PM","August 22, 2025, 4:47 PM",,"January 1, 2000, 12:00 AM",,0
"8,502","100,897",45,24543,"August 22, 2025, 4:55 PM","August 22, 2025, 4:55 PM",,"January 1, 2000, 12:00 AM",,0
"8,503","100,732",45,18583,"August 22, 2025, 6:06 PM","August 22, 2025, 6:06 PM",,"January 1, 2000, 12:00 AM",,0
"8,505","100,666",36,156,"August 22, 2025, 8:27 PM","August 22, 2025, 8:27 PM",,"January 1, 2000, 12:00 AM",,0
"8,506","100,466",45,35312,"August 22, 2025, 9:11 PM","August 22, 2025, 9:11 PM",,"January 1, 2000, 12:00 AM",,0
"8,507","100,466",18,4927,"August 22, 2025, 9:14 PM","August 22, 2025, 9:14 PM",,"January 1, 2000, 12:00 AM",,0
"8,508","100,466",9,9874,"August 22, 2025, 9:17 PM","August 22, 2025, 9:17 PM",,"January 1, 2000, 12:00 AM",,0
"8,509","88,320",11,150912,"August 22, 2025, 9:45 PM","August 22, 2025, 9:45 PM",,"January 1, 2000, 12:00 AM",,0
"8,510","100,913",9,606,"August 22, 2025, 9:48 PM","August 22, 2025, 9:48 PM",,"January 1, 2000, 12:00 AM",,0
"8,511","88,318",11,150886,"August 22, 2025, 10:19 PM","August 22, 2025, 10:19 PM",,"January 1, 2000, 12:00 AM",,0
"8,512","100,846",9,1047,"August 22, 2025, 11:11 PM","August 22, 2025, 11:11 PM",,"January 1, 2000, 12:00 AM",,0
"8,513","100,846",36,302,"August 22, 2025, 11:11 PM","August 22, 2025, 11:11 PM",,"January 1, 2000, 12:00 AM",,0
"8,515","100,915",45,38083,"August 22, 2025, 11:27 PM","August 22, 2025, 11:27 PM",,"January 1, 2000, 12:00 AM",,0
"8,516","100,914",45,35793,"August 22, 2025, 11:27 PM","August 22, 2025, 11:27 PM",,"January 1, 2000, 12:00 AM",,0
"8,517","87,511",45,4739,"August 22, 2025, 11:28 PM","August 22, 2025, 11:28 PM",,"January 1, 2000, 12:00 AM",,0
"8,518","84,518",18,3596,"August 23, 2025, 1:01 PM","August 23, 2025, 1:01 PM",,"January 1, 2000, 12:00 AM",,0
"8,519","100,706",45,38166,"August 23, 2025, 1:39 PM","August 23, 2025, 1:39 PM",,"January 1, 2000, 12:00 AM",,0
"8,520","86,466",45,13941,"August 23, 2025, 2:13 PM","August 23, 2025, 2:13 PM",,"January 1, 2000, 12:00 AM",,0
"8,521","100,918",18,6100,"August 23, 2025, 2:24 PM","August 23, 2025, 2:24 PM",,"January 1, 2000, 12:00 AM",,0
"8,522","100,865",12,15409501,"August 23, 2025, 3:37 PM","August 23, 2025, 3:37 PM",,"January 1, 2000, 12:00 AM",,0
"8,523","100,865",11,108364,"August 23, 2025, 3:38 PM","August 23, 2025, 3:38 PM",,"January 1, 2000, 12:00 AM",,0
"8,524","100,919",45,11250,"August 23, 2025, 9:31 PM","August 23, 2025, 9:31 PM",,"January 1, 2000, 12:00 AM",,0
"8,525","100,919",44,103503,"August 23, 2025, 9:34 PM","August 23, 2025, 9:34 PM",,"January 1, 2000, 12:00 AM",,0
"8,498","100,851",9,1000004885,"August 22, 2025, 2:37 PM","September 5, 2025, 2:34 PM",,"January 1, 2000, 12:00 AM",,0
"8,495","100,906",11,10771,"August 22, 2025, 12:55 PM","September 12, 2025, 6:23 PM",,"January 1, 2000, 12:00 AM",,0
"8,450","88,451",45,24989,"August 20, 2025, 3:19 PM","August 20, 2025, 3:23 PM",,"January 1, +1000000000, 12:00 AM",,0
"8,504","100,894",22,100361,"August 22, 2025, 6:33 PM","October 17, 2025, 7:18 PM",,"January 1, 2000, 12:00 AM",,0
"8,526","100,919",12,3160901,"August 23, 2025, 9:35 PM","August 23, 2025, 9:35 PM",,"January 1, 2000, 12:00 AM",,0
"8,527","100,889",10,z1330,"August 23, 2025, 11:10 PM","August 23, 2025, 11:10 PM",,"January 1, 2000, 12:00 AM",,0
"3,740","84,350",36,5869,"August 1, 2025, 11:33 AM","August 1, 2025, 11:33 AM",,"January 1, +1000000000, 12:00 AM",,0
"8,529","100,172",45,15818,"August 25, 2025, 2:28 PM","August 25, 2025, 2:28 PM",,"January 1, 2000, 12:00 AM",,0
"8,530","100,838",45,20952,"August 25, 2025, 2:46 PM","August 25, 2025, 2:46 PM",,"January 1, 2000, 12:00 AM",,0
"8,532","88,896",11,107095,"August 25, 2025, 2:52 PM","August 25, 2025, 2:52 PM",,"January 1, 2000, 12:00 AM",,0
"8,533","100,816",11,106653,"August 25, 2025, 3:09 PM","August 25, 2025, 3:09 PM",,"January 1, 2000, 12:00 AM",,0
"8,535","100,923",25,203259,"August 25, 2025, 4:10 PM","August 25, 2025, 4:10 PM",,"January 1, 2000, 12:00 AM",,0
"8,536","100,908",10,y799,"August 25, 2025, 4:14 PM","August 25, 2025, 4:14 PM",,"January 1, 2000, 12:00 AM",,0
"8,537","100,908",11,4514,"August 25, 2025, 4:15 PM","August 25, 2025, 4:15 PM",,"January 1, 2000, 12:00 AM",,0
"8,538","100,908",32,21168,"August 25, 2025, 4:15 PM","August 25, 2025, 4:15 PM",,"January 1, 2000, 12:00 AM",,0
"8,595","85,678",22,103614,"August 27, 2025, 9:27 PM","August 27, 2025, 9:27 PM",,"January 1, 2000, 12:00 AM",,0
"8,539","100,911",10,Z500,"August 25, 2025, 5:51 PM","August 25, 2025, 5:51 PM",,"January 1, 2000, 12:00 AM",,0
"8,540","90,050",11,108204,"August 25, 2025, 5:57 PM","August 25, 2025, 5:57 PM",,"January 1, 2000, 12:00 AM",,0
"8,543","100,924",36,1853,"August 25, 2025, 7:10 PM","August 25, 2025, 7:10 PM",,"January 1, 2000, 12:00 AM",,0
"8,544","100,925",25,251368,"August 25, 2025, 7:54 PM","August 25, 2025, 7:54 PM",,"January 1, 2000, 12:00 AM",,0
"8,545","100,926",9,7952,"August 25, 2025, 8:07 PM","August 25, 2025, 8:07 PM",,"January 1, 2000, 12:00 AM",,0
"8,546","100,926",36,1711,"August 25, 2025, 8:07 PM","August 25, 2025, 8:07 PM",,"January 1, 2000, 12:00 AM",,0
"8,547","100,920",9,10100,"August 25, 2025, 9:36 PM","August 25, 2025, 9:36 PM",,"January 1, 2000, 12:00 AM",,0
"8,548","100,927",45,27840,"August 25, 2025, 9:39 PM","August 25, 2025, 9:39 PM",,"January 1, 2000, 12:00 AM",,0
"8,549","82,994",18,1324,"August 25, 2025, 11:47 PM","August 25, 2025, 11:47 PM",,"January 1, 2000, 12:00 AM",,0
"5,340","83,130",10,1012,"August 1, 2025, 11:35 AM","August 1, 2025, 11:35 AM",,"January 1, +1000000000, 12:00 AM",,0
"8,550","100,928",11,108286,"August 26, 2025, 11:57 AM","August 26, 2025, 11:57 AM",,"January 1, 2000, 12:00 AM",,0
"8,551","88,827",18,2231,"August 26, 2025, 12:29 PM","August 26, 2025, 12:29 PM",,"January 1, 2000, 12:00 AM",,0
"8,552","100,914",24,1147,"August 26, 2025, 12:50 PM","August 26, 2025, 12:50 PM",,"January 1, 2000, 12:00 AM",,0
"8,553","100,915",11,108248,"August 26, 2025, 12:53 PM","August 26, 2025, 12:53 PM",,"January 1, 2000, 12:00 AM",,0
"8,554","100,716",11,13386,"August 26, 2025, 1:28 PM","August 26, 2025, 1:28 PM",,"January 1, 2000, 12:00 AM",,0
"8,555","84,153",45,36115,"August 26, 2025, 2:24 PM","August 26, 2025, 2:24 PM",,"January 1, 2000, 12:00 AM",,0
"8,556","87,044",45,24769,"August 26, 2025, 3:44 PM","August 26, 2025, 3:44 PM",,"January 1, 2000, 12:00 AM",,0
"8,557","84,544",45,35615,"August 26, 2025, 4:11 PM","August 26, 2025, 4:11 PM",,"January 1, 2000, 12:00 AM",,0
"8,558","82,109",45,34398,"August 26, 2025, 6:07 PM","August 26, 2025, 6:07 PM",,"January 1, 2000, 12:00 AM",,0
"8,559","100,940",36,1853,"August 26, 2025, 6:34 PM","August 26, 2025, 6:34 PM",,"January 1, 2000, 12:00 AM",,0
"8,560","100,939",10,z1083,"August 26, 2025, 7:08 PM","August 26, 2025, 7:08 PM",,"January 1, 2000, 12:00 AM",,0
"8,561","100,941",36,1853,"August 26, 2025, 7:48 PM","August 26, 2025, 7:48 PM",,"January 1, 2000, 12:00 AM",,0
"8,562","100,720",11,13320,"August 26, 2025, 8:04 PM","August 26, 2025, 8:04 PM",,"January 1, 2000, 12:00 AM",,0
"8,564","100,943",36,1853,"August 26, 2025, 9:21 PM","August 26, 2025, 9:21 PM",,"January 1, 2000, 12:00 AM",,0
"8,565","100,944",25,250877,"August 26, 2025, 9:33 PM","August 26, 2025, 9:33 PM",,"January 1, 2000, 12:00 AM",,0
"8,567","87,739",45,28512,"August 26, 2025, 10:19 PM","August 26, 2025, 10:19 PM",,"January 1, 2000, 12:00 AM",,0
"8,568","86,731",18,2421,"August 26, 2025, 10:56 PM","August 26, 2025, 10:56 PM",,"January 1, 2000, 12:00 AM",,0
"8,569","86,731",45,23974,"August 26, 2025, 10:56 PM","August 26, 2025, 10:56 PM",,"January 1, 2000, 12:00 AM",,0
"8,570","86,731",9,8027,"August 26, 2025, 10:56 PM","August 26, 2025, 10:56 PM",,"January 1, 2000, 12:00 AM",,0
"8,571","85,831",45,27149,"August 26, 2025, 11:57 PM","August 26, 2025, 11:57 PM",,"January 1, 2000, 12:00 AM",,0
"8,572","85,831",12,31490,"August 26, 2025, 11:58 PM","August 26, 2025, 11:58 PM",,"January 1, 2000, 12:00 AM",,0
"8,573","100,945",25,251251,"August 27, 2025, 11:20 AM","August 27, 2025, 11:20 AM",,"January 1, 2000, 12:00 AM",,0
"8,574","100,932",36,57,"August 27, 2025, 12:16 PM","August 27, 2025, 12:16 PM",,"January 1, 2000, 12:00 AM",,0
"8,575","100,932",45,14676,"August 27, 2025, 12:17 PM","August 27, 2025, 12:17 PM",,"January 1, 2000, 12:00 AM",,0
"8,576","100,836",34,3712,"August 27, 2025, 1:26 PM","August 27, 2025, 1:26 PM",,"January 1, 2000, 12:00 AM",,0
"3,138","88,493",18,4948,"August 1, 2025, 11:23 AM","August 1, 2025, 11:23 AM",,"January 1, +1000000000, 12:00 AM",,0
"8,577","100,949",10,z1011,"August 27, 2025, 1:43 PM","August 27, 2025, 1:43 PM",,"January 1, 2000, 12:00 AM",,0
"8,578","100,949",11,5083,"August 27, 2025, 1:44 PM","August 27, 2025, 1:44 PM",,"January 1, 2000, 12:00 AM",,0
"8,579","86,486",12,6639601,"August 27, 2025, 2:12 PM","August 27, 2025, 2:12 PM",,"January 1, 2000, 12:00 AM",,0
"8,580","100,934",45,34308,"August 27, 2025, 2:33 PM","August 27, 2025, 2:33 PM",,"January 1, 2000, 12:00 AM",,0
"8,582","100,694",32,18272,"August 27, 2025, 2:48 PM","August 27, 2025, 2:48 PM",,"January 1, 2000, 12:00 AM",,0
"8,583","100,953",24,4231,"August 27, 2025, 2:56 PM","August 27, 2025, 2:56 PM",,"January 1, 2000, 12:00 AM",,0
"8,584","100,953",18,4062,"August 27, 2025, 2:56 PM","August 27, 2025, 2:56 PM",,"January 1, 2000, 12:00 AM",,0
"8,585","100,953",9,9555,"August 27, 2025, 2:57 PM","August 27, 2025, 2:57 PM",,"January 1, 2000, 12:00 AM",,0
"8,586","100,927",34,274,"August 27, 2025, 3:44 PM","August 27, 2025, 3:44 PM",,"January 1, 2000, 12:00 AM",,0
"8,587","100,783",18,4438,"August 27, 2025, 5:07 PM","August 27, 2025, 5:07 PM",,"January 1, 2000, 12:00 AM",,0
"8,588","100,783",45,33247,"August 27, 2025, 5:07 PM","August 27, 2025, 5:07 PM",,"January 1, 2000, 12:00 AM",,0
"4,775","82,947",45,38241,"August 1, 2025, 11:34 AM","August 1, 2025, 11:34 AM",,"January 1, +1000000000, 12:00 AM",,0
"4,776","83,165",45,38224,"August 1, 2025, 11:34 AM","August 1, 2025, 11:34 AM",,"January 1, +1000000000, 12:00 AM",,0
"8,589","100,930",36,3663,"August 27, 2025, 5:34 PM","August 27, 2025, 5:34 PM",,"January 1, 2000, 12:00 AM",,0
"8,591","100,956",9,6945,"August 27, 2025, 5:38 PM","August 27, 2025, 5:38 PM",,"January 1, 2000, 12:00 AM",,0
"8,592","100,957",36,1853,"August 27, 2025, 5:50 PM","August 27, 2025, 5:50 PM",,"January 1, 2000, 12:00 AM",,0
"8,593","100,960",36,1853,"August 27, 2025, 8:35 PM","August 27, 2025, 8:35 PM",,"January 1, 2000, 12:00 AM",,0
"8,596","100,704",42,1397,"August 27, 2025, 10:43 PM","August 27, 2025, 10:43 PM",,"January 1, 2000, 12:00 AM",,0
"8,597","100,947",25,250737,"August 28, 2025, 12:44 AM","August 28, 2025, 12:44 AM",,"January 1, 2000, 12:00 AM",,0
"8,602","100,963",11,107273,"August 28, 2025, 12:12 PM","August 28, 2025, 12:12 PM",,"January 1, 2000, 12:00 AM",,0
"8,604","87,911",45,11596,"August 28, 2025, 12:45 PM","August 28, 2025, 12:45 PM",,"January 1, 2000, 12:00 AM",,0
"8,603","87,665",45,11518,"August 28, 2025, 12:33 PM","August 28, 2025, 2:57 PM",,"January 1, 2000, 12:00 AM",,0
"8,541","100,229",11,111540,"August 25, 2025, 6:03 PM","August 25, 2025, 6:03 PM",,"January 1, +1000000000, 12:00 AM",,0
"8,531","100,838",18,2248,"August 25, 2025, 2:50 PM","September 30, 2025, 12:58 PM",,"January 1, 2000, 12:00 AM",,0
"8,590","89,348",45,35942,"August 27, 2025, 5:36 PM","August 27, 2025, 5:36 PM",,"January 1, +1000000000, 12:00 AM",,0
"8,528","100,922",32,41467,"August 24, 2025, 7:26 PM","November 28, 2025, 12:22 AM",,"January 1, 2000, 12:00 AM",,0
"8,594","100,938",45,38799,"August 27, 2025, 9:11 PM","December 6, 2025, 10:15 PM",,"January 1, 2000, 12:00 AM",,0
"8,606","88,633",34,3921,"August 28, 2025, 12:45 PM","August 28, 2025, 12:45 PM",,"January 1, 2000, 12:00 AM",,0
"8,607","100,819",18,3203,"August 28, 2025, 12:46 PM","August 28, 2025, 12:46 PM",,"January 1, 2000, 12:00 AM",,0
"8,608","100,961",45,27494,"August 28, 2025, 1:02 PM","August 28, 2025, 1:02 PM",,"January 1, 2000, 12:00 AM",,0
"8,609","100,749",42,1391,"August 28, 2025, 1:05 PM","August 28, 2025, 1:05 PM",,"January 1, 2000, 12:00 AM",,0
"8,610","89,973",11,7960,"August 28, 2025, 1:21 PM","August 28, 2025, 1:21 PM",,"January 1, 2000, 12:00 AM",,0
"8,611","87,693",12,10013202,"August 28, 2025, 2:07 PM","August 28, 2025, 2:07 PM",,"January 1, 2000, 12:00 AM",,0
"8,612","100,929",18,4066,"August 28, 2025, 2:15 PM","August 28, 2025, 2:15 PM",,"January 1, 2000, 12:00 AM",,0
"8,613","100,929",12,9617701,"August 28, 2025, 2:16 PM","August 28, 2025, 2:16 PM",,"January 1, 2000, 12:00 AM",,0
"8,614","100,962",42,380,"August 28, 2025, 2:19 PM","August 28, 2025, 2:19 PM",,"January 1, 2000, 12:00 AM",,0
"8,615","100,888",21,27458,"August 28, 2025, 3:48 PM","August 28, 2025, 3:48 PM",,"January 1, 2000, 12:00 AM",,0
"8,616","100,969",32,41467,"August 28, 2025, 4:26 PM","August 28, 2025, 4:26 PM",,"January 1, 2000, 12:00 AM",,0
"8,617","100,622",35,15888,"August 28, 2025, 5:56 PM","August 28, 2025, 5:56 PM",,"January 1, 2000, 12:00 AM",,0
"8,618","100,685",25,202315,"August 28, 2025, 7:54 PM","August 28, 2025, 7:54 PM",,"January 1, 2000, 12:00 AM",,0
"8,619","83,275",22,108865,"August 28, 2025, 8:50 PM","August 28, 2025, 8:50 PM",,"January 1, 2000, 12:00 AM",,0
"8,620","83,275",36,3619,"August 28, 2025, 8:51 PM","August 28, 2025, 8:51 PM",,"January 1, 2000, 12:00 AM",,0
"8,621","100,834",45,19348,"August 28, 2025, 10:01 PM","August 28, 2025, 10:01 PM",,"January 1, 2000, 12:00 AM",,0
"8,622","100,916",34,2060,"August 28, 2025, 11:11 PM","August 28, 2025, 11:11 PM",,"January 1, 2000, 12:00 AM",,0
"8,623","100,815",18,5053,"August 29, 2025, 12:38 PM","August 29, 2025, 12:38 PM",,"January 1, 2000, 12:00 AM",,0
"8,624","100,976",25,251474,"August 29, 2025, 1:03 PM","August 29, 2025, 1:03 PM",,"January 1, 2000, 12:00 AM",,0
"8,625","100,975",25,251474,"August 29, 2025, 1:03 PM","August 29, 2025, 1:03 PM",,"January 1, 2000, 12:00 AM",,0
"8,626","100,974",25,251474,"August 29, 2025, 1:03 PM","August 29, 2025, 1:03 PM",,"January 1, 2000, 12:00 AM",,0
"8,627","100,973",25,251474,"August 29, 2025, 1:03 PM","August 29, 2025, 1:03 PM",,"January 1, 2000, 12:00 AM",,0
"8,628","100,972",25,251474,"August 29, 2025, 1:04 PM","August 29, 2025, 1:04 PM",,"January 1, 2000, 12:00 AM",,0
"8,629","86,436",11,5585,"August 29, 2025, 1:34 PM","August 29, 2025, 1:34 PM",,"January 1, 2000, 12:00 AM",,0
"8,630","100,365",18,4688,"August 29, 2025, 2:21 PM","August 29, 2025, 2:21 PM",,"January 1, 2000, 12:00 AM",,0
"8,631","82,442",42,2722,"August 29, 2025, 2:40 PM","August 29, 2025, 2:40 PM",,"January 1, 2000, 12:00 AM",,0
"8,632","100,977",45,25438,"August 29, 2025, 2:40 PM","August 29, 2025, 2:40 PM",,"January 1, 2000, 12:00 AM",,0
"8,633","100,363",18,4687,"August 29, 2025, 2:49 PM","August 29, 2025, 2:49 PM",,"January 1, 2000, 12:00 AM",,0
"8,634","100,966",9,10468,"August 29, 2025, 2:52 PM","August 29, 2025, 2:52 PM",,"January 1, 2000, 12:00 AM",,0
"8,635","100,966",18,5406,"August 29, 2025, 2:55 PM","August 29, 2025, 2:55 PM",,"January 1, 2000, 12:00 AM",,0
"8,636","100,979",42,2725,"August 29, 2025, 3:14 PM","August 29, 2025, 3:14 PM",,"January 1, 2000, 12:00 AM",,0
"8,637","100,980",11,4837,"August 29, 2025, 3:25 PM","August 29, 2025, 3:25 PM",,"January 1, 2000, 12:00 AM",,0
"8,638","100,980",45,11139,"August 29, 2025, 3:25 PM","August 29, 2025, 3:25 PM",,"January 1, 2000, 12:00 AM",,0
"8,639","100,981",11,8370,"August 29, 2025, 3:26 PM","August 29, 2025, 3:26 PM",,"January 1, 2000, 12:00 AM",,0
"8,640","100,981",45,11851,"August 29, 2025, 3:26 PM","August 29, 2025, 3:26 PM",,"January 1, 2000, 12:00 AM",,0
"8,641","100,982",11,4849,"August 29, 2025, 3:26 PM","August 29, 2025, 3:26 PM",,"January 1, 2000, 12:00 AM",,0
"8,642","100,982",45,11949,"August 29, 2025, 3:26 PM","August 29, 2025, 3:26 PM",,"January 1, 2000, 12:00 AM",,0
"8,643","100,983",11,5888,"August 29, 2025, 3:27 PM","August 29, 2025, 3:27 PM",,"January 1, 2000, 12:00 AM",,0
"8,644","100,983",45,12154,"August 29, 2025, 3:27 PM","August 29, 2025, 3:27 PM",,"January 1, 2000, 12:00 AM",,0
"8,645","100,984",11,5950,"August 29, 2025, 3:27 PM","August 29, 2025, 3:27 PM",,"January 1, 2000, 12:00 AM",,0
"8,646","100,984",45,10803,"August 29, 2025, 3:27 PM","August 29, 2025, 3:27 PM",,"January 1, 2000, 12:00 AM",,0
"8,647","87,694",45,36511,"August 29, 2025, 4:00 PM","August 29, 2025, 4:00 PM",,"January 1, 2000, 12:00 AM",,0
"8,648","100,738",9,9529,"August 29, 2025, 7:07 PM","August 29, 2025, 7:07 PM",,"January 1, 2000, 12:00 AM",,0
"8,478","100,895",12,8063701,"August 21, 2025, 6:30 PM","August 29, 2025, 8:23 PM",,"January 1, 2000, 12:00 AM",,0
"8,650","100,785",18,5975,"August 29, 2025, 8:28 PM","August 29, 2025, 8:28 PM",,"January 1, 2000, 12:00 AM",,0
"8,651","100,968",45,35336,"August 29, 2025, 8:36 PM","August 29, 2025, 8:36 PM",,"January 1, 2000, 12:00 AM",,0
"8,652","100,968",18,4841,"August 29, 2025, 8:37 PM","August 29, 2025, 8:37 PM",,"January 1, 2000, 12:00 AM",,0
"8,656","88,968",42,3389,"August 29, 2025, 11:42 PM","August 29, 2025, 11:42 PM",,"January 1, 2000, 12:00 AM",,0
"8,657","101,002",25,208937,"August 30, 2025, 12:30 AM","August 30, 2025, 12:32 AM",,"January 1, 2000, 12:00 AM",,0
"8,658","83,679",45,13183,"August 30, 2025, 2:17 AM","August 30, 2025, 2:17 AM",,"January 1, 2000, 12:00 AM",,0
"8,659","90,343",45,28528,"August 30, 2025, 12:24 PM","August 30, 2025, 12:24 PM",,"January 1, 2000, 12:00 AM",,0
"8,660","100,681",18,5352,"August 30, 2025, 8:22 PM","August 30, 2025, 8:22 PM",,"January 1, +1000000000, 12:00 AM",,0
"8,661","89,696",45,26069,"September 1, 2025, 1:40 AM","September 1, 2025, 1:40 AM",,"January 1, 2000, 12:00 AM",,0
"8,662","89,697",45,25484,"September 1, 2025, 1:40 AM","September 1, 2025, 1:40 AM",,"January 1, 2000, 12:00 AM",,0
"8,663","89,695",45,25485,"September 1, 2025, 2:41 AM","September 1, 2025, 2:41 AM",,"January 1, 2000, 12:00 AM",,0
"8,665","101,005",9,10995,"September 1, 2025, 3:05 PM","September 1, 2025, 3:08 PM",,"January 1, 2000, 12:00 AM",,0
"8,666","100,856",42,1652,"September 1, 2025, 3:56 PM","September 1, 2025, 3:56 PM",,"January 1, 2000, 12:00 AM",,0
"8,667","90,738",11,333,"September 1, 2025, 6:02 PM","September 1, 2025, 6:02 PM",,"January 1, 2000, 12:00 AM",,0
"8,668","87,259",36,87259,"September 1, 2025, 7:05 PM","September 1, 2025, 7:05 PM",,"January 1, 2000, 12:00 AM",,0
"8,669","101,013",25,151541,"September 1, 2025, 10:15 PM","September 1, 2025, 10:15 PM",,"January 1, 2000, 12:00 AM",,0
"8,670","101,014",9,5446,"September 1, 2025, 10:31 PM","September 1, 2025, 10:31 PM",,"January 1, 2000, 12:00 AM",,0
"8,671","100,826",12,1204601,"September 1, 2025, 10:47 PM","September 1, 2025, 10:47 PM",,"January 1, 2000, 12:00 AM",,0
"8,672","101,015",11,644,"September 1, 2025, 11:10 PM","September 1, 2025, 11:10 PM",,"January 1, 2000, 12:00 AM",,0
"8,673","85,795",45,20562,"September 2, 2025, 10:14 AM","September 2, 2025, 10:14 AM",,"January 1, 2000, 12:00 AM",,0
"8,674","85,795",12,5211201,"September 2, 2025, 10:14 AM","September 2, 2025, 10:14 AM",,"January 1, 2000, 12:00 AM",,0
"8,675","85,796",12,5211205,"September 2, 2025, 10:15 AM","September 2, 2025, 10:15 AM",,"January 1, 2000, 12:00 AM",,0
"8,676","101,016",45,23112,"September 2, 2025, 10:16 AM","September 2, 2025, 10:16 AM",,"January 1, 2000, 12:00 AM",,0
"8,677","101,016",12,5211202,"September 2, 2025, 10:16 AM","September 2, 2025, 10:16 AM",,"January 1, 2000, 12:00 AM",,0
"8,678","101,017",45,21650,"September 2, 2025, 10:17 AM","September 2, 2025, 10:17 AM",,"January 1, 2000, 12:00 AM",,0
"8,679","101,017",12,5211203,"September 2, 2025, 10:17 AM","September 2, 2025, 10:17 AM",,"January 1, 2000, 12:00 AM",,0
"8,680","101,018",45,31402,"September 2, 2025, 10:18 AM","September 2, 2025, 10:18 AM",,"January 1, 2000, 12:00 AM",,0
"8,681","101,019",25,251197,"September 2, 2025, 11:06 AM","September 2, 2025, 11:06 AM",,"January 1, 2000, 12:00 AM",,0
"8,682","100,501",12,9979401,"September 2, 2025, 12:37 PM","September 2, 2025, 12:37 PM",,"January 1, 2000, 12:00 AM",,0
"8,683","101,020",45,34197,"September 2, 2025, 1:08 PM","September 2, 2025, 1:08 PM",,"January 1, 2000, 12:00 AM",,0
"8,684","100,851",11,113158,"September 2, 2025, 1:25 PM","September 2, 2025, 1:25 PM",,"January 1, 2000, 12:00 AM",,0
"8,685","83,861",18,765,"September 2, 2025, 2:02 PM","September 2, 2025, 2:02 PM",,"January 1, 2000, 12:00 AM",,0
"8,686","101,010",36,2268,"September 2, 2025, 2:59 PM","September 2, 2025, 2:59 PM",,"January 1, 2000, 12:00 AM",,0
"8,687","101,021",18,5026,"September 2, 2025, 3:08 PM","September 2, 2025, 3:08 PM",,"January 1, 2000, 12:00 AM",,0
"8,688","101,024",25,250385,"September 2, 2025, 3:26 PM","September 2, 2025, 3:26 PM",,"January 1, 2000, 12:00 AM",,0
"8,689","101,025",18,4157,"September 2, 2025, 3:30 PM","September 2, 2025, 3:30 PM",,"January 1, 2000, 12:00 AM",,0
"8,690","100,475",45,38263,"September 2, 2025, 4:54 PM","September 2, 2025, 4:54 PM",,"January 1, 2000, 12:00 AM",,0
"8,691","87,497",36,2441,"September 2, 2025, 8:32 PM","September 2, 2025, 8:32 PM",,"January 1, 2000, 12:00 AM",,0
"8,694","101,028",18,3301,"September 2, 2025, 9:29 PM","September 2, 2025, 9:29 PM",,"January 1, 2000, 12:00 AM",,0
"8,695","101,028",35,754,"September 2, 2025, 9:29 PM","September 2, 2025, 9:29 PM",,"January 1, 2000, 12:00 AM",,0
"8,696","101,028",24,7082,"September 2, 2025, 9:29 PM","September 2, 2025, 9:29 PM",,"January 1, 2000, 12:00 AM",,0
"8,698","85,387",45,38123,"September 2, 2025, 9:38 PM","September 2, 2025, 9:38 PM",,"January 1, 2000, 12:00 AM",,0
"8,710","101,003",18,1645,"September 2, 2025, 11:01 PM","September 2, 2025, 11:01 PM",,"January 1, 2000, 12:00 AM",,0
"8,711","86,272",9,10510,"September 2, 2025, 11:03 PM","September 2, 2025, 11:03 PM",,"January 1, 2000, 12:00 AM",,0
"8,712","101,033",9,606,"September 2, 2025, 11:10 PM","September 2, 2025, 11:10 PM",,"January 1, 2000, 12:00 AM",,0
"8,716","88,438",36,3666,"September 3, 2025, 11:30 AM","September 3, 2025, 11:30 AM",,"January 1, 2000, 12:00 AM",,0
"8,717","87,567",36,2972,"September 3, 2025, 12:04 PM","September 3, 2025, 12:04 PM",,"January 1, 2000, 12:00 AM",,0
"8,752","101,056",11,4077,"September 4, 2025, 9:18 PM","September 4, 2025, 9:18 PM",,"January 1, 2000, 12:00 AM",,0
"8,753","101,056",44,102694,"September 4, 2025, 9:22 PM","September 4, 2025, 9:22 PM",,"January 1, 2000, 12:00 AM",,0
"8,720","101,029",45,34699,"September 3, 2025, 12:33 PM","September 3, 2025, 12:33 PM",,"January 1, 2000, 12:00 AM",,0
"8,721","100,471",12,15109401,"September 3, 2025, 12:36 PM","September 3, 2025, 12:36 PM",,"January 1, 2000, 12:00 AM",,0
"8,722","100,791",12,491801,"September 3, 2025, 2:16 PM","September 3, 2025, 2:16 PM",,"January 1, 2000, 12:00 AM",,0
"8,723","100,791",45,14018,"September 3, 2025, 2:17 PM","September 3, 2025, 2:17 PM",,"January 1, 2000, 12:00 AM",,0
"8,725","100,698",42,2033,"September 3, 2025, 2:52 PM","September 3, 2025, 2:52 PM",,"January 1, 2000, 12:00 AM",,0
"8,726","100,860",24,4287,"September 3, 2025, 2:57 PM","September 3, 2025, 2:57 PM",,"January 1, 2000, 12:00 AM",,0
"8,727","101,038",45,25485,"September 3, 2025, 3:10 PM","September 3, 2025, 3:10 PM",,"January 1, 2000, 12:00 AM",,0
"8,728","101,037",45,25484,"September 3, 2025, 3:10 PM","September 3, 2025, 3:10 PM",,"January 1, 2000, 12:00 AM",,0
"8,729","101,036",45,26069,"September 3, 2025, 3:11 PM","September 3, 2025, 3:11 PM",,"January 1, 2000, 12:00 AM",,0
"8,730","101,035",45,25483,"September 3, 2025, 3:11 PM","September 3, 2025, 3:11 PM",,"January 1, 2000, 12:00 AM",,0
"8,731","87,237",18,442,"September 3, 2025, 3:17 PM","September 3, 2025, 3:17 PM",,"January 1, 2000, 12:00 AM",,0
"8,732","101,040",18,5801,"September 3, 2025, 3:22 PM","September 3, 2025, 3:22 PM",,"January 1, 2000, 12:00 AM",,0
"8,733","101,039",45,37606,"September 3, 2025, 3:38 PM","September 3, 2025, 3:38 PM",,"January 1, 2000, 12:00 AM",,0
"8,735","101,042",10,z517,"September 3, 2025, 4:07 PM","September 3, 2025, 4:07 PM",,"January 1, 2000, 12:00 AM",,0
"8,736","100,715",12,6423301,"September 3, 2025, 4:24 PM","September 3, 2025, 4:24 PM",,"January 1, 2000, 12:00 AM",,0
"8,737","101,023",22,110350,"September 3, 2025, 6:38 PM","September 3, 2025, 6:38 PM",,"January 1, 2000, 12:00 AM",,0
"8,738","101,045",45,35418,"September 3, 2025, 9:31 PM","September 3, 2025, 9:31 PM",,"January 1, 2000, 12:00 AM",,0
"8,739","101,007",11,13414,"September 4, 2025, 3:49 AM","September 4, 2025, 3:49 AM",,"January 1, 2000, 12:00 AM",,0
"8,740","88,846",11,1258,"September 4, 2025, 11:15 AM","September 4, 2025, 11:15 AM",,"January 1, 2000, 12:00 AM",,0
"8,741","100,831",45,14995,"September 4, 2025, 12:36 PM","September 4, 2025, 12:36 PM",,"January 1, 2000, 12:00 AM",,0
"8,742","100,952",11,151748,"September 4, 2025, 12:48 PM","September 4, 2025, 12:48 PM",,"January 1, 2000, 12:00 AM",,0
"8,743","101,012",45,19010,"September 4, 2025, 2:18 PM","September 4, 2025, 2:18 PM",,"January 1, 2000, 12:00 AM",,0
"8,744","100,734",9,7502,"September 4, 2025, 2:25 PM","September 4, 2025, 2:25 PM",,"January 1, 2000, 12:00 AM",,0
"8,745","101,053",25,251556,"September 4, 2025, 2:38 PM","September 4, 2025, 2:38 PM",,"January 1, 2000, 12:00 AM",,0
"8,746","101,049",36,436,"September 4, 2025, 2:45 PM","September 4, 2025, 2:45 PM",,"January 1, 2000, 12:00 AM",,0
"8,747","89,015",18,5837,"September 4, 2025, 8:02 PM","September 4, 2025, 8:02 PM",,"January 1, 2000, 12:00 AM",,0
"8,748","89,014",18,5045,"September 4, 2025, 8:21 PM","September 4, 2025, 8:21 PM",,"January 1, 2000, 12:00 AM",,0
"8,749","88,039",11,8918,"September 4, 2025, 8:43 PM","September 4, 2025, 8:43 PM",,"January 1, 2000, 12:00 AM",,0
"8,750","88,039",32,43655,"September 4, 2025, 8:44 PM","September 4, 2025, 8:44 PM",,"January 1, 2000, 12:00 AM",,0
"8,751","88,039",45,11481,"September 4, 2025, 8:44 PM","September 4, 2025, 8:44 PM",,"January 1, 2000, 12:00 AM",,0
"8,754","83,800",36,2296,"September 4, 2025, 10:53 PM","September 4, 2025, 10:53 PM",,"January 1, 2000, 12:00 AM",,0
"8,756","83,940",18,3403,"September 5, 2025, 12:27 AM","September 5, 2025, 12:27 AM",,"January 1, 2000, 12:00 AM",,0
"8,758","89,868",18,4223,"September 5, 2025, 12:41 AM","September 5, 2025, 12:41 AM",,"January 1, +1000000000, 12:00 AM",,0
"8,759","89,863",18,4715,"September 5, 2025, 12:45 AM","September 5, 2025, 12:45 AM",,"January 1, 2000, 12:00 AM",,0
"8,760","87,407",45,36146,"September 5, 2025, 11:04 AM","September 5, 2025, 11:04 AM",,"January 1, 2000, 12:00 AM",,0
"8,761","83,247",45,28665,"September 5, 2025, 11:53 AM","September 5, 2025, 11:53 AM",,"January 1, 2000, 12:00 AM",,0
"8,763","82,649",9,5797,"September 5, 2025, 12:20 PM","September 5, 2025, 12:20 PM",,"January 1, 2000, 12:00 AM",,0
"8,764","100,918",18,6100,"September 5, 2025, 12:33 PM","September 5, 2025, 12:33 PM",,"January 1, 2000, 12:00 AM",,0
"8,765","100,918",9,2623,"September 5, 2025, 12:35 PM","September 5, 2025, 12:35 PM",,"January 1, 2000, 12:00 AM",,0
"8,766","101,059",24,1518,"September 5, 2025, 1:50 PM","September 5, 2025, 1:50 PM",,"January 1, 2000, 12:00 AM",,0
"8,768","101,046",18,574,"September 5, 2025, 1:58 PM","September 5, 2025, 1:58 PM",,"January 1, 2000, 12:00 AM",,0
"8,769","101,046",11,103694,"September 5, 2025, 1:58 PM","September 5, 2025, 1:58 PM",,"January 1, 2000, 12:00 AM",,0
"8,770","101,060",10,z1416,"September 5, 2025, 2:03 PM","September 5, 2025, 2:03 PM",,"January 1, 2000, 12:00 AM",,0
"8,771","84,820",36,1542,"September 5, 2025, 2:31 PM","September 5, 2025, 2:31 PM",,"January 1, 2000, 12:00 AM",,0
"8,772","100,933",42,1209,"September 5, 2025, 3:05 PM","September 5, 2025, 3:05 PM",,"January 1, 2000, 12:00 AM",,0
"8,773","83,673",36,2375,"September 5, 2025, 3:41 PM","September 5, 2025, 3:41 PM",,"January 1, 2000, 12:00 AM",,0
"8,774","100,800",42,297,"September 5, 2025, 3:57 PM","September 5, 2025, 3:57 PM",,"January 1, 2000, 12:00 AM",,0
"8,775","101,063",34,4899,"September 5, 2025, 5:55 PM","September 5, 2025, 5:55 PM",,"January 1, 2000, 12:00 AM",,0
"8,776","101,063",45,23357,"September 5, 2025, 5:55 PM","September 5, 2025, 5:55 PM",,"January 1, 2000, 12:00 AM",,0
"8,777","101,064",10,6297,"September 5, 2025, 6:47 PM","September 5, 2025, 6:47 PM",,"January 1, 2000, 12:00 AM",,0
"8,713","86,904",9,7068,"September 3, 2025, 2:35 AM","September 3, 2025, 2:35 AM",,"January 1, +1000000000, 12:00 AM",,0
"8,734","86,474",9,1000007188,"September 3, 2025, 4:03 PM","September 3, 2025, 4:03 PM",,"January 1, +1000000000, 12:00 AM",,0
"8,757","89,267",18,5838,"September 5, 2025, 12:28 AM","September 5, 2025, 12:28 AM",,"January 1, +1000000000, 12:00 AM",,0
"8,778","89,857",18,3577,"September 5, 2025, 7:03 PM","September 5, 2025, 7:03 PM",,"January 1, 2000, 12:00 AM",,0
"8,779","89,856",18,4224,"September 5, 2025, 7:11 PM","September 5, 2025, 7:11 PM",,"January 1, 2000, 12:00 AM",,0
"8,780","89,859",18,4225,"September 5, 2025, 7:19 PM","September 5, 2025, 7:19 PM",,"January 1, 2000, 12:00 AM",,0
"8,781","89,854",18,3579,"September 5, 2025, 7:37 PM","September 5, 2025, 7:37 PM",,"January 1, 2000, 12:00 AM",,0
"8,782","88,373",18,5851,"September 5, 2025, 7:42 PM","September 5, 2025, 7:42 PM",,"January 1, 2000, 12:00 AM",,0
"8,783","88,874",25,100779,"September 5, 2025, 7:43 PM","September 5, 2025, 7:43 PM",,"January 1, 2000, 12:00 AM",,0
"8,784","89,912",18,3578,"September 5, 2025, 7:49 PM","September 5, 2025, 7:49 PM",,"January 1, 2000, 12:00 AM",,0
"8,785","101,065",45,19998,"September 5, 2025, 8:11 PM","September 5, 2025, 8:11 PM",,"January 1, 2000, 12:00 AM",,0
"8,786","83,510",12,10074602,"September 5, 2025, 8:22 PM","September 5, 2025, 8:22 PM",,"January 1, 2000, 12:00 AM",,0
"8,787","101,059",45,38475,"September 5, 2025, 8:47 PM","September 5, 2025, 8:47 PM",,"January 1, 2000, 12:00 AM",,0
"8,788","101,041",36,4098,"September 5, 2025, 8:55 PM","September 5, 2025, 8:55 PM",,"January 1, 2000, 12:00 AM",,0
"8,789","100,700",34,5424,"September 5, 2025, 9:02 PM","September 5, 2025, 9:02 PM",,"January 1, 2000, 12:00 AM",,0
"8,790","100,393",34,331,"September 5, 2025, 9:07 PM","September 5, 2025, 9:07 PM",,"January 1, 2000, 12:00 AM",,0
"8,792","88,887",34,1279,"September 5, 2025, 11:36 PM","September 5, 2025, 11:36 PM",,"January 1, 2000, 12:00 AM",,0
"8,793","90,104",11,13643,"September 6, 2025, 2:21 AM","September 6, 2025, 2:21 AM",,"January 1, 2000, 12:00 AM",,0
"8,794","100,238",11,31456,"September 6, 2025, 2:39 AM","September 6, 2025, 2:39 AM",,"January 1, 2000, 12:00 AM",,0
"8,795","101,048",36,1431,"September 6, 2025, 12:48 PM","September 6, 2025, 12:48 PM",,"January 1, 2000, 12:00 AM",,0
"8,796","82,759",45,24376,"September 6, 2025, 2:22 PM","September 6, 2025, 2:22 PM",,"January 1, 2000, 12:00 AM",,0
"8,797","100,373",18,	100373,"September 6, 2025, 2:38 PM","September 6, 2025, 2:38 PM",,"January 1, 2000, 12:00 AM",,0
"8,798","101,071",10,Z848,"September 6, 2025, 3:18 PM","September 6, 2025, 3:18 PM",,"January 1, 2000, 12:00 AM",,0
"8,799","87,717",18,5258,"September 6, 2025, 3:53 PM","September 6, 2025, 3:53 PM",,"January 1, 2000, 12:00 AM",,0
"8,800","100,721",12,6053302,"September 6, 2025, 4:40 PM","September 6, 2025, 4:40 PM",,"January 1, 2000, 12:00 AM",,0
"8,801","100,832",25,251510,"September 6, 2025, 8:06 PM","September 6, 2025, 8:06 PM",,"January 1, 2000, 12:00 AM",,0
"8,802","90,313",25,251510,"September 6, 2025, 8:07 PM","September 6, 2025, 8:07 PM",,"January 1, 2000, 12:00 AM",,0
"8,803","85,402",18,784,"September 8, 2025, 12:49 AM","September 8, 2025, 12:49 AM",,"January 1, 2000, 12:00 AM",,0
"8,804","100,214",18,784,"September 8, 2025, 12:52 AM","September 8, 2025, 12:52 AM",,"January 1, 2000, 12:00 AM",,0
"8,805","88,369",11,7054,"September 8, 2025, 1:18 AM","September 8, 2025, 1:18 AM",,"January 1, 2000, 12:00 AM",,0
"8,806","88,661",11,4907,"September 8, 2025, 1:22 AM","September 8, 2025, 1:22 AM",,"January 1, 2000, 12:00 AM",,0
"8,808","87,996",11,6291,"September 8, 2025, 1:33 AM","September 8, 2025, 1:33 AM",,"January 1, 2000, 12:00 AM",,0
"8,809","89,720",11,5959,"September 8, 2025, 1:40 AM","September 8, 2025, 1:40 AM",,"January 1, 2000, 12:00 AM",,0
"8,811","89,160",11,5013,"September 8, 2025, 1:56 AM","September 8, 2025, 1:56 AM",,"January 1, 2000, 12:00 AM",,0
"8,812","89,760",11,6040,"September 8, 2025, 2:01 AM","September 8, 2025, 2:01 AM",,"January 1, 2000, 12:00 AM",,0
"8,813","86,004",11,10658,"September 8, 2025, 2:23 AM","September 8, 2025, 2:23 AM",,"January 1, 2000, 12:00 AM",,0
"8,814","89,946",10,z1120,"September 8, 2025, 2:35 AM","September 8, 2025, 2:35 AM",,"January 1, 2000, 12:00 AM",,0
"8,815","88,469",18,3405,"September 8, 2025, 3:30 AM","September 8, 2025, 3:30 AM",,"January 1, 2000, 12:00 AM",,0
"8,816","101,075",18,4996,"September 8, 2025, 12:27 PM","September 8, 2025, 12:27 PM",,"January 1, 2000, 12:00 AM",,0
"8,818","83,934",45,13290,"September 8, 2025, 2:41 PM","September 8, 2025, 2:41 PM",,"January 1, 2000, 12:00 AM",,0
"8,819","81,857",42,289,"September 8, 2025, 4:59 PM","September 8, 2025, 4:59 PM",,"January 1, 2000, 12:00 AM",,0
"8,820","88,437",36,2773,"September 8, 2025, 6:52 PM","September 8, 2025, 6:52 PM",,"January 1, 2000, 12:00 AM",,0
"8,821","101,081",10,1077,"September 8, 2025, 9:32 PM","September 8, 2025, 9:32 PM",,"January 1, 2000, 12:00 AM",,0
"8,822","101,081",11,103000,"September 8, 2025, 9:33 PM","September 8, 2025, 9:33 PM",,"January 1, 2000, 12:00 AM",,0
"8,823","101,081",12,10044601,"September 8, 2025, 9:33 PM","September 8, 2025, 9:33 PM",,"January 1, 2000, 12:00 AM",,0
"8,824","101,080",10,546,"September 8, 2025, 9:34 PM","September 8, 2025, 9:34 PM",,"January 1, 2000, 12:00 AM",,0
"8,825","101,080",11,5344,"September 8, 2025, 9:37 PM","September 8, 2025, 9:37 PM",,"January 1, 2000, 12:00 AM",,0
"8,826","101,066",12,10074601,"September 8, 2025, 10:14 PM","September 8, 2025, 10:14 PM",,"January 1, 2000, 12:00 AM",,0
"8,827","101,067",12,10074602,"September 8, 2025, 10:15 PM","September 8, 2025, 10:15 PM",,"January 1, 2000, 12:00 AM",,0
"8,828","101,008",11,108210,"September 9, 2025, 10:44 AM","September 9, 2025, 10:44 AM",,"January 1, 2000, 12:00 AM",,0
"8,829","101,008",45,37420,"September 9, 2025, 10:44 AM","September 9, 2025, 10:44 AM",,"January 1, 2000, 12:00 AM",,0
"8,830","101,008",12,10012701,"September 9, 2025, 10:45 AM","September 9, 2025, 10:45 AM",,"January 1, 2000, 12:00 AM",,0
"8,831","100,931",9,7511,"September 9, 2025, 12:11 PM","September 9, 2025, 12:11 PM",,"January 1, 2000, 12:00 AM",,0
"8,832","87,315",11,106337,"September 9, 2025, 12:31 PM","September 9, 2025, 12:31 PM",,"January 1, 2000, 12:00 AM",,0
"8,833","101,070",36,339,"September 9, 2025, 12:32 PM","September 9, 2025, 12:32 PM",,"January 1, 2000, 12:00 AM",,0
"8,834","101,070",22,100835,"September 9, 2025, 12:33 PM","September 9, 2025, 12:33 PM",,"January 1, 2000, 12:00 AM",,0
"8,836","101,082",10,z1420,"September 9, 2025, 2:46 PM","September 9, 2025, 2:46 PM",,"January 1, 2000, 12:00 AM",,0
"8,837","89,620",12,7775701,"September 9, 2025, 5:27 PM","September 9, 2025, 5:27 PM",,"January 1, 2000, 12:00 AM",,0
"8,838","101,089",11,123456,"September 9, 2025, 5:49 PM","September 9, 2025, 5:49 PM",,"January 1, 2000, 12:00 AM",,0
"8,839","101,089",25,456789,"September 9, 2025, 5:49 PM","September 9, 2025, 5:49 PM",,"January 1, 2000, 12:00 AM",,0
"8,840","101,088",36,3667,"September 9, 2025, 5:53 PM","September 9, 2025, 5:53 PM",,"January 1, 2000, 12:00 AM",,0
"8,841","86,189",45,15260,"September 9, 2025, 5:57 PM","September 9, 2025, 5:57 PM",,"January 1, 2000, 12:00 AM",,0
"8,842","101,089",12,8063701,"September 9, 2025, 6:00 PM","September 9, 2025, 6:00 PM",,"January 1, 2000, 12:00 AM",,0
"8,843","101,090",42,495,"September 9, 2025, 6:27 PM","September 9, 2025, 6:27 PM",,"January 1, 2000, 12:00 AM",,0
"8,844","100,965",36,111,"September 9, 2025, 7:39 PM","September 9, 2025, 7:39 PM",,"January 1, 2000, 12:00 AM",,0
"8,845","100,965",22,100023,"September 9, 2025, 7:39 PM","September 9, 2025, 7:39 PM",,"January 1, 2000, 12:00 AM",,0
"8,846","100,965",9,5901,"September 9, 2025, 7:42 PM","September 9, 2025, 7:42 PM",,"January 1, 2000, 12:00 AM",,0
"8,847","100,712",45,26193,"September 9, 2025, 8:21 PM","September 9, 2025, 8:21 PM",,"January 1, 2000, 12:00 AM",,0
"8,848","101,093",42,1377,"September 9, 2025, 9:17 PM","September 9, 2025, 9:17 PM",,"January 1, 2000, 12:00 AM",,0
"8,849","101,084",25,101084,"September 9, 2025, 9:57 PM","September 9, 2025, 9:57 PM",,"January 1, 2000, 12:00 AM",,0
"8,850","101,086",32,63691,"September 10, 2025, 12:46 AM","September 10, 2025, 12:46 AM",,"January 1, 2000, 12:00 AM",,0
"8,755","89,862",18,3580,"September 5, 2025, 12:10 AM","September 5, 2025, 12:10 AM",,"January 1, +1000000000, 12:00 AM",,0
"8,852","101,096",42,3516,"September 10, 2025, 3:35 PM","September 10, 2025, 3:35 PM",,"January 1, 2000, 12:00 AM",,0
"8,853","88,568",45,20088,"September 10, 2025, 3:57 PM","September 10, 2025, 3:57 PM",,"January 1, 2000, 12:00 AM",,0
"8,854","82,618",11,115391,"September 10, 2025, 4:33 PM","September 10, 2025, 4:33 PM",,"January 1, 2000, 12:00 AM",,0
"8,855","82,618",36,1428,"September 10, 2025, 4:33 PM","September 10, 2025, 4:33 PM",,"January 1, 2000, 12:00 AM",,0
"8,856","82,618",12,3591001,"September 10, 2025, 4:33 PM","September 10, 2025, 4:33 PM",,"January 1, 2000, 12:00 AM",,0
"8,857","83,623",44,101261,"September 10, 2025, 5:55 PM","September 10, 2025, 5:55 PM",,"January 1, 2000, 12:00 AM",,0
"4,911","87,752",25,200344,"August 1, 2025, 11:34 AM","August 1, 2025, 11:34 AM",,"January 1, +1000000000, 12:00 AM",,0
"8,807","89,237",11,4044,"September 8, 2025, 1:29 AM","September 8, 2025, 1:29 AM",,"January 1, +1000000000, 12:00 AM",,0
"8,851","100,958",45,19348,"September 10, 2025, 3:28 PM","October 8, 2025, 6:55 PM",,"January 1, 2000, 12:00 AM",,0
"8,835","84,457",25,211874,"September 9, 2025, 12:57 PM","September 9, 2025, 12:57 PM",,"January 1, +1000000000, 12:00 AM",,0
"6,069","89,066",35,14259,"August 2, 2025, 1:48 PM","August 2, 2025, 1:48 PM",,"January 1, +1000000000, 12:00 AM",,0
"5,758","89,237",45,22216,"August 1, 2025, 11:35 AM","August 1, 2025, 11:35 AM",,"January 1, +1000000000, 12:00 AM",,0
"8,858","101,091",36,3710,"September 10, 2025, 6:03 PM","September 10, 2025, 6:03 PM",,"January 1, 2000, 12:00 AM",,0
"8,859","101,102",11,13499,"September 10, 2025, 6:35 PM","September 10, 2025, 6:35 PM",,"January 1, 2000, 12:00 AM",,0
"8,860","101,092",45,26171,"September 10, 2025, 6:43 PM","September 10, 2025, 6:43 PM",,"January 1, 2000, 12:00 AM",,0
"8,861","89,108",44,105458,"September 10, 2025, 9:30 PM","September 10, 2025, 9:30 PM",,"January 1, 2000, 12:00 AM",,0
"8,863","101,101",42,384,"September 10, 2025, 9:42 PM","September 10, 2025, 9:42 PM",,"January 1, 2000, 12:00 AM",,0
"8,864","101,101",45,20977,"September 10, 2025, 9:43 PM","September 10, 2025, 9:43 PM",,"January 1, 2000, 12:00 AM",,0
"8,865","101,104",24,1887,"September 10, 2025, 9:53 PM","September 10, 2025, 9:53 PM",,"January 1, 2000, 12:00 AM",,0
"8,866","100,739",36,4384,"September 10, 2025, 10:10 PM","September 10, 2025, 10:10 PM",,"January 1, 2000, 12:00 AM",,0
"8,867","89,561",45,23360,"September 10, 2025, 11:45 PM","September 10, 2025, 11:45 PM",,"January 1, 2000, 12:00 AM",,0
"8,868","101,106",32,27985,"September 10, 2025, 11:50 PM","September 10, 2025, 11:50 PM",,"January 1, 2000, 12:00 AM",,0
"8,869","82,656",45,32966,"September 11, 2025, 12:14 AM","September 11, 2025, 12:14 AM",,"January 1, 2000, 12:00 AM",,0
"8,870","89,382",45,37459,"September 11, 2025, 1:00 PM","September 11, 2025, 1:00 PM",,"January 1, 2000, 12:00 AM",,0
"8,871","87,030",10,673,"September 11, 2025, 2:16 PM","September 11, 2025, 2:16 PM",,"January 1, 2000, 12:00 AM",,0
"8,872","101,108",45,16794,"September 11, 2025, 2:21 PM","September 11, 2025, 2:21 PM",,"January 1, 2000, 12:00 AM",,0
"8,873","101,012",42,504,"September 11, 2025, 2:52 PM","September 11, 2025, 2:52 PM",,"January 1, 2000, 12:00 AM",,0
"8,874","101,006",45,25472,"September 11, 2025, 3:18 PM","September 11, 2025, 3:18 PM",,"January 1, 2000, 12:00 AM",,0
"8,876","89,799",45,26181,"September 11, 2025, 7:58 PM","September 11, 2025, 7:58 PM",,"January 1, 2000, 12:00 AM",,0
"8,877","90,524",45,21829,"September 11, 2025, 7:58 PM","September 11, 2025, 7:58 PM",,"January 1, 2000, 12:00 AM",,0
"8,878","87,980",45,10797,"September 11, 2025, 7:58 PM","September 11, 2025, 7:58 PM",,"January 1, 2000, 12:00 AM",,0
"8,880","101,094",44,200920,"September 11, 2025, 10:34 PM","September 11, 2025, 10:34 PM",,"January 1, 2000, 12:00 AM",,0
"8,810","81,821",11,7182,"September 8, 2025, 1:49 AM","September 8, 2025, 1:49 AM",,"January 1, +1000000000, 12:00 AM",,0
"8,881","83,970",11,10658,"September 11, 2025, 11:09 PM","September 11, 2025, 11:09 PM",,"January 1, 2000, 12:00 AM",,0
"8,882","81,733",11,13607,"September 11, 2025, 11:15 PM","September 11, 2025, 11:15 PM",,"January 1, 2000, 12:00 AM",,0
"8,883","82,649",32,27247,"September 12, 2025, 12:42 AM","September 12, 2025, 12:42 AM",,"January 1, 2000, 12:00 AM",,0
"8,884","89,868",11,113334,"September 12, 2025, 3:43 AM","September 12, 2025, 3:43 AM",,"January 1, 2000, 12:00 AM",,0
"8,885","89,863",11,113334,"September 12, 2025, 3:44 AM","September 12, 2025, 3:44 AM",,"January 1, +1000000000, 12:00 AM",,0
"8,886","101,109",9,5270,"September 12, 2025, 12:10 PM","September 12, 2025, 12:10 PM",,"January 1, 2000, 12:00 AM",,0
"8,888","100,744",21,3333,"September 12, 2025, 12:56 PM","September 12, 2025, 12:56 PM",,"January 1, 2000, 12:00 AM",,0
"8,889","101,050",12,8803901,"September 12, 2025, 1:32 PM","September 12, 2025, 1:32 PM",,"January 1, 2000, 12:00 AM",,0
"8,890","101,050",9,1000005853,"September 12, 2025, 1:34 PM","September 12, 2025, 1:34 PM",,"January 1, 2000, 12:00 AM",,0
"8,891","101,050",18,3119,"September 12, 2025, 1:34 PM","September 12, 2025, 1:34 PM",,"January 1, 2000, 12:00 AM",,0
"8,930","101,047",11,109693,"September 15, 2025, 3:36 PM","September 15, 2025, 3:36 PM",,"January 1, 2000, 12:00 AM",,0
"8,893","101,100",11,103351,"September 12, 2025, 2:17 PM","September 12, 2025, 2:17 PM",,"January 1, 2000, 12:00 AM",,0
"8,894","101,098",36,3670,"September 12, 2025, 2:36 PM","September 12, 2025, 2:36 PM",,"January 1, 2000, 12:00 AM",,0
"8,895","87,290",45,36091,"September 12, 2025, 2:40 PM","September 12, 2025, 2:40 PM",,"January 1, 2000, 12:00 AM",,0
"8,896","84,261",22,109199,"September 12, 2025, 4:03 PM","September 12, 2025, 4:03 PM",,"January 1, 2000, 12:00 AM",,0
"8,897","100,866",34,2583,"September 12, 2025, 5:23 PM","September 12, 2025, 5:23 PM",,"January 1, 2000, 12:00 AM",,0
"8,898","101,087",45,27111,"September 12, 2025, 5:26 PM","September 12, 2025, 5:26 PM",,"January 1, 2000, 12:00 AM",,0
"8,899","100,893",11,106586,"September 12, 2025, 5:33 PM","September 12, 2025, 5:33 PM",,"January 1, 2000, 12:00 AM",,0
"8,900","101,072",18,72,"September 12, 2025, 6:06 PM","September 12, 2025, 6:06 PM",,"January 1, 2000, 12:00 AM",,0
"8,901","100,707",9,10246,"September 12, 2025, 7:01 PM","September 12, 2025, 7:01 PM",,"January 1, 2000, 12:00 AM",,0
"8,902","100,707",45,38176,"September 12, 2025, 7:01 PM","September 12, 2025, 7:01 PM",,"January 1, 2000, 12:00 AM",,0
"8,903","82,360",22,110441,"September 12, 2025, 9:43 PM","September 12, 2025, 9:43 PM",,"January 1, 2000, 12:00 AM",,0
"8,904","88,236",11,5632,"September 13, 2025, 12:59 AM","September 13, 2025, 12:59 AM",,"January 1, 2000, 12:00 AM",,0
"8,905","88,419",11,5635,"September 13, 2025, 12:59 AM","September 13, 2025, 12:59 AM",,"January 1, 2000, 12:00 AM",,0
"8,906","88,238",11,5630,"September 13, 2025, 12:59 AM","September 13, 2025, 12:59 AM",,"January 1, 2000, 12:00 AM",,0
"8,907","89,653",11,5633,"September 13, 2025, 12:59 AM","September 13, 2025, 12:59 AM",,"January 1, 2000, 12:00 AM",,0
"8,908","90,469",11,5629,"September 13, 2025, 12:59 AM","September 13, 2025, 12:59 AM",,"January 1, 2000, 12:00 AM",,0
"8,909","90,470",11,5636,"September 13, 2025, 12:59 AM","September 13, 2025, 12:59 AM",,"January 1, 2000, 12:00 AM",,0
"8,910","87,985",11,5628,"September 13, 2025, 12:59 AM","September 13, 2025, 12:59 AM",,"January 1, 2000, 12:00 AM",,0
"8,911","89,220",11,4031,"September 13, 2025, 12:59 AM","September 13, 2025, 12:59 AM",,"January 1, 2000, 12:00 AM",,0
"8,912","87,983",11,10647,"September 13, 2025, 12:59 AM","September 13, 2025, 12:59 AM",,"January 1, 2000, 12:00 AM",,0
"8,913","90,231",11,13452,"September 13, 2025, 12:59 AM","September 13, 2025, 12:59 AM",,"January 1, 2000, 12:00 AM",,0
"8,914","87,917",11,626,"September 13, 2025, 12:59 AM","September 13, 2025, 12:59 AM",,"January 1, 2000, 12:00 AM",,0
"8,915","90,515",25,250277,"September 13, 2025, 3:04 PM","September 13, 2025, 3:04 PM",,"January 1, 2000, 12:00 AM",,0
"8,916","83,801",34,3570,"September 13, 2025, 5:38 PM","September 13, 2025, 5:38 PM",,"January 1, 2000, 12:00 AM",,0
"8,917","89,097",34,1778,"September 13, 2025, 6:10 PM","September 13, 2025, 6:10 PM",,"January 1, 2000, 12:00 AM",,0
"8,918","101,058",18,4404,"September 13, 2025, 6:51 PM","September 13, 2025, 6:51 PM",,"January 1, 2000, 12:00 AM",,0
"8,919","101,058",45,26718,"September 13, 2025, 6:51 PM","September 13, 2025, 6:51 PM",,"January 1, 2000, 12:00 AM",,0
"8,921","101,121",11,170678,"September 15, 2025, 4:01 AM","September 15, 2025, 4:01 AM",,"January 1, 2000, 12:00 AM",,0
"8,922","101,121",18,705,"September 15, 2025, 4:02 AM","September 15, 2025, 4:02 AM",,"January 1, 2000, 12:00 AM",,0
"8,923","100,971",18,4410,"September 15, 2025, 12:52 PM","September 15, 2025, 12:52 PM",,"January 1, 2000, 12:00 AM",,0
"8,924","101,114",36,3666,"September 15, 2025, 12:52 PM","September 15, 2025, 12:52 PM",,"January 1, 2000, 12:00 AM",,0
"8,925","100,971",9,1000005881,"September 15, 2025, 12:53 PM","September 15, 2025, 12:53 PM",,"January 1, 2000, 12:00 AM",,0
"8,926","100,476",11,9153,"September 15, 2025, 1:08 PM","September 15, 2025, 1:08 PM",,"January 1, 2000, 12:00 AM",,0
"8,927","101,125",10,Z837,"September 15, 2025, 2:14 PM","September 15, 2025, 2:14 PM",,"January 1, 2000, 12:00 AM",,0
"8,928","100,985",11,5192,"September 15, 2025, 2:47 PM","September 15, 2025, 2:47 PM",,"January 1, 2000, 12:00 AM",,0
"8,929","100,985",45,12383,"September 15, 2025, 2:47 PM","September 15, 2025, 2:47 PM",,"January 1, 2000, 12:00 AM",,0
"8,931","89,687",44,100364,"September 15, 2025, 4:08 PM","September 15, 2025, 4:08 PM",,"January 1, 2000, 12:00 AM",,0
"8,932","101,112",36,4397,"September 15, 2025, 4:23 PM","September 15, 2025, 4:23 PM",,"January 1, 2000, 12:00 AM",,0
"8,933","101,051",18,2444,"September 15, 2025, 4:36 PM","September 15, 2025, 4:36 PM",,"January 1, 2000, 12:00 AM",,0
"8,934","90,334",45,11518,"September 15, 2025, 5:11 PM","September 15, 2025, 5:11 PM",,"January 1, 2000, 12:00 AM",,0
"8,935","90,528",45,23095,"September 15, 2025, 5:11 PM","September 15, 2025, 5:11 PM",,"January 1, 2000, 12:00 AM",,0
"8,936","100,398",45,36575,"September 15, 2025, 5:26 PM","September 15, 2025, 5:26 PM",,"January 1, 2000, 12:00 AM",,0
"8,937","81,785",11,107858,"September 15, 2025, 5:57 PM","September 15, 2025, 5:57 PM",,"January 1, 2000, 12:00 AM",,0
"8,938","101,116",36,3663,"September 15, 2025, 5:58 PM","September 15, 2025, 5:58 PM",,"January 1, 2000, 12:00 AM",,0
"8,939","100,986",45,11277,"September 15, 2025, 6:38 PM","September 15, 2025, 6:38 PM",,"January 1, 2000, 12:00 AM",,0
"8,940","101,127",25,250671,"September 15, 2025, 6:44 PM","September 15, 2025, 6:44 PM",,"January 1, 2000, 12:00 AM",,0
"8,941","101,128",25,250733,"September 15, 2025, 6:47 PM","September 15, 2025, 6:47 PM",,"January 1, 2000, 12:00 AM",,0
"8,942","101,129",25,203197,"September 15, 2025, 6:53 PM","September 15, 2025, 6:53 PM",,"January 1, 2000, 12:00 AM",,0
"8,943","85,470",36,1799,"September 15, 2025, 7:50 PM","September 15, 2025, 7:50 PM",,"January 1, 2000, 12:00 AM",,0
"8,945","84,684",34,2940,"September 15, 2025, 9:13 PM","September 15, 2025, 9:13 PM",,"January 1, 2000, 12:00 AM",,0
"8,653","100,701",18,4529,"August 29, 2025, 10:28 PM","August 29, 2025, 10:28 PM",,"January 1, +1000000000, 12:00 AM",,0
"8,946","101,119",9,1000004584,"September 15, 2025, 11:30 PM","September 15, 2025, 11:30 PM",,"January 1, 2000, 12:00 AM",,0
"8,947","100,988",45,19863,"September 16, 2025, 3:51 AM","September 16, 2025, 3:51 AM",,"January 1, 2000, 12:00 AM",,0
"8,948","101,131",25,202305,"September 16, 2025, 10:55 AM","September 16, 2025, 10:55 AM",,"January 1, 2000, 12:00 AM",,0
"8,949","101,132",25,251447,"September 16, 2025, 11:05 AM","September 16, 2025, 11:05 AM",,"January 1, 2000, 12:00 AM",,0
"8,950","101,123",44,201156,"September 16, 2025, 12:13 PM","September 16, 2025, 12:13 PM",,"January 1, 2000, 12:00 AM",,0
"8,951","101,134",24,1578,"September 16, 2025, 1:34 PM","September 16, 2025, 1:34 PM",,"January 1, 2000, 12:00 AM",,0
"8,952","101,135",18,5404,"September 16, 2025, 1:53 PM","September 16, 2025, 1:53 PM",,"January 1, 2000, 12:00 AM",,0
"8,953","100,744",42,2680,"September 16, 2025, 2:11 PM","September 16, 2025, 2:11 PM",,"January 1, 2000, 12:00 AM",,0
"8,954","85,295",25,206594,"September 16, 2025, 2:27 PM","September 16, 2025, 2:27 PM",,"January 1, 2000, 12:00 AM",,0
"8,955","90,323",45,11060,"September 16, 2025, 2:40 PM","September 16, 2025, 2:40 PM",,"January 1, 2000, 12:00 AM",,0
"8,956","87,971",11,243,"September 16, 2025, 2:41 PM","September 16, 2025, 2:41 PM",,"January 1, 2000, 12:00 AM",,0
"8,957","101,099",45,28285,"September 16, 2025, 2:53 PM","September 16, 2025, 2:53 PM",,"January 1, 2000, 12:00 AM",,0
"8,958","85,941",9,16,"September 16, 2025, 3:02 PM","September 16, 2025, 3:02 PM",,"January 1, 2000, 12:00 AM",,0
"8,959","83,673",32,26364,"September 16, 2025, 3:41 PM","September 16, 2025, 3:41 PM",,"January 1, 2000, 12:00 AM",,0
"8,960","85,734",34,5142,"September 16, 2025, 4:59 PM","September 16, 2025, 4:59 PM",,"January 1, 2000, 12:00 AM",,0
"8,961","90,362",34,5608,"September 16, 2025, 5:26 PM","September 16, 2025, 5:26 PM",,"January 1, 2000, 12:00 AM",,0
"8,962","100,990",45,36575,"September 16, 2025, 5:42 PM","September 16, 2025, 5:42 PM",,"January 1, 2000, 12:00 AM",,0
"8,963","90,350",34,2521,"September 16, 2025, 6:01 PM","September 16, 2025, 6:01 PM",,"January 1, 2000, 12:00 AM",,0
"8,964","88,160",34,2525,"September 16, 2025, 6:01 PM","September 16, 2025, 6:01 PM",,"January 1, 2000, 12:00 AM",,0
"8,965","88,417",34,2523,"September 16, 2025, 6:01 PM","September 16, 2025, 6:01 PM",,"January 1, 2000, 12:00 AM",,0
"8,966","88,708",34,2524,"September 16, 2025, 6:01 PM","September 16, 2025, 6:01 PM",,"January 1, 2000, 12:00 AM",,0
"8,967","88,983",34,2828,"September 16, 2025, 6:01 PM","September 16, 2025, 6:01 PM",,"January 1, 2000, 12:00 AM",,0
"8,968","100,894",9,2440,"September 16, 2025, 6:18 PM","September 16, 2025, 6:18 PM",,"January 1, 2000, 12:00 AM",,0
"8,969","100,894",36,395,"September 16, 2025, 6:19 PM","September 16, 2025, 6:19 PM",,"January 1, 2000, 12:00 AM",,0
"8,970","101,115",36,3918,"September 16, 2025, 6:20 PM","September 16, 2025, 6:20 PM",,"January 1, 2000, 12:00 AM",,0
"8,971","100,920",18,5132,"September 16, 2025, 8:31 PM","September 16, 2025, 8:31 PM",,"January 1, 2000, 12:00 AM",,0
"8,972","101,137",9,1000007602,"September 16, 2025, 8:40 PM","September 16, 2025, 8:40 PM",,"January 1, 2000, 12:00 AM",,0
"8,973","84,659",9,7655,"September 16, 2025, 8:45 PM","September 16, 2025, 8:45 PM",,"January 1, 2000, 12:00 AM",,0
"8,974","84,659",45,26516,"September 16, 2025, 8:45 PM","September 16, 2025, 8:45 PM",,"January 1, 2000, 12:00 AM",,0
"8,975","100,844",9,9739,"September 16, 2025, 10:42 PM","September 16, 2025, 10:42 PM",,"January 1, 2000, 12:00 AM",,0
"8,976","84,528",12,9485704,"September 17, 2025, 9:42 AM","September 17, 2025, 9:42 AM",,"January 1, 2000, 12:00 AM",,0
"8,977","101,141",18,4438,"September 17, 2025, 11:41 AM","September 17, 2025, 11:41 AM",,"January 1, 2000, 12:00 AM",,0
"8,978","101,141",45,33247,"September 17, 2025, 11:41 AM","September 17, 2025, 11:41 AM",,"January 1, 2000, 12:00 AM",,0
"8,980","87,784",11,5608,"September 17, 2025, 1:33 PM","September 17, 2025, 1:33 PM",,"January 1, 2000, 12:00 AM",,0
"8,981","101,142",44,104371,"September 17, 2025, 2:27 PM","September 17, 2025, 2:27 PM",,"January 1, 2000, 12:00 AM",,0
"8,982","100,677",10,z1331,"September 17, 2025, 3:30 PM","September 17, 2025, 3:30 PM",,"January 1, 2000, 12:00 AM",,0
"8,983","101,126",36,2773,"September 17, 2025, 4:35 PM","September 17, 2025, 4:35 PM",,"January 1, 2000, 12:00 AM",,0
"8,984","101,144",10,164,"September 17, 2025, 5:43 PM","September 17, 2025, 5:50 PM",,"January 1, 2000, 12:00 AM",,0
"8,985","100,718",18,3487,"September 17, 2025, 10:19 PM","September 17, 2025, 10:19 PM",,"January 1, 2000, 12:00 AM",,0
"8,986","100,712",9,7106,"September 17, 2025, 10:47 PM","September 17, 2025, 10:47 PM",,"January 1, 2000, 12:00 AM",,0
"8,989","89,666",34,4582,"September 18, 2025, 1:34 PM","September 18, 2025, 1:34 PM",,"January 1, 2000, 12:00 AM",,0
"8,990","101,148",24,1578,"September 18, 2025, 1:41 PM","September 18, 2025, 1:41 PM",,"January 1, 2000, 12:00 AM",,0
"8,991","88,528",18,5587,"September 18, 2025, 2:33 PM","September 18, 2025, 2:33 PM",,"January 1, 2000, 12:00 AM",,0
"8,992","86,791",45,14057,"September 18, 2025, 2:44 PM","September 18, 2025, 2:44 PM",,"January 1, 2000, 12:00 AM",,0
"8,993","82,956",34,5641,"September 18, 2025, 3:07 PM","September 18, 2025, 3:07 PM",,"January 1, 2000, 12:00 AM",,0
"8,994","101,149",42,3537,"September 18, 2025, 3:39 PM","September 18, 2025, 3:39 PM",,"January 1, 2000, 12:00 AM",,0
"8,995","87,842",25,250986,"September 18, 2025, 5:02 PM","September 18, 2025, 5:02 PM",,"January 1, 2000, 12:00 AM",,0
"8,996","101,150",45,10776,"September 18, 2025, 5:04 PM","September 18, 2025, 5:04 PM",,"January 1, 2000, 12:00 AM",,0
"8,997","101,150",12,3068901,"September 18, 2025, 5:05 PM","September 18, 2025, 5:05 PM",,"January 1, 2000, 12:00 AM",,0
"8,998","101,151",25,251359,"September 18, 2025, 5:32 PM","September 18, 2025, 5:32 PM",,"January 1, 2000, 12:00 AM",,0
"8,999","101,152",25,202576,"September 18, 2025, 5:44 PM","September 18, 2025, 5:44 PM",,"January 1, 2000, 12:00 AM",,0
"9,000","89,958",34,4827,"September 18, 2025, 6:19 PM","September 18, 2025, 6:19 PM",,"January 1, 2000, 12:00 AM",,0
"9,001","101,140",18,4521,"September 18, 2025, 7:17 PM","September 18, 2025, 7:17 PM",,"January 1, 2000, 12:00 AM",,0
"9,002","89,603",45,29845,"September 18, 2025, 7:35 PM","September 18, 2025, 7:35 PM",,"January 1, 2000, 12:00 AM",,0
"9,016","101,049",32,25384,"September 22, 2025, 1:11 PM","September 22, 2025, 1:11 PM",,"January 1, 2000, 12:00 AM",,0
"9,003","101,153",42,2689,"September 18, 2025, 9:56 PM","September 18, 2025, 10:03 PM",,"January 1, 2000, 12:00 AM",,0
"9,005","87,668",45,35201,"September 18, 2025, 10:03 PM","September 18, 2025, 10:03 PM",,"January 1, 2000, 12:00 AM",,0
"9,004","101,153",11,109235,"September 18, 2025, 9:57 PM","September 18, 2025, 10:06 PM",,"January 1, 2000, 12:00 AM",,0
"9,006","86,447",18,4157,"September 19, 2025, 2:21 AM","September 19, 2025, 2:21 AM",,"January 1, 2000, 12:00 AM",,0
"9,007","83,858",18,2444,"September 19, 2025, 2:24 AM","September 19, 2025, 2:24 AM",,"January 1, 2000, 12:00 AM",,0
"9,010","84,354",45,22580,"September 19, 2025, 6:25 PM","September 19, 2025, 6:25 PM",,"January 1, 2000, 12:00 AM",,0
"9,011","84,532",36,4528,"September 20, 2025, 9:13 PM","September 20, 2025, 9:13 PM",,"January 1, 2000, 12:00 AM",,0
"9,012","88,865",45,20129,"September 20, 2025, 9:42 PM","September 20, 2025, 9:42 PM",,"January 1, 2000, 12:00 AM",,0
"9,013","88,860",45,14267,"September 20, 2025, 9:43 PM","September 20, 2025, 9:43 PM",,"January 1, 2000, 12:00 AM",,0
"9,009","100,695",9,5704,"September 19, 2025, 3:22 PM","September 19, 2025, 3:22 PM",,"January 1, +1000000000, 12:00 AM",,0
"9,015","84,682",35,13800,"September 22, 2025, 12:45 PM","September 22, 2025, 12:45 PM",,"January 1, 2000, 12:00 AM",,0
"9,018","101,175",35,15872,"September 22, 2025, 2:34 PM","September 22, 2025, 2:34 PM",,"January 1, 2000, 12:00 AM",,0
"9,020","101,160",11,106702,"September 22, 2025, 3:43 PM","September 22, 2025, 3:43 PM",,"January 1, 2000, 12:00 AM",,0
"9,022","90,491",45,11039,"September 22, 2025, 4:54 PM","September 22, 2025, 4:54 PM",,"January 1, 2000, 12:00 AM",,0
"9,024","90,182",11,12744,"September 22, 2025, 5:07 PM","September 22, 2025, 5:07 PM",,"January 1, 2000, 12:00 AM",,0
"9,025","88,391",11,9249,"September 22, 2025, 5:11 PM","September 22, 2025, 5:11 PM",,"January 1, 2000, 12:00 AM",,0
"9,026","82,171",45,26538,"September 22, 2025, 5:26 PM","September 22, 2025, 5:26 PM",,"January 1, +1000000000, 12:00 AM",,0
"9,021","85,943",45,19393,"September 22, 2025, 4:42 PM","September 22, 2025, 4:42 PM",,"January 1, +1000000000, 12:00 AM",,0
"8,987","100,967",9,1000007714,"September 18, 2025, 1:22 AM","September 24, 2025, 6:07 PM",,"January 1, 2000, 12:00 AM",,0
"8,944","82,161",44,103548,"September 15, 2025, 8:37 PM","September 29, 2025, 2:58 PM",,"January 1, 2000, 12:00 AM",,0
"9,008","83,376",18,5253,"September 19, 2025, 2:54 AM","September 19, 2025, 2:54 AM",,"January 1, +1000000000, 12:00 AM",,0
"9,019","100,218",9,1000006234,"September 22, 2025, 3:14 PM","September 22, 2025, 3:14 PM",,"January 1, +1000000000, 12:00 AM",,0
"9,030","86,671",18,5065,"September 22, 2025, 5:59 PM","September 22, 2025, 5:59 PM",,"January 1, 2000, 12:00 AM",,0
"8,979","100,688",22,110200,"September 17, 2025, 1:23 PM","September 22, 2025, 7:39 PM",,"January 1, 2000, 12:00 AM",,0
"9,031","100,998",45,16114,"September 22, 2025, 8:49 PM","September 22, 2025, 8:49 PM",,"January 1, 2000, 12:00 AM",,0
"9,033","86,297",36,5772,"September 22, 2025, 9:58 PM","September 22, 2025, 9:58 PM",,"January 1, 2000, 12:00 AM",,0
"9,034","87,911",11,1476,"September 23, 2025, 10:57 AM","September 23, 2025, 10:57 AM",,"January 1, 2000, 12:00 AM",,0
"9,035","88,633",11,1475,"September 23, 2025, 10:57 AM","September 23, 2025, 10:57 AM",,"January 1, 2000, 12:00 AM",,0
"9,036","87,811",11,1478,"September 23, 2025, 10:57 AM","September 23, 2025, 10:57 AM",,"January 1, 2000, 12:00 AM",,0
"9,037","88,457",11,1479,"September 23, 2025, 10:57 AM","September 23, 2025, 10:57 AM",,"January 1, 2000, 12:00 AM",,0
"9,038","88,168",11,857,"September 23, 2025, 10:57 AM","September 23, 2025, 10:57 AM",,"January 1, 2000, 12:00 AM",,0
"9,039","89,400",11,1782,"September 23, 2025, 10:57 AM","September 23, 2025, 10:57 AM",,"January 1, 2000, 12:00 AM",,0
"9,040","101,177",45,22256,"September 23, 2025, 1:28 PM","September 23, 2025, 1:28 PM",,"January 1, 2000, 12:00 AM",,0
"9,041","101,174",9,532,"September 23, 2025, 1:34 PM","September 23, 2025, 1:34 PM",,"January 1, 2000, 12:00 AM",,0
"9,043","90,532",11,10790,"September 23, 2025, 1:47 PM","September 23, 2025, 1:47 PM",,"January 1, 2000, 12:00 AM",,0
"9,044","81,974",44,106140,"September 23, 2025, 1:47 PM","September 23, 2025, 1:47 PM",,"January 1, 2000, 12:00 AM",,0
"9,046","82,128",45,10970,"September 23, 2025, 3:33 PM","September 23, 2025, 3:33 PM",,"January 1, 2000, 12:00 AM",,0
"9,047","86,749",44,105851,"September 23, 2025, 4:11 PM","September 23, 2025, 4:11 PM",,"January 1, 2000, 12:00 AM",,0
"5,311","90,163",12,10076401,"August 1, 2025, 11:34 AM","August 1, 2025, 11:34 AM",,"January 1, +1000000000, 12:00 AM",,0
"9,048","90,272",25,251321,"September 23, 2025, 4:26 PM","September 23, 2025, 4:26 PM",,"January 1, 2000, 12:00 AM",,0
"9,049","88,229",11,7410,"September 23, 2025, 5:49 PM","September 23, 2025, 5:49 PM",,"January 1, 2000, 12:00 AM",,0
"9,050","88,453",11,4879,"September 23, 2025, 5:49 PM","September 23, 2025, 5:49 PM",,"January 1, 2000, 12:00 AM",,0
"9,051","88,399",11,7447,"September 23, 2025, 5:49 PM","September 23, 2025, 5:49 PM",,"January 1, 2000, 12:00 AM",,0
"9,052","101,197",25,251239,"September 23, 2025, 6:52 PM","September 23, 2025, 6:52 PM",,"January 1, 2000, 12:00 AM",,0
"9,023","84,350",45,38439,"September 22, 2025, 5:03 PM","September 22, 2025, 5:03 PM",,"January 1, +1000000000, 12:00 AM",,0
"9,029","84,632",45,14718,"September 22, 2025, 5:52 PM","September 22, 2025, 5:52 PM",,"January 1, +1000000000, 12:00 AM",,0
"9,027","84,977",45,26989,"September 22, 2025, 5:35 PM","September 22, 2025, 5:35 PM",,"January 1, +1000000000, 12:00 AM",,0
"9,028","85,712",45,26990,"September 22, 2025, 5:43 PM","September 22, 2025, 5:43 PM",,"January 1, +1000000000, 12:00 AM",,0
"9,032","86,297",45,14774,"September 22, 2025, 9:58 PM","September 22, 2025, 9:58 PM",,"January 1, +1000000000, 12:00 AM",,0
"9,053","89,317",45,20732,"September 23, 2025, 7:28 PM","September 23, 2025, 7:28 PM",,"January 1, 2000, 12:00 AM",,0
"9,054","89,838",45,27432,"September 23, 2025, 7:30 PM","September 23, 2025, 7:30 PM",,"January 1, 2000, 12:00 AM",,0
"9,055","101,198",25,250341,"September 23, 2025, 8:55 PM","September 23, 2025, 8:55 PM",,"January 1, 2000, 12:00 AM",,0
"9,056","101,199",18,3530,"September 23, 2025, 8:57 PM","September 23, 2025, 8:57 PM",,"January 1, 2000, 12:00 AM",,0
"9,057","87,677",25,250305,"September 24, 2025, 12:04 PM","September 24, 2025, 12:04 PM",,"January 1, 2000, 12:00 AM",,0
"9,058","101,146",18,1642,"September 24, 2025, 12:27 PM","September 24, 2025, 12:27 PM",,"January 1, 2000, 12:00 AM",,0
"9,059","101,146",11,103085,"September 24, 2025, 12:27 PM","September 24, 2025, 12:27 PM",,"January 1, 2000, 12:00 AM",,0
"9,060","84,697",35,6034,"September 24, 2025, 1:33 PM","September 24, 2025, 1:33 PM",,"January 1, 2000, 12:00 AM",,0
"9,061","100,691",25,250781,"September 24, 2025, 1:57 PM","September 24, 2025, 1:57 PM",,"January 1, 2000, 12:00 AM",,0
"9,062","101,204",9,4876,"September 24, 2025, 2:40 PM","September 24, 2025, 2:40 PM",,"January 1, 2000, 12:00 AM",,0
"9,063","101,203",9,9017,"September 24, 2025, 2:41 PM","September 24, 2025, 2:41 PM",,"January 1, 2000, 12:00 AM",,0
"9,064","101,139",25,250432,"September 24, 2025, 3:18 PM","September 24, 2025, 3:18 PM",,"January 1, 2000, 12:00 AM",,0
"9,065","87,849",18,3185,"September 24, 2025, 5:59 PM","September 24, 2025, 5:59 PM",,"January 1, 2000, 12:00 AM",,0
"9,066","86,548",18,460,"September 24, 2025, 7:18 PM","September 24, 2025, 7:18 PM",,"January 1, 2000, 12:00 AM",,0
"9,067","101,210",18,6148,"September 24, 2025, 8:38 PM","September 24, 2025, 8:38 PM",,"January 1, 2000, 12:00 AM",,0
"9,069","100,689",44,106009,"September 24, 2025, 11:19 PM","September 24, 2025, 11:19 PM",,"January 1, 2000, 12:00 AM",,0
"9,070","90,121",45,33656,"September 25, 2025, 2:40 PM","September 25, 2025, 2:40 PM",,"January 1, 2000, 12:00 AM",,0
"9,071","83,286",35,15077,"September 25, 2025, 3:03 PM","September 25, 2025, 3:03 PM",,"January 1, +1000000000, 12:00 AM",,0
"9,073","100,917",10,z881,"September 25, 2025, 5:56 PM","September 25, 2025, 5:56 PM",,"January 1, 2000, 12:00 AM",,0
"9,074","100,697",42,2613,"September 25, 2025, 6:07 PM","September 25, 2025, 6:07 PM",,"January 1, 2000, 12:00 AM",,0
"9,075","100,696",42,2239,"September 25, 2025, 6:14 PM","September 25, 2025, 6:14 PM",,"January 1, 2000, 12:00 AM",,0
"9,076","101,224",11,107902,"September 25, 2025, 6:25 PM","September 25, 2025, 6:25 PM",,"January 1, 2000, 12:00 AM",,0
"9,077","101,225",34,4898,"September 25, 2025, 7:59 PM","September 25, 2025, 7:59 PM",,"January 1, 2000, 12:00 AM",,0
"9,078","101,225",45,11053,"September 25, 2025, 7:59 PM","September 25, 2025, 7:59 PM",,"January 1, 2000, 12:00 AM",,0
"9,079","101,218",11,5773,"September 26, 2025, 1:25 PM","September 26, 2025, 1:25 PM",,"January 1, 2000, 12:00 AM",,0
"9,080","88,859",32,3042,"September 26, 2025, 1:40 PM","September 26, 2025, 1:40 PM",,"January 1, 2000, 12:00 AM",,0
"9,081","83,921",9,2966,"September 26, 2025, 1:54 PM","September 26, 2025, 1:54 PM",,"January 1, 2000, 12:00 AM",,0
"9,082","83,206",44,106188,"September 26, 2025, 1:55 PM","September 26, 2025, 1:55 PM",,"January 1, 2000, 12:00 AM",,0
"9,083","101,230",11,105204,"September 26, 2025, 1:57 PM","September 26, 2025, 1:57 PM",,"January 1, 2000, 12:00 AM",,0
"9,084","89,634",21,40054,"September 26, 2025, 2:14 PM","September 26, 2025, 2:14 PM",,"January 1, 2000, 12:00 AM",,0
"9,085","101,231",18,4967,"September 26, 2025, 2:30 PM","September 26, 2025, 2:30 PM",,"January 1, 2000, 12:00 AM",,0
"9,086","101,231",45,26755,"September 26, 2025, 2:30 PM","September 26, 2025, 2:30 PM",,"January 1, 2000, 12:00 AM",,0
"9,087","101,231",11,104213,"September 26, 2025, 2:31 PM","September 26, 2025, 2:31 PM",,"January 1, 2000, 12:00 AM",,0
"9,088","100,803",9,5084,"September 26, 2025, 6:39 PM","September 26, 2025, 6:39 PM",,"January 1, 2000, 12:00 AM",,0
"5,473","88,237",45,11348,"August 1, 2025, 11:35 AM","August 1, 2025, 11:35 AM",,"January 1, +1000000000, 12:00 AM",,0
"9,089","101,079",45,26907,"September 26, 2025, 7:13 PM","September 26, 2025, 7:13 PM",,"January 1, 2000, 12:00 AM",,0
"9,090","101,234",45,26907,"September 26, 2025, 7:15 PM","September 26, 2025, 7:15 PM",,"January 1, 2000, 12:00 AM",,0
"9,091","87,251",9,5112,"September 26, 2025, 8:30 PM","September 26, 2025, 8:30 PM",,"January 1, +1000000000, 12:00 AM",,0
"9,092","87,184",9,7061,"September 27, 2025, 12:44 PM","September 27, 2025, 12:44 PM",,"January 1, 2000, 12:00 AM",,0
"9,093","101,226",9,1000006842,"September 27, 2025, 3:05 PM","September 27, 2025, 3:05 PM",,"January 1, 2000, 12:00 AM",,0
"9,094","85,178",11,10453,"September 28, 2025, 12:41 PM","September 28, 2025, 12:41 PM",,"January 1, 2000, 12:00 AM",,0
"9,095","100,655",11,112091,"September 28, 2025, 2:26 PM","September 28, 2025, 2:26 PM",,"January 1, 2000, 12:00 AM",,0
"9,096","101,133",32,28354,"September 28, 2025, 8:18 PM","September 28, 2025, 8:18 PM",,"January 1, 2000, 12:00 AM",,0
"9,097","101,236",42,411,"September 29, 2025, 1:52 PM","September 29, 2025, 1:52 PM",,"January 1, 2000, 12:00 AM",,0
"9,098","100,785",45,38473,"September 29, 2025, 2:45 PM","September 29, 2025, 2:45 PM",,"January 1, 2000, 12:00 AM",,0
"9,099","101,240",18,5231,"September 29, 2025, 2:51 PM","September 29, 2025, 2:51 PM",,"January 1, 2000, 12:00 AM",,0
"9,100","100,347",12,3723203,"September 29, 2025, 5:16 PM","September 29, 2025, 5:16 PM",,"January 1, 2000, 12:00 AM",,0
"9,101","90,117",42,3505,"September 29, 2025, 5:54 PM","September 29, 2025, 5:54 PM",,"January 1, 2000, 12:00 AM",,0
"9,102","82,980",42,2869,"September 29, 2025, 6:18 PM","September 29, 2025, 6:18 PM",,"January 1, 2000, 12:00 AM",,0
"9,103","101,233",11,440,"September 29, 2025, 6:33 PM","September 29, 2025, 6:33 PM",,"January 1, 2000, 12:00 AM",,0
"9,104","87,857",12,3985104,"September 29, 2025, 7:28 PM","September 29, 2025, 7:28 PM",,"January 1, 2000, 12:00 AM",,0
"9,105","87,861",12,3985109,"September 29, 2025, 7:28 PM","September 29, 2025, 7:28 PM",,"January 1, 2000, 12:00 AM",,0
"9,106","87,856",22,105248,"September 29, 2025, 7:28 PM","September 29, 2025, 7:28 PM",,"January 1, 2000, 12:00 AM",,0
"9,107","87,859",22,105248,"September 29, 2025, 7:28 PM","September 29, 2025, 7:28 PM",,"January 1, 2000, 12:00 AM",,0
"9,108","87,864",22,105248,"September 29, 2025, 7:28 PM","September 29, 2025, 7:28 PM",,"January 1, 2000, 12:00 AM",,0
"9,109","88,778",22,105248,"September 29, 2025, 7:28 PM","September 29, 2025, 7:28 PM",,"January 1, 2000, 12:00 AM",,0
"9,045","100,489",12,10076402,"September 23, 2025, 2:31 PM","November 4, 2025, 11:24 AM",,"January 1, 2000, 12:00 AM",,0
"9,110","100,722",22,105248,"September 29, 2025, 7:28 PM","September 29, 2025, 7:28 PM",,"January 1, 2000, 12:00 AM",,0
"9,111","87,863",22,105248,"September 29, 2025, 7:28 PM","September 29, 2025, 7:28 PM",,"January 1, 2000, 12:00 AM",,0
"9,112","87,866",22,105248,"September 29, 2025, 7:30 PM","September 29, 2025, 7:30 PM",,"January 1, 2000, 12:00 AM",,0
"9,147","82,725",9,1000007168,"October 2, 2025, 3:58 PM","October 2, 2025, 3:58 PM",,"January 1, +1000000000, 12:00 AM",,0
"9,113","101,105",34,1285,"September 29, 2025, 9:04 PM","September 29, 2025, 9:04 PM",,"January 1, 2000, 12:00 AM",,0
"9,115","101,243",45,13389,"September 30, 2025, 12:29 AM","September 30, 2025, 12:29 AM",,"January 1, 2000, 12:00 AM",,0
"9,116","101,232",35,16030,"September 30, 2025, 12:14 PM","September 30, 2025, 12:14 PM",,"January 1, 2000, 12:00 AM",,0
"9,117","83,091",44,105885,"September 30, 2025, 12:15 PM","September 30, 2025, 12:15 PM",,"January 1, 2000, 12:00 AM",,0
"9,118","101,011",45,20952,"September 30, 2025, 12:58 PM","September 30, 2025, 12:58 PM",,"January 1, 2000, 12:00 AM",,0
"9,119","101,176",22,108528,"September 30, 2025, 1:25 PM","September 30, 2025, 1:25 PM",,"January 1, 2000, 12:00 AM",,0
"9,120","101,173",22,108528,"September 30, 2025, 1:25 PM","September 30, 2025, 1:25 PM",,"January 1, 2000, 12:00 AM",,0
"9,121","101,171",22,108528,"September 30, 2025, 1:25 PM","September 30, 2025, 1:25 PM",,"January 1, 2000, 12:00 AM",,0
"9,122","84,901",18,269,"September 30, 2025, 1:54 PM","September 30, 2025, 1:54 PM",,"January 1, 2000, 12:00 AM",,0
"9,123","101,170",22,105248,"September 30, 2025, 5:22 PM","September 30, 2025, 5:22 PM",,"January 1, 2000, 12:00 AM",,0
"9,124","88,619",45,12231,"September 30, 2025, 6:31 PM","September 30, 2025, 6:31 PM",,"January 1, 2000, 12:00 AM",,0
"9,126","87,858",22,105248,"September 30, 2025, 7:47 PM","September 30, 2025, 7:47 PM",,"January 1, 2000, 12:00 AM",,0
"9,127","87,862",22,105248,"September 30, 2025, 7:47 PM","September 30, 2025, 7:47 PM",,"January 1, 2000, 12:00 AM",,0
"9,128","87,855",22,105248,"September 30, 2025, 7:47 PM","September 30, 2025, 7:47 PM",,"January 1, 2000, 12:00 AM",,0
"9,129","89,981",11,8401,"September 30, 2025, 9:09 PM","September 30, 2025, 9:09 PM",,"January 1, 2000, 12:00 AM",,0
"9,130","100,993",11,9928,"October 1, 2025, 12:19 AM","October 1, 2025, 12:19 AM",,"January 1, 2000, 12:00 AM",,0
"9,131","100,942",18,2421,"October 1, 2025, 12:51 AM","October 1, 2025, 12:51 AM",,"January 1, 2000, 12:00 AM",,0
"9,132","100,942",45,23974,"October 1, 2025, 12:52 AM","October 1, 2025, 12:52 AM",,"January 1, 2000, 12:00 AM",,0
"9,133","100,942",9,8027,"October 1, 2025, 12:54 AM","October 1, 2025, 12:54 AM",,"January 1, 2000, 12:00 AM",,0
"9,134","87,527",9,8531,"October 1, 2025, 6:23 PM","October 1, 2025, 6:23 PM",,"January 1, 2000, 12:00 AM",,0
"9,135","101,162",45,38557,"October 1, 2025, 6:48 PM","October 1, 2025, 6:48 PM",,"January 1, 2000, 12:00 AM",,0
"9,136","89,639",45,38382,"October 1, 2025, 8:03 PM","October 1, 2025, 8:03 PM",,"January 1, 2000, 12:00 AM",,0
"9,137","100,806",18,4956,"October 1, 2025, 9:24 PM","October 1, 2025, 9:24 PM",,"January 1, 2000, 12:00 AM",,0
"9,138","100,711",34,5481,"October 1, 2025, 10:30 PM","October 1, 2025, 10:30 PM",,"January 1, 2000, 12:00 AM",,0
"9,139","101,249",11,104060,"October 1, 2025, 10:38 PM","October 1, 2025, 10:38 PM",,"January 1, 2000, 12:00 AM",,0
"9,140","90,404",12,3723203,"October 1, 2025, 10:42 PM","October 1, 2025, 10:42 PM",,"January 1, 2000, 12:00 AM",,0
"9,141","101,235",9,7177,"October 2, 2025, 12:17 AM","October 2, 2025, 12:17 AM",,"January 1, 2000, 12:00 AM",,0
"9,142","87,371",9,7177,"October 2, 2025, 12:18 AM","October 2, 2025, 12:18 AM",,"January 1, 2000, 12:00 AM",,0
"9,143","86,391",45,15008,"October 2, 2025, 10:39 AM","October 2, 2025, 10:39 AM",,"January 1, 2000, 12:00 AM",,0
"9,144","100,789",18,4568,"October 2, 2025, 1:35 PM","October 2, 2025, 1:35 PM",,"January 1, 2000, 12:00 AM",,0
"9,145","100,727",9,10543,"October 2, 2025, 3:23 PM","October 2, 2025, 3:23 PM",,"January 1, 2000, 12:00 AM",,0
"9,146","90,509",45,18556,"October 2, 2025, 3:28 PM","October 2, 2025, 3:28 PM",,"January 1, 2000, 12:00 AM",,0
"9,148","81,915",34,3519,"October 2, 2025, 6:40 PM","October 2, 2025, 6:40 PM",,"January 1, 2000, 12:00 AM",,0
"9,149","88,979",34,2776,"October 2, 2025, 7:18 PM","October 2, 2025, 7:18 PM",,"January 1, 2000, 12:00 AM",,0
"9,150","100,787",42,1726,"October 2, 2025, 7:40 PM","October 2, 2025, 7:40 PM",,"January 1, 2000, 12:00 AM",,0
"9,151","83,887",11,120508,"October 2, 2025, 8:32 PM","October 2, 2025, 8:32 PM",,"January 1, 2000, 12:00 AM",,0
"9,152","83,887",32,64386,"October 2, 2025, 8:38 PM","October 2, 2025, 8:38 PM",,"January 1, 2000, 12:00 AM",,0
"9,153","100,215",11,107095,"October 2, 2025, 8:48 PM","October 2, 2025, 8:48 PM",,"January 1, 2000, 12:00 AM",,0
"9,154","100,421",9,"
7357","October 2, 2025, 8:52 PM","October 2, 2025, 8:52 PM",,"January 1, 2000, 12:00 AM",,0
"9,155","101,259",24,1185,"October 3, 2025, 2:31 AM","October 3, 2025, 2:31 AM",,"January 1, 2000, 12:00 AM",,0
"9,156","101,259",9,5088,"October 3, 2025, 2:31 AM","October 3, 2025, 2:31 AM",,"January 1, 2000, 12:00 AM",,0
"9,157","101,259",18,5686,"October 3, 2025, 2:31 AM","October 3, 2025, 2:31 AM",,"January 1, 2000, 12:00 AM",,0
"9,158","85,260",45,15374,"October 3, 2025, 10:52 AM","October 3, 2025, 10:52 AM",,"January 1, 2000, 12:00 AM",,0
"9,162","88,247",45,10302,"October 3, 2025, 2:40 PM","October 3, 2025, 2:40 PM",,"January 1, 2000, 12:00 AM",,0
"9,163","101,143",18,4438,"October 3, 2025, 2:41 PM","October 3, 2025, 2:41 PM",,"January 1, 2000, 12:00 AM",,0
"9,164","101,143",45,33247,"October 3, 2025, 2:42 PM","October 3, 2025, 2:42 PM",,"January 1, 2000, 12:00 AM",,0
"9,170","101,274",18,5120,"October 3, 2025, 7:58 PM","October 3, 2025, 7:58 PM",,"January 1, 2000, 12:00 AM",,0
"9,165","101,261",22,100230,"October 3, 2025, 2:50 PM","October 3, 2025, 2:50 PM",,"January 1, 2000, 12:00 AM",,0
"9,166","90,519",11,4303,"October 3, 2025, 2:56 PM","October 3, 2025, 2:56 PM",,"January 1, 2000, 12:00 AM",,0
"9,167","87,860",22,105248,"October 3, 2025, 4:14 PM","October 3, 2025, 4:14 PM",,"January 1, 2000, 12:00 AM",,0
"9,168","101,247",45,12231,"October 3, 2025, 4:15 PM","October 3, 2025, 4:15 PM",,"January 1, 2000, 12:00 AM",,0
"9,169","101,269",25,250389,"October 3, 2025, 4:56 PM","October 3, 2025, 4:56 PM",,"January 1, 2000, 12:00 AM",,0
"9,171","101,262",45,13371,"October 3, 2025, 11:26 PM","October 3, 2025, 11:26 PM",,"January 1, 2000, 12:00 AM",,0
"9,172","101,262",42,525,"October 3, 2025, 11:26 PM","October 3, 2025, 11:26 PM",,"January 1, 2000, 12:00 AM",,0
"9,173","101,256",25,250432,"October 4, 2025, 12:59 AM","October 4, 2025, 12:59 AM",,"January 1, 2000, 12:00 AM",,0
"9,174","89,618",25,3174,"October 4, 2025, 1:44 PM","October 4, 2025, 1:44 PM",,"January 1, 2000, 12:00 AM",,0
"9,175","89,865",11,116579,"October 4, 2025, 1:49 PM","October 4, 2025, 1:49 PM",,"January 1, 2000, 12:00 AM",,0
"9,177","101,276",10,1011,"October 6, 2025, 3:48 AM","October 6, 2025, 3:48 AM",,"January 1, 2000, 12:00 AM",,0
"9,178","101,270",36,619,"October 6, 2025, 12:31 PM","October 6, 2025, 12:31 PM",,"January 1, 2000, 12:00 AM",,0
"9,180","100,494",45,36295,"October 6, 2025, 1:13 PM","October 6, 2025, 1:13 PM",,"January 1, 2000, 12:00 AM",,0
"9,181","101,267",36,1365,"October 6, 2025, 1:49 PM","October 6, 2025, 1:49 PM",,"January 1, 2000, 12:00 AM",,0
"9,159","84,862",18,505,"October 3, 2025, 2:34 PM","October 3, 2025, 2:34 PM",,"January 1, +1000000000, 12:00 AM",,0
"8,920","101,058",9,8422,"September 13, 2025, 6:52 PM","October 25, 2025, 10:37 PM",,"January 1, 2000, 12:00 AM",,0
"9,182","101,267",32,15204,"October 6, 2025, 1:50 PM","October 6, 2025, 1:50 PM",,"January 1, 2000, 12:00 AM",,0
"9,183","84,517",9,8530,"October 6, 2025, 2:42 PM","October 6, 2025, 2:42 PM",,"January 1, 2000, 12:00 AM",,0
"9,184","101,273",32,15154,"October 6, 2025, 4:01 PM","October 6, 2025, 4:01 PM",,"January 1, 2000, 12:00 AM",,0
"9,185","101,273",36,730,"October 6, 2025, 4:03 PM","October 6, 2025, 4:03 PM",,"January 1, 2000, 12:00 AM",,0
"9,186","85,287",45,33067,"October 6, 2025, 4:12 PM","October 6, 2025, 4:12 PM",,"January 1, 2000, 12:00 AM",,0
"9,187","83,790",36,686,"October 6, 2025, 4:38 PM","October 6, 2025, 4:38 PM",,"January 1, 2000, 12:00 AM",,0
"9,188","83,993",36,1974,"October 6, 2025, 4:46 PM","October 6, 2025, 4:46 PM",,"January 1, 2000, 12:00 AM",,0
"9,189","101,271",32,29952,"October 6, 2025, 4:59 PM","October 6, 2025, 4:59 PM",,"January 1, 2000, 12:00 AM",,0
"9,190","101,271",36,3256,"October 6, 2025, 4:59 PM","October 6, 2025, 4:59 PM",,"January 1, 2000, 12:00 AM",,0
"9,192","101,270",45,25853,"October 6, 2025, 5:10 PM","October 6, 2025, 5:10 PM",,"January 1, 2000, 12:00 AM",,0
"9,193","89,010",11,30202,"October 6, 2025, 5:22 PM","October 6, 2025, 5:22 PM",,"January 1, 2000, 12:00 AM",,0
"9,195","101,280",25,250324,"October 6, 2025, 7:11 PM","October 6, 2025, 7:11 PM",,"January 1, 2000, 12:00 AM",,0
"9,196","101,281",25,251326,"October 6, 2025, 7:13 PM","October 6, 2025, 7:13 PM",,"January 1, 2000, 12:00 AM",,0
"9,194","101,279",36,2298,"October 6, 2025, 7:07 PM","October 6, 2025, 7:27 PM",,"January 1, 2000, 12:00 AM",,0
"9,197","84,783",36,4105,"October 6, 2025, 7:29 PM","October 6, 2025, 7:29 PM",,"January 1, 2000, 12:00 AM",,0
"9,198","100,653",45,13409,"October 6, 2025, 9:34 PM","October 6, 2025, 9:34 PM",,"January 1, 2000, 12:00 AM",,0
"9,199","101,284",25,251415,"October 6, 2025, 10:59 PM","October 6, 2025, 10:59 PM",,"January 1, 2000, 12:00 AM",,0
"9,200","85,489",25,205443,"October 7, 2025, 10:50 AM","October 7, 2025, 10:50 AM",,"January 1, 2000, 12:00 AM",,0
"9,201","82,356",36,2149,"October 7, 2025, 12:30 PM","October 7, 2025, 12:30 PM",,"January 1, 2000, 12:00 AM",,0
"9,202","101,272",9,1000002678,"October 7, 2025, 1:51 PM","October 7, 2025, 1:51 PM",,"January 1, 2000, 12:00 AM",,0
"9,204","101,272",12,5685301,"October 7, 2025, 1:52 PM","October 7, 2025, 1:52 PM",,"January 1, 2000, 12:00 AM",,0
"9,205","100,992",34,5635,"October 7, 2025, 1:56 PM","October 7, 2025, 1:56 PM",,"January 1, 2000, 12:00 AM",,0
"9,206","100,992",11,12923,"October 7, 2025, 1:56 PM","October 7, 2025, 1:56 PM",,"January 1, 2000, 12:00 AM",,0
"9,207","101,275",42,2412,"October 7, 2025, 3:18 PM","October 7, 2025, 3:18 PM",,"January 1, 2000, 12:00 AM",,0
"9,208","101,135",9,10510,"October 7, 2025, 4:01 PM","October 7, 2025, 4:01 PM",,"January 1, 2000, 12:00 AM",,0
"9,209","101,135",45,37746,"October 7, 2025, 4:02 PM","October 7, 2025, 4:02 PM",,"January 1, 2000, 12:00 AM",,0
"9,211","101,286",11,10771,"October 7, 2025, 5:14 PM","October 7, 2025, 5:14 PM",,"January 1, 2000, 12:00 AM",,0
"9,213","101,288",36,782,"October 7, 2025, 6:09 PM","October 7, 2025, 6:09 PM",,"January 1, 2000, 12:00 AM",,0
"9,214","101,287",10,z1098,"October 7, 2025, 6:15 PM","October 7, 2025, 6:15 PM",,"January 1, 2000, 12:00 AM",,0
"9,215","101,287",11,103096,"October 7, 2025, 6:15 PM","October 7, 2025, 6:15 PM",,"January 1, 2000, 12:00 AM",,0
"9,216","100,717",11,5884,"October 7, 2025, 6:17 PM","October 7, 2025, 6:17 PM",,"January 1, 2000, 12:00 AM",,0
"9,217","101,223",11,5947,"October 7, 2025, 7:20 PM","October 7, 2025, 7:20 PM",,"January 1, 2000, 12:00 AM",,0
"9,218","101,283",25,251575,"October 7, 2025, 7:47 PM","October 7, 2025, 7:47 PM",,"January 1, 2000, 12:00 AM",,0
"9,219","84,705",36,2020,"October 7, 2025, 9:29 PM","October 7, 2025, 9:29 PM",,"January 1, 2000, 12:00 AM",,0
"9,220","85,779",36,2725,"October 7, 2025, 9:52 PM","October 7, 2025, 9:52 PM",,"January 1, 2000, 12:00 AM",,0
"9,221","89,592",11,107957,"October 8, 2025, 2:00 AM","October 8, 2025, 2:00 AM",,"January 1, +1000000000, 12:00 AM",,0
"9,223","101,292",25,200310,"October 8, 2025, 10:40 AM","October 8, 2025, 10:40 AM",,"January 1, 2000, 12:00 AM",,0
"9,224","82,530",36,3725,"October 8, 2025, 11:31 AM","October 8, 2025, 11:31 AM",,"January 1, 2000, 12:00 AM",,0
"9,225","82,813",36,832,"October 8, 2025, 12:04 PM","October 8, 2025, 12:04 PM",,"January 1, 2000, 12:00 AM",,0
"9,226","85,337",36,1973,"October 8, 2025, 12:17 PM","October 8, 2025, 12:17 PM",,"January 1, 2000, 12:00 AM",,0
"9,227","85,706",36,4368,"October 8, 2025, 12:20 PM","October 8, 2025, 12:20 PM",,"January 1, +1000000000, 12:00 AM",,0
"9,228","101,293",42,1652,"October 8, 2025, 1:24 PM","October 8, 2025, 1:24 PM",,"January 1, 2000, 12:00 AM",,0
"8,879","83,232",25,251465,"September 11, 2025, 8:56 PM","September 11, 2025, 8:56 PM",,"January 1, +1000000000, 12:00 AM",,0
"9,229","88,542",45,12127,"October 8, 2025, 2:05 PM","October 8, 2025, 2:05 PM",,"January 1, 2000, 12:00 AM",,0
"9,230","84,328",18,730,"October 8, 2025, 3:37 PM","October 8, 2025, 3:37 PM",,"January 1, 2000, 12:00 AM",,0
"9,231","101,184",25,150085,"October 8, 2025, 4:51 PM","October 8, 2025, 4:51 PM",,"January 1, 2000, 12:00 AM",,0
"9,232","101,183",25,150085,"October 8, 2025, 4:58 PM","October 8, 2025, 4:58 PM",,"January 1, 2000, 12:00 AM",,0
"9,233","101,185",25,150085,"October 8, 2025, 6:14 PM","October 8, 2025, 6:14 PM",,"January 1, 2000, 12:00 AM",,0
"9,234","100,253",25,206864,"October 8, 2025, 7:57 PM","October 8, 2025, 7:57 PM",,"January 1, 2000, 12:00 AM",,0
"9,235","84,744",22,110100,"October 8, 2025, 8:09 PM","October 8, 2025, 8:09 PM",,"January 1, 2000, 12:00 AM",,0
"9,236","89,843",36,2686,"October 8, 2025, 8:19 PM","October 8, 2025, 8:19 PM",,"January 1, 2000, 12:00 AM",,0
"9,237","101,291",12,100748,"October 8, 2025, 8:19 PM","October 8, 2025, 8:19 PM",,"January 1, 2000, 12:00 AM",,0
"9,238","81,881",45,27617,"October 8, 2025, 8:20 PM","October 8, 2025, 8:20 PM",,"January 1, 2000, 12:00 AM",,0
"9,239","101,289",10,U1159,"October 8, 2025, 8:23 PM","October 8, 2025, 8:23 PM",,"January 1, 2000, 12:00 AM",,0
"9,240","101,289",34,MUTUAL4465,"October 8, 2025, 8:24 PM","October 8, 2025, 8:24 PM",,"January 1, 2000, 12:00 AM",,0
"9,241","101,289",45,12374,"October 8, 2025, 8:25 PM","October 8, 2025, 8:25 PM",,"January 1, 2000, 12:00 AM",,0
"9,242","87,092",36,2417,"October 8, 2025, 8:26 PM","October 8, 2025, 8:26 PM",,"January 1, 2000, 12:00 AM",,0
"9,243","89,742",36,02392,"October 8, 2025, 8:41 PM","October 8, 2025, 8:41 PM",,"January 1, 2000, 12:00 AM",,0
"9,244","85,539",36,3273,"October 8, 2025, 8:46 PM","October 8, 2025, 8:46 PM",,"January 1, 2000, 12:00 AM",,0
"9,245","83,755",25,210173,"October 8, 2025, 9:19 PM","October 8, 2025, 9:19 PM",,"January 1, 2000, 12:00 AM",,0
"9,246","83,987",45,18619,"October 8, 2025, 9:47 PM","October 8, 2025, 9:47 PM",,"January 1, 2000, 12:00 AM",,0
"9,247","101,297",25,251359,"October 8, 2025, 11:13 PM","October 8, 2025, 11:13 PM",,"January 1, 2000, 12:00 AM",,0
"9,248","84,045",25,250965,"October 8, 2025, 11:28 PM","October 8, 2025, 11:28 PM",,"January 1, 2000, 12:00 AM",,0
"9,249","89,740",36,2853,"October 9, 2025, 12:40 PM","October 9, 2025, 12:40 PM",,"January 1, 2000, 12:00 AM",,0
"9,250","101,294",45,38700,"October 9, 2025, 12:46 PM","October 9, 2025, 12:46 PM",,"January 1, 2000, 12:00 AM",,0
"9,251","101,311",34,4403,"October 9, 2025, 12:57 PM","October 9, 2025, 12:57 PM",,"January 1, 2000, 12:00 AM",,0
"9,252","101,217",44,105924,"October 9, 2025, 12:58 PM","October 9, 2025, 12:58 PM",,"January 1, 2000, 12:00 AM",,0
"9,253","87,673",42,3533,"October 9, 2025, 1:33 PM","October 9, 2025, 1:33 PM",,"January 1, 2000, 12:00 AM",,0
"9,254","101,313",45,35352,"October 9, 2025, 3:22 PM","October 9, 2025, 3:22 PM",,"January 1, 2000, 12:00 AM",,0
"9,255","101,313",11,1766,"October 9, 2025, 3:22 PM","October 9, 2025, 3:22 PM",,"January 1, 2000, 12:00 AM",,0
"9,256","101,314",45,32928,"October 9, 2025, 3:25 PM","October 9, 2025, 3:25 PM",,"January 1, 2000, 12:00 AM",,0
"9,257","101,315",45,36285,"October 9, 2025, 3:32 PM","October 9, 2025, 3:32 PM",,"January 1, 2000, 12:00 AM",,0
"9,258","101,316",45,35981,"October 9, 2025, 3:32 PM","October 9, 2025, 3:32 PM",,"January 1, 2000, 12:00 AM",,0
"9,259","101,317",45,36907,"October 9, 2025, 3:33 PM","October 9, 2025, 3:33 PM",,"January 1, 2000, 12:00 AM",,0
"9,260","88,330",32,43950,"October 9, 2025, 4:54 PM","October 9, 2025, 4:54 PM",,"January 1, 2000, 12:00 AM",,0
"5,025","85,107",25,151171,"August 1, 2025, 11:34 AM","August 1, 2025, 11:34 AM",,"January 1, +1000000000, 12:00 AM",,0
"9,261","85,621",42,3156,"October 9, 2025, 7:00 PM","October 9, 2025, 7:00 PM",,"January 1, 2000, 12:00 AM",,0
"9,262","84,036",36,1720,"October 9, 2025, 7:08 PM","October 9, 2025, 7:08 PM",,"January 1, 2000, 12:00 AM",,0
"9,263","101,272",45,19560,"October 9, 2025, 8:19 PM","October 9, 2025, 8:19 PM",,"January 1, 2000, 12:00 AM",,0
"9,222","100,788",18,5049,"October 8, 2025, 2:25 AM","October 8, 2025, 2:25 AM",,"January 1, +1000000000, 12:00 AM",,0
"9,212","101,286",45,18702,"October 7, 2025, 5:15 PM","December 5, 2025, 7:19 PM",,"January 1, 2000, 12:00 AM",,0
"9,264","101,268",45,11738,"October 9, 2025, 8:33 PM","October 9, 2025, 8:33 PM",,"January 1, 2000, 12:00 AM",,0
"9,265","88,830",25,207894,"October 9, 2025, 11:23 PM","October 9, 2025, 11:23 PM",,"January 1, 2000, 12:00 AM",,0
"9,266","89,911",25,250691,"October 9, 2025, 11:23 PM","October 9, 2025, 11:23 PM",,"January 1, 2000, 12:00 AM",,0
"9,267","90,283",25,251342,"October 9, 2025, 11:23 PM","October 9, 2025, 11:23 PM",,"January 1, 2000, 12:00 AM",,0
"9,268","90,032",25,250906,"October 9, 2025, 11:23 PM","October 9, 2025, 11:23 PM",,"January 1, 2000, 12:00 AM",,0
"9,270","89,390",25,250137,"October 9, 2025, 11:23 PM","October 9, 2025, 11:23 PM",,"January 1, 2000, 12:00 AM",,0
"9,271","89,661",12,8025703,"October 9, 2025, 11:44 PM","October 9, 2025, 11:44 PM",,"January 1, 2000, 12:00 AM",,0
"9,272","100,720",25,251396,"October 10, 2025, 12:28 AM","October 10, 2025, 12:28 AM",,"January 1, 2000, 12:00 AM",,0
"9,273","101,215",11,12617,"October 10, 2025, 12:38 AM","October 10, 2025, 12:38 AM",,"January 1, 2000, 12:00 AM",,0
"9,274","101,319",45,12016,"October 10, 2025, 2:23 PM","October 10, 2025, 2:23 PM",,"January 1, 2000, 12:00 AM",,0
"9,275","101,296",11,107147,"October 10, 2025, 9:34 PM","October 10, 2025, 9:34 PM",,"January 1, 2000, 12:00 AM",,0
"9,276","101,318",45,21534,"October 11, 2025, 11:30 AM","October 11, 2025, 11:30 AM",,"January 1, 2000, 12:00 AM",,0
"9,277","82,704",36,3111,"October 11, 2025, 1:21 PM","October 11, 2025, 1:21 PM",,"January 1, 2000, 12:00 AM",,0
"9,278","100,952",32,14115,"October 11, 2025, 1:49 PM","October 11, 2025, 1:49 PM",,"January 1, 2000, 12:00 AM",,0
"9,279","101,295",44,105923,"October 11, 2025, 5:10 PM","October 11, 2025, 5:10 PM",,"January 1, 2000, 12:00 AM",,0
"9,280","101,228",44,106265,"October 11, 2025, 6:41 PM","October 11, 2025, 6:41 PM",,"January 1, 2000, 12:00 AM",,0
"9,281","101,250",25,212220,"October 11, 2025, 6:42 PM","October 11, 2025, 6:42 PM",,"January 1, 2000, 12:00 AM",,0
"9,282","85,671",18,3239,"October 11, 2025, 7:38 PM","October 11, 2025, 7:38 PM",,"January 1, 2000, 12:00 AM",,0
"9,283","82,131",45,32763,"October 12, 2025, 3:24 PM","October 12, 2025, 3:24 PM",,"January 1, 2000, 12:00 AM",,0
"9,284","83,446",44,105687,"October 13, 2025, 12:39 AM","October 13, 2025, 12:39 AM",,"January 1, 2000, 12:00 AM",,0
"9,285","87,930",42,1445,"October 13, 2025, 10:39 AM","October 13, 2025, 10:39 AM",,"January 1, 2000, 12:00 AM",,0
"9,286","87,929",42,2676,"October 13, 2025, 10:45 AM","October 13, 2025, 10:45 AM",,"January 1, 2000, 12:00 AM",,0
"9,287","87,927",42,2488,"October 13, 2025, 10:50 AM","October 13, 2025, 10:50 AM",,"January 1, 2000, 12:00 AM",,0
"9,288","87,931",42,2725,"October 13, 2025, 10:57 AM","October 13, 2025, 10:57 AM",,"January 1, 2000, 12:00 AM",,0
"9,289","87,933",42,1988,"October 13, 2025, 11:04 AM","October 13, 2025, 11:04 AM",,"January 1, 2000, 12:00 AM",,0
"9,290","101,156",11,107165,"October 13, 2025, 12:15 PM","October 13, 2025, 12:15 PM",,"January 1, 2000, 12:00 AM",,0
"9,291","101,156",45,26323,"October 13, 2025, 12:16 PM","October 13, 2025, 12:16 PM",,"January 1, 2000, 12:00 AM",,0
"9,292","101,323",44,200766,"October 13, 2025, 12:58 PM","October 13, 2025, 12:58 PM",,"January 1, 2000, 12:00 AM",,0
"9,293","100,521",11,7262,"October 13, 2025, 1:22 PM","October 13, 2025, 1:22 PM",,"January 1, 2000, 12:00 AM",,0
"9,294","88,977",11,9048,"October 13, 2025, 1:22 PM","October 13, 2025, 1:22 PM",,"January 1, 2000, 12:00 AM",,0
"9,295","101,312",25,251158,"October 13, 2025, 1:46 PM","October 13, 2025, 1:46 PM",,"January 1, 2000, 12:00 AM",,0
"9,296","86,419",43,3536,"October 13, 2025, 1:47 PM","October 13, 2025, 1:47 PM",,"January 1, 2000, 12:00 AM",,0
"9,297","101,320",44,106188,"October 13, 2025, 1:58 PM","October 13, 2025, 1:58 PM",,"January 1, 2000, 12:00 AM",,0
"9,299","101,322",44,105760,"October 13, 2025, 5:23 PM","October 13, 2025, 5:23 PM",,"January 1, 2000, 12:00 AM",,0
"9,300","101,216",11,13606,"October 13, 2025, 8:20 PM","October 13, 2025, 8:20 PM",,"January 1, 2000, 12:00 AM",,0
"9,301","101,328",44,105934,"October 13, 2025, 11:24 PM","October 13, 2025, 11:24 PM",,"January 1, 2000, 12:00 AM",,0
"9,302","83,384",12,6863703,"October 14, 2025, 12:35 AM","October 14, 2025, 12:35 AM",,"January 1, 2000, 12:00 AM",,0
"9,303","101,326",44,105628,"October 14, 2025, 2:18 AM","October 14, 2025, 2:18 AM",,"January 1, 2000, 12:00 AM",,0
"9,304","100,687",44,106166,"October 14, 2025, 10:40 AM","October 14, 2025, 10:40 AM",,"January 1, 2000, 12:00 AM",,0
"9,305","89,553",42,3408,"October 14, 2025, 11:03 AM","October 14, 2025, 11:03 AM",,"January 1, 2000, 12:00 AM",,0
"9,306","101,330",44,103508,"October 14, 2025, 12:24 PM","October 14, 2025, 12:24 PM",,"January 1, 2000, 12:00 AM",,0
"9,307","100,994",10,1389,"October 14, 2025, 12:37 PM","October 14, 2025, 12:37 PM",,"January 1, 2000, 12:00 AM",,0
"9,308","101,210",45,38650,"October 14, 2025, 1:31 PM","October 14, 2025, 1:31 PM",,"January 1, 2000, 12:00 AM",,0
"9,309","101,334",45,24050,"October 14, 2025, 3:51 PM","October 14, 2025, 3:51 PM",,"January 1, 2000, 12:00 AM",,0
"9,310","101,329",44,180001,"October 14, 2025, 5:10 PM","October 14, 2025, 5:10 PM",,"January 1, 2000, 12:00 AM",,0
"9,311","100,989",45,27357,"October 14, 2025, 7:38 PM","October 14, 2025, 7:38 PM",,"January 1, 2000, 12:00 AM",,0
"9,312","101,331",44,102948,"October 14, 2025, 8:43 PM","October 14, 2025, 8:43 PM",,"January 1, 2000, 12:00 AM",,0
"9,269","86,102",25,251215,"October 9, 2025, 11:23 PM","October 9, 2025, 11:23 PM",,"January 1, +1000000000, 12:00 AM",,0
"9,042","101,174",36,1734,"September 23, 2025, 1:37 PM","October 14, 2025, 10:19 PM",,"January 1, 2000, 12:00 AM",,0
"9,313","101,047",45,14185,"October 15, 2025, 12:36 PM","October 15, 2025, 12:36 PM",,"January 1, 2000, 12:00 AM",,0
"9,314","101,339",45,13355,"October 15, 2025, 12:38 PM","October 15, 2025, 12:38 PM",,"January 1, 2000, 12:00 AM",,0
"9,315","86,023",36,02426,"October 15, 2025, 2:48 PM","October 15, 2025, 2:48 PM",,"January 1, 2000, 12:00 AM",,0
"9,316","101,327",44,106263,"October 15, 2025, 3:50 PM","October 15, 2025, 3:50 PM",,"January 1, 2000, 12:00 AM",,0
"9,317","101,124",34,2891,"October 15, 2025, 5:39 PM","October 15, 2025, 5:39 PM",,"January 1, 2000, 12:00 AM",,0
"9,318","101,345",44,105682,"October 15, 2025, 7:04 PM","October 15, 2025, 7:04 PM",,"January 1, 2000, 12:00 AM",,0
"9,319","101,346",25,250108,"October 15, 2025, 8:27 PM","October 15, 2025, 8:27 PM",,"January 1, 2000, 12:00 AM",,0
"9,320","85,476",22,100113,"October 15, 2025, 11:28 PM","October 15, 2025, 11:28 PM",,"January 1, 2000, 12:00 AM",,0
"9,321","101,348",25,202315,"October 16, 2025, 12:47 PM","October 16, 2025, 12:47 PM",,"January 1, 2000, 12:00 AM",,0
"9,322","101,356",18,760,"October 16, 2025, 3:42 PM","October 16, 2025, 3:42 PM",,"January 1, 2000, 12:00 AM",,0
"9,325","101,361",44,105652,"October 16, 2025, 6:01 PM","October 16, 2025, 6:01 PM",,"January 1, 2000, 12:00 AM",,0
"9,326","101,363",45,10840,"October 16, 2025, 7:53 PM","October 16, 2025, 7:53 PM",,"January 1, 2000, 12:00 AM",,0
"9,327","101,363",34,5242,"October 16, 2025, 7:54 PM","October 16, 2025, 7:54 PM",,"January 1, 2000, 12:00 AM",,0
"9,328","101,363",11,5513,"October 16, 2025, 7:55 PM","October 16, 2025, 7:55 PM",,"January 1, 2000, 12:00 AM",,0
"9,329","101,344",44,106268,"October 16, 2025, 10:07 PM","October 16, 2025, 10:07 PM",,"January 1, 2000, 12:00 AM",,0
"9,330","100,448",12,10076501,"October 17, 2025, 12:04 AM","October 17, 2025, 12:04 AM",,"January 1, 2000, 12:00 AM",,0
"9,331","81,964",44,104121,"October 17, 2025, 12:40 AM","October 17, 2025, 12:40 AM",,"January 1, 2000, 12:00 AM",,0
"5,357","83,133",44,105917,"August 1, 2025, 11:35 AM","August 1, 2025, 11:35 AM",,"January 1, +1000000000, 12:00 AM",,0
"9,332","89,672",18,5051,"October 17, 2025, 10:42 AM","October 17, 2025, 10:42 AM",,"January 1, 2000, 12:00 AM",,0
"9,333","82,649",36,1576,"October 17, 2025, 1:24 PM","October 17, 2025, 1:24 PM",,"January 1, 2000, 12:00 AM",,0
"9,334","101,365",45,36496,"October 17, 2025, 2:41 PM","October 17, 2025, 2:41 PM",,"January 1, 2000, 12:00 AM",,0
"9,335","101,365",12,10007601,"October 17, 2025, 2:43 PM","October 17, 2025, 2:43 PM",,"January 1, 2000, 12:00 AM",,0
"9,337","83,936",45,24050,"October 17, 2025, 4:13 PM","October 17, 2025, 4:13 PM",,"January 1, 2000, 12:00 AM",,0
"9,338","83,935",45,13290,"October 17, 2025, 4:45 PM","October 17, 2025, 4:45 PM",,"January 1, 2000, 12:00 AM",,0
"9,336","87,061",11,116100,"October 17, 2025, 2:59 PM","October 17, 2025, 2:59 PM",,"January 1, +1000000000, 12:00 AM",,0
"9,323","101,340",45,23110,"October 16, 2025, 4:45 PM","December 2, 2025, 5:30 PM",,"January 1, 2000, 12:00 AM",,0
"9,339","85,577",45,35295,"October 17, 2025, 5:25 PM","October 17, 2025, 5:25 PM",,"January 1, 2000, 12:00 AM",,0
"9,340","101,367",11,107273,"October 17, 2025, 5:48 PM","October 17, 2025, 5:48 PM",,"January 1, 2000, 12:00 AM",,0
"9,341","101,367",24,4371,"October 17, 2025, 5:48 PM","October 17, 2025, 5:48 PM",,"January 1, 2000, 12:00 AM",,0
"9,342","101,354",32,11095,"October 17, 2025, 5:48 PM","October 17, 2025, 5:48 PM",,"January 1, 2000, 12:00 AM",,0
"9,343","101,354",10,y667,"October 17, 2025, 5:49 PM","October 17, 2025, 5:49 PM",,"January 1, 2000, 12:00 AM",,0
"9,344","101,349",36,3623,"October 17, 2025, 7:13 PM","October 17, 2025, 7:13 PM",,"January 1, 2000, 12:00 AM",,0
"9,345","85,372",36,213,"October 17, 2025, 7:23 PM","October 17, 2025, 7:23 PM",,"January 1, 2000, 12:00 AM",,0
"9,346","88,525",18,2435,"October 17, 2025, 7:58 PM","October 17, 2025, 7:58 PM",,"January 1, 2000, 12:00 AM",,0
"9,347","101,372",25,251490,"October 18, 2025, 7:35 PM","October 18, 2025, 7:35 PM",,"January 1, 2000, 12:00 AM",,0
"9,348","84,358",45,35336,"October 20, 2025, 11:57 AM","October 20, 2025, 11:57 AM",,"January 1, 2000, 12:00 AM",,0
"9,350","101,337",11,14141,"October 20, 2025, 12:00 PM","October 20, 2025, 12:00 PM",,"January 1, 2000, 12:00 AM",,0
"9,351","86,517",34,5125,"October 20, 2025, 12:00 PM","October 20, 2025, 12:00 PM",,"January 1, 2000, 12:00 AM",,0
"9,298","100,214",35,15975,"October 13, 2025, 4:10 PM","October 13, 2025, 4:10 PM",,"January 1, +1000000000, 12:00 AM",,0
"9,352","82,204",25,251195,"October 20, 2025, 7:42 PM","October 20, 2025, 7:42 PM",,"January 1, 2000, 12:00 AM",,0
"9,353","101,371",22,108877,"October 20, 2025, 8:07 PM","October 20, 2025, 8:07 PM",,"January 1, 2000, 12:00 AM",,0
"9,354","101,340",18,4412,"October 20, 2025, 8:53 PM","October 20, 2025, 8:53 PM",,"January 1, 2000, 12:00 AM",,0
"9,355","101,368",9,1456,"October 20, 2025, 8:54 PM","October 20, 2025, 8:54 PM",,"January 1, 2000, 12:00 AM",,0
"9,356","90,579",12,9757401,"October 21, 2025, 11:46 AM","October 21, 2025, 11:46 AM",,"January 1, 2000, 12:00 AM",,0
"9,357","86,309",22,110442,"October 21, 2025, 12:16 PM","October 21, 2025, 12:16 PM",,"January 1, 2000, 12:00 AM",,0
"9,358","101,062",45,35652,"October 21, 2025, 12:30 PM","October 21, 2025, 12:30 PM",,"January 1, 2000, 12:00 AM",,0
"9,359","101,377",44,200931,"October 21, 2025, 4:31 PM","October 21, 2025, 4:31 PM",,"January 1, 2000, 12:00 AM",,0
"9,360","82,208",36,446,"October 21, 2025, 5:24 PM","October 21, 2025, 5:24 PM",,"January 1, 2000, 12:00 AM",,0
"9,361","101,206",18,4209,"October 21, 2025, 5:35 PM","October 21, 2025, 5:35 PM",,"January 1, 2000, 12:00 AM",,0
"9,362","101,378",9,1000002785,"October 21, 2025, 5:35 PM","October 21, 2025, 5:35 PM",,"January 1, 2000, 12:00 AM",,0
"9,363","101,258",18,5052,"October 21, 2025, 6:21 PM","October 21, 2025, 6:21 PM",,"January 1, 2000, 12:00 AM",,0
"9,364","89,346",43,36237,"October 21, 2025, 10:20 PM","October 21, 2025, 10:20 PM",,"January 1, 2000, 12:00 AM",,0
"9,365","100,706",9,3560,"October 21, 2025, 11:10 PM","October 21, 2025, 11:10 PM",,"January 1, 2000, 12:00 AM",,0
"9,366","101,352",45,21448,"October 21, 2025, 11:39 PM","October 21, 2025, 11:39 PM",,"January 1, 2000, 12:00 AM",,0
"9,368","89,994",25,151171,"October 22, 2025, 10:30 AM","October 22, 2025, 10:30 AM",,"January 1, 2000, 12:00 AM",,0
"9,369","88,575",18,1266,"October 22, 2025, 11:29 AM","October 22, 2025, 11:29 AM",,"January 1, 2000, 12:00 AM",,0
"9,371","101,370",44,105907,"October 22, 2025, 1:52 PM","October 22, 2025, 1:52 PM",,"January 1, 2000, 12:00 AM",,0
"9,372","101,258",45,24868,"October 22, 2025, 5:39 PM","October 22, 2025, 5:39 PM",,"January 1, 2000, 12:00 AM",,0
"9,373","101,209",11,107171,"October 22, 2025, 5:44 PM","October 22, 2025, 5:44 PM",,"January 1, 2000, 12:00 AM",,0
"9,374","101,244",22,108528,"October 22, 2025, 5:44 PM","October 22, 2025, 5:44 PM",,"January 1, 2000, 12:00 AM",,0
"9,375","101,373",11,9801,"October 22, 2025, 8:03 PM","October 22, 2025, 8:03 PM",,"January 1, 2000, 12:00 AM",,0
"9,376","101,373",12,902005,"October 22, 2025, 8:04 PM","October 22, 2025, 8:04 PM",,"January 1, 2000, 12:00 AM",,0
"9,377","101,351",45,27056,"October 22, 2025, 9:47 PM","October 22, 2025, 9:47 PM",,"January 1, 2000, 12:00 AM",,0
"9,378","101,191",25,250305,"October 22, 2025, 9:57 PM","October 22, 2025, 9:57 PM",,"January 1, 2000, 12:00 AM",,0
"9,379","101,386",45,27617,"October 22, 2025, 9:59 PM","October 22, 2025, 9:59 PM",,"January 1, 2000, 12:00 AM",,0
"9,380","101,386",22,108528,"October 22, 2025, 9:59 PM","October 22, 2025, 9:59 PM",,"January 1, 2000, 12:00 AM",,0
"9,381","101,387",45,27617,"October 22, 2025, 10:05 PM","October 22, 2025, 10:05 PM",,"January 1, 2000, 12:00 AM",,0
"9,382","101,387",22,108528,"October 22, 2025, 10:06 PM","October 22, 2025, 10:06 PM",,"January 1, 2000, 12:00 AM",,0
"9,383","101,388",45,27617,"October 22, 2025, 10:09 PM","October 22, 2025, 10:09 PM",,"January 1, 2000, 12:00 AM",,0
"9,384","101,388",36,02378,"October 22, 2025, 10:09 PM","October 22, 2025, 10:09 PM",,"January 1, 2000, 12:00 AM",,0
"9,385","101,388",22,108528,"October 22, 2025, 10:09 PM","October 22, 2025, 10:09 PM",,"January 1, 2000, 12:00 AM",,0
"9,367","84,429",45,13242,"October 22, 2025, 12:58 AM","October 22, 2025, 12:58 AM",,"January 1, +1000000000, 12:00 AM",,0
"9,389","101,145",34,167,"October 23, 2025, 1:58 PM","October 23, 2025, 1:58 PM",,"January 1, 2000, 12:00 AM",,0
"9,390","88,576",18,1266,"October 23, 2025, 2:37 PM","October 23, 2025, 2:37 PM",,"January 1, 2000, 12:00 AM",,0
"9,391","101,391",45,27688,"October 23, 2025, 2:50 PM","October 23, 2025, 2:50 PM",,"January 1, 2000, 12:00 AM",,0
"9,392","101,214",9,1000002785,"October 23, 2025, 3:15 PM","October 23, 2025, 3:15 PM",,"January 1, 2000, 12:00 AM",,0
"9,393","101,374",9,1000002785,"October 23, 2025, 3:16 PM","October 23, 2025, 3:16 PM",,"January 1, 2000, 12:00 AM",,0
"9,394","88,670",11,103434,"October 23, 2025, 3:34 PM","October 23, 2025, 3:34 PM",,"January 1, 2000, 12:00 AM",,0
"9,395","101,176",45,27617,"October 23, 2025, 6:26 PM","October 23, 2025, 6:26 PM",,"January 1, 2000, 12:00 AM",,0
"9,396","101,173",45,27617,"October 23, 2025, 6:26 PM","October 23, 2025, 6:26 PM",,"January 1, 2000, 12:00 AM",,0
"9,397","101,244",45,27617,"October 23, 2025, 6:26 PM","October 23, 2025, 6:26 PM",,"January 1, 2000, 12:00 AM",,0
"9,398","101,171",45,27617,"October 23, 2025, 6:26 PM","October 23, 2025, 6:26 PM",,"January 1, 2000, 12:00 AM",,0
"9,399","101,255",32,44005,"October 23, 2025, 6:26 PM","October 23, 2025, 6:26 PM",,"January 1, 2000, 12:00 AM",,0
"9,401","101,381",11,14225,"October 23, 2025, 10:19 PM","October 23, 2025, 10:19 PM",,"January 1, 2000, 12:00 AM",,0
"9,402","89,703",12,8209701,"October 23, 2025, 10:36 PM","October 23, 2025, 10:36 PM",,"January 1, 2000, 12:00 AM",,0
"9,403","100,408",44,103652,"October 24, 2025, 2:17 AM","October 24, 2025, 2:17 AM",,"January 1, 2000, 12:00 AM",,0
"9,404","101,394",11,109528,"October 24, 2025, 11:58 AM","October 24, 2025, 11:58 AM",,"January 1, 2000, 12:00 AM",,0
"9,405","101,394",45,26292,"October 24, 2025, 11:59 AM","October 24, 2025, 11:59 AM",,"January 1, 2000, 12:00 AM",,0
"9,406","101,394",42,3443,"October 24, 2025, 11:59 AM","October 24, 2025, 11:59 AM",,"January 1, 2000, 12:00 AM",,0
"9,407","101,338",25,251574,"October 24, 2025, 12:31 PM","October 24, 2025, 12:31 PM",,"January 1, 2000, 12:00 AM",,0
"9,408","101,379",25,205528,"October 24, 2025, 4:52 PM","October 24, 2025, 4:52 PM",,"January 1, 2000, 12:00 AM",,0
"9,409","101,181",25,151300,"October 24, 2025, 5:15 PM","October 24, 2025, 5:15 PM",,"January 1, 2000, 12:00 AM",,0
"9,410","101,393",42,0320,"October 24, 2025, 5:35 PM","October 24, 2025, 5:35 PM",,"January 1, 2000, 12:00 AM",,0
"9,411","100,852",45,14038,"October 24, 2025, 8:45 PM","October 24, 2025, 8:45 PM",,"January 1, 2000, 12:00 AM",,0
"9,412","82,372",42,1832,"October 24, 2025, 10:17 PM","October 24, 2025, 10:17 PM",,"January 1, 2000, 12:00 AM",,0
"9,413","84,333",42,1980,"October 24, 2025, 10:25 PM","October 24, 2025, 10:25 PM",,"January 1, 2000, 12:00 AM",,0
"9,414","85,216",42,2426,"October 24, 2025, 10:53 PM","October 24, 2025, 10:53 PM",,"January 1, 2000, 12:00 AM",,0
"9,415","88,157",42,320,"October 26, 2025, 9:24 PM","October 26, 2025, 9:24 PM",,"January 1, 2000, 12:00 AM",,0
"9,416","86,849",42,3343,"October 26, 2025, 9:48 PM","October 26, 2025, 9:48 PM",,"January 1, 2000, 12:00 AM",,0
"9,417","89,709",42,3519,"October 27, 2025, 10:23 AM","October 27, 2025, 10:23 AM",,"January 1, 2000, 12:00 AM",,0
"9,418","90,120",42,3544,"October 27, 2025, 10:34 AM","October 27, 2025, 10:34 AM",,"January 1, 2000, 12:00 AM",,0
"9,419","101,376",45,38671,"October 27, 2025, 12:08 PM","October 27, 2025, 12:08 PM",,"January 1, 2000, 12:00 AM",,0
"9,420","86,489",35,15872,"October 27, 2025, 1:42 PM","October 27, 2025, 1:42 PM",,"January 1, 2000, 12:00 AM",,0
"9,421","89,056",35,11539,"October 27, 2025, 1:54 PM","October 27, 2025, 1:54 PM",,"January 1, 2000, 12:00 AM",,0
"9,422","88,211",42,3014,"October 27, 2025, 5:15 PM","October 27, 2025, 5:15 PM",,"January 1, 2000, 12:00 AM",,0
"9,423","84,066",42,2928,"October 27, 2025, 5:26 PM","October 27, 2025, 5:26 PM",,"January 1, 2000, 12:00 AM",,0
"9,400","83,150",11,111866,"October 23, 2025, 8:53 PM","October 23, 2025, 8:53 PM",,"January 1, +1000000000, 12:00 AM",,0
"9,424","101,403",9,10167,"October 27, 2025, 6:09 PM","October 27, 2025, 6:09 PM",,"January 1, 2000, 12:00 AM",,0
"9,425","86,730",42,3398,"October 27, 2025, 6:11 PM","October 27, 2025, 6:11 PM",,"January 1, 2000, 12:00 AM",,0
"9,426","81,841",42,353,"October 27, 2025, 6:17 PM","October 27, 2025, 6:17 PM",,"January 1, 2000, 12:00 AM",,0
"9,427","86,916",42,2754,"October 27, 2025, 6:29 PM","October 27, 2025, 6:29 PM",,"January 1, 2000, 12:00 AM",,0
"9,428","88,176",42,1364,"October 27, 2025, 6:41 PM","October 27, 2025, 6:41 PM",,"January 1, 2000, 12:00 AM",,0
"9,429","84,469",42,2280,"October 27, 2025, 6:45 PM","October 27, 2025, 6:45 PM",,"January 1, 2000, 12:00 AM",,0
"9,430","81,961",42,456,"October 27, 2025, 6:50 PM","October 27, 2025, 6:50 PM",,"January 1, 2000, 12:00 AM",,0
"9,431","84,816",42,504,"October 27, 2025, 6:51 PM","October 27, 2025, 6:51 PM",,"January 1, 2000, 12:00 AM",,0
"9,432","84,446",42,309,"October 27, 2025, 7:04 PM","October 27, 2025, 7:04 PM",,"January 1, 2000, 12:00 AM",,0
"9,433","101,074",44,106166,"October 28, 2025, 12:16 PM","October 28, 2025, 12:16 PM",,"January 1, 2000, 12:00 AM",,0
"9,434","87,294",36,2682,"October 28, 2025, 1:19 PM","October 28, 2025, 1:19 PM",,"January 1, 2000, 12:00 AM",,0
"9,435","83,563",11,117065,"October 28, 2025, 1:23 PM","October 28, 2025, 1:23 PM",,"January 1, 2000, 12:00 AM",,0
"9,436","101,404",25,251081,"October 28, 2025, 1:54 PM","October 28, 2025, 1:54 PM",,"January 1, 2000, 12:00 AM",,0
"2,642","89,466",25,151548,"August 1, 2025, 11:23 AM","August 1, 2025, 11:23 AM",,"January 1, +1000000000, 12:00 AM",,0
"2,643","89,463",25,151548,"August 1, 2025, 11:23 AM","August 1, 2025, 11:23 AM",,"January 1, +1000000000, 12:00 AM",,0
"9,439","101,406",18,5454,"October 28, 2025, 5:55 PM","October 28, 2025, 5:55 PM",,"January 1, 2000, 12:00 AM",,0
"9,440","101,406",11,108068,"October 28, 2025, 5:57 PM","October 28, 2025, 5:57 PM",,"January 1, 2000, 12:00 AM",,0
"9,441","100,789",24,1334,"October 28, 2025, 6:19 PM","October 28, 2025, 6:19 PM",,"January 1, 2000, 12:00 AM",,0
"9,442","101,389",36,4399,"October 28, 2025, 6:33 PM","October 28, 2025, 6:33 PM",,"January 1, 2000, 12:00 AM",,0
"9,444","101,390",22,110459,"October 28, 2025, 6:54 PM","October 28, 2025, 6:54 PM",,"January 1, 2000, 12:00 AM",,0
"9,445","89,746",11,6043,"October 28, 2025, 7:01 PM","October 28, 2025, 7:01 PM",,"January 1, 2000, 12:00 AM",,0
"9,446","101,407",36,4399,"October 28, 2025, 8:02 PM","October 28, 2025, 8:02 PM",,"January 1, 2000, 12:00 AM",,0
"9,447","101,408",43,36236,"October 28, 2025, 9:15 PM","October 28, 2025, 9:15 PM",,"January 1, 2000, 12:00 AM",,0
"9,448","101,402",44,198000,"October 28, 2025, 9:55 PM","October 28, 2025, 9:55 PM",,"January 1, 2000, 12:00 AM",,0
"9,449","87,842",44,103508,"October 29, 2025, 2:38 AM","October 29, 2025, 2:38 AM",,"January 1, 2000, 12:00 AM",,0
"9,450","101,410",44,105805,"October 29, 2025, 1:04 PM","October 29, 2025, 1:04 PM",,"January 1, 2000, 12:00 AM",,0
"9,451","90,482",24,4495,"October 29, 2025, 1:47 PM","October 29, 2025, 1:47 PM",,"January 1, 2000, 12:00 AM",,0
"9,452","100,862",45,16044,"October 29, 2025, 3:25 PM","October 29, 2025, 3:25 PM",,"January 1, 2000, 12:00 AM",,0
"9,453","101,418",45,1111,"October 29, 2025, 5:31 PM","October 29, 2025, 5:31 PM",,"January 1, 2000, 12:00 AM",,0
"9,370","101,384",45,13560,"October 22, 2025, 1:44 PM","October 29, 2025, 7:49 PM",,"January 1, 2000, 12:00 AM",,0
"9,454","82,502",11,10222,"October 29, 2025, 9:25 PM","October 29, 2025, 9:25 PM",,"January 1, 2000, 12:00 AM",,0
"9,455","82,502",45,26703,"October 29, 2025, 9:33 PM","October 29, 2025, 9:33 PM",,"January 1, 2000, 12:00 AM",,0
"9,456","82,502",12,1149601,"October 29, 2025, 9:34 PM","October 29, 2025, 9:34 PM",,"January 1, 2000, 12:00 AM",,0
"9,457","101,086",45,23235,"October 29, 2025, 9:52 PM","October 29, 2025, 9:52 PM",,"January 1, 2000, 12:00 AM",,0
"9,458","101,339",42,3216,"October 29, 2025, 10:50 PM","October 29, 2025, 10:50 PM",,"January 1, 2000, 12:00 AM",,0
"9,459","101,339",12,4555501,"October 29, 2025, 10:50 PM","October 29, 2025, 10:50 PM",,"January 1, 2000, 12:00 AM",,0
"9,460","101,339",11,107652,"October 29, 2025, 10:51 PM","October 29, 2025, 10:51 PM",,"January 1, 2000, 12:00 AM",,0
"9,461","101,409",45,29245,"October 30, 2025, 12:06 AM","October 30, 2025, 12:06 AM",,"January 1, 2000, 12:00 AM",,0
"9,462","83,423",12,9011901,"October 30, 2025, 2:47 PM","October 30, 2025, 2:47 PM",,"January 1, 2000, 12:00 AM",,0
"9,463","100,859",45,23567,"October 30, 2025, 3:00 PM","October 30, 2025, 3:00 PM",,"January 1, 2000, 12:00 AM",,0
"9,464","101,397",18,2844,"October 30, 2025, 3:36 PM","October 30, 2025, 3:36 PM",,"January 1, 2000, 12:00 AM",,0
"9,465","101,397",45,25245,"October 30, 2025, 3:37 PM","October 30, 2025, 3:37 PM",,"January 1, 2000, 12:00 AM",,0
"9,466","101,397",9,1000007188,"October 30, 2025, 3:38 PM","October 30, 2025, 3:38 PM",,"January 1, 2000, 12:00 AM",,0
"9,467","101,421",45,12493,"October 30, 2025, 3:45 PM","October 30, 2025, 3:45 PM",,"January 1, 2000, 12:00 AM",,0
"9,468","101,422",45,12137,"October 30, 2025, 3:47 PM","October 30, 2025, 3:47 PM",,"January 1, 2000, 12:00 AM",,0
"9,469","90,091",42,3504,"October 30, 2025, 3:56 PM","October 30, 2025, 3:56 PM",,"January 1, 2000, 12:00 AM",,0
"9,470","101,424",45,11564,"October 30, 2025, 4:15 PM","October 30, 2025, 4:15 PM",,"January 1, 2000, 12:00 AM",,0
"9,471","101,426",45,27757,"October 30, 2025, 4:25 PM","October 30, 2025, 4:25 PM",,"January 1, 2000, 12:00 AM",,0
"9,472","101,427",45,26313,"October 30, 2025, 4:33 PM","October 30, 2025, 4:33 PM",,"January 1, 2000, 12:00 AM",,0
"9,473","101,425",45,20792,"October 30, 2025, 4:36 PM","October 30, 2025, 4:36 PM",,"January 1, 2000, 12:00 AM",,0
"9,474","101,420",45,37606,"October 30, 2025, 4:39 PM","October 30, 2025, 4:39 PM",,"January 1, 2000, 12:00 AM",,0
"9,475","101,429",45,16106,"October 30, 2025, 4:49 PM","October 30, 2025, 4:49 PM",,"January 1, 2000, 12:00 AM",,0
"9,476","90,507",45,18334,"October 30, 2025, 4:55 PM","October 30, 2025, 4:55 PM",,"January 1, 2000, 12:00 AM",,0
"9,477","101,430",45,12318,"October 30, 2025, 4:57 PM","October 30, 2025, 4:57 PM",,"January 1, 2000, 12:00 AM",,0
"9,478","101,431",45,23644,"October 30, 2025, 4:58 PM","October 30, 2025, 4:58 PM",,"January 1, 2000, 12:00 AM",,0
"9,479","101,432",45,11579,"October 30, 2025, 5:39 PM","October 30, 2025, 5:39 PM",,"January 1, 2000, 12:00 AM",,0
"9,480","101,433",45,23227,"October 30, 2025, 5:41 PM","October 30, 2025, 5:41 PM",,"January 1, 2000, 12:00 AM",,0
"9,481","83,801",45,10329,"October 30, 2025, 5:56 PM","October 30, 2025, 5:56 PM",,"January 1, 2000, 12:00 AM",,0
"9,482","101,436",45,10382,"October 30, 2025, 6:09 PM","October 30, 2025, 6:09 PM",,"January 1, 2000, 12:00 AM",,0
"9,483","101,437",45,34613,"October 30, 2025, 6:16 PM","October 30, 2025, 6:16 PM",,"January 1, 2000, 12:00 AM",,0
"9,484","101,438",45,19534,"October 30, 2025, 6:24 PM","October 30, 2025, 6:24 PM",,"January 1, 2000, 12:00 AM",,0
"9,485","101,439",45,37742,"October 30, 2025, 6:28 PM","October 30, 2025, 6:28 PM",,"January 1, 2000, 12:00 AM",,0
"9,486","86,977",45,23658,"October 30, 2025, 6:42 PM","October 30, 2025, 6:42 PM",,"January 1, 2000, 12:00 AM",,0
"9,487","101,441",45,12132,"October 30, 2025, 6:58 PM","October 30, 2025, 6:58 PM",,"January 1, 2000, 12:00 AM",,0
"9,488","101,442",45,35600,"October 30, 2025, 7:04 PM","October 30, 2025, 7:04 PM",,"January 1, 2000, 12:00 AM",,0
"9,489","87,777",45,38593,"October 30, 2025, 7:13 PM","October 30, 2025, 7:13 PM",,"January 1, 2000, 12:00 AM",,0
"9,490","90,040",35,15883,"October 30, 2025, 7:45 PM","October 30, 2025, 7:45 PM",,"January 1, 2000, 12:00 AM",,0
"9,492","101,443",45,28377,"October 30, 2025, 8:49 PM","October 30, 2025, 8:49 PM",,"January 1, 2000, 12:00 AM",,0
"9,493","85,881",9,1000007185,"October 30, 2025, 9:07 PM","October 30, 2025, 9:07 PM",,"January 1, 2000, 12:00 AM",,0
"9,494","90,366",45,11959,"October 30, 2025, 9:54 PM","October 30, 2025, 9:54 PM",,"January 1, 2000, 12:00 AM",,0
"9,495","86,470",45,17618,"October 30, 2025, 10:45 PM","October 30, 2025, 10:45 PM",,"January 1, 2000, 12:00 AM",,0
"9,496","88,516",45,12270,"October 30, 2025, 10:49 PM","October 30, 2025, 10:49 PM",,"January 1, 2000, 12:00 AM",,0
"9,497","101,352",12,3400802,"October 31, 2025, 2:25 AM","October 31, 2025, 2:25 AM",,"January 1, 2000, 12:00 AM",,0
"9,498","100,694",43,2181,"October 31, 2025, 10:36 AM","October 31, 2025, 10:36 AM",,"January 1, 2000, 12:00 AM",,0
"9,499","83,155",43,6103,"October 31, 2025, 10:49 AM","October 31, 2025, 10:49 AM",,"January 1, 2000, 12:00 AM",,0
"9,500","86,177",43,5505,"October 31, 2025, 10:49 AM","October 31, 2025, 10:49 AM",,"January 1, 2000, 12:00 AM",,0
"9,501","88,147",43,5503,"October 31, 2025, 10:49 AM","October 31, 2025, 10:49 AM",,"January 1, 2000, 12:00 AM",,0
"9,502","90,343",43,5506,"October 31, 2025, 10:49 AM","October 31, 2025, 10:49 AM",,"January 1, 2000, 12:00 AM",,0
"4,943","82,394",9,1000005012,"August 1, 2025, 11:34 AM","August 1, 2025, 11:34 AM",,"January 1, +1000000000, 12:00 AM",,0
"9,503","90,266",43,6101,"October 31, 2025, 10:55 AM","October 31, 2025, 10:55 AM",,"January 1, 2000, 12:00 AM",,0
"9,504","89,438",43,5746,"October 31, 2025, 10:55 AM","October 31, 2025, 10:55 AM",,"January 1, 2000, 12:00 AM",,0
"9,505","89,235",43,3881,"October 31, 2025, 10:55 AM","October 31, 2025, 10:55 AM",,"January 1, 2000, 12:00 AM",,0
"9,506","88,812",43,5502,"October 31, 2025, 10:55 AM","October 31, 2025, 10:55 AM",,"January 1, 2000, 12:00 AM",,0
"9,507","90,028",43,5504,"October 31, 2025, 10:55 AM","October 31, 2025, 10:55 AM",,"January 1, 2000, 12:00 AM",,0
"9,491","85,078",45,15084,"October 30, 2025, 8:44 PM","November 10, 2025, 10:31 AM",,"January 1, 2000, 12:00 AM",,0
"9,438","101,208",18,4526,"October 28, 2025, 4:39 PM","October 28, 2025, 4:39 PM",,"January 1, +1000000000, 12:00 AM",,0
"9,443","86,126",18,6145,"October 28, 2025, 6:52 PM","October 28, 2025, 6:52 PM",,"January 1, +1000000000, 12:00 AM",,0
"9,508","87,807",43,3923,"October 31, 2025, 10:55 AM","October 31, 2025, 10:55 AM",,"January 1, 2000, 12:00 AM",,0
"9,509","101,444",18,4739,"October 31, 2025, 12:04 PM","October 31, 2025, 12:04 PM",,"January 1, 2000, 12:00 AM",,0
"9,510","101,415",18,577,"October 31, 2025, 12:48 PM","October 31, 2025, 12:48 PM",,"January 1, 2000, 12:00 AM",,0
"9,511","101,415",9,5533,"October 31, 2025, 12:50 PM","October 31, 2025, 12:50 PM",,"January 1, 2000, 12:00 AM",,0
"9,512","101,212",34,5631,"October 31, 2025, 2:31 PM","October 31, 2025, 2:31 PM",,"January 1, 2000, 12:00 AM",,0
"9,513","85,897",34,5894,"October 31, 2025, 2:36 PM","October 31, 2025, 2:36 PM",,"January 1, 2000, 12:00 AM",,0
"9,514","101,381",34,5886,"October 31, 2025, 3:01 PM","October 31, 2025, 3:01 PM",,"January 1, 2000, 12:00 AM",,0
"9,515","100,215",12,4793126,"October 31, 2025, 3:48 PM","October 31, 2025, 3:48 PM",,"January 1, 2000, 12:00 AM",,0
"9,516","101,447",43,1922,"October 31, 2025, 3:56 PM","October 31, 2025, 3:56 PM",,"January 1, 2000, 12:00 AM",,0
"9,517","101,447",45,10307,"October 31, 2025, 3:57 PM","October 31, 2025, 3:57 PM",,"January 1, 2000, 12:00 AM",,0
"9,518","101,219",25,250541,"October 31, 2025, 4:04 PM","October 31, 2025, 4:04 PM",,"January 1, 2000, 12:00 AM",,0
"9,519","87,571",45,34064,"October 31, 2025, 6:17 PM","October 31, 2025, 6:17 PM",,"January 1, 2000, 12:00 AM",,0
"9,521","84,710",45,12634,"October 31, 2025, 8:10 PM","October 31, 2025, 8:10 PM",,"January 1, 2000, 12:00 AM",,0
"9,522","100,828",42,1538,"November 1, 2025, 12:31 AM","November 1, 2025, 12:31 AM",,"January 1, 2000, 12:00 AM",,0
"9,523","101,448",12,9785901,"November 1, 2025, 1:00 PM","November 1, 2025, 1:00 PM",,"January 1, 2000, 12:00 AM",,0
"9,524","101,448",32,28395,"November 1, 2025, 1:01 PM","November 1, 2025, 1:01 PM",,"January 1, 2000, 12:00 AM",,0
"9,525","100,821",11,12816,"November 1, 2025, 1:41 PM","November 1, 2025, 1:41 PM",,"January 1, 2000, 12:00 AM",,0
"9,526","88,517",10,778,"November 1, 2025, 2:19 PM","November 1, 2025, 2:19 PM",,"January 1, 2000, 12:00 AM",,0
"9,527","88,257",10,535,"November 1, 2025, 8:19 PM","November 1, 2025, 8:19 PM",,"January 1, 2000, 12:00 AM",,0
"9,528","83,173",10,649,"November 1, 2025, 8:54 PM","November 1, 2025, 8:54 PM",,"January 1, 2000, 12:00 AM",,0
"9,529","88,682",10,898,"November 1, 2025, 10:20 PM","November 1, 2025, 10:20 PM",,"January 1, 2000, 12:00 AM",,0
"9,530","100,199",44,200767,"November 3, 2025, 11:03 AM","November 3, 2025, 11:03 AM",,"January 1, 2000, 12:00 AM",,0
"9,531","90,493",12,3527301,"November 3, 2025, 11:59 AM","November 3, 2025, 11:59 AM",,"January 1, 2000, 12:00 AM",,0
"9,532","101,359",42,3505,"November 3, 2025, 12:11 PM","November 3, 2025, 12:11 PM",,"January 1, 2000, 12:00 AM",,0
"9,533","101,360",42,2869,"November 3, 2025, 12:14 PM","November 3, 2025, 12:14 PM",,"January 1, 2000, 12:00 AM",,0
"9,534","101,358",42,3548,"November 3, 2025, 12:14 PM","November 3, 2025, 12:14 PM",,"January 1, 2000, 12:00 AM",,0
"9,535","101,357",42,2046,"November 3, 2025, 12:15 PM","November 3, 2025, 12:15 PM",,"January 1, 2000, 12:00 AM",,0
"9,536","101,355",42,469,"November 3, 2025, 12:15 PM","November 3, 2025, 12:15 PM",,"January 1, 2000, 12:00 AM",,0
"9,537","86,124",10,918,"November 3, 2025, 1:45 PM","November 3, 2025, 1:45 PM",,"January 1, 2000, 12:00 AM",,0
"9,538","81,739",10,747,"November 3, 2025, 2:32 PM","November 3, 2025, 2:32 PM",,"January 1, 2000, 12:00 AM",,0
"9,539","84,821",10,1418,"November 3, 2025, 3:03 PM","November 3, 2025, 3:03 PM",,"January 1, 2000, 12:00 AM",,0
"9,540","101,449",36,6007,"November 3, 2025, 4:12 PM","November 3, 2025, 4:12 PM",,"January 1, 2000, 12:00 AM",,0
"9,541","88,409",11,30779,"November 3, 2025, 6:19 PM","November 3, 2025, 6:19 PM",,"January 1, 2000, 12:00 AM",,0
"9,542","101,411",11,101411,"November 3, 2025, 6:58 PM","November 3, 2025, 6:58 PM",,"January 1, 2000, 12:00 AM",,0
"9,543","83,540",9,8258,"November 3, 2025, 8:08 PM","November 3, 2025, 8:08 PM",,"January 1, 2000, 12:00 AM",,0
"9,544","101,215",45,36020,"November 3, 2025, 8:51 PM","November 3, 2025, 8:51 PM",,"January 1, 2000, 12:00 AM",,0
"9,545","101,251",45,38610,"November 3, 2025, 8:59 PM","November 3, 2025, 8:59 PM",,"January 1, 2000, 12:00 AM",,0
"9,546","101,450",25,251270,"November 4, 2025, 1:27 PM","November 4, 2025, 1:27 PM",,"January 1, 2000, 12:00 AM",,0
"9,547","101,157",24,628,"November 4, 2025, 1:53 PM","November 4, 2025, 1:53 PM",,"January 1, 2000, 12:00 AM",,0
"9,548","101,157",24,496,"November 4, 2025, 1:53 PM","November 4, 2025, 1:53 PM",,"January 1, 2000, 12:00 AM",,0
"9,549","101,158",24,496,"November 4, 2025, 1:54 PM","November 4, 2025, 1:54 PM",,"January 1, 2000, 12:00 AM",,0
"9,550","101,168",24,733,"November 4, 2025, 1:54 PM","November 4, 2025, 1:54 PM",,"January 1, 2000, 12:00 AM",,0
"9,551","101,166",24,4592,"November 4, 2025, 1:55 PM","November 4, 2025, 1:55 PM",,"January 1, 2000, 12:00 AM",,0
"9,552","101,166",24,4592,"November 4, 2025, 1:55 PM","November 4, 2025, 1:55 PM",,"January 1, 2000, 12:00 AM",,0
"9,553","100,479",43,6326,"November 4, 2025, 3:28 PM","November 4, 2025, 3:28 PM",,"January 1, 2000, 12:00 AM",,0
"9,555","88,355",43,6117,"November 4, 2025, 3:53 PM","November 4, 2025, 3:53 PM",,"January 1, 2000, 12:00 AM",,0
"9,556","101,452",44,101857,"November 4, 2025, 5:00 PM","November 4, 2025, 5:04 PM",,"January 1, 2000, 12:00 AM",,0
"9,557","100,619",35,10949,"November 4, 2025, 8:34 PM","November 4, 2025, 8:34 PM",,"January 1, 2000, 12:00 AM",,0
"9,558","100,664",45,27690,"November 4, 2025, 8:55 PM","November 4, 2025, 8:55 PM",,"January 1, 2000, 12:00 AM",,0
"9,559","101,439",11,117081,"November 4, 2025, 10:46 PM","November 4, 2025, 10:46 PM",,"January 1, 2000, 12:00 AM",,0
"9,560","101,439",32,43955,"November 4, 2025, 10:47 PM","November 4, 2025, 10:47 PM",,"January 1, 2000, 12:00 AM",,0
"9,561","101,456",44,101471,"November 5, 2025, 12:31 PM","November 5, 2025, 12:31 PM",,"January 1, 2000, 12:00 AM",,0
"9,562","84,266",42,2169,"November 5, 2025, 12:43 PM","November 5, 2025, 12:43 PM",,"January 1, 2000, 12:00 AM",,0
"9,563","101,457",36,02847,"November 5, 2025, 1:54 PM","November 5, 2025, 1:54 PM",,"January 1, 2000, 12:00 AM",,0
"9,564","83,346",11,12816,"November 5, 2025, 1:55 PM","November 5, 2025, 1:55 PM",,"January 1, 2000, 12:00 AM",,0
"9,565","87,615",44,104454,"November 5, 2025, 3:49 PM","November 5, 2025, 3:49 PM",,"January 1, 2000, 12:00 AM",,0
"9,566","83,925",12,3909401,"November 5, 2025, 7:35 PM","November 5, 2025, 7:35 PM",,"January 1, 2000, 12:00 AM",,0
"9,567","87,020",22,105821,"November 5, 2025, 8:27 PM","November 5, 2025, 8:27 PM",,"January 1, 2000, 12:00 AM",,0
"9,568","90,236",9,9989,"November 5, 2025, 8:31 PM","November 5, 2025, 8:31 PM",,"January 1, 2000, 12:00 AM",,0
"9,569","101,460",25,251440,"November 5, 2025, 9:20 PM","November 5, 2025, 9:20 PM",,"January 1, 2000, 12:00 AM",,0
"9,570","101,227",9,1000007660,"November 5, 2025, 10:14 PM","November 5, 2025, 10:14 PM",,"January 1, 2000, 12:00 AM",,0
"9,571","101,458",44,105715,"November 6, 2025, 12:15 PM","November 6, 2025, 12:15 PM",,"January 1, 2000, 12:00 AM",,0
"9,572","87,677",44,105956,"November 6, 2025, 1:05 PM","November 6, 2025, 1:05 PM",,"January 1, 2000, 12:00 AM",,0
"9,573","101,462",45,28478,"November 6, 2025, 1:17 PM","November 6, 2025, 1:17 PM",,"January 1, 2000, 12:00 AM",,0
"9,574","87,306",11,106684,"November 6, 2025, 1:22 PM","November 6, 2025, 1:22 PM",,"January 1, 2000, 12:00 AM",,0
"9,575","101,464",42,3067,"November 6, 2025, 1:40 PM","November 6, 2025, 1:40 PM",,"January 1, 2000, 12:00 AM",,0
"9,576","87,705",44,105925,"November 6, 2025, 1:53 PM","November 6, 2025, 1:53 PM",,"January 1, 2000, 12:00 AM",,0
"9,437","82,704",9,1000003695,"October 28, 2025, 2:27 PM","November 6, 2025, 2:01 PM",,"January 1, 2000, 12:00 AM",,0
"9,577","101,455",44,106020,"November 6, 2025, 2:53 PM","November 6, 2025, 2:53 PM",,"January 1, 2000, 12:00 AM",,0
"9,578","84,034",22,105179,"November 6, 2025, 3:42 PM","November 6, 2025, 3:42 PM",,"January 1, 2000, 12:00 AM",,0
"9,579","101,454",44,105795,"November 6, 2025, 4:58 PM","November 6, 2025, 4:58 PM",,"January 1, 2000, 12:00 AM",,0
"9,580","101,468",25,210164,"November 6, 2025, 5:49 PM","November 6, 2025, 5:49 PM",,"January 1, 2000, 12:00 AM",,0
"9,581","82,018",34,1631,"November 6, 2025, 7:13 PM","November 6, 2025, 7:13 PM",,"January 1, 2000, 12:00 AM",,0
"9,582","82,018",45,36154,"November 6, 2025, 7:13 PM","November 6, 2025, 7:13 PM",,"January 1, 2000, 12:00 AM",,0
"9,583","101,467",44,106270,"November 6, 2025, 7:13 PM","November 6, 2025, 7:13 PM",,"January 1, 2000, 12:00 AM",,0
"9,584","101,032",45,37864,"November 6, 2025, 8:32 PM","November 6, 2025, 8:32 PM",,"January 1, 2000, 12:00 AM",,0
"9,585","88,166",43,2138,"November 7, 2025, 11:12 AM","November 7, 2025, 11:12 AM",,"January 1, 2000, 12:00 AM",,0
"9,586","101,030",45,26710,"November 7, 2025, 1:07 PM","November 7, 2025, 1:08 PM",,"January 1, 2000, 12:00 AM",,0
"9,587","101,031",45,35343,"November 7, 2025, 1:15 PM","November 7, 2025, 1:15 PM",,"January 1, 2000, 12:00 AM",,0
"9,588","101,474",25,251194,"November 7, 2025, 3:23 PM","November 7, 2025, 3:23 PM",,"January 1, 2000, 12:00 AM",,0
"9,590","101,471",44,106271,"November 7, 2025, 6:52 PM","November 7, 2025, 6:52 PM",,"January 1, 2000, 12:00 AM",,0
"9,591","101,472",44,105704,"November 7, 2025, 6:59 PM","November 7, 2025, 6:59 PM",,"January 1, 2000, 12:00 AM",,0
"9,592","101,476",25,251218,"November 7, 2025, 11:51 PM","November 7, 2025, 11:51 PM",,"January 1, 2000, 12:00 AM",,0
"9,593","101,477",11,103609,"November 8, 2025, 1:29 AM","November 8, 2025, 1:29 AM",,"January 1, 2000, 12:00 AM",,0
"9,520","100,597",35,804,"October 31, 2025, 7:22 PM","October 31, 2025, 7:22 PM",,"January 1, +1000000000, 12:00 AM",,0
"9,594","101,477",18,4995,"November 8, 2025, 1:29 AM","November 8, 2025, 1:29 AM",,"January 1, 2000, 12:00 AM",,0
"9,596","101,478",18,5038,"November 8, 2025, 5:57 PM","November 8, 2025, 5:57 PM",,"January 1, 2000, 12:00 AM",,0
"9,597","82,656",12,17210301,"November 8, 2025, 8:35 PM","November 8, 2025, 8:35 PM",,"January 1, 2000, 12:00 AM",,0
"9,598","89,958",45,28130,"November 9, 2025, 11:19 PM","November 9, 2025, 11:19 PM",,"January 1, 2000, 12:00 AM",,0
"9,599","85,078",36,02878,"November 10, 2025, 10:32 AM","November 10, 2025, 10:32 AM",,"January 1, 2000, 12:00 AM",,0
"9,600","89,373",11,4530,"November 10, 2025, 1:20 PM","November 10, 2025, 1:20 PM",,"January 1, 2000, 12:00 AM",,0
"9,601","101,090",45,13762,"November 10, 2025, 2:02 PM","November 10, 2025, 2:02 PM",,"January 1, 2000, 12:00 AM",,0
"9,602","101,090",12,27737,"November 10, 2025, 2:03 PM","November 10, 2025, 2:03 PM",,"January 1, 2000, 12:00 AM",,0
"9,607","101,459",25,251518,"November 10, 2025, 3:07 PM","November 10, 2025, 3:07 PM",,"January 1, 2000, 12:00 AM",,0
"9,608","101,459",25,251518,"November 10, 2025, 3:13 PM","November 10, 2025, 3:13 PM",,"January 1, 2000, 12:00 AM",,0
"9,609","101,459",25,251518,"November 10, 2025, 3:19 PM","November 10, 2025, 3:19 PM",,"January 1, 2000, 12:00 AM",,0
"9,610","101,459",25,251518,"November 10, 2025, 3:22 PM","November 10, 2025, 3:22 PM",,"January 1, 2000, 12:00 AM",,0
"9,611","101,482",45,15925,"November 10, 2025, 4:31 PM","November 10, 2025, 4:31 PM",,"January 1, 2000, 12:00 AM",,0
"9,612","101,482",9,1000007525,"November 10, 2025, 4:32 PM","November 10, 2025, 4:32 PM",,"January 1, 2000, 12:00 AM",,0
"9,613","101,482",22,110255,"November 10, 2025, 4:33 PM","November 10, 2025, 4:33 PM",,"January 1, 2000, 12:00 AM",,0
"9,614","101,482",44,102832,"November 10, 2025, 4:34 PM","November 10, 2025, 4:34 PM",,"January 1, 2000, 12:00 AM",,0
"9,615","101,482",12,994001,"November 10, 2025, 4:34 PM","November 10, 2025, 4:34 PM",,"January 1, 2000, 12:00 AM",,0
"9,616","100,736",45,12497,"November 10, 2025, 5:01 PM","November 10, 2025, 5:01 PM",,"January 1, 2000, 12:00 AM",,0
"9,617","85,786",11,5195,"November 10, 2025, 6:02 PM","November 10, 2025, 6:02 PM",,"January 1, 2000, 12:00 AM",,0
"9,618","101,481",44,106262,"November 10, 2025, 6:30 PM","November 10, 2025, 6:30 PM",,"January 1, 2000, 12:00 AM",,0
"9,619","90,498",11,107075,"November 10, 2025, 7:34 PM","November 10, 2025, 7:34 PM",,"January 1, 2000, 12:00 AM",,0
"9,620","88,578",11,105080,"November 10, 2025, 7:56 PM","November 10, 2025, 7:56 PM",,"January 1, +1000000000, 12:00 AM",,0
"9,621","101,484",25,251518,"November 10, 2025, 8:42 PM","November 10, 2025, 8:42 PM",,"January 1, 2000, 12:00 AM",,0
"9,622","101,453",45,13271,"November 10, 2025, 10:31 PM","November 10, 2025, 10:31 PM",,"January 1, 2000, 12:00 AM",,0
"9,623","101,105",10,783,"November 11, 2025, 12:01 AM","November 11, 2025, 12:01 AM",,"January 1, 2000, 12:00 AM",,0
"9,624","101,110",11,14132,"November 11, 2025, 12:48 PM","November 11, 2025, 12:48 PM",,"January 1, 2000, 12:00 AM",,0
"9,625","88,720",11,116097,"November 11, 2025, 2:18 PM","November 11, 2025, 2:18 PM",,"January 1, 2000, 12:00 AM",,0
"9,626","101,486",44,106247,"November 11, 2025, 2:38 PM","November 11, 2025, 2:38 PM",,"January 1, 2000, 12:00 AM",,0
"9,627","100,333",36,5368,"November 11, 2025, 3:27 PM","November 11, 2025, 3:27 PM",,"January 1, 2000, 12:00 AM",,0
"9,589","82,475",45,32071,"November 7, 2025, 4:47 PM","November 11, 2025, 3:29 PM",,"January 1, 2000, 12:00 AM",,0
"9,628","101,488",34,2108,"November 11, 2025, 3:37 PM","November 11, 2025, 3:37 PM",,"January 1, 2000, 12:00 AM",,0
"9,629","89,267",11,108257,"November 11, 2025, 4:31 PM","November 11, 2025, 4:31 PM",,"January 1, 2000, 12:00 AM",,0
"9,630","101,490",25,208870,"November 11, 2025, 4:48 PM","November 11, 2025, 4:49 PM",,"January 1, 2000, 12:00 AM",,0
"9,631","101,491",25,250121,"November 11, 2025, 4:51 PM","November 11, 2025, 4:51 PM",,"January 1, 2000, 12:00 AM",,0
"9,632","101,492",25,250113,"November 11, 2025, 4:59 PM","November 11, 2025, 4:59 PM",,"January 1, 2000, 12:00 AM",,0
"9,633","101,493",25,206594,"November 11, 2025, 5:48 PM","November 11, 2025, 5:48 PM",,"January 1, 2000, 12:00 AM",,0
"9,634","87,307",11,106684,"November 11, 2025, 7:43 PM","November 11, 2025, 7:43 PM",,"January 1, 2000, 12:00 AM",,0
"9,635","101,494",10,1126,"November 11, 2025, 8:27 PM","November 11, 2025, 8:27 PM",,"January 1, 2000, 12:00 AM",,0
"9,636","101,494",45,20572,"November 11, 2025, 8:28 PM","November 11, 2025, 8:28 PM",,"January 1, 2000, 12:00 AM",,0
"9,637","85,574",45,17920,"November 11, 2025, 8:34 PM","November 11, 2025, 8:34 PM",,"January 1, 2000, 12:00 AM",,0
"9,638","101,489",45,37864,"November 11, 2025, 8:35 PM","November 11, 2025, 8:35 PM",,"January 1, 2000, 12:00 AM",,0
"9,639","83,546",9,9196,"November 11, 2025, 10:22 PM","November 11, 2025, 10:22 PM",,"January 1, 2000, 12:00 AM",,0
"9,640","90,029",11,10102,"November 11, 2025, 11:18 PM","November 11, 2025, 11:18 PM",,"January 1, 2000, 12:00 AM",,0
"9,641","82,901",42,2646,"November 12, 2025, 11:55 AM","November 12, 2025, 11:55 AM",,"January 1, 2000, 12:00 AM",,0
"9,642","85,237",11,7309,"November 12, 2025, 12:14 PM","November 12, 2025, 12:14 PM",,"January 1, 2000, 12:00 AM",,0
"9,643","85,237",45,33693,"November 12, 2025, 12:14 PM","November 12, 2025, 12:14 PM",,"January 1, 2000, 12:00 AM",,0
"9,645","89,723",11,7072,"November 12, 2025, 1:31 PM","November 12, 2025, 1:31 PM",,"January 1, 2000, 12:00 AM",,0
"9,647","87,220",9,10192,"November 12, 2025, 2:25 PM","November 12, 2025, 2:25 PM",,"January 1, 2000, 12:00 AM",,0
"9,648","88,321",9,7144,"November 12, 2025, 3:07 PM","November 12, 2025, 3:07 PM",,"January 1, 2000, 12:00 AM",,0
"9,595","87,163",12,2798401,"November 8, 2025, 2:05 PM","November 12, 2025, 4:26 PM",,"January 1, 2000, 12:00 AM",,0
"9,649","87,163",45,37387,"November 12, 2025, 4:27 PM","November 12, 2025, 4:27 PM",,"January 1, 2000, 12:00 AM",,0
"9,650","100,683",9,10252,"November 12, 2025, 6:21 PM","November 12, 2025, 6:21 PM",,"January 1, 2000, 12:00 AM",,0
"9,651","85,544",9,655,"November 12, 2025, 6:35 PM","November 12, 2025, 6:35 PM",,"January 1, 2000, 12:00 AM",,0
"9,652","101,496",25,251524,"November 12, 2025, 6:36 PM","November 12, 2025, 6:36 PM",,"January 1, 2000, 12:00 AM",,0
"9,653","101,497",25,250390,"November 12, 2025, 6:38 PM","November 12, 2025, 6:38 PM",,"January 1, 2000, 12:00 AM",,0
"9,654","83,019",9,6777,"November 12, 2025, 6:47 PM","November 12, 2025, 6:47 PM",,"January 1, 2000, 12:00 AM",,0
"9,655","101,498",25,251457,"November 12, 2025, 7:06 PM","November 12, 2025, 7:06 PM",,"January 1, 2000, 12:00 AM",,0
"9,656","87,564",9,1000003041,"November 12, 2025, 7:52 PM","November 12, 2025, 7:52 PM",,"January 1, 2000, 12:00 AM",,0
"9,657","101,500",11,4689,"November 12, 2025, 9:41 PM","November 12, 2025, 9:41 PM",,"January 1, 2000, 12:00 AM",,0
"9,658","90,050",45,36397,"November 13, 2025, 12:07 AM","November 13, 2025, 12:07 AM",,"January 1, 2000, 12:00 AM",,0
"9,660","84,956",9,787,"November 13, 2025, 3:54 PM","November 13, 2025, 3:54 PM",,"January 1, 2000, 12:00 AM",,0
"9,661","90,256",45,36285,"November 13, 2025, 4:24 PM","November 13, 2025, 4:24 PM",,"January 1, 2000, 12:00 AM",,0
"9,662","90,128",45,35981,"November 13, 2025, 4:24 PM","November 13, 2025, 4:24 PM",,"January 1, 2000, 12:00 AM",,0
"9,664","86,310",9,1000004595,"November 13, 2025, 5:06 PM","November 13, 2025, 5:06 PM",,"January 1, 2000, 12:00 AM",,0
"9,665","101,506",25,250401,"November 13, 2025, 5:29 PM","November 13, 2025, 5:29 PM",,"January 1, 2000, 12:00 AM",,0
"9,666","85,921",9,1000005387,"November 13, 2025, 6:46 PM","November 13, 2025, 6:46 PM",,"January 1, 2000, 12:00 AM",,0
"9,667","101,499",36,3663,"November 13, 2025, 7:01 PM","November 13, 2025, 7:01 PM",,"January 1, 2000, 12:00 AM",,0
"9,668","85,590",18,3976,"November 13, 2025, 9:32 PM","November 13, 2025, 9:32 PM",,"January 1, 2000, 12:00 AM",,0
"9,669","85,590",45,26012,"November 13, 2025, 9:34 PM","November 13, 2025, 9:34 PM",,"January 1, 2000, 12:00 AM",,0
"9,670","85,590",12,1618301,"November 13, 2025, 9:34 PM","November 13, 2025, 9:34 PM",,"January 1, 2000, 12:00 AM",,0
"9,671","101,507",25,250305,"November 13, 2025, 9:36 PM","November 13, 2025, 9:36 PM",,"January 1, 2000, 12:00 AM",,0
"9,672","101,508",25,208489,"November 13, 2025, 9:51 PM","November 13, 2025, 9:51 PM",,"January 1, 2000, 12:00 AM",,0
"9,673","101,511",25,202626,"November 13, 2025, 10:38 PM","November 13, 2025, 10:38 PM",,"January 1, 2000, 12:00 AM",,0
"9,674","101,509",25,251465,"November 13, 2025, 10:40 PM","November 13, 2025, 10:40 PM",,"January 1, 2000, 12:00 AM",,0
"9,675","101,510",25,251520,"November 13, 2025, 10:41 PM","November 13, 2025, 10:41 PM",,"January 1, 2000, 12:00 AM",,0
"9,676","101,512",25,251452,"November 13, 2025, 10:46 PM","November 13, 2025, 10:46 PM",,"January 1, 2000, 12:00 AM",,0
"9,678","101,515",25,208459,"November 13, 2025, 11:03 PM","November 13, 2025, 11:03 PM",,"January 1, 2000, 12:00 AM",,0
"9,679","101,516",25,250980,"November 13, 2025, 11:07 PM","November 13, 2025, 11:07 PM",,"January 1, 2000, 12:00 AM",,0
"9,659","85,264",9,1000005858,"November 13, 2025, 3:44 PM","November 13, 2025, 3:44 PM",,"January 1, +1000000000, 12:00 AM",,0
"9,644","100,473",9,1000009583,"November 12, 2025, 1:28 PM","November 12, 2025, 1:28 PM",,"January 1, +1000000000, 12:00 AM",,0
"9,663","86,579",9,4603,"November 13, 2025, 4:49 PM","November 13, 2025, 4:49 PM",,"January 1, +1000000000, 12:00 AM",,0
"9,646","87,557",9,8489,"November 12, 2025, 1:58 PM","November 12, 2025, 1:58 PM",,"January 1, +1000000000, 12:00 AM",,0
"9,680","101,517",25,250529,"November 13, 2025, 11:11 PM","November 13, 2025, 11:11 PM",,"January 1, 2000, 12:00 AM",,0
"9,681","101,514",25,208375,"November 13, 2025, 11:15 PM","November 13, 2025, 11:15 PM",,"January 1, 2000, 12:00 AM",,0
"9,682","101,518",25,208299,"November 13, 2025, 11:21 PM","November 13, 2025, 11:21 PM",,"January 1, 2000, 12:00 AM",,0
"9,683","101,519",25,202859,"November 13, 2025, 11:25 PM","November 13, 2025, 11:25 PM",,"January 1, 2000, 12:00 AM",,0
"9,684","101,520",25,202015,"November 13, 2025, 11:27 PM","November 13, 2025, 11:27 PM",,"January 1, 2000, 12:00 AM",,0
"9,685","101,521",25,202560,"November 13, 2025, 11:31 PM","November 13, 2025, 11:31 PM",,"January 1, 2000, 12:00 AM",,0
"9,687","88,055",34,5868,"November 14, 2025, 12:26 PM","November 14, 2025, 12:26 PM",,"January 1, 2000, 12:00 AM",,0
"9,688","83,566",44,105821,"November 14, 2025, 1:21 PM","November 14, 2025, 1:21 PM",,"January 1, 2000, 12:00 AM",,0
"9,689","101,523",25,171034,"November 14, 2025, 1:51 PM","November 14, 2025, 1:51 PM",,"January 1, 2000, 12:00 AM",,0
"9,690","101,524",25,105693,"November 14, 2025, 1:54 PM","November 14, 2025, 1:54 PM",,"January 1, 2000, 12:00 AM",,0
"9,691","85,167",9,6784,"November 14, 2025, 2:04 PM","November 14, 2025, 2:04 PM",,"January 1, 2000, 12:00 AM",,0
"9,692","101,522",44,105917,"November 14, 2025, 2:13 PM","November 14, 2025, 2:13 PM",,"January 1, 2000, 12:00 AM",,0
"9,693","84,439",9,793,"November 14, 2025, 2:13 PM","November 14, 2025, 2:13 PM",,"January 1, 2000, 12:00 AM",,0
"9,694","84,641",9,1000002895,"November 14, 2025, 2:35 PM","November 14, 2025, 2:35 PM",,"January 1, 2000, 12:00 AM",,0
"9,695","84,240",34,2974,"November 14, 2025, 3:20 PM","November 14, 2025, 3:20 PM",,"January 1, 2000, 12:00 AM",,0
"9,697","85,131",11,109669,"November 14, 2025, 3:58 PM","November 14, 2025, 3:58 PM",,"January 1, 2000, 12:00 AM",,0
"9,698","85,131",42,3415,"November 14, 2025, 3:58 PM","November 14, 2025, 3:58 PM",,"January 1, 2000, 12:00 AM",,0
"9,699","81,915",45,24146,"November 14, 2025, 4:28 PM","November 14, 2025, 4:28 PM",,"January 1, 2000, 12:00 AM",,0
"9,700","101,505",12,8985701,"November 14, 2025, 4:38 PM","November 14, 2025, 4:38 PM",,"January 1, 2000, 12:00 AM",,0
"9,701","87,874",9,1000007805,"November 14, 2025, 6:50 PM","November 14, 2025, 6:50 PM",,"January 1, 2000, 12:00 AM",,0
"9,703","87,995",9,1000002730,"November 14, 2025, 8:35 PM","November 14, 2025, 8:35 PM",,"January 1, 2000, 12:00 AM",,0
"9,704","84,831",9,1000003461,"November 14, 2025, 9:48 PM","November 14, 2025, 9:48 PM",,"January 1, 2000, 12:00 AM",,0
"9,705","82,245",11,150794,"November 14, 2025, 11:18 PM","November 14, 2025, 11:18 PM",,"January 1, 2000, 12:00 AM",,0
"9,706","101,469",45,15806,"November 15, 2025, 2:25 PM","November 15, 2025, 2:25 PM",,"January 1, 2000, 12:00 AM",,0
"9,707","101,469",12,996001,"November 15, 2025, 2:25 PM","November 15, 2025, 2:25 PM",,"January 1, 2000, 12:00 AM",,0
"9,708","101,527",45,23899,"November 15, 2025, 5:38 PM","November 15, 2025, 5:38 PM",,"January 1, 2000, 12:00 AM",,0
"9,709","101,528",45,20440,"November 15, 2025, 5:40 PM","November 15, 2025, 5:40 PM",,"January 1, 2000, 12:00 AM",,0
"9,710","101,528",24,1953,"November 15, 2025, 5:40 PM","November 15, 2025, 5:40 PM",,"January 1, 2000, 12:00 AM",,0
"9,711","101,527",24,3699,"November 15, 2025, 5:41 PM","November 15, 2025, 5:41 PM",,"January 1, 2000, 12:00 AM",,0
"9,712","100,321",45,38854,"November 15, 2025, 5:42 PM","November 15, 2025, 5:42 PM",,"January 1, 2000, 12:00 AM",,0
"9,713","100,321",43,6410,"November 15, 2025, 5:43 PM","November 15, 2025, 5:43 PM",,"January 1, 2000, 12:00 AM",,0
"9,714","101,529",45,27262,"November 15, 2025, 5:44 PM","November 15, 2025, 5:44 PM",,"January 1, 2000, 12:00 AM",,0
"9,715","101,529",24,3694,"November 15, 2025, 5:44 PM","November 15, 2025, 5:44 PM",,"January 1, 2000, 12:00 AM",,0
"9,716","83,067",18,3457,"November 17, 2025, 11:17 AM","November 17, 2025, 11:17 AM",,"January 1, 2000, 12:00 AM",,0
"9,717","83,069",18,3456,"November 17, 2025, 11:18 AM","November 17, 2025, 11:18 AM",,"January 1, 2000, 12:00 AM",,0
"9,718","90,003",9,9960,"November 17, 2025, 12:16 PM","November 17, 2025, 12:16 PM",,"January 1, 2000, 12:00 AM",,0
"9,719","101,540",25,251272,"November 17, 2025, 3:22 PM","November 17, 2025, 3:22 PM",,"January 1, 2000, 12:00 AM",,0
"9,720","101,541",25,150910,"November 17, 2025, 4:01 PM","November 17, 2025, 4:01 PM",,"January 1, 2000, 12:00 AM",,0
"9,721","101,543",25,208375,"November 17, 2025, 4:15 PM","November 17, 2025, 4:15 PM",,"January 1, 2000, 12:00 AM",,0
"9,722","100,814",11,103262,"November 17, 2025, 4:37 PM","November 17, 2025, 4:37 PM",,"January 1, 2000, 12:00 AM",,0
"9,723","100,814",10,1164,"November 17, 2025, 4:37 PM","November 17, 2025, 4:37 PM",,"January 1, 2000, 12:00 AM",,0
"9,724","101,279",9,7229,"November 17, 2025, 6:49 PM","November 17, 2025, 6:49 PM",,"January 1, 2000, 12:00 AM",,0
"9,725","101,545",42,468,"November 17, 2025, 7:58 PM","November 17, 2025, 7:58 PM",,"January 1, 2000, 12:00 AM",,0
"9,726","101,545",45,14639,"November 17, 2025, 7:59 PM","November 17, 2025, 7:59 PM",,"January 1, 2000, 12:00 AM",,0
"9,727","101,504",9,1000005168,"November 17, 2025, 9:13 PM","November 17, 2025, 9:13 PM",,"January 1, 2000, 12:00 AM",,0
"9,728","89,740",9,8918,"November 17, 2025, 9:59 PM","November 17, 2025, 9:59 PM",,"January 1, 2000, 12:00 AM",,0
"9,729","89,742",9,8917,"November 17, 2025, 10:10 PM","November 17, 2025, 10:10 PM",,"January 1, 2000, 12:00 AM",,0
"9,730","90,002",9,8916,"November 17, 2025, 10:19 PM","November 17, 2025, 10:19 PM",,"January 1, 2000, 12:00 AM",,0
"9,731","101,214",18,3203,"November 18, 2025, 10:29 AM","November 18, 2025, 10:29 AM",,"January 1, 2000, 12:00 AM",,0
"9,732","82,007",43,5650,"November 18, 2025, 10:59 AM","November 18, 2025, 10:59 AM",,"January 1, 2000, 12:00 AM",,0
"9,734","101,547",42,1772,"November 18, 2025, 12:58 PM","November 18, 2025, 12:58 PM",,"January 1, 2000, 12:00 AM",,0
"9,735","83,605",35,3292,"November 18, 2025, 1:38 PM","November 18, 2025, 1:38 PM",,"January 1, 2000, 12:00 AM",,0
"9,736","87,949",12,12012,"November 18, 2025, 4:08 PM","November 18, 2025, 4:08 PM",,"January 1, 2000, 12:00 AM",,0
"9,737","101,551",25,822369,"November 18, 2025, 4:55 PM","November 18, 2025, 4:55 PM",,"January 1, 2000, 12:00 AM",,0
"9,738","101,495",35,10681,"November 18, 2025, 6:00 PM","November 18, 2025, 6:00 PM",,"January 1, 2000, 12:00 AM",,0
"9,739","101,413",11,12994,"November 18, 2025, 6:55 PM","November 18, 2025, 6:55 PM",,"January 1, 2000, 12:00 AM",,0
"9,740","83,647",45,36387,"November 18, 2025, 7:29 PM","November 18, 2025, 7:29 PM",,"January 1, 2000, 12:00 AM",,0
"9,741","101,552",42,3465,"November 18, 2025, 7:54 PM","November 18, 2025, 7:54 PM",,"January 1, 2000, 12:00 AM",,0
"9,743","89,911",34,5871,"November 18, 2025, 11:44 PM","November 18, 2025, 11:44 PM",,"January 1, 2000, 12:00 AM",,0
"9,744","86,102",34,5877,"November 18, 2025, 11:44 PM","November 18, 2025, 11:44 PM",,"January 1, +1000000000, 12:00 AM",,0
"9,742","101,548",44,104111,"November 18, 2025, 8:15 PM","November 19, 2025, 11:44 AM",,"January 1, 2000, 12:00 AM",,0
"9,745","83,311",9,7420,"November 19, 2025, 11:49 AM","November 19, 2025, 11:49 AM",,"January 1, 2000, 12:00 AM",,0
"9,746","88,830",34,4043,"November 19, 2025, 12:01 PM","November 19, 2025, 12:01 PM",,"January 1, 2000, 12:00 AM",,0
"5,817","87,686",9,1000009927,"August 1, 2025, 11:36 AM","August 1, 2025, 11:36 AM",,"January 1, +1000000000, 12:00 AM",,0
"9,686","100,955",11,108210,"November 14, 2025, 12:11 AM","November 14, 2025, 12:11 AM",,"January 1, +1000000000, 12:00 AM",,0
"9,747","85,814",9,5700,"November 19, 2025, 12:05 PM","November 19, 2025, 12:05 PM",,"January 1, 2000, 12:00 AM",,0
"9,748","101,556",25,107023,"November 19, 2025, 1:02 PM","November 19, 2025, 1:02 PM",,"January 1, 2000, 12:00 AM",,0
"9,749","101,557",25,151064,"November 19, 2025, 1:07 PM","November 19, 2025, 1:07 PM",,"January 1, 2000, 12:00 AM",,0
"9,750","101,558",25,251537,"November 19, 2025, 1:10 PM","November 19, 2025, 1:10 PM",,"January 1, 2000, 12:00 AM",,0
"9,751","101,550",44,105652,"November 19, 2025, 2:45 PM","November 19, 2025, 2:45 PM",,"January 1, 2000, 12:00 AM",,0
"9,752","101,559",25,151324,"November 19, 2025, 4:17 PM","November 19, 2025, 4:17 PM",,"January 1, 2000, 12:00 AM",,0
"9,753","84,056",9,6111,"November 19, 2025, 4:48 PM","November 19, 2025, 4:48 PM",,"January 1, 2000, 12:00 AM",,0
"9,755","85,768",9,1000004952,"November 19, 2025, 5:01 PM","November 19, 2025, 5:01 PM",,"January 1, 2000, 12:00 AM",,0
"9,756","87,399",9,9636,"November 19, 2025, 5:14 PM","November 19, 2025, 5:14 PM",,"January 1, 2000, 12:00 AM",,0
"9,757","87,464",9,10732,"November 19, 2025, 5:19 PM","November 19, 2025, 5:19 PM",,"January 1, 2000, 12:00 AM",,0
"9,758","87,559",9,1000005942,"November 19, 2025, 5:41 PM","November 19, 2025, 5:41 PM",,"January 1, 2000, 12:00 AM",,0
"9,759","101,561",25,251498,"November 19, 2025, 7:14 PM","November 19, 2025, 7:14 PM",,"January 1, 2000, 12:00 AM",,0
"9,760","101,563",25,190017,"November 19, 2025, 7:19 PM","November 19, 2025, 7:19 PM",,"January 1, 2000, 12:00 AM",,0
"9,761","101,564",25,150316,"November 19, 2025, 7:22 PM","November 19, 2025, 7:22 PM",,"January 1, 2000, 12:00 AM",,0
"9,762","82,516",45,38119,"November 19, 2025, 8:21 PM","November 19, 2025, 8:21 PM",,"January 1, 2000, 12:00 AM",,0
"9,763","87,095",45,25400,"November 19, 2025, 9:28 PM","November 19, 2025, 9:28 PM",,"January 1, 2000, 12:00 AM",,0
"9,764","101,461",12,9891702,"November 20, 2025, 12:37 PM","November 20, 2025, 12:37 PM",,"January 1, 2000, 12:00 AM",,0
"9,765","84,900",11,106020,"November 20, 2025, 4:17 PM","November 20, 2025, 4:17 PM",,"January 1, 2000, 12:00 AM",,0
"9,766","101,406",45,18679,"November 20, 2025, 6:18 PM","November 20, 2025, 6:18 PM",,"January 1, 2000, 12:00 AM",,0
"9,767","88,523",11,107533,"November 20, 2025, 6:55 PM","November 20, 2025, 6:55 PM",,"January 1, 2000, 12:00 AM",,0
"9,768","101,530",9,956,"November 20, 2025, 8:11 PM","November 20, 2025, 8:11 PM",,"January 1, 2000, 12:00 AM",,0
"9,769","101,532",9,6613,"November 20, 2025, 8:14 PM","November 20, 2025, 8:14 PM",,"January 1, 2000, 12:00 AM",,0
"9,771","100,600",35,14977,"November 20, 2025, 8:35 PM","November 20, 2025, 8:35 PM",,"January 1, 2000, 12:00 AM",,0
"9,774","100,599",35,14978,"November 20, 2025, 9:07 PM","November 20, 2025, 9:07 PM",,"January 1, 2000, 12:00 AM",,0
"9,775","101,534",9,1000004378,"November 20, 2025, 9:12 PM","November 20, 2025, 9:12 PM",,"January 1, 2000, 12:00 AM",,0
"9,776","83,566",25,250562,"November 20, 2025, 11:40 PM","November 20, 2025, 11:40 PM",,"January 1, 2000, 12:00 AM",,0
"9,777","83,925",45,34537,"November 21, 2025, 1:06 AM","November 21, 2025, 1:06 AM",,"January 1, 2000, 12:00 AM",,0
"9,778","87,917",12,100101,"November 21, 2025, 1:13 AM","November 21, 2025, 1:13 AM",,"January 1, 2000, 12:00 AM",,0
"9,779","88,419",12,696701,"November 21, 2025, 1:13 AM","November 21, 2025, 1:13 AM",,"January 1, 2000, 12:00 AM",,0
"9,780","88,236",12,4557201,"November 21, 2025, 1:13 AM","November 21, 2025, 1:13 AM",,"January 1, 2000, 12:00 AM",,0
"9,781","88,238",12,709001,"November 21, 2025, 1:13 AM","November 21, 2025, 1:13 AM",,"January 1, 2000, 12:00 AM",,0
"9,783","90,469",12,688601,"November 21, 2025, 1:13 AM","November 21, 2025, 1:13 AM",,"January 1, 2000, 12:00 AM",,0
"9,784","90,470",12,2503801,"November 21, 2025, 1:13 AM","November 21, 2025, 1:13 AM",,"January 1, 2000, 12:00 AM",,0
"9,785","87,985",12,736701,"November 21, 2025, 1:13 AM","November 21, 2025, 1:13 AM",,"January 1, 2000, 12:00 AM",,0
"9,786","89,220",12,5631101,"November 21, 2025, 1:13 AM","November 21, 2025, 1:13 AM",,"January 1, 2000, 12:00 AM",,0
"9,787","87,983",12,116601,"November 21, 2025, 1:13 AM","November 21, 2025, 1:13 AM",,"January 1, 2000, 12:00 AM",,0
"9,788","89,011",34,4485,"November 21, 2025, 2:04 AM","November 21, 2025, 2:04 AM",,"January 1, 2000, 12:00 AM",,0
"9,789","101,584",11,108370,"November 21, 2025, 1:42 PM","November 21, 2025, 1:42 PM",,"January 1, 2000, 12:00 AM",,0
"4,628","88,480",18,4477,"August 1, 2025, 11:34 AM","November 21, 2025, 1:49 PM",,"January 1, 2000, 12:00 AM",,0
"9,790","101,584",45,26755,"November 21, 2025, 3:49 PM","November 21, 2025, 3:49 PM",,"January 1, 2000, 12:00 AM",,0
"9,791","101,584",18,4967,"November 21, 2025, 3:59 PM","November 21, 2025, 3:59 PM",,"January 1, 2000, 12:00 AM",,0
"9,792","100,805",11,107361,"November 21, 2025, 4:03 PM","November 21, 2025, 4:03 PM",,"January 1, 2000, 12:00 AM",,0
"9,793","101,321",44,105705,"November 21, 2025, 6:06 PM","November 21, 2025, 6:06 PM",,"January 1, 2000, 12:00 AM",,0
"9,794","101,589",10,z291,"November 21, 2025, 8:19 PM","November 21, 2025, 8:19 PM",,"January 1, 2000, 12:00 AM",,0
"9,795","101,565",32,27858,"November 21, 2025, 8:47 PM","November 21, 2025, 8:47 PM",,"January 1, 2000, 12:00 AM",,0
"9,796","83,130",12,7500001,"November 21, 2025, 9:07 PM","November 21, 2025, 9:07 PM",,"January 1, 2000, 12:00 AM",,0
"9,797","90,049",12,9755401,"November 21, 2025, 9:15 PM","November 21, 2025, 9:15 PM",,"January 1, 2000, 12:00 AM",,0
"9,798","83,769",36,1784,"November 21, 2025, 11:10 PM","November 21, 2025, 11:10 PM",,"January 1, 2000, 12:00 AM",,0
"9,799","101,634",25,101132,"November 22, 2025, 12:08 AM","November 22, 2025, 12:08 AM",,"January 1, 2000, 12:00 AM",,0
"9,800","101,650",44,106158,"November 22, 2025, 5:10 PM","November 22, 2025, 5:10 PM",,"January 1, 2000, 12:00 AM",,0
"9,801","101,526",11,5498,"November 22, 2025, 10:18 PM","November 22, 2025, 10:18 PM",,"January 1, 2000, 12:00 AM",,0
"9,802","100,994",12,13009401,"November 25, 2025, 11:46 AM","November 25, 2025, 11:46 AM",,"January 1, 2000, 12:00 AM",,0
"9,803","101,549",34,848,"November 25, 2025, 2:51 PM","November 25, 2025, 2:51 PM",,"January 1, 2000, 12:00 AM",,0
"9,804","101,549",11,7126,"November 25, 2025, 2:51 PM","November 25, 2025, 2:51 PM",,"January 1, 2000, 12:00 AM",,0
"9,805","101,549",45,10929,"November 25, 2025, 2:52 PM","November 25, 2025, 2:52 PM",,"January 1, 2000, 12:00 AM",,0
"9,806","101,620",44,105644,"November 25, 2025, 2:54 PM","November 25, 2025, 2:54 PM",,"January 1, 2000, 12:00 AM",,0
"9,807","86,631",9,9821,"November 25, 2025, 3:57 PM","November 25, 2025, 3:57 PM",,"January 1, 2000, 12:00 AM",,0
"9,808","101,562",25,251312,"November 25, 2025, 4:18 PM","November 25, 2025, 4:18 PM",,"January 1, 2000, 12:00 AM",,0
"9,809","87,495",45,37784,"November 25, 2025, 6:28 PM","November 25, 2025, 6:28 PM",,"January 1, 2000, 12:00 AM",,0
"9,810","87,102",9,7463,"November 25, 2025, 7:09 PM","November 25, 2025, 7:09 PM",,"January 1, 2000, 12:00 AM",,0
"9,811","82,961",9,6342,"November 25, 2025, 7:26 PM","November 25, 2025, 7:26 PM",,"January 1, 2000, 12:00 AM",,0
"9,812","87,475",9,7596,"November 25, 2025, 7:40 PM","November 25, 2025, 7:40 PM",,"January 1, 2000, 12:00 AM",,0
"9,813","101,531",9,1000003037,"November 25, 2025, 7:57 PM","November 25, 2025, 7:57 PM",,"January 1, 2000, 12:00 AM",,0
"9,814","83,939",25,211140,"November 25, 2025, 8:11 PM","November 25, 2025, 8:11 PM",,"January 1, 2000, 12:00 AM",,0
"9,815","101,503",9,6064,"November 25, 2025, 8:19 PM","November 25, 2025, 8:19 PM",,"January 1, 2000, 12:00 AM",,0
"9,816","89,390",34,5873,"November 25, 2025, 10:08 PM","November 25, 2025, 10:08 PM",,"January 1, 2000, 12:00 AM",,0
"9,817","100,720",34,5872,"November 25, 2025, 10:08 PM","November 25, 2025, 10:08 PM",,"January 1, 2000, 12:00 AM",,0
"9,818","90,032",34,5876,"November 25, 2025, 10:08 PM","November 25, 2025, 10:08 PM",,"January 1, 2000, 12:00 AM",,0
"9,819","90,283",34,5571,"November 25, 2025, 10:08 PM","November 25, 2025, 10:08 PM",,"January 1, 2000, 12:00 AM",,0
"9,820","101,651",11,13251,"November 25, 2025, 10:22 PM","November 25, 2025, 10:22 PM",,"January 1, 2000, 12:00 AM",,0
"9,821","101,651",25,250529,"November 25, 2025, 10:24 PM","November 25, 2025, 10:24 PM",,"January 1, 2000, 12:00 AM",,0
"9,822","101,651",44,104199,"November 25, 2025, 10:25 PM","November 25, 2025, 10:25 PM",,"January 1, 2000, 12:00 AM",,0
"9,823","101,656",44,105929,"November 25, 2025, 11:08 PM","November 25, 2025, 11:08 PM",,"January 1, 2000, 12:00 AM",,0
"9,824","87,946",9,1000006918,"November 26, 2025, 12:01 PM","November 26, 2025, 12:01 PM",,"January 1, 2000, 12:00 AM",,0
"9,825","101,657",12,3400802,"November 26, 2025, 12:27 PM","November 26, 2025, 12:27 PM",,"January 1, 2000, 12:00 AM",,0
"9,827","101,567",9,10825,"November 26, 2025, 12:54 PM","November 26, 2025, 12:54 PM",,"January 1, 2000, 12:00 AM",,0
"9,828","101,533",9,1000006868,"November 26, 2025, 1:02 PM","November 26, 2025, 1:02 PM",,"January 1, 2000, 12:00 AM",,0
"9,829","101,657",32,21448,"November 26, 2025, 1:29 PM","November 26, 2025, 1:29 PM",,"January 1, 2000, 12:00 AM",,0
"9,830","101,658",42,2063,"November 26, 2025, 1:37 PM","November 26, 2025, 1:37 PM",,"January 1, 2000, 12:00 AM",,0
"9,831","83,540",12,9639701,"November 26, 2025, 2:10 PM","November 26, 2025, 2:10 PM",,"January 1, 2000, 12:00 AM",,0
"9,832","85,477",9,6807,"November 26, 2025, 2:22 PM","November 26, 2025, 2:22 PM",,"January 1, 2000, 12:00 AM",,0
"9,833","101,566",9,6166,"November 26, 2025, 2:33 PM","November 26, 2025, 2:33 PM",,"January 1, 2000, 12:00 AM",,0
"9,754","84,501",9,1000003647,"November 19, 2025, 4:55 PM","November 19, 2025, 4:55 PM",,"January 1, +1000000000, 12:00 AM",,0
"9,770","101,538",9,9294,"November 20, 2025, 8:27 PM","November 20, 2025, 8:27 PM",,"January 1, +1000000000, 12:00 AM",,0
"9,772","101,536",9,1000005420,"November 20, 2025, 8:54 PM","November 20, 2025, 8:54 PM",,"January 1, +1000000000, 12:00 AM",,0
"9,834","101,660",45,25693,"November 26, 2025, 4:37 PM","November 26, 2025, 4:37 PM",,"January 1, 2000, 12:00 AM",,0
"9,835","101,241",36,3958,"November 26, 2025, 4:38 PM","November 26, 2025, 4:38 PM",,"January 1, 2000, 12:00 AM",,0
"9,836","101,241",45,35527,"November 26, 2025, 4:38 PM","November 26, 2025, 4:38 PM",,"January 1, 2000, 12:00 AM",,0
"9,837","101,241",9,2774,"November 26, 2025, 4:38 PM","November 26, 2025, 4:38 PM",,"January 1, 2000, 12:00 AM",,0
"9,838","81,714",10,z 1398,"November 26, 2025, 6:10 PM","November 26, 2025, 6:10 PM",,"January 1, 2000, 12:00 AM",,0
"9,839","86,517",11,8298,"November 26, 2025, 6:29 PM","November 26, 2025, 6:29 PM",,"January 1, 2000, 12:00 AM",,0
"9,840","89,972",9,1000003298,"November 26, 2025, 6:59 PM","November 26, 2025, 6:59 PM",,"January 1, 2000, 12:00 AM",,0
"9,841","101,555",34,5714,"November 26, 2025, 8:27 PM","November 26, 2025, 8:27 PM",,"January 1, 2000, 12:00 AM",,0
"9,842","88,521",11,103721,"November 26, 2025, 8:29 PM","November 26, 2025, 8:29 PM",,"January 1, 2000, 12:00 AM",,0
"9,843","101,347",25,250745,"November 26, 2025, 8:47 PM","November 26, 2025, 8:47 PM",,"January 1, 2000, 12:00 AM",,0
"9,844","101,663",45,15057,"November 26, 2025, 9:42 PM","November 26, 2025, 9:42 PM",,"January 1, 2000, 12:00 AM",,0
"9,845","87,061",10,1035,"November 27, 2025, 12:03 AM","November 27, 2025, 12:03 AM",,"January 1, 2000, 12:00 AM",,0
"9,846","100,537",9,1000004088,"November 27, 2025, 1:16 PM","November 27, 2025, 1:16 PM",,"January 1, 2000, 12:00 AM",,0
"9,847","88,803",11,1006,"November 27, 2025, 4:47 PM","November 27, 2025, 4:47 PM",,"January 1, 2000, 12:00 AM",,0
"9,848","88,607",11,276,"November 27, 2025, 4:50 PM","November 27, 2025, 4:50 PM",,"January 1, 2000, 12:00 AM",,0
"9,849","88,804",11,1077,"November 27, 2025, 4:50 PM","November 27, 2025, 4:50 PM",,"January 1, 2000, 12:00 AM",,0
"9,850","88,582",11,1006,"November 27, 2025, 4:50 PM","November 27, 2025, 4:50 PM",,"January 1, 2000, 12:00 AM",,0
"9,851","101,537",9,10688,"November 27, 2025, 4:56 PM","November 27, 2025, 4:56 PM",,"January 1, 2000, 12:00 AM",,0
"9,852","87,857",36,1951,"November 27, 2025, 5:40 PM","November 27, 2025, 5:40 PM",,"January 1, 2000, 12:00 AM",,0
"9,853","87,861",36,2805,"November 27, 2025, 5:40 PM","November 27, 2025, 5:40 PM",,"January 1, 2000, 12:00 AM",,0
"9,854","86,281",11,116077,"November 27, 2025, 5:51 PM","November 27, 2025, 5:51 PM",,"January 1, 2000, 12:00 AM",,0
"9,855","87,859",36,1952,"November 27, 2025, 6:15 PM","November 27, 2025, 6:15 PM",,"January 1, 2000, 12:00 AM",,0
"9,856","87,863",36,2228,"November 27, 2025, 6:15 PM","November 27, 2025, 6:15 PM",,"January 1, 2000, 12:00 AM",,0
"9,857","87,866",36,2452,"November 27, 2025, 6:15 PM","November 27, 2025, 6:15 PM",,"January 1, 2000, 12:00 AM",,0
"9,858","87,860",36,2984,"November 27, 2025, 6:15 PM","November 27, 2025, 6:15 PM",,"January 1, 2000, 12:00 AM",,0
"9,859","87,864",36,3318,"November 27, 2025, 6:15 PM","November 27, 2025, 6:15 PM",,"January 1, 2000, 12:00 AM",,0
"9,860","100,722",36,4424,"November 27, 2025, 6:15 PM","November 27, 2025, 6:15 PM",,"January 1, 2000, 12:00 AM",,0
"9,861","87,856",36,4216,"November 27, 2025, 6:15 PM","November 27, 2025, 6:15 PM",,"January 1, 2000, 12:00 AM",,0
"9,862","90,060",35,15000,"November 27, 2025, 6:38 PM","November 27, 2025, 6:38 PM",,"January 1, 2000, 12:00 AM",,0
"9,863","84,500",25,152027,"November 27, 2025, 7:33 PM","November 27, 2025, 7:33 PM",,"January 1, 2000, 12:00 AM",,0
"9,864","101,026",18,4438,"November 27, 2025, 8:14 PM","November 27, 2025, 8:14 PM",,"January 1, 2000, 12:00 AM",,0
"9,865","101,475",10,Z1014,"November 27, 2025, 9:24 PM","November 27, 2025, 9:24 PM",,"January 1, 2000, 12:00 AM",,0
"9,866","101,475",45,24492,"November 27, 2025, 9:25 PM","November 27, 2025, 9:25 PM",,"January 1, 2000, 12:00 AM",,0
"9,867","87,247",9,7555,"November 28, 2025, 10:16 AM","November 28, 2025, 10:16 AM",,"January 1, 2000, 12:00 AM",,0
"9,868","101,666",44,190054,"November 28, 2025, 2:07 PM","November 28, 2025, 2:07 PM",,"January 1, 2000, 12:00 AM",,0
"9,869","89,058",35,14466,"November 28, 2025, 5:03 PM","November 28, 2025, 5:03 PM",,"January 1, 2000, 12:00 AM",,0
"9,870","83,547",45,34177,"November 28, 2025, 7:34 PM","November 28, 2025, 7:34 PM",,"January 1, 2000, 12:00 AM",,0
"9,871","83,547",9,9091,"November 28, 2025, 7:34 PM","November 28, 2025, 7:34 PM",,"January 1, 2000, 12:00 AM",,0
"9,872","89,705",34,4394,"November 28, 2025, 8:27 PM","November 28, 2025, 8:27 PM",,"January 1, 2000, 12:00 AM",,0
"9,873","101,680",45,35116,"November 29, 2025, 11:34 AM","November 29, 2025, 11:34 AM",,"January 1, 2000, 12:00 AM",,0
"9,874","86,924",44,111121,"November 29, 2025, 12:52 PM","November 29, 2025, 12:52 PM",,"January 1, 2000, 12:00 AM",,0
"9,875","100,478",9,7249,"November 29, 2025, 1:18 PM","November 29, 2025, 1:18 PM",,"January 1, 2000, 12:00 AM",,0
"9,877","101,682",9,7252,"November 30, 2025, 3:12 AM","November 30, 2025, 3:12 AM",,"January 1, 2000, 12:00 AM",,0
"9,878","82,786",12,6811701,"December 1, 2025, 4:20 PM","December 1, 2025, 4:20 PM",,"January 1, 2000, 12:00 AM",,0
"9,881","84,916",45,20094,"December 1, 2025, 5:42 PM","December 1, 2025, 5:42 PM",,"January 1, 2000, 12:00 AM",,0
"9,882","84,916",11,4015,"December 1, 2025, 5:42 PM","December 1, 2025, 5:42 PM",,"January 1, 2000, 12:00 AM",,0
"9,883","90,602",25,251360,"December 1, 2025, 9:01 PM","December 1, 2025, 9:01 PM",,"January 1, 2000, 12:00 AM",,0
"9,884","101,676",45,38557,"December 1, 2025, 9:46 PM","December 1, 2025, 9:46 PM",,"January 1, 2000, 12:00 AM",,0
"9,885","101,678",45,23081,"December 1, 2025, 9:48 PM","December 1, 2025, 9:48 PM",,"January 1, 2000, 12:00 AM",,0
"9,886","101,677",45,15779,"December 1, 2025, 9:49 PM","December 1, 2025, 9:49 PM",,"January 1, 2000, 12:00 AM",,0
"9,887","87,412",43,5924,"December 1, 2025, 10:15 PM","December 1, 2025, 10:15 PM",,"January 1, 2000, 12:00 AM",,0
"9,888","101,682",45,19856,"December 2, 2025, 12:36 AM","December 2, 2025, 12:36 AM",,"January 1, 2000, 12:00 AM",,0
"9,889","101,685",45,36401,"December 2, 2025, 11:20 AM","December 2, 2025, 11:20 AM",,"January 1, 2000, 12:00 AM",,0
"9,890","101,237",18,2650,"December 2, 2025, 1:00 PM","December 2, 2025, 1:00 PM",,"January 1, 2000, 12:00 AM",,0
"9,891","100,705",43,6222,"December 2, 2025, 1:14 PM","December 2, 2025, 1:14 PM",,"January 1, 2000, 12:00 AM",,0
"9,892","101,686",25,251590,"December 2, 2025, 5:51 PM","December 2, 2025, 5:51 PM",,"January 1, 2000, 12:00 AM",,0
"9,893","100,660",22,107723,"December 2, 2025, 7:48 PM","December 2, 2025, 7:48 PM",,"January 1, 2000, 12:00 AM",,0
"9,894","101,679",9,1000004799,"December 2, 2025, 10:46 PM","December 2, 2025, 10:46 PM",,"January 1, 2000, 12:00 AM",,0
"9,895","101,668",36,4120,"December 3, 2025, 11:46 AM","December 3, 2025, 11:46 AM",,"January 1, 2000, 12:00 AM",,0
"9,896","86,308",45,25454,"December 3, 2025, 1:07 PM","December 3, 2025, 1:07 PM",,"January 1, 2000, 12:00 AM",,0
"9,702","89,085",9,1000004868,"November 14, 2025, 8:16 PM","November 14, 2025, 8:16 PM",,"January 1, +1000000000, 12:00 AM",,0
"9,897","101,665",44,106099,"December 3, 2025, 1:50 PM","December 3, 2025, 1:50 PM",,"January 1, 2000, 12:00 AM",,0
"9,898","101,691",11,11795,"December 3, 2025, 2:08 PM","December 3, 2025, 2:08 PM",,"January 1, 2000, 12:00 AM",,0
"9,782","89,653",12,838601,"November 21, 2025, 1:13 AM","November 21, 2025, 1:13 AM",,"January 1, +1000000000, 12:00 AM",,0
"9,899","101,694",11,103609,"December 3, 2025, 6:18 PM","December 3, 2025, 6:18 PM",,"January 1, 2000, 12:00 AM",,0
"9,900","101,694",18,4995,"December 3, 2025, 6:19 PM","December 3, 2025, 6:19 PM",,"January 1, 2000, 12:00 AM",,0
"9,901","101,694",32,13841,"December 3, 2025, 6:19 PM","December 3, 2025, 6:19 PM",,"January 1, 2000, 12:00 AM",,0
"9,902","89,474",11,11795,"December 3, 2025, 6:30 PM","December 3, 2025, 6:30 PM",,"January 1, 2000, 12:00 AM",,0
"9,903","90,297",25,251378,"December 3, 2025, 8:30 PM","December 3, 2025, 8:30 PM",,"January 1, 2000, 12:00 AM",,0
"9,904","101,257",18,4705,"December 3, 2025, 10:52 PM","December 3, 2025, 10:52 PM",,"January 1, 2000, 12:00 AM",,0
"9,905","81,975",44,106140,"December 4, 2025, 12:12 PM","December 4, 2025, 12:12 PM",,"January 1, 2000, 12:00 AM",,0
"9,906","88,247",11,100120,"December 4, 2025, 12:44 PM","December 4, 2025, 12:44 PM",,"January 1, 2000, 12:00 AM",,0
"9,907","85,991",45,14176,"December 4, 2025, 12:48 PM","December 4, 2025, 12:48 PM",,"January 1, 2000, 12:00 AM",,0
"9,908","101,698",11,13179,"December 4, 2025, 4:05 PM","December 4, 2025, 4:05 PM",,"January 1, 2000, 12:00 AM",,0
"9,909","89,476",25,150495,"December 4, 2025, 5:35 PM","December 4, 2025, 5:35 PM",,"January 1, 2000, 12:00 AM",,0
"9,910","88,830",45,38914,"December 4, 2025, 7:41 PM","December 4, 2025, 7:41 PM",,"January 1, 2000, 12:00 AM",,0
"9,911","89,390",45,39032,"December 4, 2025, 7:46 PM","December 4, 2025, 7:46 PM",,"January 1, 2000, 12:00 AM",,0
"9,912","90,283",45,39033,"December 4, 2025, 7:46 PM","December 4, 2025, 7:46 PM",,"January 1, 2000, 12:00 AM",,0
"9,913","89,911",45,39034,"December 4, 2025, 7:46 PM","December 4, 2025, 7:46 PM",,"January 1, 2000, 12:00 AM",,0
"9,914","86,102",45,38930,"December 4, 2025, 7:46 PM","December 4, 2025, 7:46 PM",,"January 1, 2000, 12:00 AM",,0
"9,915","90,032",45,38873,"December 4, 2025, 7:46 PM","December 4, 2025, 7:46 PM",,"January 1, 2000, 12:00 AM",,0
"9,916","100,720",45,39042,"December 4, 2025, 7:47 PM","December 4, 2025, 7:47 PM",,"January 1, 2000, 12:00 AM",,0
"9,917","101,667",22,110335,"December 4, 2025, 7:53 PM","December 4, 2025, 7:53 PM",,"January 1, 2000, 12:00 AM",,0
"9,918","101,683",25,210080,"December 4, 2025, 9:14 PM","December 4, 2025, 9:14 PM",,"January 1, 2000, 12:00 AM",,0
"9,919","100,259",44,105191,"December 5, 2025, 1:55 AM","December 5, 2025, 1:55 AM",,"January 1, 2000, 12:00 AM",,0
"9,773","101,535",9,4921,"November 20, 2025, 9:06 PM","November 20, 2025, 9:06 PM",,"January 1, +1000000000, 12:00 AM",,0
"9,920","88,941",9,1000005417,"December 5, 2025, 2:24 PM","December 5, 2025, 2:24 PM",,"January 1, 2000, 12:00 AM",,0
"9,921","82,022",21,40143,"December 5, 2025, 3:34 PM","December 5, 2025, 3:34 PM",,"January 1, 2000, 12:00 AM",,0
"9,922","101,699",44,105634,"December 5, 2025, 4:36 PM","December 5, 2025, 4:36 PM",,"January 1, 2000, 12:00 AM",,0
"9,923","89,389",10,469,"December 5, 2025, 5:30 PM","December 5, 2025, 5:30 PM",,"January 1, 2000, 12:00 AM",,0
"9,924","84,328",45,21303,"December 5, 2025, 8:06 PM","December 5, 2025, 8:06 PM",,"January 1, 2000, 12:00 AM",,0
"9,925","86,354",25,151171,"December 5, 2025, 8:24 PM","December 5, 2025, 8:24 PM",,"January 1, 2000, 12:00 AM",,0
"9,926","101,702",9,1000007812,"December 6, 2025, 2:54 PM","December 6, 2025, 2:54 PM",,"January 1, 2000, 12:00 AM",,0
"9,927","101,702",45,38838,"December 6, 2025, 2:54 PM","December 6, 2025, 2:54 PM",,"January 1, 2000, 12:00 AM",,0
"9,928","88,826",11,106361,"December 9, 2025, 10:49 AM","December 9, 2025, 10:49 AM",,"January 1, 2000, 12:00 AM",,0
"9,930","87,782",42,3341,"December 10, 2025, 1:16 PM","December 10, 2025, 1:16 PM",,"January 1, 2000, 12:00 AM",,0
"9,931","101,463",42,2198,"December 10, 2025, 1:22 PM","December 10, 2025, 1:22 PM",,"January 1, 2000, 12:00 AM",,0
"9,932","90,087",18,3228,"December 10, 2025, 2:13 PM","December 10, 2025, 2:13 PM",,"January 1, 2000, 12:00 AM",,0
"9,933","85,022",45,25293,"December 10, 2025, 6:40 PM","December 10, 2025, 6:40 PM",,"January 1, 2000, 12:00 AM",,0
"9,934","101,710",22,108443,"December 10, 2025, 7:06 PM","December 10, 2025, 7:06 PM",,"January 1, 2000, 12:00 AM",,0
"9,935","101,712",22,108443,"December 10, 2025, 7:13 PM","December 10, 2025, 7:13 PM",,"January 1, 2000, 12:00 AM",,0
"9,936","82,701",44,104145,"December 10, 2025, 8:37 PM","December 10, 2025, 8:37 PM",,"January 1, 2000, 12:00 AM",,0
"9,937","83,584",25,250902,"December 11, 2025, 12:50 AM","December 11, 2025, 12:50 AM",,"January 1, 2000, 12:00 AM",,0
"9,938","101,696",11,14279,"December 11, 2025, 1:34 PM","December 11, 2025, 1:34 PM",,"January 1, 2000, 12:00 AM",,0
"9,939","89,626",9,3783,"December 11, 2025, 2:44 PM","December 11, 2025, 2:44 PM",,"January 1, 2000, 12:00 AM",,0
"9,940","87,163",11,14267,"December 11, 2025, 3:17 PM","December 11, 2025, 3:17 PM",,"January 1, 2000, 12:00 AM",,0
"9,941","101,597",42,1936,"December 11, 2025, 6:03 PM","December 11, 2025, 6:03 PM",,"January 1, 2000, 12:00 AM",,0
"9,942","101,393",32,13368,"December 11, 2025, 8:53 PM","December 11, 2025, 8:53 PM",,"January 1, 2000, 12:00 AM",,0
"9,943","101,393",11,109058,"December 11, 2025, 8:54 PM","December 11, 2025, 8:54 PM",,"January 1, 2000, 12:00 AM",,0
"9,944","101,716",42,1364,"December 11, 2025, 9:44 PM","December 11, 2025, 9:44 PM",,"January 1, 2000, 12:00 AM",,0
"9,945","101,716",11,108607,"December 11, 2025, 9:44 PM","December 11, 2025, 9:44 PM",,"January 1, 2000, 12:00 AM",,0
"9,946","101,717",12,9872501,"December 11, 2025, 10:18 PM","December 11, 2025, 10:18 PM",,"January 1, 2000, 12:00 AM",,0
"9,947","87,385",12,9872501,"December 12, 2025, 2:12 AM","December 12, 2025, 2:12 AM",,"January 1, 2000, 12:00 AM",,0
"9,948","100,468",18,5085,"December 12, 2025, 12:41 PM","December 12, 2025, 12:41 PM",,"January 1, 2000, 12:00 AM",,0
"9,951","101,374",18,2851,"December 12, 2025, 1:10 PM","December 12, 2025, 1:10 PM",,"January 1, 2000, 12:00 AM",,0
"9,952","101,718",25,251593,"December 12, 2025, 1:27 PM","December 12, 2025, 1:27 PM",,"January 1, 2000, 12:00 AM",,0
"9,953","101,649",45,38889,"December 12, 2025, 1:38 PM","December 12, 2025, 1:38 PM",,"January 1, 2000, 12:00 AM",,0
"9,954","101,449",45,38889,"December 12, 2025, 1:39 PM","December 12, 2025, 1:39 PM",,"January 1, 2000, 12:00 AM",,0
"9,955","87,142",44,106055,"December 12, 2025, 5:37 PM","December 12, 2025, 5:37 PM",,"January 1, 2000, 12:00 AM",,0
"9,956","101,324",44,105931,"December 12, 2025, 6:41 PM","December 12, 2025, 6:41 PM",,"January 1, 2000, 12:00 AM",,0
"9,957","85,125",22,106103,"December 12, 2025, 7:21 PM","December 12, 2025, 7:21 PM",,"January 1, 2000, 12:00 AM",,0
"9,958","85,024",9,1000005235,"December 13, 2025, 7:29 PM","December 13, 2025, 7:29 PM",,"January 1, 2000, 12:00 AM",,0
"9,959","88,176",11,108607,"December 15, 2025, 10:56 AM","December 15, 2025, 10:56 AM",,"January 1, 2000, 12:00 AM",,0
"9,960","83,411",10,1125,"December 15, 2025, 2:29 PM","December 15, 2025, 2:29 PM",,"January 1, 2000, 12:00 AM",,0
"9,961","101,539",9,1000007655,"December 15, 2025, 5:10 PM","December 15, 2025, 5:10 PM",,"January 1, 2000, 12:00 AM",,0
"9,962","101,723",11,14065,"December 15, 2025, 5:17 PM","December 15, 2025, 5:17 PM",,"January 1, 2000, 12:00 AM",,0
"9,963","89,523",12,9799901,"December 15, 2025, 5:42 PM","December 15, 2025, 5:42 PM",,"January 1, 2000, 12:00 AM",,0
"9,964","100,710",12,9799901,"December 15, 2025, 5:42 PM","December 15, 2025, 5:42 PM",,"January 1, 2000, 12:00 AM",,0
"9,965","101,724",24,4290,"December 15, 2025, 6:56 PM","December 15, 2025, 6:56 PM",,"January 1, 2000, 12:00 AM",,0
"9,966","101,724",18,5120,"December 15, 2025, 6:57 PM","December 15, 2025, 6:57 PM",,"January 1, 2000, 12:00 AM",,0
"9,967","100,994",11,103476,"December 15, 2025, 8:31 PM","December 15, 2025, 8:31 PM",,"January 1, 2000, 12:00 AM",,0
"9,968","101,719",44,106274,"December 15, 2025, 8:44 PM","December 15, 2025, 8:44 PM",,"January 1, 2000, 12:00 AM",,0
"9,929","101,711",45,35421,"December 10, 2025, 1:04 PM","December 15, 2025, 10:22 PM",,"January 1, 2000, 12:00 AM",,0
"9,969","88,486",11,108370,"December 15, 2025, 11:07 PM","December 15, 2025, 11:07 PM",,"January 1, 2000, 12:00 AM",,0
"9,970","101,726",45,34912,"December 16, 2025, 1:19 PM","December 16, 2025, 1:19 PM",,"January 1, 2000, 12:00 AM",,0
"9,971","101,726",45,34912,"December 16, 2025, 1:22 PM","December 16, 2025, 1:22 PM",,"January 1, 2000, 12:00 AM",,0
"9,972","101,681",44,105973,"December 16, 2025, 1:22 PM","December 16, 2025, 1:22 PM",,"January 1, 2000, 12:00 AM",,0
"9,973","101,727",45,34912,"December 16, 2025, 2:18 PM","December 16, 2025, 2:18 PM",,"January 1, 2000, 12:00 AM",,0
"9,974","101,715",34,5635,"December 16, 2025, 3:46 PM","December 16, 2025, 3:46 PM",,"January 1, 2000, 12:00 AM",,0
"9,975","101,734",25,251197,"December 16, 2025, 3:58 PM","December 16, 2025, 3:58 PM",,"January 1, 2000, 12:00 AM",,0
"9,976","101,738",34,1299,"December 16, 2025, 7:16 PM","December 16, 2025, 7:16 PM",,"January 1, 2000, 12:00 AM",,0
"9,977","101,738",45,35426,"December 16, 2025, 7:16 PM","December 16, 2025, 7:16 PM",,"January 1, 2000, 12:00 AM",,0
