grupo_consolidacion_id,locations_count,masters_count,criterio_agrupacion,confianza,requiere_revision,taxids_unicos,dominios_unicos,orders_total,codigos_logisticos_total,distribuidores_max
CORP_0001,50,1,DOMINIO_CORPORATIVO,BAJA,True,22,1,184,39,4
CORP_0002,2,1,DOMINIO_CORPORATIVO,MEDIA,True,1,1,0,0,0
CORP_0003,32,1,DOMINIO_CORPORATIVO,BAJA,True,4,1,60,19,3
CORP_0004,4,1,DOMINIO_CORPORATIVO,BAJA,True,2,1,0,0,0
CORP_0005,5,1,DOMINIO_CORPORATIVO,BAJA,True,1,1,1,1,1
CORP_0006,24,1,DOMINIO_CORPORATIVO,BAJA,True,12,1,200,24,1
CORP_0007,2,1,DOMINIO_CORPORATIVO,MEDIA,True,1,1,0,0,0
CORP_0008,8,1,DOMINIO_CORPORATIVO,BAJA,True,5,1,39,8,2
CORP_0009,58,1,DOMINIO_CORPORATIVO,BAJA,True,29,1,214,25,2
CORP_0010,2,1,DOMINIO_CORPORATIVO,MEDIA,True,1,1,0,0,0
CORP_0011,2,1,DOMINIO_CORPORATIVO,MEDIA,True,1,1,35,4,2
CORP_0012,871,1,DOMINIO_CORPORATIVO,BAJA,True,443,1,1959,237,4
CORP_0013,117,1,DOMINIO_CORPORATIVO,BAJA,True,64,1,106,20,2
CORP_0014,20,1,DOMINIO_CORPORATIVO,BAJA,True,3,1,15,2,1
CORP_0015,2,1,DOMINIO_CORPORATIVO,MEDIA,True,1,1,1,1,1
CORP_0016,2,1,DOMINIO_CORPORATIVO,MEDIA,True,1,1,0,0,0
CORP_0017,5,1,DOMINIO_CORPORATIVO,BAJA,True,2,1,65,5,3
CORP_0018,2,1,DOMINIO_CORPORATIVO,MEDIA,True,1,1,0,0,0
CORP_0019,18,1,DOMINIO_CORPORATIVO,BAJA,True,5,1,60,12,1
CORP_0020,6,1,DOMINIO_CORPORATIVO,BAJA,True,3,1,101,6,1
CORP_0021,2,1,DOMINIO_CORPORATIVO,MEDIA,True,1,1,0,0,0
CORP_0022,2,1,DOMINIO_CORPORATIVO,MEDIA,True,1,1,24,3,2
CORP_0023,7,1,DOMINIO_CORPORATIVO,BAJA,True,4,1,6,4,2
CORP_0024,23,1,DOMINIO_CORPORATIVO,BAJA,True,3,1,186,19,4
CORP_0025,2,1,DOMINIO_CORPORATIVO,MEDIA,True,1,1,0,0,0
CORP_0026,2,1,DOMINIO_CORPORATIVO,MEDIA,True,1,1,0,0,0
CORP_0027,12,1,DOMINIO_CORPORATIVO,BAJA,True,3,1,28,10,2
CORP_0028,2,1,DOMINIO_CORPORATIVO,MEDIA,True,1,1,0,0,0
CORP_0029,204,1,DOMINIO_CORPORATIVO,BAJA,True,105,1,364,61,3
CORP_0030,84,1,DOMINIO_CORPORATIVO,BAJA,True,42,1,186,28,2
CORP_0031,18,1,DOMINIO_CORPORATIVO,BAJA,True,9,1,760,27,2
CORP_0032,2,1,DOMINIO_CORPORATIVO,MEDIA,True,1,1,4,2,2
CORP_0033,19,1,DOMINIO_CORPORATIVO,BAJA,True,9,1,76,8,2
CORP_0034,2,1,DOMINIO_CORPORATIVO,MEDIA,True,1,1,1,1,1
CORP_0035,14,1,DOMINIO_CORPORATIVO,BAJA,True,6,1,310,14,2
CORP_0036,11,1,DOMINIO_CORPORATIVO,BAJA,True,3,1,61,7,2
CORP_0037,59,1,DOMINIO_CORPORATIVO,BAJA,True,30,1,247,31,4
CORP_0038,6,1,DOMINIO_CORPORATIVO,BAJA,True,3,1,0,0,0
CORP_0039,23,1,DOMINIO_CORPORATIVO,MEDIA,True,1,1,145,39,4
CORP_0040,12,1,DOMINIO_CORPORATIVO,BAJA,True,7,1,25,8,2
CORP_0041,2,1,DOMINIO_CORPORATIVO,MEDIA,True,1,1,0,0,0
CORP_0042,18,1,DOMINIO_CORPORATIVO,BAJA,True,9,1,16,7,2
CORP_0043,4,1,DOMINIO_CORPORATIVO,BAJA,True,2,1,0,0,0
CORP_0044,2,1,DOMINIO_CORPORATIVO,MEDIA,True,1,1,19,4,4
CORP_0045,4,1,DOMINIO_CORPORATIVO,MEDIA,True,1,1,26,4,3
CORP_0046,2,1,DOMINIO_CORPORATIVO,MEDIA,True,1,1,23,5,3
CORP_0047,2,1,DOMINIO_CORPORATIVO,MEDIA,True,1,1,0,0,0
CORP_0048,2,1,DOMINIO_CORPORATIVO,MEDIA,True,1,1,0,1,1
CORP_0049,2,1,DOMINIO_CORPORATIVO,MEDIA,True,1,1,0,0,0
CORP_0050,3,1,DOMINIO_CORPORATIVO,MEDIA,True,2,1,12,3,2
CORP_0051,24,1,DOMINIO_CORPORATIVO,BAJA,True,12,1,5,2,1
CORP_0052,14,1,DOMINIO_CORPORATIVO,BAJA,True,7,1,70,10,2
CORP_0053,11,1,DOMINIO_CORPORATIVO,BAJA,True,4,1,21,6,2
CORP_0054,3,1,DOMINIO_CORPORATIVO,BAJA,True,2,1,1,2,2
CORP_0055,2,1,DOMINIO_CORPORATIVO,MEDIA,True,1,1,0,0,0
CORP_0056,6,1,DOMINIO_CORPORATIVO,BAJA,True,2,1,2,2,1
CORP_0057,56,1,DOMINIO_CORPORATIVO,BAJA,True,10,1,416,69,4
CORP_0058,7,1,DOMINIO_CORPORATIVO,BAJA,True,5,1,15,6,2
CORP_0059,2,1,DOMINIO_CORPORATIVO,MEDIA,True,1,1,0,0,0
CORP_0060,10,1,DOMINIO_CORPORATIVO,BAJA,True,2,1,20,7,3
CORP_0061,17,1,DOMINIO_CORPORATIVO,BAJA,True,8,1,7,3,2
CORP_0062,2,1,DOMINIO_CORPORATIVO,MEDIA,True,1,1,7,4,4
CORP_0063,2,1,DOMINIO_CORPORATIVO,MEDIA,True,1,1,3,1,1
CORP_0064,2,1,DOMINIO_CORPORATIVO,MEDIA,True,1,1,0,0,0
CORP_0065,2,1,DOMINIO_CORPORATIVO,MEDIA,True,1,1,0,0,0
CORP_0066,10,1,DOMINIO_CORPORATIVO,BAJA,True,5,1,102,12,2
CORP_0067,33,1,DOMINIO_CORPORATIVO,BAJA,True,9,1,7,3,1
CORP_0068,8,1,DOMINIO_CORPORATIVO,BAJA,True,3,1,28,7,1
CORP_0069,10,1,DOMINIO_CORPORATIVO,BAJA,True,3,1,28,7,3
CORP_0070,3,1,DOMINIO_CORPORATIVO,MEDIA,True,1,1,29,4,2
CORP_0071,8,1,DOMINIO_CORPORATIVO,BAJA,True,3,1,31,8,2
CORP_0072,2,1,DOMINIO_CORPORATIVO,MEDIA,True,1,1,0,0,0
CORP_0073,2,1,DOMINIO_CORPORATIVO,MEDIA,True,1,1,0,0,0
CORP_0074,2,1,DOMINIO_CORPORATIVO,MEDIA,True,1,1,0,0,0
CORP_0075,8,1,DOMINIO_CORPORATIVO,BAJA,True,4,1,10,2,2
CORP_0076,42,1,DOMINIO_CORPORATIVO,BAJA,True,15,1,126,29,1
CORP_0077,2,1,DOMINIO_CORPORATIVO,MEDIA,True,1,1,0,0,0
CORP_0078,2,1,DOMINIO_CORPORATIVO,MEDIA,True,1,1,0,0,0
CORP_0079,2,1,DOMINIO_CORPORATIVO,MEDIA,True,1,1,0,0,0
CORP_0080,4,1,DOMINIO_CORPORATIVO,BAJA,True,2,1,12,3,3
CORP_0081,87,1,DOMINIO_CORPORATIVO,BAJA,True,43,1,797,87,2
CORP_0082,24,1,DOMINIO_CORPORATIVO,BAJA,True,3,1,182,18,3
CORP_0083,2,1,DOMINIO_CORPORATIVO,MEDIA,True,1,1,4,1,1
CORP_0084,6,1,DOMINIO_CORPORATIVO,BAJA,True,3,1,0,0,0
CORP_0085,18,1,DOMINIO_CORPORATIVO,BAJA,True,8,1,0,0,0
CORP_0086,2,1,DOMINIO_CORPORATIVO,MEDIA,True,1,1,6,1,1
CORP_0087,2,1,DOMINIO_CORPORATIVO,MEDIA,True,1,1,1,1,1
CORP_0088,2,1,DOMINIO_CORPORATIVO,MEDIA,True,1,1,0,0,0
CORP_0089,2,1,DOMINIO_CORPORATIVO,MEDIA,True,1,1,0,0,0
CORP_0090,2,1,DOMINIO_CORPORATIVO,MEDIA,True,1,1,0,0,0
CORP_0091,2,1,DOMINIO_CORPORATIVO,MEDIA,True,1,1,3,2,2
CORP_0092,2,1,DOMINIO_CORPORATIVO,MEDIA,True,1,1,0,1,1
CORP_0093,4,1,DOMINIO_CORPORATIVO,BAJA,True,2,1,5,1,1
CORP_0094,2,1,DOMINIO_CORPORATIVO,MEDIA,True,1,1,0,0,0
CORP_0095,2,1,DOMINIO_CORPORATIVO,MEDIA,True,1,1,0,0,0
CORP_0096,2,1,DOMINIO_CORPORATIVO,MEDIA,True,1,1,0,0,0
CORP_0097,2,1,DOMINIO_CORPORATIVO,MEDIA,True,1,1,16,3,2
CORP_0098,6,1,DOMINIO_CORPORATIVO,BAJA,True,2,1,0,0,0
CORP_0099,4,1,DOMINIO_CORPORATIVO,BAJA,True,2,1,0,0,0
CORP_0100,2,1,DOMINIO_CORPORATIVO,MEDIA,True,1,1,1,1,1
CORP_0101,2,1,DOMINIO_CORPORATIVO,MEDIA,True,1,1,0,0,0
CORP_0102,2,1,DOMINIO_CORPORATIVO,MEDIA,True,1,1,22,2,1
CORP_0103,2,1,DOMINIO_CORPORATIVO,MEDIA,True,1,1,0,0,0
CORP_0104,3,1,DOMINIO_CORPORATIVO,BAJA,True,2,1,27,2,1
CORP_0105,2,1,DOMINIO_CORPORATIVO,MEDIA,True,1,1,0,0,0
CORP_0106,10,1,DOMINIO_CORPORATIVO,BAJA,True,5,1,33,5,1
CORP_0107,3,1,DOMINIO_CORPORATIVO,MEDIA,True,1,1,0,0,0
CORP_0108,2,1,DOMINIO_CORPORATIVO,MEDIA,True,1,1,0,0,0
CORP_0109,2,1,DOMINIO_CORPORATIVO,MEDIA,True,1,1,0,0,0
CORP_0110,5,1,DOMINIO_CORPORATIVO,BAJA,True,3,1,0,0,0
CORP_0111,7,1,DOMINIO_CORPORATIVO,BAJA,True,4,1,26,5,3
CORP_0112,8,1,DOMINIO_CORPORATIVO,BAJA,True,4,1,7,4,1
CORP_0113,2,1,DOMINIO_CORPORATIVO,MEDIA,True,1,1,0,0,0
CORP_0114,4,1,DOMINIO_CORPORATIVO,BAJA,True,2,1,0,0,0
CORP_0115,8,1,DOMINIO_CORPORATIVO,BAJA,True,5,1,206,8,2
CORP_0116,28,1,DOMINIO_CORPORATIVO,MEDIA,True,2,1,23,5,2
CORP_0117,23,1,DOMINIO_CORPORATIVO,BAJA,True,11,1,22,4,1
CORP_0118,9,1,DOMINIO_CORPORATIVO,BAJA,True,4,1,95,8,2
CORP_0119,2,1,DOMINIO_CORPORATIVO,MEDIA,True,1,1,0,0,0
CORP_0120,3,1,DOMINIO_CORPORATIVO,BAJA,True,2,1,12,4,2
CORP_0121,27,1,DOMINIO_CORPORATIVO,MEDIA,True,1,1,30,7,2
CORP_0122,4,1,DOMINIO_CORPORATIVO,BAJA,True,2,1,2,2,2
CORP_0123,24,1,DOMINIO_CORPORATIVO,BAJA,True,12,1,61,5,1
CORP_0124,2,1,DOMINIO_CORPORATIVO,MEDIA,True,1,1,0,0,0
CORP_0125,12,1,DOMINIO_CORPORATIVO,BAJA,True,3,1,18,6,3
CORP_0126,4,1,DOMINIO_CORPORATIVO,MEDIA,True,1,1,0,0,0
CORP_0127,2,1,DOMINIO_CORPORATIVO,MEDIA,True,1,1,0,0,0
CORP_0128,2,1,DOMINIO_CORPORATIVO,MEDIA,True,1,1,98,4,2
CORP_0129,8,1,DOMINIO_CORPORATIVO,BAJA,True,4,1,4,1,1
CORP_0130,2,1,DOMINIO_CORPORATIVO,MEDIA,True,1,1,0,0,0
CORP_0131,4,1,DOMINIO_CORPORATIVO,BAJA,True,2,1,13,2,2
CORP_0132,4,1,DOMINIO_CORPORATIVO,BAJA,True,2,1,0,0,0
CORP_0133,2,1,DOMINIO_CORPORATIVO,MEDIA,True,1,1,0,0,0
CORP_0134,2,1,DOMINIO_CORPORATIVO,MEDIA,True,1,1,0,0,0
CORP_0135,2,1,DOMINIO_CORPORATIVO,MEDIA,True,1,1,0,0,0
CORP_0136,2,1,DOMINIO_CORPORATIVO,MEDIA,True,1,1,0,0,0
CORP_0137,3,1,DOMINIO_CORPORATIVO,BAJA,True,2,1,12,2,1
CORP_0138,2,1,DOMINIO_CORPORATIVO,MEDIA,True,1,1,0,0,0
CORP_0139,7,1,DOMINIO_CORPORATIVO,BAJA,True,3,1,29,3,2
CORP_0140,2,1,DOMINIO_CORPORATIVO,MEDIA,True,1,1,0,0,0
CORP_0141,2,1,DOMINIO_CORPORATIVO,MEDIA,True,1,1,2,1,1
CORP_0142,4,1,DOMINIO_CORPORATIVO,MEDIA,True,1,1,49,5,3
CORP_0143,4,1,DOMINIO_CORPORATIVO,BAJA,True,2,1,0,0,0
CORP_0144,2,1,DOMINIO_CORPORATIVO,MEDIA,True,1,1,0,0,0
CORP_0145,2,1,DOMINIO_CORPORATIVO,BAJA,True,1,1,0,1,1
CORP_0146,2,1,DOMINIO_CORPORATIVO,MEDIA,True,1,1,70,2,1
CORP_0147,2,1,DOMINIO_CORPORATIVO,MEDIA,True,1,1,2,2,2
CORP_0148,2,1,DOMINIO_CORPORATIVO,MEDIA,True,1,1,7,3,2
CORP_0149,4,1,DOMINIO_CORPORATIVO,BAJA,True,2,1,43,4,1
CORP_0150,2,1,DOMINIO_CORPORATIVO,MEDIA,True,1,1,0,0,0
CORP_0151,2,1,DOMINIO_CORPORATIVO,MEDIA,True,1,1,2,2,2
CORP_0152,8,1,DOMINIO_CORPORATIVO,BAJA,True,2,1,40,4,1
CORP_0153,5,1,DOMINIO_CORPORATIVO,BAJA,True,2,1,19,4,2
CORP_0154,3,1,DOMINIO_CORPORATIVO,BAJA,True,2,1,30,3,2
CORP_0155,9,1,DOMINIO_CORPORATIVO,MEDIA,True,2,1,45,23,4
CORP_0156,2,1,DOMINIO_CORPORATIVO,MEDIA,True,1,1,0,0,0
CORP_0157,4,1,DOMINIO_CORPORATIVO,MEDIA,True,1,1,2,2,1
CORP_0158,6,1,DOMINIO_CORPORATIVO,BAJA,True,3,1,0,0,0
CORP_0159,2,1,DOMINIO_CORPORATIVO,MEDIA,True,1,1,0,0,0
CORP_0160,5,1,DOMINIO_CORPORATIVO,MEDIA,True,2,1,21,4,1
CORP_0161,2,1,DOMINIO_CORPORATIVO,MEDIA,True,1,1,0,0,0
CORP_0162,2,1,DOMINIO_CORPORATIVO,MEDIA,True,1,1,0,0,0
CORP_0163,2,1,DOMINIO_CORPORATIVO,MEDIA,True,1,1,0,0,0
CORP_0164,2,1,DOMINIO_CORPORATIVO,MEDIA,True,1,1,30,3,3
CORP_0165,2,1,DOMINIO_CORPORATIVO,MEDIA,True,1,1,0,0,0
CORP_0166,4,1,DOMINIO_CORPORATIVO,BAJA,True,2,1,0,0,0
CORP_0167,3,1,DOMINIO_CORPORATIVO,MEDIA,True,2,1,54,7,4
CORP_0168,2,1,DOMINIO_CORPORATIVO,MEDIA,True,1,1,0,0,0
CORP_0169,2,1,DOMINIO_CORPORATIVO,MEDIA,True,1,1,0,0,0
CORP_0170,2,1,DOMINIO_CORPORATIVO,MEDIA,True,1,1,18,4,2
CORP_0171,2,1,DOMINIO_CORPORATIVO,MEDIA,True,1,1,43,3,2
CORP_0172,12,1,DOMINIO_CORPORATIVO,MEDIA,True,1,1,117,12,1
CORP_0173,2,1,DOMINIO_CORPORATIVO,MEDIA,True,1,1,0,0,0
CORP_0174,2,1,DOMINIO_CORPORATIVO,MEDIA,True,1,1,0,0,0
CORP_0175,2,1,DOMINIO_CORPORATIVO,MEDIA,True,1,1,0,0,0
CORP_0176,3,1,DOMINIO_CORPORATIVO,BAJA,True,2,1,0,0,0
CORP_0177,4,1,DOMINIO_CORPORATIVO,BAJA,True,2,1,2,1,1
CORP_0178,2,1,DOMINIO_CORPORATIVO,MEDIA,True,1,1,0,0,0
CORP_0179,2,1,DOMINIO_CORPORATIVO,MEDIA,True,1,1,0,0,0
CORP_0180,2,1,DOMINIO_CORPORATIVO,MEDIA,True,1,1,0,0,0
CORP_0181,2,1,DOMINIO_CORPORATIVO,MEDIA,True,1,1,0,0,0
CORP_0182,8,1,DOMINIO_CORPORATIVO,MEDIA,True,2,1,30,5,2
CORP_0183,2,1,DOMINIO_CORPORATIVO,MEDIA,True,1,1,0,0,0
CORP_0184,2,1,DOMINIO_CORPORATIVO,MEDIA,True,1,1,0,0,0
CORP_0185,44,1,DOMINIO_CORPORATIVO,BAJA,True,3,1,202,34,2
CORP_0186,5,1,DOMINIO_CORPORATIVO,BAJA,True,2,1,0,0,0
CORP_0187,2,1,DOMINIO_CORPORATIVO,MEDIA,True,1,1,0,0,0
CORP_0188,2,1,DOMINIO_CORPORATIVO,MEDIA,True,1,1,0,0,0
CORP_0189,2,1,DOMINIO_CORPORATIVO,MEDIA,True,1,1,0,0,0
CORP_0190,2,1,DOMINIO_CORPORATIVO,MEDIA,True,1,1,0,0,0
CORP_0191,2,1,DOMINIO_CORPORATIVO,MEDIA,True,1,1,0,0,0
CORP_0192,2,1,DOMINIO_CORPORATIVO,BAJA,True,2,1,10,2,1
CORP_0193,2,1,DOMINIO_CORPORATIVO,MEDIA,True,1,1,0,0,0
CORP_0194,2,1,DOMINIO_CORPORATIVO,MEDIA,True,1,1,0,0,0
CORP_0195,2,1,DOMINIO_CORPORATIVO,MEDIA,True,1,1,0,0,0
CORP_0196,2,1,DOMINIO_CORPORATIVO,MEDIA,True,1,1,0,0,0
CORP_0197,2,1,DOMINIO_CORPORATIVO,MEDIA,True,1,1,0,0,0
CORP_0198,2,1,DOMINIO_CORPORATIVO,MEDIA,True,1,1,0,0,0
CORP_0199,2,1,DOMINIO_CORPORATIVO,MEDIA,True,1,1,0,0,0
CORP_0200,2,1,DOMINIO_CORPORATIVO,MEDIA,True,1,1,0,0,0
CORP_0201,2,1,DOMINIO_CORPORATIVO,MEDIA,True,1,1,0,0,0
CORP_0202,2,1,DOMINIO_CORPORATIVO,MEDIA,True,1,1,1,1,1
CORP_0203,2,1,DOMINIO_CORPORATIVO,MEDIA,True,1,1,0,0,0
CORP_0204,2,1,DOMINIO_CORPORATIVO,MEDIA,True,1,1,0,0,0
CORP_0205,2,1,DOMINIO_CORPORATIVO,MEDIA,True,1,1,1,1,1
CORP_0206,2,1,DOMINIO_CORPORATIVO,MEDIA,True,1,1,1,1,1
CORP_0207,2,1,DOMINIO_CORPORATIVO,MEDIA,True,1,1,18,3,2
CORP_0208,2,1,DOMINIO_CORPORATIVO,MEDIA,True,1,1,0,0,0
CORP_0209,14,1,DOMINIO_CORPORATIVO,MEDIA,True,1,1,1,1,1
CORP_0210,2,1,DOMINIO_CORPORATIVO,MEDIA,True,1,1,0,0,0
CORP_0211,2,1,DOMINIO_CORPORATIVO,MEDIA,True,1,1,0,0,0
CORP_0212,2,1,DOMINIO_CORPORATIVO,MEDIA,True,1,1,2,1,1
CORP_0213,2,1,DOMINIO_CORPORATIVO,MEDIA,True,1,1,0,0,0
CORP_0214,2,1,DOMINIO_CORPORATIVO,MEDIA,True,1,1,0,0,0
CORP_0215,2,1,DOMINIO_CORPORATIVO,MEDIA,True,1,1,0,0,0
CORP_0216,2,1,DOMINIO_CORPORATIVO,MEDIA,True,1,1,61,3,2
CORP_0217,6,1,DOMINIO_CORPORATIVO,MEDIA,True,1,1,0,0,0
CORP_0218,5,1,DOMINIO_CORPORATIVO,MEDIA,True,2,1,63,10,4
CORP_0219,2,1,DOMINIO_CORPORATIVO,MEDIA,True,1,1,0,0,0
CORP_0220,2,1,DOMINIO_CORPORATIVO,MEDIA,True,1,1,0,0,0
CORP_0221,2,1,DOMINIO_CORPORATIVO,MEDIA,True,1,1,0,0,0
CORP_0222,6,1,DOMINIO_CORPORATIVO,BAJA,True,3,1,17,2,2
CORP_0223,2,1,DOMINIO_CORPORATIVO,MEDIA,True,1,1,0,0,0
CORP_0224,2,1,DOMINIO_CORPORATIVO,MEDIA,True,1,1,0,0,0
CORP_0225,2,1,DOMINIO_CORPORATIVO,MEDIA,True,1,1,0,0,0
CORP_0226,2,1,DOMINIO_CORPORATIVO,MEDIA,True,1,1,0,0,0
CORP_0227,10,1,DOMINIO_CORPORATIVO,BAJA,True,4,1,0,0,0
CORP_0228,2,1,DOMINIO_CORPORATIVO,MEDIA,True,1,1,0,0,0
CORP_0229,2,1,DOMINIO_CORPORATIVO,MEDIA,True,1,1,3,2,2
CORP_0230,2,1,DOMINIO_CORPORATIVO,MEDIA,True,1,1,0,0,0
CORP_0231,4,1,DOMINIO_CORPORATIVO,MEDIA,True,1,1,0,0,0
CORP_0232,2,1,DOMINIO_CORPORATIVO,MEDIA,True,1,1,0,0,0
CORP_0233,2,1,DOMINIO_CORPORATIVO,MEDIA,True,1,1,0,0,0
CORP_0234,2,1,DOMINIO_CORPORATIVO,MEDIA,True,1,1,2,1,1
CORP_0235,10,1,DOMINIO_CORPORATIVO,MEDIA,True,2,1,169,15,1
CORP_0236,2,1,DOMINIO_CORPORATIVO,MEDIA,True,1,1,0,0,0
CORP_0237,2,1,DOMINIO_CORPORATIVO,MEDIA,True,1,1,17,2,1
CORP_0238,2,1,DOMINIO_CORPORATIVO,MEDIA,True,1,1,0,0,0
CORP_0239,4,1,DOMINIO_CORPORATIVO,MEDIA,True,1,1,4,2,2
CORP_0240,6,1,DOMINIO_CORPORATIVO,MEDIA,True,1,1,35,9,2
CORP_0241,2,1,DOMINIO_CORPORATIVO,MEDIA,True,1,1,0,0,0
CORP_0242,2,1,DOMINIO_CORPORATIVO,MEDIA,True,1,1,0,0,0
CORP_0243,2,1,DOMINIO_CORPORATIVO,MEDIA,True,1,1,0,0,0
CORP_0244,4,1,DOMINIO_CORPORATIVO,MEDIA,True,1,1,29,3,2
CORP_0245,2,1,DOMINIO_CORPORATIVO,MEDIA,True,1,1,0,0,0
CORP_0246,2,1,DOMINIO_CORPORATIVO,MEDIA,True,1,1,0,0,0
CORP_0247,5,1,DOMINIO_CORPORATIVO,MEDIA,True,2,1,20,7,3
CORP_0248,2,1,DOMINIO_CORPORATIVO,MEDIA,True,1,1,8,2,1
CORP_0249,2,1,DOMINIO_CORPORATIVO,MEDIA,True,1,1,1,1,1
CORP_0250,2,1,DOMINIO_CORPORATIVO,MEDIA,True,1,1,15,4,3
CORP_0251,2,1,DOMINIO_CORPORATIVO,MEDIA,True,1,1,11,1,1
CORP_0252,2,1,DOMINIO_CORPORATIVO,MEDIA,True,1,1,0,0,0
CORP_0253,2,1,DOMINIO_CORPORATIVO,MEDIA,True,1,1,4,1,1
CORP_0254,2,1,DOMINIO_CORPORATIVO,MEDIA,True,1,1,0,0,0
CORP_0255,2,1,DOMINIO_CORPORATIVO,MEDIA,True,1,1,5,3,2
CORP_0256,2,1,DOMINIO_CORPORATIVO,MEDIA,True,1,1,0,0,0
CORP_0257,2,1,DOMINIO_CORPORATIVO,MEDIA,True,1,1,0,0,0
CORP_0258,131,1,DOMINIO_CORPORATIVO,MEDIA,True,0,1,48,108,1
CORP_0259,2,1,DOMINIO_CORPORATIVO,MEDIA,True,1,1,0,0,0
CORP_0260,2,1,DOMINIO_CORPORATIVO,MEDIA,True,1,1,0,0,0
CORP_0261,2,1,DOMINIO_CORPORATIVO,MEDIA,True,1,1,0,0,0
CORP_0262,2,1,DOMINIO_CORPORATIVO,MEDIA,True,1,1,0,0,0
CORP_0263,2,1,DOMINIO_CORPORATIVO,MEDIA,True,1,1,0,0,0
CORP_0264,2,1,DOMINIO_CORPORATIVO,MEDIA,True,1,1,0,0,0
CORP_0265,2,1,DOMINIO_CORPORATIVO,MEDIA,True,1,1,0,1,1
CORP_0266,8,1,DOMINIO_CORPORATIVO,BAJA,True,4,1,24,6,1
CORP_0267,2,1,DOMINIO_CORPORATIVO,MEDIA,True,1,1,15,1,1
CORP_0268,2,1,DOMINIO_CORPORATIVO,MEDIA,True,1,1,0,0,0
CORP_0269,2,1,DOMINIO_CORPORATIVO,MEDIA,True,1,1,0,0,0
CORP_0270,2,1,DOMINIO_CORPORATIVO,MEDIA,True,1,1,4,1,1
CORP_0271,2,1,DOMINIO_CORPORATIVO,MEDIA,True,1,1,0,0,0
CORP_0272,2,1,DOMINIO_CORPORATIVO,MEDIA,True,1,1,0,0,0
CORP_0273,2,1,DOMINIO_CORPORATIVO,MEDIA,True,1,1,1,1,1
CORP_0274,2,1,DOMINIO_CORPORATIVO,MEDIA,True,1,1,9,2,1
CORP_0275,2,1,DOMINIO_CORPORATIVO,MEDIA,True,1,1,0,0,0
CORP_0276,2,1,DOMINIO_CORPORATIVO,MEDIA,True,1,1,0,0,0
CORP_0277,2,1,DOMINIO_CORPORATIVO,MEDIA,True,1,1,0,0,0
CORP_0278,10,1,DOMINIO_CORPORATIVO,BAJA,True,4,1,70,7,1
CORP_0279,12,1,DOMINIO_CORPORATIVO,BAJA,True,4,1,61,6,1
CORP_0280,2,1,DOMINIO_CORPORATIVO,MEDIA,True,1,1,1,1,1
CORP_0281,2,1,DOMINIO_CORPORATIVO,MEDIA,True,1,1,0,0,0
CORP_0282,2,1,DOMINIO_CORPORATIVO,MEDIA,True,1,1,36,5,3
CORP_0283,2,1,DOMINIO_CORPORATIVO,MEDIA,True,1,1,0,0,0
CORP_0284,2,1,DOMINIO_CORPORATIVO,MEDIA,True,1,1,3,1,1
CORP_0285,6,1,DOMINIO_CORPORATIVO,MEDIA,True,1,1,23,5,1
CORP_0286,4,1,DOMINIO_CORPORATIVO,MEDIA,True,1,1,0,0,0
CORP_0287,2,1,DOMINIO_CORPORATIVO,MEDIA,True,1,1,0,0,0
CORP_0288,6,1,DOMINIO_CORPORATIVO,BAJA,True,3,1,65,3,2
CORP_0289,2,1,DOMINIO_CORPORATIVO,MEDIA,True,1,1,0,0,0
CORP_0290,2,1,DOMINIO_CORPORATIVO,MEDIA,True,1,1,0,0,0
CORP_0291,2,1,DOMINIO_CORPORATIVO,MEDIA,True,1,1,0,0,0
CORP_0292,2,1,DOMINIO_CORPORATIVO,MEDIA,True,1,1,0,0,0
CORP_0293,2,1,DOMINIO_CORPORATIVO,BAJA,True,2,1,14,6,4
CORP_0294,2,1,DOMINIO_CORPORATIVO,MEDIA,True,1,1,22,3,2
CORP_0295,2,1,DOMINIO_CORPORATIVO,MEDIA,True,1,1,0,0,0
CORP_0296,2,1,DOMINIO_CORPORATIVO,MEDIA,True,1,1,0,0,0
CORP_0297,2,1,DOMINIO_CORPORATIVO,MEDIA,True,1,1,2,1,1
CORP_0298,2,1,DOMINIO_CORPORATIVO,MEDIA,True,1,1,0,0,0
CORP_0299,2,1,DOMINIO_CORPORATIVO,MEDIA,True,1,1,2,1,1
CORP_0300,2,1,DOMINIO_CORPORATIVO,MEDIA,True,1,1,1,1,1
CORP_0301,2,1,DOMINIO_CORPORATIVO,MEDIA,True,1,1,3,1,1
CORP_0302,2,1,DOMINIO_CORPORATIVO,MEDIA,True,1,1,0,0,0
CORP_0303,2,1,DOMINIO_CORPORATIVO,MEDIA,True,1,1,14,3,2
CORP_0304,2,1,DOMINIO_CORPORATIVO,MEDIA,True,1,1,0,0,0
CORP_0305,2,1,DOMINIO_CORPORATIVO,MEDIA,True,1,1,0,0,0
CORP_0306,2,1,DOMINIO_CORPORATIVO,MEDIA,True,1,1,0,0,0
CORP_0307,2,1,DOMINIO_CORPORATIVO,MEDIA,True,1,1,0,0,0
CORP_0308,2,1,DOMINIO_CORPORATIVO,MEDIA,True,1,1,1,1,1
CORP_0309,2,1,DOMINIO_CORPORATIVO,MEDIA,True,1,1,0,0,0
CORP_0310,2,1,DOMINIO_CORPORATIVO,MEDIA,True,1,1,0,0,0
CORP_0311,3,1,DOMINIO_CORPORATIVO,MEDIA,True,2,1,7,3,2
CORP_0312,2,1,DOMINIO_CORPORATIVO,MEDIA,True,1,1,0,0,0
CORP_0313,14,1,DOMINIO_CORPORATIVO,BAJA,True,7,1,192,14,1
CORP_0314,2,1,DOMINIO_CORPORATIVO,MEDIA,True,1,1,0,0,0
CORP_0315,2,1,DOMINIO_CORPORATIVO,MEDIA,True,1,1,8,2,1
CORP_0316,2,1,DOMINIO_CORPORATIVO,MEDIA,True,1,1,0,0,0
CORP_0317,2,1,DOMINIO_CORPORATIVO,MEDIA,True,1,1,0,0,0
CORP_0318,2,1,DOMINIO_CORPORATIVO,MEDIA,True,1,1,14,2,1
CORP_0319,24,1,DOMINIO_CORPORATIVO,BAJA,True,14,1,259,39,2
CORP_0320,6,1,DOMINIO_CORPORATIVO,BAJA,True,3,1,37,6,2
CORP_0321,2,1,DOMINIO_CORPORATIVO,MEDIA,True,1,1,0,0,0
CORP_0322,2,1,DOMINIO_CORPORATIVO,MEDIA,True,1,1,0,0,0
CORP_0323,4,1,DOMINIO_CORPORATIVO,BAJA,True,2,1,0,0,0
CORP_0324,2,1,DOMINIO_CORPORATIVO,MEDIA,True,1,1,0,0,0
CORP_0325,2,1,DOMINIO_CORPORATIVO,MEDIA,True,1,1,1,1,1
CORP_0326,2,1,DOMINIO_CORPORATIVO,MEDIA,True,1,1,14,2,2
CORP_0327,2,1,DOMINIO_CORPORATIVO,MEDIA,True,1,1,0,0,0
CORP_0328,2,1,DOMINIO_CORPORATIVO,MEDIA,True,1,1,8,1,1
CORP_0329,2,1,DOMINIO_CORPORATIVO,MEDIA,True,1,1,1,1,1
CORP_0330,2,1,DOMINIO_CORPORATIVO,MEDIA,True,1,1,0,0,0
CORP_0331,4,1,DOMINIO_CORPORATIVO,BAJA,True,1,1,10,7,4
CORP_0332,2,1,DOMINIO_CORPORATIVO,MEDIA,True,1,1,1,1,1
CORP_0333,3,1,DOMINIO_CORPORATIVO,MEDIA,True,1,1,2,3,2
CORP_0334,2,1,DOMINIO_CORPORATIVO,MEDIA,True,1,1,7,1,1
CORP_0335,2,1,DOMINIO_CORPORATIVO,MEDIA,True,1,1,0,0,0
CORP_0336,4,1,DOMINIO_CORPORATIVO,BAJA,True,2,1,43,3,2
CORP_0337,2,1,DOMINIO_CORPORATIVO,MEDIA,True,1,1,3,1,1
CORP_0338,2,1,DOMINIO_CORPORATIVO,MEDIA,True,1,1,0,0,0
CORP_0339,2,1,DOMINIO_CORPORATIVO,MEDIA,True,1,1,29,4,2
CORP_0340,2,1,DOMINIO_CORPORATIVO,MEDIA,True,1,1,0,0,0
CORP_0341,2,1,DOMINIO_CORPORATIVO,MEDIA,True,1,1,0,0,0
CORP_0342,2,1,DOMINIO_CORPORATIVO,MEDIA,True,1,1,0,0,0
CORP_0343,6,1,DOMINIO_CORPORATIVO,BAJA,True,3,1,12,5,2
CORP_0344,2,1,DOMINIO_CORPORATIVO,MEDIA,True,1,1,0,0,0
CORP_0345,2,1,DOMINIO_CORPORATIVO,MEDIA,True,1,1,0,0,0
CORP_0346,3,1,DOMINIO_CORPORATIVO,MEDIA,True,2,1,17,3,1
CORP_0347,2,1,DOMINIO_CORPORATIVO,MEDIA,True,1,1,0,0,0
CORP_0348,2,1,DOMINIO_CORPORATIVO,MEDIA,True,1,1,6,2,2
CORP_0349,4,1,DOMINIO_CORPORATIVO,BAJA,True,2,1,10,1,1
CORP_0350,2,1,DOMINIO_CORPORATIVO,MEDIA,True,1,1,27,2,1
CORP_0351,2,1,DOMINIO_CORPORATIVO,MEDIA,True,1,1,0,0,0
CORP_0352,2,1,DOMINIO_CORPORATIVO,MEDIA,True,1,1,0,0,0
CORP_0353,2,1,DOMINIO_CORPORATIVO,MEDIA,True,1,1,3,1,1
CORP_0354,2,1,DOMINIO_CORPORATIVO,MEDIA,True,1,1,1,1,1
CORP_0355,2,1,DOMINIO_CORPORATIVO,MEDIA,True,1,1,0,0,0
CORP_0356,2,1,DOMINIO_CORPORATIVO,MEDIA,True,1,1,0,0,0
CORP_0357,2,1,DOMINIO_CORPORATIVO,MEDIA,True,1,1,0,0,0
CORP_0358,2,1,DOMINIO_CORPORATIVO,MEDIA,True,1,1,24,3,3
CORP_0359,2,1,DOMINIO_CORPORATIVO,MEDIA,True,1,1,0,0,0
CORP_0360,2,1,DOMINIO_CORPORATIVO,MEDIA,True,1,1,23,2,1
CORP_0361,2,1,DOMINIO_CORPORATIVO,MEDIA,True,1,1,0,0,0
CORP_0362,2,1,DOMINIO_CORPORATIVO,MEDIA,True,1,1,0,0,0
CORP_0363,2,1,DOMINIO_CORPORATIVO,MEDIA,True,1,1,0,0,0
CORP_0364,2,1,DOMINIO_CORPORATIVO,MEDIA,True,1,1,6,2,2
CORP_0365,2,1,DOMINIO_CORPORATIVO,MEDIA,True,1,1,0,0,0
CORP_0366,2,1,DOMINIO_CORPORATIVO,MEDIA,True,1,1,0,0,0
CORP_0367,2,1,DOMINIO_CORPORATIVO,MEDIA,True,1,1,29,4,2
CORP_0368,2,1,DOMINIO_CORPORATIVO,MEDIA,True,1,1,0,0,0
CORP_0369,2,1,DOMINIO_CORPORATIVO,MEDIA,True,1,1,0,0,0
CORP_0370,2,1,DOMINIO_CORPORATIVO,MEDIA,True,1,1,15,2,1
CORP_0371,2,1,DOMINIO_CORPORATIVO,MEDIA,True,1,1,0,0,0
CORP_0372,2,1,DOMINIO_CORPORATIVO,MEDIA,True,1,1,21,5,3
CORP_0373,2,1,DOMINIO_CORPORATIVO,MEDIA,True,1,1,0,0,0
CORP_0374,2,1,DOMINIO_CORPORATIVO,MEDIA,True,1,1,9,2,1
CORP_0375,2,1,DOMINIO_CORPORATIVO,MEDIA,True,1,1,0,0,0
CORP_0376,5,1,DOMINIO_CORPORATIVO,BAJA,True,3,1,10,2,1
CORP_0377,2,1,DOMINIO_CORPORATIVO,MEDIA,True,1,1,21,2,1
CORP_0378,2,1,DOMINIO_CORPORATIVO,MEDIA,True,1,1,9,2,2
CORP_0379,2,1,DOMINIO_CORPORATIVO,MEDIA,True,1,1,22,7,3
CORP_0380,2,1,DOMINIO_CORPORATIVO,MEDIA,True,1,1,0,0,0
CORP_0381,2,1,DOMINIO_CORPORATIVO,MEDIA,True,1,1,0,0,0
CORP_0382,4,1,DOMINIO_CORPORATIVO,BAJA,True,2,1,39,3,1
CORP_0383,2,1,DOMINIO_CORPORATIVO,MEDIA,True,1,1,0,0,0
CORP_0384,2,1,DOMINIO_CORPORATIVO,MEDIA,True,1,1,0,0,0
CORP_0385,4,1,DOMINIO_CORPORATIVO,BAJA,True,2,1,19,2,1
CORP_0386,2,1,DOMINIO_CORPORATIVO,MEDIA,True,1,1,15,2,2
CORP_0387,2,1,DOMINIO_CORPORATIVO,MEDIA,True,1,1,0,0,0
CORP_0388,2,1,DOMINIO_CORPORATIVO,MEDIA,True,1,1,5,1,1
CORP_0389,2,1,DOMINIO_CORPORATIVO,MEDIA,True,1,1,23,3,2
CORP_0390,4,1,DOMINIO_CORPORATIVO,BAJA,True,2,1,26,4,1
CORP_0391,2,1,DOMINIO_CORPORATIVO,MEDIA,True,1,1,0,0,0
CORP_0392,4,1,DOMINIO_CORPORATIVO,BAJA,True,2,1,14,3,2
CORP_0393,2,1,DOMINIO_CORPORATIVO,MEDIA,True,1,1,0,0,0
CORP_0394,2,1,DOMINIO_CORPORATIVO,MEDIA,True,1,1,4,2,2
CORP_0395,2,1,DOMINIO_CORPORATIVO,MEDIA,True,1,1,0,0,0
CORP_0396,2,1,DOMINIO_CORPORATIVO,MEDIA,True,1,1,0,0,0
CORP_0397,2,1,DOMINIO_CORPORATIVO,MEDIA,True,1,1,13,2,1
CORP_0398,2,1,DOMINIO_CORPORATIVO,MEDIA,True,1,1,0,0,0
CORP_0399,2,1,DOMINIO_CORPORATIVO,MEDIA,True,1,1,0,0,0
CORP_0400,2,1,DOMINIO_CORPORATIVO,MEDIA,True,1,1,0,0,0
CORP_0401,2,1,DOMINIO_CORPORATIVO,MEDIA,True,1,1,8,3,2
CORP_0402,2,1,DOMINIO_CORPORATIVO,MEDIA,True,1,1,28,3,2
CORP_0403,2,1,DOMINIO_CORPORATIVO,MEDIA,True,1,1,0,0,0
CORP_0404,4,1,DOMINIO_CORPORATIVO,MEDIA,True,1,1,12,4,2
CORP_0405,2,1,DOMINIO_CORPORATIVO,MEDIA,True,1,1,4,1,1
CORP_0406,4,1,DOMINIO_CORPORATIVO,MEDIA,True,1,1,0,0,0
CORP_0407,2,1,DOMINIO_CORPORATIVO,MEDIA,True,1,1,18,4,2
CORP_0408,2,1,DOMINIO_CORPORATIVO,MEDIA,True,1,1,9,2,2
CORP_0409,2,1,DOMINIO_CORPORATIVO,MEDIA,True,1,1,41,3,2
CORP_0410,2,1,DOMINIO_CORPORATIVO,MEDIA,True,1,1,0,0,0
CORP_0411,2,1,DOMINIO_CORPORATIVO,MEDIA,True,1,1,8,4,3
CORP_0412,2,1,DOMINIO_CORPORATIVO,MEDIA,True,1,1,0,0,0
CORP_0413,2,1,DOMINIO_CORPORATIVO,MEDIA,True,1,1,0,0,0
CORP_0414,2,1,DOMINIO_CORPORATIVO,MEDIA,True,1,1,0,0,0
CORP_0415,2,1,DOMINIO_CORPORATIVO,MEDIA,True,1,1,0,0,0
CORP_0416,2,1,DOMINIO_CORPORATIVO,MEDIA,True,1,1,0,0,0
CORP_0417,2,1,DOMINIO_CORPORATIVO,MEDIA,True,1,1,1,1,1
CORP_0418,2,1,DOMINIO_CORPORATIVO,MEDIA,True,1,1,0,0,0
CORP_0419,2,1,DOMINIO_CORPORATIVO,MEDIA,True,1,1,13,2,2
CORP_0420,2,1,DOMINIO_CORPORATIVO,MEDIA,True,1,1,41,4,3
CORP_0421,2,1,DOMINIO_CORPORATIVO,MEDIA,True,1,1,46,2,1
CORP_0422,2,1,DOMINIO_CORPORATIVO,MEDIA,True,1,1,0,0,0
CORP_0423,2,1,DOMINIO_CORPORATIVO,MEDIA,True,1,1,0,0,0
CORP_0424,2,1,DOMINIO_CORPORATIVO,BAJA,True,2,1,1,1,1
GEO_0001,2,1,GEO_PROXIMIDAD_TAXID,ALTA,False,1,0,0,0,0
GEO_0002,3,1,GEO_PROXIMIDAD_TAXID,ALTA,False,1,0,0,0,0
GEO_0003,2,1,GEO_PROXIMIDAD_TAXID,ALTA,False,1,0,0,0,0
GEO_0004,3,1,GEO_PROXIMIDAD_TAXID,ALTA,False,1,0,0,1,1
GEO_0005,2,1,GEO_PROXIMIDAD_TAXID,ALTA,False,1,0,0,1,1
GEO_0006,2,1,GEO_PROXIMIDAD_TAXID,ALTA,False,1,0,0,0,0
GEO_0007,2,1,GEO_PROXIMIDAD_TAXID,ALTA,False,1,0,0,0,0
GEO_0008,2,1,GEO_PROXIMIDAD_TAXID,ALTA,False,1,0,0,0,0
GEO_0009,2,1,GEO_PROXIMIDAD_TAXID,ALTA,False,1,0,0,0,0
GEO_0010,2,1,GEO_PROXIMIDAD_TAXID,ALTA,False,1,0,0,0,0
GEO_0011,2,1,GEO_PROXIMIDAD_TAXID,ALTA,False,1,0,0,0,0
GEO_0012,2,1,GEO_PROXIMIDAD_TAXID,ALTA,False,1,1,5,2,1
GEO_0013,2,1,GEO_PROXIMIDAD_TAXID,ALTA,False,1,0,0,0,0
GEO_0014,2,1,GEO_PROXIMIDAD_TAXID,ALTA,False,1,0,0,1,1
GEO_0015,3,1,GEO_PROXIMIDAD_TAXID,ALTA,False,1,0,0,6,4
GEO_0016,2,1,GEO_PROXIMIDAD_TAXID,ALTA,False,1,0,0,0,0
GEO_0017,2,1,GEO_PROXIMIDAD_TAXID,ALTA,False,1,0,0,0,0
GEO_0018,2,1,GEO_PROXIMIDAD_TAXID,ALTA,False,1,0,0,0,0
GEO_0019,2,1,GEO_PROXIMIDAD_TAXID,ALTA,False,1,0,0,0,0
GEO_0020,2,1,GEO_PROXIMIDAD_TAXID,ALTA,False,1,0,0,0,0
GEO_0021,2,1,GEO_PROXIMIDAD_TAXID,ALTA,False,1,0,0,0,0
GEO_0022,2,1,GEO_PROXIMIDAD_TAXID,ALTA,False,1,0,0,0,0
GEO_0023,2,1,GEO_PROXIMIDAD_TAXID,ALTA,False,1,0,0,0,0
GEO_0024,2,1,GEO_PROXIMIDAD_TAXID,ALTA,False,1,0,0,0,0
GEO_0025,2,1,GEO_PROXIMIDAD_TAXID,ALTA,False,1,0,0,0,0
GEO_0026,2,1,GEO_PROXIMIDAD_TAXID,ALTA,False,1,0,0,0,0
GEO_0027,2,1,GEO_PROXIMIDAD_TAXID,ALTA,False,1,0,0,0,0
GEO_0028,3,1,GEO_PROXIMIDAD_TAXID,ALTA,False,1,0,0,0,0
GEO_0029,2,1,GEO_PROXIMIDAD_TAXID,ALTA,False,1,0,0,1,1
GEO_0030,2,1,GEO_PROXIMIDAD_TAXID,ALTA,False,1,0,0,0,0
GEO_0031,2,1,GEO_PROXIMIDAD_TAXID,ALTA,False,1,0,0,3,1
GEO_0032,2,1,GEO_PROXIMIDAD_TAXID,ALTA,False,1,0,0,2,1
GEO_0033,2,1,GEO_PROXIMIDAD_TAXID,ALTA,False,1,0,0,0,0
GEO_0034,2,1,GEO_PROXIMIDAD_TAXID,ALTA,False,1,0,0,0,0
GEO_0035,2,1,GEO_PROXIMIDAD_TAXID,ALTA,False,1,0,0,0,0
GEO_0036,2,1,GEO_PROXIMIDAD_TAXID,ALTA,False,1,0,0,0,0
GEO_0037,2,1,GEO_PROXIMIDAD_TAXID,ALTA,False,1,0,0,1,1
GEO_0038,2,1,GEO_PROXIMIDAD_TAXID,ALTA,False,1,0,0,0,0
GEO_0039,2,1,GEO_PROXIMIDAD_TAXID,ALTA,False,1,0,0,0,0
GEO_0040,2,1,GEO_PROXIMIDAD_TAXID,ALTA,False,1,0,0,0,0
GEO_0041,2,1,GEO_PROXIMIDAD_TAXID,ALTA,False,1,0,0,0,0
GEO_0042,2,1,GEO_PROXIMIDAD_TAXID,ALTA,False,1,0,0,0,0
GEO_0043,2,1,GEO_PROXIMIDAD_TAXID,ALTA,False,1,0,0,0,0
GEO_0044,2,1,GEO_PROXIMIDAD_TAXID,ALTA,False,1,0,0,0,0
GEO_0045,2,1,GEO_PROXIMIDAD_TAXID,ALTA,False,1,0,0,0,0
GEO_0046,2,1,GEO_PROXIMIDAD_TAXID,ALTA,False,1,0,0,0,0
GEO_0047,2,1,GEO_PROXIMIDAD_TAXID,ALTA,False,1,0,0,0,0
GEO_0048,2,1,GEO_PROXIMIDAD_TAXID,ALTA,False,1,0,0,0,0
GEO_0049,2,1,GEO_PROXIMIDAD_TAXID,ALTA,False,1,0,0,0,0
GEO_0050,2,1,GEO_PROXIMIDAD_TAXID,ALTA,False,1,0,0,0,0
GEO_0051,2,1,GEO_PROXIMIDAD_TAXID,ALTA,False,1,0,0,0,0
GEO_0052,2,1,GEO_PROXIMIDAD_TAXID,ALTA,False,1,0,0,0,0
GEO_0053,2,1,GEO_PROXIMIDAD_TAXID,ALTA,False,1,0,0,0,0
GEO_0054,2,1,GEO_PROXIMIDAD_TAXID,ALTA,False,1,0,0,0,0
GEO_0055,2,1,GEO_PROXIMIDAD_TAXID,ALTA,False,1,0,0,0,0
GEO_0056,2,1,GEO_PROXIMIDAD_TAXID,ALTA,False,1,0,0,0,0
GEO_0057,2,1,GEO_PROXIMIDAD_TAXID,ALTA,False,1,0,0,0,0
GEO_0058,2,1,GEO_PROXIMIDAD_TAXID,ALTA,False,1,0,0,0,0
GEO_0059,2,1,GEO_PROXIMIDAD_TAXID,ALTA,False,1,0,0,0,0
GEO_0060,2,1,GEO_PROXIMIDAD_TAXID,ALTA,False,1,0,0,1,1
GEO_0061,2,1,GEO_PROXIMIDAD_TAXID,ALTA,False,1,0,0,0,0
GEO_0062,2,1,GEO_PROXIMIDAD_TAXID,ALTA,False,1,0,0,0,0
GEO_0063,2,1,GEO_PROXIMIDAD_TAXID,ALTA,False,1,0,0,0,0
GEO_0064,2,1,GEO_PROXIMIDAD_TAXID,ALTA,False,1,0,0,0,0
GEO_0065,2,1,GEO_PROXIMIDAD_TAXID,ALTA,False,1,0,0,0,0
GEO_0066,2,1,GEO_PROXIMIDAD_TAXID,ALTA,False,1,0,0,0,0
GEO_0067,2,1,GEO_PROXIMIDAD_TAXID,ALTA,False,1,0,0,0,0
GEO_0068,2,1,GEO_PROXIMIDAD_TAXID,ALTA,False,1,0,0,0,0
GEO_0069,2,1,GEO_PROXIMIDAD_TAXID,ALTA,False,1,0,0,0,0
GEO_0070,2,1,GEO_PROXIMIDAD_TAXID,ALTA,False,1,0,0,0,0
GEO_0071,2,1,GEO_PROXIMIDAD_TAXID,ALTA,False,1,0,0,0,0
GEO_0072,2,1,GEO_PROXIMIDAD_TAXID,ALTA,False,1,0,0,0,0
GEO_0073,2,1,GEO_PROXIMIDAD_TAXID,ALTA,False,1,0,0,0,0
GEO_0074,3,1,GEO_PROXIMIDAD_TAXID,ALTA,False,1,1,1,2,1
GEO_0075,2,1,GEO_PROXIMIDAD_TAXID,ALTA,False,1,0,0,0,0
GEO_0076,2,1,GEO_PROXIMIDAD_TAXID,ALTA,False,1,0,0,0,0
GEO_0077,2,1,GEO_PROXIMIDAD_TAXID,ALTA,False,1,0,0,0,0
GEO_0078,2,1,GEO_PROXIMIDAD_TAXID,ALTA,False,1,0,0,0,0
GEO_0079,2,1,GEO_PROXIMIDAD_TAXID,ALTA,False,1,0,0,0,0
GEO_0080,2,1,GEO_PROXIMIDAD_TAXID,ALTA,False,1,0,0,0,0
GEO_0081,2,1,GEO_PROXIMIDAD_TAXID,ALTA,False,1,0,0,0,0
GEO_0082,2,1,GEO_PROXIMIDAD_TAXID,ALTA,False,1,0,0,0,0
GEO_0083,4,1,GEO_PROXIMIDAD_TAXID,ALTA,False,1,0,0,0,0
GEO_0084,2,1,GEO_PROXIMIDAD_TAXID,ALTA,False,1,0,0,2,2
GEO_0085,2,1,GEO_PROXIMIDAD_TAXID,ALTA,False,1,0,0,0,0
GEO_0086,2,1,GEO_PROXIMIDAD_TAXID,ALTA,False,1,0,0,1,1
GEO_0087,2,1,GEO_PROXIMIDAD_TAXID,ALTA,False,1,0,0,0,0
GEO_0088,2,1,GEO_PROXIMIDAD_TAXID,ALTA,False,1,0,0,0,0
GEO_0089,2,1,GEO_PROXIMIDAD_TAXID,ALTA,False,1,0,0,0,0
GEO_0090,2,1,GEO_PROXIMIDAD_TAXID,ALTA,False,1,0,0,3,1
GEO_0091,2,1,GEO_PROXIMIDAD_TAXID,ALTA,False,1,0,0,2,2
GEO_0092,2,1,GEO_PROXIMIDAD_TAXID,ALTA,False,1,0,0,1,1
GEO_0093,3,1,GEO_PROXIMIDAD_TAXID,ALTA,False,1,0,0,0,0
GEO_0094,2,1,GEO_PROXIMIDAD_TAXID,ALTA,False,1,0,0,0,0
GEO_0095,2,1,GEO_PROXIMIDAD_TAXID,ALTA,False,1,0,0,0,0
GEO_0096,2,1,GEO_PROXIMIDAD_TAXID,ALTA,False,1,0,0,3,3
GEO_0097,2,1,GEO_PROXIMIDAD_TAXID,ALTA,False,1,1,27,3,2
GEO_0098,2,1,GEO_PROXIMIDAD_TAXID,ALTA,False,1,0,0,0,0
GEO_0099,2,1,GEO_PROXIMIDAD_TAXID,ALTA,False,1,0,0,0,0
GEO_0100,3,1,GEO_PROXIMIDAD_TAXID,ALTA,False,1,0,0,0,0
GEO_0101,2,1,GEO_PROXIMIDAD_TAXID,ALTA,False,1,0,0,0,0
GEO_0102,3,1,GEO_PROXIMIDAD_TAXID,ALTA,False,1,0,0,3,3
GEO_0103,2,1,GEO_PROXIMIDAD_TAXID,ALTA,False,1,0,0,0,0
GEO_0104,2,1,GEO_PROXIMIDAD_TAXID,ALTA,False,1,0,0,0,0
GEO_0105,2,1,GEO_PROXIMIDAD_TAXID,ALTA,False,1,0,0,0,0
GEO_0106,2,1,GEO_PROXIMIDAD_TAXID,ALTA,False,1,0,0,0,0
GEO_0107,2,1,GEO_PROXIMIDAD_TAXID,ALTA,False,1,0,0,0,0
GEO_0108,2,1,GEO_PROXIMIDAD_TAXID,ALTA,False,1,0,0,0,0
GEO_0109,2,1,GEO_PROXIMIDAD_TAXID,ALTA,False,1,0,0,0,0
GEO_0110,2,1,GEO_PROXIMIDAD_TAXID,ALTA,False,1,0,0,0,0
GEO_0111,2,1,GEO_PROXIMIDAD_TAXID,ALTA,False,1,0,0,0,0
GEO_0112,2,1,GEO_PROXIMIDAD_TAXID,ALTA,False,1,0,0,0,0
GEO_0113,2,1,GEO_PROXIMIDAD_TAXID,ALTA,False,1,0,0,1,1
GEO_0114,2,1,GEO_PROXIMIDAD_TAXID,ALTA,False,1,0,0,0,0
GEO_0115,2,1,GEO_PROXIMIDAD_TAXID,ALTA,False,1,0,0,0,0
GEO_0116,3,1,GEO_PROXIMIDAD_TAXID,ALTA,False,1,0,0,0,0
GEO_0117,2,1,GEO_PROXIMIDAD_TAXID,ALTA,False,1,0,0,0,0
GEO_0118,2,1,GEO_PROXIMIDAD_TAXID,ALTA,False,1,0,0,0,0
GEO_0119,2,1,GEO_PROXIMIDAD_TAXID,ALTA,False,1,0,0,0,0
GEO_0120,2,1,GEO_PROXIMIDAD_TAXID,ALTA,False,1,0,0,0,0
GEO_0121,2,1,GEO_PROXIMIDAD_TAXID,ALTA,False,1,0,0,0,0
GEO_0122,2,1,GEO_PROXIMIDAD_TAXID,ALTA,False,1,0,0,3,3
GEO_0123,2,1,GEO_PROXIMIDAD_TAXID,ALTA,False,1,0,0,0,0
GEO_0124,2,1,GEO_PROXIMIDAD_TAXID,ALTA,False,1,0,0,0,0
GEO_0125,2,1,GEO_PROXIMIDAD_TAXID,ALTA,False,1,0,0,2,1
GEO_0126,2,1,GEO_PROXIMIDAD_TAXID,ALTA,False,1,0,0,0,0
GEO_0127,2,1,GEO_PROXIMIDAD_TAXID,ALTA,False,1,0,0,0,0
GEO_0128,2,1,GEO_PROXIMIDAD_TAXID,ALTA,False,1,0,0,0,0
GEO_0129,2,1,GEO_PROXIMIDAD_TAXID,ALTA,False,1,0,0,0,0
GEO_0130,2,1,GEO_PROXIMIDAD_TAXID,ALTA,False,1,0,0,0,0
GEO_0131,3,1,GEO_PROXIMIDAD_TAXID,ALTA,False,1,0,0,0,0
GEO_0132,2,1,GEO_PROXIMIDAD_TAXID,ALTA,False,1,0,0,0,0
GEO_0133,2,1,GEO_PROXIMIDAD_TAXID,ALTA,False,1,0,0,0,0
GEO_0134,2,1,GEO_PROXIMIDAD_TAXID,ALTA,False,1,0,0,2,2
GEO_0135,2,1,GEO_PROXIMIDAD_TAXID,ALTA,False,1,0,0,0,0
GEO_0136,2,1,GEO_PROXIMIDAD_TAXID,ALTA,False,1,0,0,0,0
GEO_0137,2,1,GEO_PROXIMIDAD_TAXID,ALTA,False,1,0,0,0,0
GEO_0138,2,1,GEO_PROXIMIDAD_TAXID,ALTA,False,1,0,0,0,0
GEO_0139,2,1,GEO_PROXIMIDAD_TAXID,ALTA,False,1,0,0,0,0
GEO_0140,2,1,GEO_PROXIMIDAD_TAXID,ALTA,False,1,0,0,0,0
GEO_0141,2,1,GEO_PROXIMIDAD_TAXID,ALTA,False,1,0,0,0,0
GEO_0142,3,1,GEO_PROXIMIDAD_TAXID,ALTA,False,1,0,0,1,1
GEO_0143,3,1,GEO_PROXIMIDAD_TAXID,ALTA,False,1,0,0,0,0
GEO_0144,2,1,GEO_PROXIMIDAD_TAXID,ALTA,False,1,0,0,0,0
GEO_0145,2,1,GEO_PROXIMIDAD_TAXID,ALTA,False,1,0,0,0,0
GEO_0146,2,1,GEO_PROXIMIDAD_TAXID,ALTA,False,1,0,0,0,0
GEO_0147,2,1,GEO_PROXIMIDAD_TAXID,ALTA,False,1,0,0,0,0
GEO_0148,2,1,GEO_PROXIMIDAD_TAXID,ALTA,False,1,0,0,0,0
GEO_0149,2,1,GEO_PROXIMIDAD_TAXID,ALTA,False,1,0,0,0,0
GEO_0150,2,1,GEO_PROXIMIDAD_TAXID,ALTA,False,1,0,0,0,0
GEO_0151,2,1,GEO_PROXIMIDAD_TAXID,ALTA,False,1,0,0,0,0
GEO_0152,2,1,GEO_PROXIMIDAD_TAXID,ALTA,False,1,0,0,1,1
GEO_0153,2,1,GEO_PROXIMIDAD_TAXID,ALTA,False,1,0,0,1,1
GEO_0154,2,1,GEO_PROXIMIDAD_TAXID,ALTA,False,1,0,0,0,0
GEO_0155,2,1,GEO_PROXIMIDAD_TAXID,ALTA,False,1,0,0,0,0
GEO_0156,3,1,GEO_PROXIMIDAD_TAXID,ALTA,False,1,0,0,0,0
GEO_0157,2,1,GEO_PROXIMIDAD_TAXID,ALTA,False,1,0,0,0,0
GEO_0158,2,1,GEO_PROXIMIDAD_TAXID,ALTA,False,1,0,0,0,0
GEO_0159,2,1,GEO_PROXIMIDAD_TAXID,ALTA,False,1,0,0,0,0
GEO_0160,3,1,GEO_PROXIMIDAD_TAXID,ALTA,False,1,0,0,0,0
GEO_0161,3,1,GEO_PROXIMIDAD_TAXID,ALTA,False,1,0,0,0,0
GEO_0162,2,1,GEO_PROXIMIDAD_TAXID,ALTA,False,1,0,0,3,1
GEO_0163,2,1,GEO_PROXIMIDAD_TAXID,ALTA,False,1,0,0,0,0
GEO_0164,2,1,GEO_PROXIMIDAD_TAXID,ALTA,False,1,0,0,1,1
GEO_0165,2,1,GEO_PROXIMIDAD_TAXID,ALTA,False,1,0,0,2,2
GEO_0166,2,1,GEO_PROXIMIDAD_TAXID,ALTA,False,1,0,0,0,0
GEO_0167,3,1,GEO_PROXIMIDAD_TAXID,ALTA,False,1,0,0,0,0
GEO_0168,2,1,GEO_PROXIMIDAD_TAXID,ALTA,False,1,0,0,1,1
GEO_0169,2,1,GEO_PROXIMIDAD_TAXID,ALTA,False,1,0,0,0,0
GEO_0170,2,1,GEO_PROXIMIDAD_TAXID,ALTA,False,1,0,0,1,1
GEO_0171,2,1,GEO_PROXIMIDAD_TAXID,ALTA,False,1,0,0,0,0
GEO_0172,2,1,GEO_PROXIMIDAD_TAXID,ALTA,False,1,0,0,0,0
GEO_0173,2,1,GEO_PROXIMIDAD_TAXID,ALTA,False,1,0,0,0,0
GEO_0174,2,1,GEO_PROXIMIDAD_TAXID,ALTA,False,1,0,0,0,0
GEO_0175,2,1,GEO_PROXIMIDAD_TAXID,ALTA,False,1,0,0,0,0
GEO_0176,2,1,GEO_PROXIMIDAD_TAXID,ALTA,False,1,0,0,0,0
GEO_0177,2,1,GEO_PROXIMIDAD_TAXID,ALTA,False,1,0,0,0,0
GEO_0178,2,1,GEO_PROXIMIDAD_TAXID,ALTA,False,1,0,0,0,0
GEO_0179,3,1,GEO_PROXIMIDAD_TAXID,ALTA,False,1,0,0,0,0
GEO_0180,2,1,GEO_PROXIMIDAD_TAXID,ALTA,False,1,0,0,0,0
GEO_0181,2,1,GEO_PROXIMIDAD_TAXID,ALTA,False,1,0,0,0,0
GEO_0182,2,1,GEO_PROXIMIDAD_TAXID,ALTA,False,1,0,0,0,0
GEO_0183,2,1,GEO_PROXIMIDAD_TAXID,ALTA,False,1,0,0,4,3
GEO_0184,2,1,GEO_PROXIMIDAD_TAXID,ALTA,False,1,0,0,0,0
GEO_0185,2,1,GEO_PROXIMIDAD_TAXID,ALTA,False,1,0,0,0,0
GEO_0186,2,1,GEO_PROXIMIDAD_TAXID,ALTA,False,1,0,0,0,0
GEO_0187,2,1,GEO_PROXIMIDAD_TAXID,ALTA,False,1,0,0,0,0
GEO_0188,2,1,GEO_PROXIMIDAD_TAXID,ALTA,False,1,0,0,0,0
GEO_0189,2,1,GEO_PROXIMIDAD_TAXID,ALTA,False,1,0,0,0,0
GEO_0190,2,1,GEO_PROXIMIDAD_TAXID,ALTA,False,1,0,0,1,1
GEO_0191,2,1,GEO_PROXIMIDAD_TAXID,ALTA,False,1,0,0,0,0
GEO_0192,4,1,GEO_PROXIMIDAD_TAXID,ALTA,False,1,0,0,1,1
GEO_0193,2,1,GEO_PROXIMIDAD_TAXID,ALTA,False,1,0,0,0,0
GEO_0194,3,1,GEO_PROXIMIDAD_TAXID,ALTA,False,1,0,0,4,3
GEO_0195,2,1,GEO_PROXIMIDAD_TAXID,ALTA,False,1,0,0,0,0
GEO_0196,2,1,GEO_PROXIMIDAD_TAXID,ALTA,False,1,0,0,0,0
GEO_0197,2,1,GEO_PROXIMIDAD_TAXID,ALTA,False,1,0,0,0,0
GEO_0198,2,1,GEO_PROXIMIDAD_TAXID,ALTA,False,1,0,0,0,0
GEO_0199,2,1,GEO_PROXIMIDAD_TAXID,ALTA,False,1,0,0,1,1
GEO_0200,3,1,GEO_PROXIMIDAD_TAXID,ALTA,False,1,0,0,0,0
GEO_0201,3,1,GEO_PROXIMIDAD_TAXID,ALTA,False,1,0,0,5,3
GEO_0202,3,1,GEO_PROXIMIDAD_TAXID,ALTA,False,1,0,0,0,0
GEO_0203,3,1,GEO_PROXIMIDAD_TAXID,ALTA,False,1,0,0,0,0
GEO_0204,3,1,GEO_PROXIMIDAD_TAXID,ALTA,False,1,0,0,0,0
GEO_0205,3,1,GEO_PROXIMIDAD_TAXID,ALTA,False,1,0,0,5,2
GEO_0206,3,1,GEO_PROXIMIDAD_TAXID,ALTA,False,1,0,0,0,0
GEO_0207,3,1,GEO_PROXIMIDAD_TAXID,ALTA,False,1,0,0,0,0
GEO_0208,3,1,GEO_PROXIMIDAD_TAXID,ALTA,False,1,0,0,0,0
GEO_0209,3,1,GEO_PROXIMIDAD_TAXID,ALTA,False,1,0,0,0,0
GEO_0210,3,1,GEO_PROXIMIDAD_TAXID,ALTA,False,1,0,0,0,0
GEO_0211,3,1,GEO_PROXIMIDAD_TAXID,ALTA,False,1,0,0,0,0
GEO_0212,3,1,GEO_PROXIMIDAD_TAXID,ALTA,False,1,0,0,1,1
GEO_0213,3,1,GEO_PROXIMIDAD_TAXID,ALTA,False,1,0,0,2,2
GEO_0214,2,1,GEO_PROXIMIDAD_TAXID,ALTA,False,1,0,0,2,2
GEO_0215,2,1,GEO_PROXIMIDAD_TAXID,ALTA,False,1,0,0,0,0
GEO_0216,2,1,GEO_PROXIMIDAD_TAXID,ALTA,False,1,0,0,0,0
GEO_0217,2,1,GEO_PROXIMIDAD_TAXID,ALTA,False,1,0,0,0,0
GEO_0218,2,1,GEO_PROXIMIDAD_TAXID,ALTA,False,1,0,0,0,0
GEO_0219,3,1,GEO_PROXIMIDAD_TAXID,ALTA,False,1,0,0,0,0
GEO_0220,3,1,GEO_PROXIMIDAD_TAXID,ALTA,False,1,0,0,0,0
GEO_0221,3,1,GEO_PROXIMIDAD_TAXID,ALTA,False,1,0,0,0,0
GEO_0222,3,1,GEO_PROXIMIDAD_TAXID,ALTA,False,1,0,0,0,0
GEO_0223,2,1,GEO_PROXIMIDAD_TAXID,ALTA,False,1,0,0,0,0
GEO_0224,3,1,GEO_PROXIMIDAD_TAXID,ALTA,False,1,0,0,0,0
GEO_0225,3,1,GEO_PROXIMIDAD_TAXID,ALTA,False,1,0,0,0,0
GEO_0226,3,1,GEO_PROXIMIDAD_TAXID,ALTA,False,1,0,0,0,0
GEO_0227,3,1,GEO_PROXIMIDAD_TAXID,ALTA,False,1,0,0,0,0
GEO_0228,3,1,GEO_PROXIMIDAD_TAXID,ALTA,False,1,0,0,0,0
GEO_0229,3,1,GEO_PROXIMIDAD_TAXID,ALTA,False,1,0,0,2,2
GEO_0230,2,1,GEO_PROXIMIDAD_TAXID,ALTA,False,1,0,0,0,0
GEO_0231,2,1,GEO_PROXIMIDAD_TAXID,ALTA,False,1,0,0,0,0
GEO_0232,2,1,GEO_PROXIMIDAD_TAXID,ALTA,False,1,0,0,0,0
GEO_0233,3,1,GEO_PROXIMIDAD_TAXID,ALTA,False,1,0,0,0,0
GEO_0234,2,1,GEO_PROXIMIDAD_TAXID,ALTA,False,1,0,0,0,0
GEO_0235,2,1,GEO_PROXIMIDAD_TAXID,ALTA,False,1,0,0,3,1
GEO_0236,2,1,GEO_PROXIMIDAD_TAXID,ALTA,False,1,0,0,0,0
GEO_0237,3,1,GEO_PROXIMIDAD_TAXID,ALTA,False,1,0,0,0,0
GEO_0238,2,1,GEO_PROXIMIDAD_TAXID,ALTA,False,1,0,0,2,2
GEO_0239,3,1,GEO_PROXIMIDAD_TAXID,ALTA,False,1,0,0,0,0
GEO_0240,3,1,GEO_PROXIMIDAD_TAXID,ALTA,False,1,0,0,0,0
GEO_0241,3,1,GEO_PROXIMIDAD_TAXID,ALTA,False,1,0,0,1,1
GEO_0242,3,1,GEO_PROXIMIDAD_TAXID,ALTA,False,1,0,0,0,0
GEO_0243,3,1,GEO_PROXIMIDAD_TAXID,ALTA,False,1,0,0,0,0
GEO_0244,3,1,GEO_PROXIMIDAD_TAXID,ALTA,False,1,0,0,0,0
GEO_0245,3,1,GEO_PROXIMIDAD_TAXID,ALTA,False,1,0,0,0,0
GEO_0246,3,1,GEO_PROXIMIDAD_TAXID,ALTA,False,1,0,0,1,1
GEO_0247,3,1,GEO_PROXIMIDAD_TAXID,ALTA,False,1,0,0,1,1
GEO_0248,3,1,GEO_PROXIMIDAD_TAXID,ALTA,False,1,0,0,0,0
GEO_0249,3,1,GEO_PROXIMIDAD_TAXID,ALTA,False,1,0,0,0,0
GEO_0250,3,1,GEO_PROXIMIDAD_TAXID,ALTA,False,1,0,0,1,1
GEO_0251,3,1,GEO_PROXIMIDAD_TAXID,ALTA,False,1,0,0,0,0
GEO_0252,2,1,GEO_PROXIMIDAD_TAXID,ALTA,False,1,0,0,0,0
GEO_0253,2,1,GEO_PROXIMIDAD_TAXID,ALTA,False,1,0,0,0,0
GEO_0254,2,1,GEO_PROXIMIDAD_TAXID,ALTA,False,1,0,0,0,0
GEO_0255,2,1,GEO_PROXIMIDAD_TAXID,ALTA,False,1,0,0,0,0
GEO_0256,3,1,GEO_PROXIMIDAD_TAXID,ALTA,False,1,0,0,0,0
GEO_0257,2,1,GEO_PROXIMIDAD_TAXID,ALTA,False,1,0,0,0,0
GEO_0258,2,1,GEO_PROXIMIDAD_TAXID,ALTA,False,1,0,0,0,0
GEO_0259,3,1,GEO_PROXIMIDAD_TAXID,ALTA,False,1,0,0,0,0
GEO_0260,2,1,GEO_PROXIMIDAD_TAXID,ALTA,False,1,0,0,3,3
GEO_0261,3,1,GEO_PROXIMIDAD_TAXID,ALTA,False,1,0,0,0,0
GEO_0262,3,1,GEO_PROXIMIDAD_TAXID,ALTA,False,1,0,0,0,0
GEO_0263,3,1,GEO_PROXIMIDAD_TAXID,ALTA,False,1,0,0,0,0
GEO_0264,3,1,GEO_PROXIMIDAD_TAXID,ALTA,False,1,0,0,0,0
GEO_0265,3,1,GEO_PROXIMIDAD_TAXID,ALTA,False,1,0,0,0,0
GEO_0266,3,1,GEO_PROXIMIDAD_TAXID,ALTA,False,1,0,0,3,2
GEO_0267,3,1,GEO_PROXIMIDAD_TAXID,ALTA,False,1,0,0,0,0
GEO_0268,2,1,GEO_PROXIMIDAD_TAXID,ALTA,False,1,0,0,0,0
GEO_0269,2,1,GEO_PROXIMIDAD_TAXID,ALTA,False,1,0,0,0,0
GEO_0270,3,1,GEO_PROXIMIDAD_TAXID,ALTA,False,1,0,0,0,0
GEO_0271,2,1,GEO_PROXIMIDAD_TAXID,ALTA,False,1,0,0,0,0
GEO_0272,3,1,GEO_PROXIMIDAD_TAXID,ALTA,False,1,0,0,2,2
GEO_0273,2,1,GEO_PROXIMIDAD_TAXID,ALTA,False,1,0,0,0,0
GEO_0274,3,1,GEO_PROXIMIDAD_TAXID,ALTA,False,1,0,0,0,0
GEO_0275,2,1,GEO_PROXIMIDAD_TAXID,ALTA,False,1,0,0,0,0
GEO_0276,3,1,GEO_PROXIMIDAD_TAXID,ALTA,False,1,0,0,0,0
GEO_0277,3,1,GEO_PROXIMIDAD_TAXID,ALTA,False,1,0,0,0,0
GEO_0278,3,1,GEO_PROXIMIDAD_TAXID,ALTA,False,1,0,0,0,0
GEO_0279,3,1,GEO_PROXIMIDAD_TAXID,ALTA,False,1,0,0,3,3
GEO_0280,3,1,GEO_PROXIMIDAD_TAXID,ALTA,False,1,0,0,4,2
GEO_0281,3,1,GEO_PROXIMIDAD_TAXID,ALTA,False,1,0,0,1,1
GEO_0282,3,1,GEO_PROXIMIDAD_TAXID,ALTA,False,1,0,0,0,0
GEO_0283,3,1,GEO_PROXIMIDAD_TAXID,ALTA,False,1,0,0,0,0
GEO_0284,3,1,GEO_PROXIMIDAD_TAXID,ALTA,False,1,0,0,0,0
GEO_0285,2,1,GEO_PROXIMIDAD_TAXID,ALTA,False,1,0,0,0,0
GEO_0286,3,1,GEO_PROXIMIDAD_TAXID,ALTA,False,1,0,0,6,3
GEO_0287,3,1,GEO_PROXIMIDAD_TAXID,ALTA,False,1,0,0,0,0
GEO_0288,3,1,GEO_PROXIMIDAD_TAXID,ALTA,False,1,0,0,0,0
GEO_0289,2,1,GEO_PROXIMIDAD_TAXID,ALTA,False,1,0,0,0,0
GEO_0290,2,1,GEO_PROXIMIDAD_TAXID,ALTA,False,1,0,0,2,2
GEO_0291,3,1,GEO_PROXIMIDAD_TAXID,ALTA,False,1,0,0,0,0
GEO_0292,2,1,GEO_PROXIMIDAD_TAXID,ALTA,False,1,0,0,0,0
GEO_0293,2,1,GEO_PROXIMIDAD_TAXID,ALTA,False,1,0,0,0,0
GEO_0294,3,1,GEO_PROXIMIDAD_TAXID,ALTA,False,1,0,0,0,0
GEO_0295,2,1,GEO_PROXIMIDAD_TAXID,ALTA,False,1,0,0,0,0
GEO_0296,2,1,GEO_PROXIMIDAD_TAXID,ALTA,False,1,0,0,0,0
GEO_0297,2,1,GEO_PROXIMIDAD_TAXID,ALTA,False,1,0,0,0,0
GEO_0298,2,1,GEO_PROXIMIDAD_TAXID,ALTA,False,1,0,0,0,0
GEO_0299,3,1,GEO_PROXIMIDAD_TAXID,ALTA,False,1,0,0,0,0
GEO_0300,2,1,GEO_PROXIMIDAD_TAXID,ALTA,False,1,0,0,4,4
GEO_0301,2,1,GEO_PROXIMIDAD_TAXID,ALTA,False,1,0,0,0,0
GEO_0302,2,1,GEO_PROXIMIDAD_TAXID,ALTA,False,1,0,0,0,0
GEO_0303,2,1,GEO_PROXIMIDAD_TAXID,ALTA,False,1,0,0,0,0
GEO_0304,2,1,GEO_PROXIMIDAD_TAXID,ALTA,False,1,0,0,0,0
GEO_0305,2,1,GEO_PROXIMIDAD_TAXID,ALTA,False,1,0,0,0,0
GEO_0306,2,1,GEO_PROXIMIDAD_TAXID,ALTA,False,1,0,0,0,0
GEO_0307,2,1,GEO_PROXIMIDAD_TAXID,ALTA,False,1,0,0,0,0
GEO_0308,2,1,GEO_PROXIMIDAD_TAXID,ALTA,False,1,0,0,0,0
GEO_0309,2,1,GEO_PROXIMIDAD_TAXID,ALTA,False,1,0,0,0,0
GEO_0310,2,1,GEO_PROXIMIDAD_TAXID,ALTA,False,1,0,0,0,0
GEO_0311,3,1,GEO_PROXIMIDAD_TAXID,ALTA,False,1,0,0,0,0
GEO_0312,2,1,GEO_PROXIMIDAD_TAXID,ALTA,False,1,0,0,0,0
GEO_0313,2,1,GEO_PROXIMIDAD_TAXID,ALTA,False,1,0,0,2,2
GEO_0314,4,1,GEO_PROXIMIDAD_TAXID,ALTA,False,1,0,0,0,0
GEO_0315,2,1,GEO_PROXIMIDAD_TAXID,ALTA,False,1,0,0,1,1
GEO_0316,2,1,GEO_PROXIMIDAD_TAXID,ALTA,False,1,0,0,0,0
GEO_0317,2,1,GEO_PROXIMIDAD_TAXID,ALTA,False,1,0,0,0,0
GEO_0318,2,1,GEO_PROXIMIDAD_TAXID,ALTA,False,1,0,0,0,0
GEO_0319,2,1,GEO_PROXIMIDAD_TAXID,ALTA,False,1,0,0,0,0
GEO_0320,3,1,GEO_PROXIMIDAD_TAXID,ALTA,False,1,0,0,0,0
GEO_0321,2,1,GEO_PROXIMIDAD_TAXID,ALTA,False,1,0,0,0,0
GEO_0322,2,1,GEO_PROXIMIDAD_TAXID,ALTA,False,1,0,0,0,0
GEO_0323,2,1,GEO_PROXIMIDAD_TAXID,ALTA,False,1,0,0,0,0
GEO_0324,2,1,GEO_PROXIMIDAD_TAXID,ALTA,False,1,0,0,0,0
GEO_0325,3,1,GEO_PROXIMIDAD_TAXID,ALTA,False,1,0,0,0,0
GEO_0326,3,1,GEO_PROXIMIDAD_TAXID,ALTA,False,1,0,0,0,0
GEO_0327,2,1,GEO_PROXIMIDAD_TAXID,ALTA,False,1,0,0,1,1
GEO_0328,2,1,GEO_PROXIMIDAD_TAXID,ALTA,False,1,0,0,1,1
GEO_0329,2,1,GEO_PROXIMIDAD_TAXID,ALTA,False,1,0,0,1,1
GEO_0330,2,1,GEO_PROXIMIDAD_TAXID,ALTA,False,1,0,0,0,0
GEO_0331,2,1,GEO_PROXIMIDAD_TAXID,ALTA,False,1,0,0,0,0
GEO_0332,2,1,GEO_PROXIMIDAD_TAXID,ALTA,False,1,0,0,0,0
GEO_0333,2,1,GEO_PROXIMIDAD_TAXID,ALTA,False,1,0,0,0,0
GEO_0334,2,1,GEO_PROXIMIDAD_TAXID,ALTA,False,1,0,0,0,0
GEO_0335,2,1,GEO_PROXIMIDAD_TAXID,ALTA,False,1,0,0,0,0
GEO_0336,2,1,GEO_PROXIMIDAD_TAXID,ALTA,False,1,0,0,0,0
GEO_0337,2,1,GEO_PROXIMIDAD_TAXID,ALTA,False,1,0,0,0,0
GEO_0338,2,1,GEO_PROXIMIDAD_TAXID,ALTA,False,1,0,0,0,0
GEO_0339,2,1,GEO_PROXIMIDAD_TAXID,ALTA,False,1,0,0,0,0
GEO_0340,2,1,GEO_PROXIMIDAD_TAXID,ALTA,False,1,0,0,0,0
GEO_0341,2,1,GEO_PROXIMIDAD_TAXID,ALTA,False,1,0,0,0,0
GEO_0342,2,1,GEO_PROXIMIDAD_TAXID,ALTA,False,1,0,0,0,0
GEO_0343,2,1,GEO_PROXIMIDAD_TAXID,ALTA,False,1,0,0,0,0
GEO_0344,2,1,GEO_PROXIMIDAD_TAXID,ALTA,False,1,0,0,0,0
GEO_0345,2,1,GEO_PROXIMIDAD_TAXID,ALTA,False,1,0,0,0,0
GEO_0346,2,1,GEO_PROXIMIDAD_TAXID,ALTA,False,1,0,0,0,0
GEO_0347,2,1,GEO_PROXIMIDAD_TAXID,ALTA,False,1,0,0,0,0
GEO_0348,2,1,GEO_PROXIMIDAD_TAXID,ALTA,False,1,0,0,0,0
GEO_0349,2,1,GEO_PROXIMIDAD_TAXID,ALTA,False,1,0,0,1,1
GEO_0350,2,1,GEO_PROXIMIDAD_TAXID,ALTA,False,1,0,0,0,0
GEO_0351,2,1,GEO_PROXIMIDAD_TAXID,ALTA,False,1,0,0,0,0
GEO_0352,2,1,GEO_PROXIMIDAD_TAXID,ALTA,False,1,0,0,0,0
GEO_0353,2,1,GEO_PROXIMIDAD_TAXID,ALTA,False,1,0,0,0,0
GEO_0354,2,1,GEO_PROXIMIDAD_TAXID,ALTA,False,1,0,0,0,0
GEO_0355,2,1,GEO_PROXIMIDAD_TAXID,ALTA,False,1,0,0,0,0
GEO_0356,3,1,GEO_PROXIMIDAD_TAXID,ALTA,False,1,0,0,0,0
GEO_0357,2,1,GEO_PROXIMIDAD_TAXID,ALTA,False,1,0,0,1,1
GEO_0358,4,1,GEO_PROXIMIDAD_TAXID,ALTA,False,1,0,0,0,0
GEO_0359,2,1,GEO_PROXIMIDAD_TAXID,ALTA,False,1,0,0,0,0
GEO_0360,2,1,GEO_PROXIMIDAD_TAXID,ALTA,False,1,0,0,0,0
GEO_0361,2,1,GEO_PROXIMIDAD_TAXID,ALTA,False,1,0,0,0,0
GEO_0362,4,1,GEO_PROXIMIDAD_TAXID,ALTA,False,1,0,0,0,0
GEO_0363,2,1,GEO_PROXIMIDAD_TAXID,ALTA,False,1,0,0,0,0
GEO_0364,2,1,GEO_PROXIMIDAD_TAXID,ALTA,False,1,0,0,0,0
GEO_0365,2,1,GEO_PROXIMIDAD_TAXID,ALTA,False,1,0,0,0,0
GEO_0366,2,1,GEO_PROXIMIDAD_TAXID,ALTA,False,1,0,0,0,0
GEO_0367,3,1,GEO_PROXIMIDAD_TAXID,ALTA,False,1,0,0,0,0
GEO_0368,3,1,GEO_PROXIMIDAD_TAXID,ALTA,False,1,0,0,0,0
GEO_0369,2,1,GEO_PROXIMIDAD_TAXID,ALTA,False,1,0,0,0,0
GEO_0370,2,1,GEO_PROXIMIDAD_TAXID,ALTA,False,1,0,0,0,0
GEO_0371,2,1,GEO_PROXIMIDAD_TAXID,ALTA,False,1,0,0,0,0
GEO_0372,2,1,GEO_PROXIMIDAD_TAXID,ALTA,False,1,0,0,0,0
GEO_0373,2,1,GEO_PROXIMIDAD_TAXID,ALTA,False,1,0,0,0,0
GEO_0374,2,1,GEO_PROXIMIDAD_TAXID,ALTA,False,1,0,0,2,2
GEO_0375,2,1,GEO_PROXIMIDAD_TAXID,ALTA,False,1,0,0,0,0
GEO_0376,3,1,GEO_PROXIMIDAD_TAXID,ALTA,False,1,0,0,0,0
GEO_0377,3,1,GEO_PROXIMIDAD_TAXID,ALTA,False,1,0,0,0,0
GEO_0378,2,1,GEO_PROXIMIDAD_TAXID,ALTA,False,1,0,0,0,0
GEO_0379,2,1,GEO_PROXIMIDAD_TAXID,ALTA,False,1,0,0,0,0
GEO_0380,2,1,GEO_PROXIMIDAD_TAXID,ALTA,False,1,0,0,0,0
GEO_0381,2,1,GEO_PROXIMIDAD_TAXID,ALTA,False,1,0,0,0,0
GEO_0382,2,1,GEO_PROXIMIDAD_TAXID,ALTA,False,1,0,0,1,1
GEO_0383,2,1,GEO_PROXIMIDAD_TAXID,ALTA,False,1,0,0,0,0
GEO_0384,2,1,GEO_PROXIMIDAD_TAXID,ALTA,False,1,0,0,0,0
GEO_0385,2,1,GEO_PROXIMIDAD_TAXID,ALTA,False,1,0,0,0,0
GEO_0386,2,1,GEO_PROXIMIDAD_TAXID,ALTA,False,1,0,0,5,3
GEO_0387,2,1,GEO_PROXIMIDAD_TAXID,ALTA,False,1,0,0,0,0
GEO_0388,2,1,GEO_PROXIMIDAD_TAXID,ALTA,False,1,0,0,2,2
GEO_0389,3,1,GEO_PROXIMIDAD_TAXID,ALTA,False,1,1,0,0,0
GEO_0390,2,1,GEO_PROXIMIDAD_TAXID,ALTA,False,1,0,0,0,0
GEO_0391,2,1,GEO_PROXIMIDAD_TAXID,ALTA,False,1,0,0,0,0
GEO_0392,2,1,GEO_PROXIMIDAD_TAXID,ALTA,False,1,0,0,2,2
GEO_0393,2,1,GEO_PROXIMIDAD_TAXID,ALTA,False,1,0,0,2,2
GEO_0394,2,1,GEO_PROXIMIDAD_TAXID,ALTA,False,1,0,0,0,0
GEO_0395,3,1,GEO_PROXIMIDAD_TAXID,ALTA,False,1,1,0,0,0
GEO_0396,3,1,GEO_PROXIMIDAD_TAXID,ALTA,False,1,1,0,0,0
GEO_0397,3,1,GEO_PROXIMIDAD_TAXID,ALTA,False,1,1,0,0,0
GEO_0398,2,1,GEO_PROXIMIDAD_TAXID,ALTA,False,1,0,0,0,0
GEO_0399,2,1,GEO_PROXIMIDAD_TAXID,ALTA,False,1,0,0,0,0
GEO_0400,3,1,GEO_PROXIMIDAD_TAXID,ALTA,False,1,0,0,0,0
GEO_0401,3,1,GEO_PROXIMIDAD_TAXID,ALTA,False,1,0,0,0,0
GEO_0402,2,1,GEO_PROXIMIDAD_TAXID,ALTA,False,1,0,0,0,0
GEO_0403,2,1,GEO_PROXIMIDAD_TAXID,ALTA,False,1,0,0,0,0
GEO_0404,2,1,GEO_PROXIMIDAD_TAXID,ALTA,False,1,0,0,0,0
GEO_0405,3,1,GEO_PROXIMIDAD_TAXID,ALTA,False,1,1,0,0,0
GEO_0406,3,1,GEO_PROXIMIDAD_TAXID,ALTA,False,1,1,0,0,0
GEO_0407,3,1,GEO_PROXIMIDAD_TAXID,ALTA,False,1,1,0,0,0
GEO_0408,3,1,GEO_PROXIMIDAD_TAXID,ALTA,False,1,0,0,0,0
GEO_0409,2,1,GEO_PROXIMIDAD_TAXID,ALTA,False,1,0,0,0,0
GEO_0410,2,1,GEO_PROXIMIDAD_TAXID,ALTA,False,1,0,0,0,0
GEO_0411,2,1,GEO_PROXIMIDAD_TAXID,ALTA,False,1,0,0,0,0
GEO_0412,2,1,GEO_PROXIMIDAD_TAXID,ALTA,False,1,0,0,2,2
GEO_0413,2,1,GEO_PROXIMIDAD_TAXID,ALTA,False,1,0,0,0,0
GEO_0414,3,1,GEO_PROXIMIDAD_TAXID,ALTA,False,1,0,0,0,0
GEO_0415,3,1,GEO_PROXIMIDAD_TAXID,ALTA,False,1,0,0,0,0
GEO_0416,2,1,GEO_PROXIMIDAD_TAXID,ALTA,False,1,0,0,0,0
GEO_0417,2,1,GEO_PROXIMIDAD_TAXID,ALTA,False,1,0,0,0,0
GEO_0418,2,1,GEO_PROXIMIDAD_TAXID,ALTA,False,1,0,0,0,0
GEO_0419,2,1,GEO_PROXIMIDAD_TAXID,ALTA,False,1,0,0,1,1
GEO_0420,2,1,GEO_PROXIMIDAD_TAXID,ALTA,False,1,0,0,0,0
GEO_0421,2,1,GEO_PROXIMIDAD_TAXID,ALTA,False,1,1,0,0,0
GEO_0422,2,1,GEO_PROXIMIDAD_TAXID,ALTA,False,1,1,0,0,0
GEO_0423,2,1,GEO_PROXIMIDAD_TAXID,ALTA,False,1,1,0,0,0
GEO_0424,3,1,GEO_PROXIMIDAD_TAXID,ALTA,False,1,0,0,0,0
GEO_0425,2,1,GEO_PROXIMIDAD_TAXID,ALTA,False,1,1,42,3,2
GEO_0426,2,1,GEO_PROXIMIDAD_TAXID,ALTA,False,1,0,0,0,0
GEO_0427,2,1,GEO_PROXIMIDAD_TAXID,ALTA,False,1,0,0,0,0
GEO_0428,2,1,GEO_PROXIMIDAD_TAXID,ALTA,False,1,0,0,0,0
GEO_0429,2,1,GEO_PROXIMIDAD_TAXID,ALTA,False,1,1,26,1,1
GEO_0430,2,1,GEO_PROXIMIDAD_TAXID,ALTA,False,1,1,0,0,0
GEO_0431,2,1,GEO_PROXIMIDAD_TAXID,ALTA,False,1,1,0,0,0
GEO_0432,2,1,GEO_PROXIMIDAD_TAXID,ALTA,False,1,0,0,0,0
GEO_0433,2,1,GEO_PROXIMIDAD_TAXID,ALTA,False,1,1,30,2,1
GEO_0434,3,1,GEO_PROXIMIDAD_TAXID,ALTA,False,1,0,0,0,0
GEO_0435,2,1,GEO_PROXIMIDAD_TAXID,ALTA,False,1,0,0,0,0
GEO_0436,2,1,GEO_PROXIMIDAD_TAXID,ALTA,False,1,1,0,0,0
GEO_0437,2,1,GEO_PROXIMIDAD_TAXID,ALTA,False,1,0,0,2,2
GEO_0438,2,1,GEO_PROXIMIDAD_TAXID,ALTA,False,1,1,0,0,0
GEO_0439,3,1,GEO_PROXIMIDAD_TAXID,ALTA,False,2,1,153,6,2
GEO_0440,2,1,GEO_PROXIMIDAD_TAXID,ALTA,False,1,1,0,0,0
GEO_0441,2,1,GEO_PROXIMIDAD_TAXID,ALTA,False,1,1,0,0,0
GEO_0442,3,1,GEO_PROXIMIDAD_TAXID,ALTA,False,1,0,0,1,1
GEO_0443,2,1,GEO_PROXIMIDAD_TAXID,ALTA,False,1,0,0,0,0
GEO_0444,2,1,GEO_PROXIMIDAD_TAXID,ALTA,False,1,0,0,0,0
GEO_0445,2,1,GEO_PROXIMIDAD_TAXID,ALTA,False,1,1,0,0,0
GEO_0446,4,1,GEO_PROXIMIDAD_TAXID,ALTA,False,2,1,14,6,2
GEO_0447,2,1,GEO_PROXIMIDAD_TAXID,ALTA,False,1,1,0,0,0
GEO_0448,3,1,GEO_PROXIMIDAD_TAXID,ALTA,False,1,0,0,0,0
GEO_0449,2,1,GEO_PROXIMIDAD_TAXID,ALTA,False,1,0,0,1,1
GEO_0450,2,1,GEO_PROXIMIDAD_TAXID,ALTA,False,1,1,0,0,0
GEO_0451,2,1,GEO_PROXIMIDAD_TAXID,ALTA,False,1,1,134,4,3
GEO_0452,3,1,GEO_PROXIMIDAD_TAXID,ALTA,False,1,0,0,2,1
GEO_0453,2,1,GEO_PROXIMIDAD_TAXID,ALTA,False,1,0,0,0,0
GEO_0454,2,1,GEO_PROXIMIDAD_TAXID,ALTA,False,1,1,3,1,1
GEO_0455,2,1,GEO_PROXIMIDAD_TAXID,ALTA,False,1,1,16,2,1
GEO_0456,2,1,GEO_PROXIMIDAD_TAXID,ALTA,False,1,1,0,0,0
GEO_0457,2,1,GEO_PROXIMIDAD_TAXID,ALTA,False,1,1,0,0,0
GEO_0458,3,1,GEO_PROXIMIDAD_TAXID,ALTA,False,1,0,0,0,0
GEO_0459,3,1,GEO_PROXIMIDAD_TAXID,ALTA,False,1,1,2,1,1
GEO_0460,2,1,GEO_PROXIMIDAD_TAXID,ALTA,False,1,0,0,0,0
GEO_0461,2,1,GEO_PROXIMIDAD_TAXID,ALTA,False,1,0,0,0,0
GEO_0462,3,1,GEO_PROXIMIDAD_TAXID,ALTA,False,1,1,0,0,0
GEO_0463,3,1,GEO_PROXIMIDAD_TAXID,ALTA,False,1,0,0,0,0
GEO_0464,2,1,GEO_PROXIMIDAD_TAXID,ALTA,False,1,0,0,0,0
GEO_0465,3,1,GEO_PROXIMIDAD_TAXID,ALTA,False,1,1,0,0,0
GEO_0466,2,1,GEO_PROXIMIDAD_TAXID,ALTA,False,1,1,0,0,0
GEO_0467,3,1,GEO_PROXIMIDAD_TAXID,ALTA,False,1,0,0,0,0
GEO_0468,3,1,GEO_PROXIMIDAD_TAXID,ALTA,False,1,0,0,1,1
GEO_0469,2,1,GEO_PROXIMIDAD_TAXID,ALTA,False,1,1,0,0,0
GEO_0470,2,1,GEO_PROXIMIDAD_TAXID,ALTA,False,1,1,2,1,1
GEO_0471,2,1,GEO_PROXIMIDAD_TAXID,ALTA,False,1,1,0,0,0
GEO_0472,2,1,GEO_PROXIMIDAD_TAXID,ALTA,False,1,1,0,0,0
GEO_0473,2,1,GEO_PROXIMIDAD_TAXID,ALTA,False,1,1,0,0,0
GEO_0474,2,1,GEO_PROXIMIDAD_TAXID,ALTA,False,1,1,0,0,0
GEO_0475,2,1,GEO_PROXIMIDAD_TAXID,ALTA,False,1,1,41,4,3
GEO_0476,3,1,GEO_PROXIMIDAD_TAXID,ALTA,False,1,0,0,2,2
GEO_0477,2,1,GEO_PROXIMIDAD_TAXID,ALTA,False,1,1,29,3,2
GEO_0478,2,1,GEO_PROXIMIDAD_TAXID,ALTA,False,1,1,5,1,1
GEO_0479,3,1,GEO_PROXIMIDAD_TAXID,ALTA,False,1,1,0,0,0
GEO_0480,2,1,GEO_PROXIMIDAD_TAXID,ALTA,False,1,1,0,0,0
GEO_0481,2,1,GEO_PROXIMIDAD_TAXID,ALTA,False,1,1,0,0,0
GEO_0482,2,1,GEO_PROXIMIDAD_TAXID,ALTA,False,1,1,1,1,1
GEO_0483,2,1,GEO_PROXIMIDAD_TAXID,ALTA,False,1,1,2,2,2
GEO_0484,2,1,GEO_PROXIMIDAD_TAXID,ALTA,False,1,1,2,1,1
GEO_0485,3,1,GEO_PROXIMIDAD_TAXID,ALTA,False,1,1,0,0,0
GEO_0486,2,1,GEO_PROXIMIDAD_TAXID,ALTA,False,1,1,0,0,0
GEO_0487,2,1,GEO_PROXIMIDAD_TAXID,ALTA,False,1,1,0,0,0
GEO_0488,3,1,GEO_PROXIMIDAD_TAXID,ALTA,False,2,2,1,1,1
GEO_0489,2,1,GEO_PROXIMIDAD_TAXID,ALTA,False,1,1,0,0,0
GEO_0490,2,1,GEO_PROXIMIDAD_TAXID,ALTA,False,1,1,0,0,0
GEO_0491,2,1,GEO_PROXIMIDAD_TAXID,ALTA,False,1,1,0,0,0
GEO_0492,2,1,GEO_PROXIMIDAD_TAXID,ALTA,False,1,1,0,0,0
GEO_0493,3,1,GEO_PROXIMIDAD_TAXID,ALTA,False,1,1,19,3,1
GEO_0494,2,1,GEO_PROXIMIDAD_TAXID,ALTA,False,1,1,14,1,1
GEO_0495,2,1,GEO_PROXIMIDAD_TAXID,ALTA,False,1,1,0,0,0
GEO_0496,2,1,GEO_PROXIMIDAD_TAXID,ALTA,False,1,1,0,0,0
GEO_0497,2,1,GEO_PROXIMIDAD_TAXID,ALTA,False,1,1,0,0,0
GEO_0498,2,1,GEO_PROXIMIDAD_TAXID,ALTA,False,1,1,0,0,0
GEO_0499,2,1,GEO_PROXIMIDAD_TAXID,ALTA,False,1,1,0,0,0
GEO_0500,2,1,GEO_PROXIMIDAD_TAXID,ALTA,False,1,1,0,0,0
GEO_0501,3,1,GEO_PROXIMIDAD_TAXID,ALTA,False,1,0,0,0,0
GEO_0502,2,1,GEO_PROXIMIDAD_TAXID,ALTA,False,1,1,0,0,0
GEO_0503,2,1,GEO_PROXIMIDAD_TAXID,ALTA,False,1,1,8,3,2
GEO_0504,2,1,GEO_PROXIMIDAD_TAXID,ALTA,False,1,1,3,2,1
GEO_0505,2,1,GEO_PROXIMIDAD_TAXID,ALTA,False,1,1,0,0,0
GEO_0506,2,1,GEO_PROXIMIDAD_TAXID,ALTA,False,1,1,2,2,1
GEO_0507,3,1,GEO_PROXIMIDAD_TAXID,ALTA,False,2,1,4,2,1
GEO_0508,2,1,GEO_PROXIMIDAD_TAXID,ALTA,False,1,1,0,0,0
GEO_0509,2,1,GEO_PROXIMIDAD_TAXID,ALTA,False,1,1,0,0,0
GEO_0510,2,1,GEO_PROXIMIDAD_TAXID,ALTA,False,1,1,0,0,0
GEO_0511,2,1,GEO_PROXIMIDAD_TAXID,ALTA,False,1,1,1,1,1
GEO_0512,2,1,GEO_PROXIMIDAD_TAXID,ALTA,False,1,1,0,0,0
GEO_0513,2,1,GEO_PROXIMIDAD_TAXID,ALTA,False,1,1,0,0,0
GEO_0514,2,1,GEO_PROXIMIDAD_TAXID,ALTA,False,1,1,0,0,0
GEO_0515,2,1,GEO_PROXIMIDAD_TAXID,ALTA,False,1,1,0,0,0
GEO_0516,2,1,GEO_PROXIMIDAD_TAXID,ALTA,False,1,1,3,1,1
GEO_0517,2,1,GEO_PROXIMIDAD_TAXID,ALTA,False,1,1,57,2,1
GEO_0518,2,1,GEO_PROXIMIDAD_TAXID,ALTA,False,1,1,37,4,2
GEO_0519,3,1,GEO_PROXIMIDAD_TAXID,ALTA,False,1,0,0,0,0
GEO_0520,2,1,GEO_PROXIMIDAD_TAXID,ALTA,False,1,1,0,0,0
GEO_0521,2,1,GEO_PROXIMIDAD_TAXID,ALTA,False,1,1,0,0,0
GEO_0522,3,1,GEO_PROXIMIDAD_TAXID,ALTA,False,2,2,118,3,1
GEO_0523,3,1,GEO_PROXIMIDAD_TAXID,ALTA,False,1,1,0,0,0
GEO_0524,2,1,GEO_PROXIMIDAD_TAXID,ALTA,False,1,1,1,1,1
GEO_0525,2,1,GEO_PROXIMIDAD_TAXID,ALTA,False,1,1,0,0,0
GEO_0526,3,1,GEO_PROXIMIDAD_TAXID,ALTA,False,1,0,0,0,0
GEO_0527,3,1,GEO_PROXIMIDAD_TAXID,ALTA,False,1,1,0,0,0
GEO_0528,2,1,GEO_PROXIMIDAD_TAXID,ALTA,False,1,1,10,1,1
GEO_0529,2,1,GEO_PROXIMIDAD_TAXID,ALTA,False,1,1,0,0,0
GEO_0530,3,1,GEO_PROXIMIDAD_TAXID,ALTA,False,1,0,0,1,1
GEO_0531,2,1,GEO_PROXIMIDAD_TAXID,ALTA,False,1,1,4,1,1
GEO_0532,3,1,GEO_PROXIMIDAD_TAXID,ALTA,False,2,2,1,2,2
GEO_0533,2,1,GEO_PROXIMIDAD_TAXID,ALTA,False,1,1,0,0,0
GEO_0534,3,1,GEO_PROXIMIDAD_TAXID,ALTA,False,1,1,8,3,2
GEO_0535,2,1,GEO_PROXIMIDAD_TAXID,ALTA,False,1,1,1,0,0
GEO_0536,2,1,GEO_PROXIMIDAD_TAXID,ALTA,False,1,1,70,3,2
GEO_0537,2,1,GEO_PROXIMIDAD_TAXID,ALTA,False,1,1,0,0,0
GEO_0538,3,1,GEO_PROXIMIDAD_TAXID,ALTA,False,1,0,0,0,0
GEO_0539,3,1,GEO_PROXIMIDAD_TAXID,ALTA,False,1,1,0,0,0
GEO_0540,3,1,GEO_PROXIMIDAD_TAXID,ALTA,False,1,1,0,0,0
GEO_0541,2,1,GEO_PROXIMIDAD_TAXID,ALTA,False,1,1,0,0,0
GEO_0542,2,1,GEO_PROXIMIDAD_TAXID,ALTA,False,1,1,0,0,0
GEO_0543,2,1,GEO_PROXIMIDAD_TAXID,ALTA,False,1,0,0,0,0
GEO_0544,2,1,GEO_PROXIMIDAD_TAXID,ALTA,False,1,0,0,0,0
GEO_0545,2,1,GEO_PROXIMIDAD_TAXID,ALTA,False,1,0,0,0,0
GEO_0546,3,1,GEO_PROXIMIDAD_TAXID,ALTA,False,1,1,0,0,0
GEO_0547,3,1,GEO_PROXIMIDAD_TAXID,ALTA,False,1,1,0,0,0
GEO_0548,2,1,GEO_PROXIMIDAD_TAXID,ALTA,False,1,1,0,0,0
GEO_0549,2,1,GEO_PROXIMIDAD_TAXID,ALTA,False,1,1,7,2,1
GEO_0550,3,1,GEO_PROXIMIDAD_TAXID,ALTA,False,1,1,4,2,1
GEO_0551,2,1,GEO_PROXIMIDAD_TAXID,ALTA,False,1,1,0,0,0
GEO_0552,2,1,GEO_PROXIMIDAD_TAXID,ALTA,False,1,1,3,1,1
GEO_0553,2,1,GEO_PROXIMIDAD_TAXID,ALTA,False,1,1,11,1,1
GEO_0554,2,1,GEO_PROXIMIDAD_TAXID,ALTA,False,1,0,0,0,0
GEO_0555,2,1,GEO_PROXIMIDAD_TAXID,ALTA,False,1,0,0,0,0
GEO_0556,2,1,GEO_PROXIMIDAD_TAXID,ALTA,False,1,1,0,0,0
GEO_0557,3,1,GEO_PROXIMIDAD_TAXID,ALTA,False,1,1,0,0,0
GEO_0558,3,1,GEO_PROXIMIDAD_TAXID,ALTA,False,1,1,0,0,0
GEO_0559,2,1,GEO_PROXIMIDAD_TAXID,ALTA,False,1,0,0,0,0
GEO_0560,3,1,GEO_PROXIMIDAD_TAXID,ALTA,False,1,1,0,0,0
GEO_0561,2,1,GEO_PROXIMIDAD_TAXID,ALTA,False,1,1,18,2,1
GEO_0562,2,1,GEO_PROXIMIDAD_TAXID,ALTA,False,1,1,0,0,0
GEO_0563,2,1,GEO_PROXIMIDAD_TAXID,ALTA,False,1,1,27,5,3
GEO_0564,2,1,GEO_PROXIMIDAD_TAXID,MEDIA,True,2,2,2,1,1
GEO_0565,2,1,GEO_PROXIMIDAD_TAXID,ALTA,False,1,0,0,0,0
GEO_0566,2,1,GEO_PROXIMIDAD_TAXID,ALTA,False,1,1,0,0,0
GEO_0567,2,1,GEO_PROXIMIDAD_TAXID,ALTA,False,1,1,0,0,0
GEO_0568,2,1,GEO_PROXIMIDAD_TAXID,ALTA,False,1,1,0,0,0
GEO_0569,2,1,GEO_PROXIMIDAD_TAXID,ALTA,False,1,1,1,1,1
GEO_0570,2,1,GEO_PROXIMIDAD_TAXID,ALTA,False,1,1,0,0,0
GEO_0571,2,1,GEO_PROXIMIDAD_TAXID,ALTA,False,1,0,0,0,0
GEO_0572,2,1,GEO_PROXIMIDAD_TAXID,ALTA,False,1,1,4,2,2
GEO_0573,2,1,GEO_PROXIMIDAD_TAXID,ALTA,False,1,1,0,0,0
GEO_0574,2,1,GEO_PROXIMIDAD_TAXID,ALTA,False,1,1,0,0,0
GEO_0575,2,1,GEO_PROXIMIDAD_TAXID,ALTA,False,1,1,3,1,1
GEO_0576,3,1,GEO_PROXIMIDAD_TAXID,ALTA,False,1,1,0,0,0
GEO_0577,3,1,GEO_PROXIMIDAD_TAXID,ALTA,False,1,1,0,0,0
GEO_0578,2,1,GEO_PROXIMIDAD_TAXID,ALTA,False,1,1,0,1,1
GEO_0579,2,1,GEO_PROXIMIDAD_TAXID,ALTA,False,1,1,1,1,1
GEO_0580,2,1,GEO_PROXIMIDAD_TAXID,ALTA,False,1,1,14,1,1
GEO_0581,2,1,GEO_PROXIMIDAD_TAXID,ALTA,False,1,0,0,0,0
GEO_0582,2,1,GEO_PROXIMIDAD_TAXID,ALTA,False,1,0,0,0,0
GEO_0583,2,1,GEO_PROXIMIDAD_TAXID,ALTA,False,1,1,0,0,0
GEO_0584,2,1,GEO_PROXIMIDAD_TAXID,ALTA,False,1,1,0,0,0
GEO_0585,2,1,GEO_PROXIMIDAD_TAXID,ALTA,False,1,1,0,0,0
GEO_0586,2,1,GEO_PROXIMIDAD_TAXID,ALTA,False,1,1,9,2,2
GEO_0587,2,1,GEO_PROXIMIDAD_TAXID,ALTA,False,1,1,9,2,2
GEO_0588,2,1,GEO_PROXIMIDAD_TAXID,ALTA,False,1,1,0,0,0
GEO_0589,2,1,GEO_PROXIMIDAD_TAXID,ALTA,False,1,0,0,0,0
GEO_0590,2,1,GEO_PROXIMIDAD_TAXID,ALTA,False,1,1,0,0,0
GEO_0591,2,1,GEO_PROXIMIDAD_TAXID,ALTA,False,1,1,0,0,0
GEO_0592,2,1,GEO_PROXIMIDAD_TAXID,ALTA,False,1,1,0,0,0
GEO_0593,2,1,GEO_PROXIMIDAD_TAXID,ALTA,False,1,0,0,0,0
GEO_0594,2,1,GEO_PROXIMIDAD_TAXID,ALTA,False,1,1,0,0,0
GEO_0595,2,1,GEO_PROXIMIDAD_TAXID,ALTA,False,1,1,0,0,0
GEO_0596,2,1,GEO_PROXIMIDAD_TAXID,ALTA,False,1,1,0,0,0
GEO_0597,3,1,GEO_PROXIMIDAD_TAXID,ALTA,False,2,2,8,5,3
GEO_0598,2,1,GEO_PROXIMIDAD_TAXID,ALTA,False,1,1,0,0,0
GEO_0599,2,1,GEO_PROXIMIDAD_TAXID,ALTA,False,1,0,0,0,0
GEO_0600,2,1,GEO_PROXIMIDAD_TAXID,ALTA,False,1,1,1,1,1
GEO_0601,2,1,GEO_PROXIMIDAD_TAXID,ALTA,False,1,1,1,1,1
GEO_0602,2,1,GEO_PROXIMIDAD_TAXID,ALTA,False,1,0,0,1,1
GEO_0603,2,1,GEO_PROXIMIDAD_TAXID,ALTA,False,1,1,0,0,0
GEO_0604,2,1,GEO_PROXIMIDAD_TAXID,ALTA,False,1,1,0,0,0
GEO_0605,2,1,GEO_PROXIMIDAD_TAXID,ALTA,False,1,0,0,0,0
GEO_0606,2,1,GEO_PROXIMIDAD_TAXID,ALTA,False,1,1,18,4,2
GEO_0607,2,1,GEO_PROXIMIDAD_TAXID,ALTA,False,1,1,0,0,0
GEO_0608,2,1,GEO_PROXIMIDAD_TAXID,ALTA,False,1,1,0,0,0
GEO_0609,2,1,GEO_PROXIMIDAD_TAXID,ALTA,False,1,1,6,1,1
GEO_0610,2,1,GEO_PROXIMIDAD_TAXID,ALTA,False,1,1,14,1,1
GEO_0611,2,1,GEO_PROXIMIDAD_TAXID,ALTA,False,1,1,144,4,3
GEO_0612,2,1,GEO_PROXIMIDAD_TAXID,ALTA,False,1,1,144,4,3
GEO_0613,2,1,GEO_PROXIMIDAD_TAXID,ALTA,False,1,1,4,3,3
GEO_0614,2,1,GEO_PROXIMIDAD_TAXID,ALTA,False,1,0,0,0,0
GEO_0615,2,1,GEO_PROXIMIDAD_TAXID,ALTA,False,1,0,0,0,0
GEO_0616,2,1,GEO_PROXIMIDAD_TAXID,ALTA,False,1,0,0,0,0
GEO_0617,2,1,GEO_PROXIMIDAD_TAXID,ALTA,False,1,1,0,0,0
GEO_0618,2,1,GEO_PROXIMIDAD_TAXID,ALTA,False,1,0,0,0,0
GEO_0619,2,1,GEO_PROXIMIDAD_TAXID,ALTA,False,1,1,1,1,1
GEO_0620,2,1,GEO_PROXIMIDAD_TAXID,ALTA,False,1,1,0,0,0
GEO_0621,2,1,GEO_PROXIMIDAD_TAXID,ALTA,False,1,1,0,0,0
GEO_0622,2,1,GEO_PROXIMIDAD_TAXID,ALTA,False,1,1,0,0,0
GEO_0623,2,1,GEO_PROXIMIDAD_TAXID,ALTA,False,1,1,0,0,0
GEO_0624,2,1,GEO_PROXIMIDAD_TAXID,ALTA,False,1,1,0,0,0
GEO_0625,2,1,GEO_PROXIMIDAD_TAXID,ALTA,False,1,1,9,1,1
GEO_0626,2,1,GEO_PROXIMIDAD_TAXID,ALTA,False,1,1,0,0,0
GEO_0627,2,1,GEO_PROXIMIDAD_TAXID,ALTA,False,1,1,12,4,3
GEO_0628,2,1,GEO_PROXIMIDAD_TAXID,ALTA,False,1,1,12,4,3
GEO_0629,2,1,GEO_PROXIMIDAD_TAXID,ALTA,False,1,1,0,0,0
GEO_0630,2,1,GEO_PROXIMIDAD_TAXID,ALTA,False,1,1,0,0,0
GEO_0631,2,1,GEO_PROXIMIDAD_TAXID,ALTA,False,1,1,0,0,0
GEO_0632,2,1,GEO_PROXIMIDAD_TAXID,ALTA,False,1,1,27,1,1
GEO_0633,3,1,GEO_PROXIMIDAD_TAXID,ALTA,False,1,1,0,0,0
GEO_0634,3,1,GEO_PROXIMIDAD_TAXID,ALTA,False,2,2,9,1,1
GEO_0635,2,1,GEO_PROXIMIDAD_TAXID,ALTA,False,1,1,10,1,1
GEO_0636,2,1,GEO_PROXIMIDAD_TAXID,ALTA,False,1,1,0,0,0
GEO_0637,2,1,GEO_PROXIMIDAD_TAXID,ALTA,False,1,1,0,0,0
GEO_0638,2,1,GEO_PROXIMIDAD_TAXID,ALTA,False,1,1,0,0,0
GEO_0639,2,1,GEO_PROXIMIDAD_TAXID,ALTA,False,1,1,17,1,1
GEO_0640,3,1,GEO_PROXIMIDAD_TAXID,ALTA,False,1,1,0,0,0
GEO_0641,2,1,GEO_PROXIMIDAD_TAXID,ALTA,False,1,1,0,0,0
GEO_0642,2,1,GEO_PROXIMIDAD_TAXID,ALTA,False,1,1,0,0,0
GEO_0643,2,1,GEO_PROXIMIDAD_TAXID,ALTA,False,1,1,0,0,0
GEO_0644,2,1,GEO_PROXIMIDAD_TAXID,ALTA,False,1,1,17,1,1
GEO_0645,2,1,GEO_PROXIMIDAD_TAXID,ALTA,False,1,1,0,0,0
GEO_0646,2,1,GEO_PROXIMIDAD_TAXID,ALTA,False,1,1,1,1,1
GEO_0647,2,1,GEO_PROXIMIDAD_TAXID,ALTA,False,1,1,1,1,1
GEO_0648,2,1,GEO_PROXIMIDAD_TAXID,ALTA,False,1,1,0,0,0
GEO_0649,2,1,GEO_PROXIMIDAD_TAXID,ALTA,False,1,0,0,0,0
GEO_0650,2,1,GEO_PROXIMIDAD_TAXID,ALTA,False,1,1,0,0,0
GEO_0651,2,1,GEO_PROXIMIDAD_TAXID,ALTA,False,1,0,0,0,0
GEO_0652,3,1,GEO_PROXIMIDAD_TAXID,ALTA,False,1,1,0,0,0
GEO_0653,2,1,GEO_PROXIMIDAD_TAXID,ALTA,False,1,1,0,0,0
GEO_0654,2,1,GEO_PROXIMIDAD_TAXID,ALTA,False,1,1,12,3,3
GEO_0655,2,1,GEO_PROXIMIDAD_TAXID,ALTA,False,1,0,0,0,0
GEO_0656,2,1,GEO_PROXIMIDAD_TAXID,ALTA,False,1,1,0,0,0
GEO_0657,2,1,GEO_PROXIMIDAD_TAXID,ALTA,False,1,1,14,2,2
GEO_0658,2,1,GEO_PROXIMIDAD_TAXID,ALTA,False,1,0,0,0,0
GEO_0659,2,1,GEO_PROXIMIDAD_TAXID,ALTA,False,1,0,0,0,0
GEO_0660,2,1,GEO_PROXIMIDAD_TAXID,ALTA,False,1,0,0,0,0
GEO_0661,2,1,GEO_PROXIMIDAD_TAXID,ALTA,False,1,1,0,0,0
GEO_0662,2,1,GEO_PROXIMIDAD_TAXID,ALTA,False,1,1,0,0,0
GEO_0663,2,1,GEO_PROXIMIDAD_TAXID,ALTA,False,1,1,0,0,0
GEO_0664,3,1,GEO_PROXIMIDAD_TAXID,ALTA,False,2,2,0,2,2
GEO_0665,2,1,GEO_PROXIMIDAD_TAXID,ALTA,False,1,0,0,0,0
GEO_0666,2,1,GEO_PROXIMIDAD_TAXID,ALTA,False,1,1,0,0,0
GEO_0667,2,1,GEO_PROXIMIDAD_TAXID,ALTA,False,1,0,0,0,0
GEO_0668,2,1,GEO_PROXIMIDAD_TAXID,ALTA,False,1,1,0,0,0
GEO_0669,2,1,GEO_PROXIMIDAD_TAXID,ALTA,False,1,0,0,1,1
GEO_0670,2,1,GEO_PROXIMIDAD_TAXID,ALTA,False,1,0,0,0,0
GEO_0671,2,1,GEO_PROXIMIDAD_TAXID,ALTA,False,1,1,28,3,2
GEO_0672,3,1,GEO_PROXIMIDAD_TAXID,ALTA,False,1,1,0,0,0
GEO_0673,3,1,GEO_PROXIMIDAD_TAXID,ALTA,False,1,1,0,0,0
GEO_0674,3,1,GEO_PROXIMIDAD_TAXID,ALTA,False,2,1,64,7,3
GEO_0675,2,1,GEO_PROXIMIDAD_TAXID,ALTA,False,1,1,0,0,0
GEO_0676,3,1,GEO_PROXIMIDAD_TAXID,ALTA,False,1,1,0,0,0
GEO_0677,2,1,GEO_PROXIMIDAD_TAXID,ALTA,False,1,1,3,1,1
GEO_0678,3,1,GEO_PROXIMIDAD_TAXID,ALTA,False,1,1,0,0,0
GEO_0679,2,1,GEO_PROXIMIDAD_TAXID,ALTA,False,1,1,0,0,0
GEO_0680,2,1,GEO_PROXIMIDAD_TAXID,ALTA,False,1,0,0,0,0
GEO_0681,3,1,GEO_PROXIMIDAD_TAXID,ALTA,False,1,1,0,0,0
GEO_0682,3,1,GEO_PROXIMIDAD_TAXID,ALTA,False,1,1,0,0,0
GEO_0683,3,1,GEO_PROXIMIDAD_TAXID,ALTA,False,1,1,0,0,0
GEO_0684,3,1,GEO_PROXIMIDAD_TAXID,ALTA,False,1,1,0,0,0
GEO_0685,2,1,GEO_PROXIMIDAD_TAXID,ALTA,False,1,0,0,0,0
GEO_0686,3,1,GEO_PROXIMIDAD_TAXID,ALTA,False,1,1,0,0,0
GEO_0687,3,1,GEO_PROXIMIDAD_TAXID,ALTA,False,1,1,0,0,0
GEO_0688,2,1,GEO_PROXIMIDAD_TAXID,ALTA,False,1,0,0,1,1
GEO_0689,2,1,GEO_PROXIMIDAD_TAXID,ALTA,False,1,0,0,0,0
GEO_0690,2,1,GEO_PROXIMIDAD_TAXID,ALTA,False,1,1,0,0,0
GEO_0691,2,1,GEO_PROXIMIDAD_TAXID,ALTA,False,1,1,0,0,0
GEO_0692,2,1,GEO_PROXIMIDAD_TAXID,ALTA,False,1,1,0,0,0
GEO_0693,2,1,GEO_PROXIMIDAD_TAXID,ALTA,False,1,1,0,0,0
GEO_0694,2,1,GEO_PROXIMIDAD_TAXID,ALTA,False,1,0,0,0,0
GEO_0695,2,1,GEO_PROXIMIDAD_TAXID,ALTA,False,1,1,2,2,2
GEO_0696,2,1,GEO_PROXIMIDAD_TAXID,ALTA,False,1,0,0,0,0
GEO_0697,2,1,GEO_PROXIMIDAD_TAXID,ALTA,False,1,0,0,0,0
GEO_0698,2,1,GEO_PROXIMIDAD_TAXID,ALTA,False,1,1,0,0,0
GEO_0699,2,1,GEO_PROXIMIDAD_TAXID,ALTA,False,1,1,0,0,0
GEO_0700,2,1,GEO_PROXIMIDAD_TAXID,ALTA,False,1,1,0,0,0
GEO_0701,3,1,GEO_PROXIMIDAD_TAXID,ALTA,False,1,1,0,0,0
GEO_0702,2,1,GEO_PROXIMIDAD_TAXID,ALTA,False,1,1,0,0,0
GEO_0703,2,1,GEO_PROXIMIDAD_TAXID,ALTA,False,1,1,0,0,0
GEO_0704,3,1,GEO_PROXIMIDAD_TAXID,ALTA,False,1,1,0,0,0
GEO_0705,2,1,GEO_PROXIMIDAD_TAXID,ALTA,False,1,1,0,0,0
GEO_0706,3,1,GEO_PROXIMIDAD_TAXID,ALTA,False,2,2,128,4,3
GEO_0707,3,1,GEO_PROXIMIDAD_TAXID,ALTA,False,2,2,78,6,3
GEO_0708,3,1,GEO_PROXIMIDAD_TAXID,ALTA,False,1,1,0,0,0
GEO_0709,2,1,GEO_PROXIMIDAD_TAXID,ALTA,False,1,1,0,0,0
GEO_0710,2,1,GEO_PROXIMIDAD_TAXID,ALTA,False,1,1,0,0,0
GEO_0711,2,1,GEO_PROXIMIDAD_TAXID,ALTA,False,1,0,0,2,2
GEO_0712,2,1,GEO_PROXIMIDAD_TAXID,ALTA,False,1,1,1,1,1
GEO_0713,2,1,GEO_PROXIMIDAD_TAXID,ALTA,False,1,0,0,1,1
GEO_0714,2,1,GEO_PROXIMIDAD_TAXID,ALTA,False,1,1,31,3,2
GEO_0715,3,1,GEO_PROXIMIDAD_TAXID,ALTA,False,1,1,0,0,0
GEO_0716,3,1,GEO_PROXIMIDAD_TAXID,ALTA,False,2,1,101,7,4
GEO_0717,3,1,GEO_PROXIMIDAD_TAXID,ALTA,False,2,1,25,4,3
GEO_0718,2,1,GEO_PROXIMIDAD_TAXID,ALTA,False,1,0,0,0,0
GEO_0719,3,1,GEO_PROXIMIDAD_TAXID,ALTA,False,2,2,43,3,2
GEO_0720,2,1,GEO_PROXIMIDAD_TAXID,ALTA,False,1,0,0,1,1
GEO_0721,2,1,GEO_PROXIMIDAD_TAXID,ALTA,False,1,0,0,1,1
GEO_0722,3,1,GEO_PROXIMIDAD_TAXID,ALTA,False,2,2,476,5,2
GEO_0723,2,1,GEO_PROXIMIDAD_TAXID,ALTA,False,1,1,61,2,2
GEO_0724,2,1,GEO_PROXIMIDAD_TAXID,ALTA,False,1,1,0,0,0
GEO_0725,2,1,GEO_PROXIMIDAD_TAXID,ALTA,False,1,1,0,0,0
GEO_0726,3,1,GEO_PROXIMIDAD_TAXID,ALTA,False,2,1,18,3,1
GEO_0727,2,1,GEO_PROXIMIDAD_TAXID,ALTA,False,1,1,0,0,0
GEO_0728,2,1,GEO_PROXIMIDAD_TAXID,ALTA,False,1,1,8,4,3
GEO_0729,2,1,GEO_PROXIMIDAD_TAXID,ALTA,False,1,1,0,0,0
GEO_0730,3,1,GEO_PROXIMIDAD_TAXID,ALTA,False,2,2,12,7,3
GEO_0731,2,1,GEO_PROXIMIDAD_TAXID,ALTA,False,1,1,22,1,1
GEO_0732,2,1,GEO_PROXIMIDAD_TAXID,ALTA,False,1,1,29,4,3
GEO_0733,2,1,GEO_PROXIMIDAD_TAXID,ALTA,False,1,1,0,0,0
GEO_0734,2,1,GEO_PROXIMIDAD_TAXID,ALTA,False,1,0,0,0,0
GEO_0735,2,1,GEO_PROXIMIDAD_TAXID,ALTA,False,1,1,0,0,0
GEO_0736,2,1,GEO_PROXIMIDAD_TAXID,ALTA,False,1,1,0,0,0
GEO_0737,2,1,GEO_PROXIMIDAD_TAXID,ALTA,False,1,1,0,0,0
GEO_0738,2,1,GEO_PROXIMIDAD_TAXID,ALTA,False,1,1,11,2,1
GEO_0739,2,1,GEO_PROXIMIDAD_TAXID,ALTA,False,1,1,11,2,1
GEO_0740,2,1,GEO_PROXIMIDAD_TAXID,ALTA,False,1,1,57,2,1
GEO_0741,2,1,GEO_PROXIMIDAD_TAXID,ALTA,False,1,1,0,0,0
GEO_0742,2,1,GEO_PROXIMIDAD_TAXID,ALTA,False,1,1,0,0,0
GEO_0743,2,1,GEO_PROXIMIDAD_TAXID,ALTA,False,1,0,0,0,0
GEO_0744,2,1,GEO_PROXIMIDAD_TAXID,ALTA,False,1,1,0,0,0
GEO_0745,2,1,GEO_PROXIMIDAD_TAXID,ALTA,False,1,1,2,1,1
GEO_0746,2,1,GEO_PROXIMIDAD_TAXID,ALTA,False,1,1,0,0,0
GEO_0747,2,1,GEO_PROXIMIDAD_TAXID,ALTA,False,1,1,10,2,2
GEO_0748,2,1,GEO_PROXIMIDAD_TAXID,ALTA,False,1,2,57,1,1
GEO_0749,2,1,GEO_PROXIMIDAD_TAXID,ALTA,False,1,1,1,1,1
GEO_0750,2,1,GEO_PROXIMIDAD_TAXID,ALTA,False,1,1,0,0,0
GEO_0751,3,1,GEO_PROXIMIDAD_TAXID,ALTA,False,2,1,34,5,2
GEO_0752,2,1,GEO_PROXIMIDAD_TAXID,ALTA,False,1,1,0,0,0
GEO_0753,2,1,GEO_PROXIMIDAD_TAXID,ALTA,False,1,1,0,0,0
GEO_0754,2,1,GEO_PROXIMIDAD_TAXID,ALTA,False,1,1,0,0,0
GEO_0755,2,1,GEO_PROXIMIDAD_TAXID,ALTA,False,1,1,0,0,0
GEO_0756,2,1,GEO_PROXIMIDAD_TAXID,ALTA,False,1,1,18,1,1
GEO_0757,2,1,GEO_PROXIMIDAD_TAXID,ALTA,False,1,1,0,0,0
GEO_0758,2,1,GEO_PROXIMIDAD_TAXID,ALTA,False,1,1,0,0,0
GEO_0759,2,1,GEO_PROXIMIDAD_TAXID,ALTA,False,1,1,0,0,0
GEO_0760,4,1,GEO_PROXIMIDAD_TAXID,ALTA,False,2,2,76,6,2
GEO_0761,4,1,GEO_PROXIMIDAD_TAXID,ALTA,False,2,1,44,5,3
GEO_0762,2,1,GEO_PROXIMIDAD_TAXID,ALTA,False,1,1,38,2,1
GEO_0763,2,1,GEO_PROXIMIDAD_TAXID,ALTA,False,1,1,0,0,0
GEO_0764,2,1,GEO_PROXIMIDAD_TAXID,ALTA,False,1,1,1,1,1
GEO_0765,3,1,GEO_PROXIMIDAD_TAXID,ALTA,False,2,2,8,4,3
GEO_0766,2,1,GEO_PROXIMIDAD_TAXID,ALTA,False,1,1,0,0,0
GEO_0767,2,1,GEO_PROXIMIDAD_TAXID,ALTA,False,1,1,23,2,1
GEO_0768,2,1,GEO_PROXIMIDAD_TAXID,ALTA,False,1,1,0,0,0
GEO_0769,2,1,GEO_PROXIMIDAD_TAXID,ALTA,False,1,1,0,0,0
GEO_0770,2,1,GEO_PROXIMIDAD_TAXID,ALTA,False,1,0,0,0,0
GEO_0771,2,1,GEO_PROXIMIDAD_TAXID,ALTA,False,1,1,0,0,0
GEO_0772,2,1,GEO_PROXIMIDAD_TAXID,ALTA,False,1,1,12,3,2
GEO_0773,2,1,GEO_PROXIMIDAD_TAXID,ALTA,False,1,1,0,0,0
GEO_0774,2,1,GEO_PROXIMIDAD_TAXID,ALTA,False,1,1,12,2,1
GEO_0775,2,1,GEO_PROXIMIDAD_TAXID,ALTA,False,1,1,5,1,1
GEO_0776,2,1,GEO_PROXIMIDAD_TAXID,ALTA,False,1,1,5,1,1
GEO_0777,2,1,GEO_PROXIMIDAD_TAXID,ALTA,False,1,1,5,1,1
GEO_0778,2,1,GEO_PROXIMIDAD_TAXID,ALTA,False,1,0,0,0,0
GEO_0779,2,1,GEO_PROXIMIDAD_TAXID,ALTA,False,1,1,0,0,0
GEO_0780,2,1,GEO_PROXIMIDAD_TAXID,ALTA,False,1,1,0,0,0
GEO_0781,3,1,GEO_PROXIMIDAD_TAXID,ALTA,False,2,2,34,3,1
GEO_0782,2,1,GEO_PROXIMIDAD_TAXID,ALTA,False,1,1,0,0,0
GEO_0783,2,1,GEO_PROXIMIDAD_TAXID,ALTA,False,1,1,0,0,0
GEO_0784,2,1,GEO_PROXIMIDAD_TAXID,ALTA,False,1,1,0,0,0
GEO_0785,2,1,GEO_PROXIMIDAD_TAXID,ALTA,False,1,1,0,0,0
GEO_0786,2,1,GEO_PROXIMIDAD_TAXID,ALTA,False,1,1,0,0,0
GEO_0787,2,1,GEO_PROXIMIDAD_TAXID,ALTA,False,1,1,0,0,0
GEO_0788,2,1,GEO_PROXIMIDAD_TAXID,ALTA,False,1,1,0,0,0
GEO_0789,2,1,GEO_PROXIMIDAD_TAXID,ALTA,False,1,1,3,1,1
GEO_0790,2,1,GEO_PROXIMIDAD_TAXID,ALTA,False,1,1,1,1,1
GEO_0791,2,1,GEO_PROXIMIDAD_TAXID,ALTA,False,1,1,0,0,0
GEO_0792,2,1,GEO_PROXIMIDAD_TAXID,ALTA,False,1,1,26,2,2
GEO_0793,2,1,GEO_PROXIMIDAD_TAXID,ALTA,False,1,1,0,0,0
GEO_0794,2,1,GEO_PROXIMIDAD_TAXID,ALTA,False,1,1,0,0,0
GEO_0795,2,1,GEO_PROXIMIDAD_TAXID,ALTA,False,1,1,0,0,0
GEO_0796,2,1,GEO_PROXIMIDAD_TAXID,ALTA,False,1,1,0,0,0
GEO_0797,4,1,GEO_PROXIMIDAD_TAXID,ALTA,False,2,2,23,3,1
GEO_0798,2,1,GEO_PROXIMIDAD_TAXID,ALTA,False,1,1,0,0,0
GEO_0799,2,1,GEO_PROXIMIDAD_TAXID,ALTA,False,1,1,0,0,0
GEO_0800,2,1,GEO_PROXIMIDAD_TAXID,ALTA,False,1,1,3,1,1
GEO_0801,2,1,GEO_PROXIMIDAD_TAXID,ALTA,False,1,1,0,0,0
GEO_0802,2,1,GEO_PROXIMIDAD_TAXID,ALTA,False,1,1,0,0,0
GEO_0803,2,1,GEO_PROXIMIDAD_TAXID,ALTA,False,1,1,21,1,1
GEO_0804,2,1,GEO_PROXIMIDAD_TAXID,ALTA,False,1,1,0,0,0
GEO_0805,2,1,GEO_PROXIMIDAD_TAXID,ALTA,False,1,1,0,0,0
GEO_0806,3,1,GEO_PROXIMIDAD_TAXID,ALTA,False,2,2,28,3,2
GEO_0807,2,1,GEO_PROXIMIDAD_TAXID,ALTA,False,1,1,0,0,0
GEO_0808,3,1,GEO_PROXIMIDAD_TAXID,ALTA,False,1,1,0,0,0
GEO_0809,3,1,GEO_PROXIMIDAD_TAXID,ALTA,False,2,2,81,8,3
GEO_0810,2,1,GEO_PROXIMIDAD_TAXID,ALTA,False,1,1,0,0,0
GEO_0811,2,1,GEO_PROXIMIDAD_TAXID,ALTA,False,1,1,0,0,0
GEO_0812,2,1,GEO_PROXIMIDAD_TAXID,ALTA,False,1,1,0,0,0
GEO_0813,2,1,GEO_PROXIMIDAD_TAXID,ALTA,False,1,1,0,0,0
GEO_0814,2,1,GEO_PROXIMIDAD_TAXID,ALTA,False,1,1,5,2,1
GEO_0815,2,1,GEO_PROXIMIDAD_TAXID,ALTA,False,1,1,0,0,0
GEO_0816,2,1,GEO_PROXIMIDAD_TAXID,ALTA,False,1,1,20,1,1
GEO_0817,2,1,GEO_PROXIMIDAD_TAXID,ALTA,False,1,1,0,0,0
GEO_0818,4,1,GEO_PROXIMIDAD_TAXID,ALTA,False,2,1,41,2,1
GEO_0819,2,1,GEO_PROXIMIDAD_TAXID,ALTA,False,1,1,0,0,0
GEO_0820,2,1,GEO_PROXIMIDAD_TAXID,ALTA,False,1,1,0,0,0
GEO_0821,2,1,GEO_PROXIMIDAD_TAXID,ALTA,False,1,1,0,0,0
GEO_0822,2,1,GEO_PROXIMIDAD_TAXID,ALTA,False,1,1,0,0,0
GEO_0823,4,1,GEO_PROXIMIDAD_TAXID,ALTA,False,2,1,14,5,2
GEO_0824,2,1,GEO_PROXIMIDAD_TAXID,ALTA,False,1,1,0,0,0
GEO_0825,2,1,GEO_PROXIMIDAD_TAXID,ALTA,False,1,1,0,0,0
GEO_0826,2,1,GEO_PROXIMIDAD_TAXID,ALTA,False,1,1,0,0,0
GEO_0827,2,1,GEO_PROXIMIDAD_TAXID,ALTA,False,1,1,0,0,0
GEO_0828,2,1,GEO_PROXIMIDAD_TAXID,ALTA,False,1,0,0,0,0
GEO_0829,2,1,GEO_PROXIMIDAD_TAXID,ALTA,False,1,1,0,0,0
GEO_0830,2,1,GEO_PROXIMIDAD_TAXID,ALTA,False,1,1,13,3,2
GEO_0831,3,1,GEO_PROXIMIDAD_TAXID,ALTA,False,2,2,52,3,3
GEO_0832,2,1,GEO_PROXIMIDAD_TAXID,ALTA,False,1,1,0,0,0
GEO_0833,5,1,GEO_PROXIMIDAD_TAXID,ALTA,False,2,1,20,4,1
GEO_0834,2,1,GEO_PROXIMIDAD_TAXID,ALTA,False,1,1,0,0,0
GEO_0835,2,1,GEO_PROXIMIDAD_TAXID,ALTA,False,1,1,0,0,0
GEO_0836,2,1,GEO_PROXIMIDAD_TAXID,ALTA,False,1,1,0,0,0
GEO_0837,2,1,GEO_PROXIMIDAD_TAXID,ALTA,False,1,1,0,0,0
GEO_0838,2,1,GEO_PROXIMIDAD_TAXID,ALTA,False,1,1,0,0,0
GEO_0839,2,1,GEO_PROXIMIDAD_TAXID,ALTA,False,1,1,0,0,0
GEO_0840,3,1,GEO_PROXIMIDAD_TAXID,ALTA,False,2,1,268,23,3
GEO_0841,3,1,GEO_PROXIMIDAD_TAXID,ALTA,False,2,1,268,23,3
GEO_0842,2,1,GEO_PROXIMIDAD_TAXID,ALTA,False,1,1,0,0,0
GEO_0843,2,1,GEO_PROXIMIDAD_TAXID,ALTA,False,1,1,0,0,0
GEO_0844,3,1,GEO_PROXIMIDAD_TAXID,ALTA,False,2,1,12,3,1
GEO_0845,2,1,GEO_PROXIMIDAD_TAXID,ALTA,False,1,1,12,1,1
GEO_0846,2,1,GEO_PROXIMIDAD_TAXID,ALTA,False,1,1,0,0,0
GEO_0847,2,1,GEO_PROXIMIDAD_TAXID,ALTA,False,1,1,0,0,0
GEO_0848,2,1,GEO_PROXIMIDAD_TAXID,ALTA,False,1,2,0,1,1
GEO_0849,3,1,GEO_PROXIMIDAD_TAXID,ALTA,False,2,1,16,3,2
GEO_0850,2,1,GEO_PROXIMIDAD_TAXID,ALTA,False,1,1,5,2,2
GEO_0851,3,1,GEO_PROXIMIDAD_TAXID,ALTA,False,1,1,0,0,0
GEO_0852,2,1,GEO_PROXIMIDAD_TAXID,ALTA,False,1,1,2,1,1
GEO_0853,2,1,GEO_PROXIMIDAD_TAXID,ALTA,False,1,1,0,0,0
GEO_0854,2,1,GEO_PROXIMIDAD_TAXID,ALTA,False,1,2,37,3,2
GEO_0855,4,1,GEO_PROXIMIDAD_TAXID,ALTA,False,1,1,27,1,1
GEO_0856,2,1,GEO_PROXIMIDAD_TAXID,ALTA,False,1,1,0,0,0
GEO_0857,2,1,GEO_PROXIMIDAD_TAXID,ALTA,False,1,1,0,0,0
GEO_0858,2,1,GEO_PROXIMIDAD_TAXID,ALTA,False,1,1,0,0,0
GEO_0859,2,1,GEO_PROXIMIDAD_TAXID,ALTA,False,1,1,22,2,1
GEO_0860,4,1,GEO_PROXIMIDAD_TAXID,ALTA,False,1,2,0,0,0
GEO_0861,2,1,GEO_PROXIMIDAD_TAXID,ALTA,False,1,1,9,1,1
GEO_0862,2,1,GEO_PROXIMIDAD_TAXID,ALTA,False,1,0,0,0,0
GEO_0863,2,1,GEO_PROXIMIDAD_TAXID,ALTA,False,1,1,9,2,1
GEO_0864,2,1,GEO_PROXIMIDAD_TAXID,ALTA,False,1,1,0,0,0
GEO_0865,2,1,GEO_PROXIMIDAD_TAXID,ALTA,False,1,1,0,0,0
GEO_0866,2,1,GEO_PROXIMIDAD_TAXID,ALTA,False,1,1,0,0,0
GEO_0867,2,1,GEO_PROXIMIDAD_TAXID,ALTA,False,1,1,0,0,0
GEO_0868,2,1,GEO_PROXIMIDAD_TAXID,ALTA,False,1,1,0,0,0
GEO_0869,2,1,GEO_PROXIMIDAD_TAXID,ALTA,False,1,1,0,0,0
GEO_0870,2,1,GEO_PROXIMIDAD_TAXID,ALTA,False,1,1,0,0,0
GEO_0871,2,1,GEO_PROXIMIDAD_TAXID,ALTA,False,1,1,0,0,0
GEO_0872,2,1,GEO_PROXIMIDAD_TAXID,ALTA,False,1,1,0,0,0
GEO_0873,2,1,GEO_PROXIMIDAD_TAXID,ALTA,False,1,1,0,0,0
GEO_0874,2,1,GEO_PROXIMIDAD_TAXID,ALTA,False,1,1,9,1,1
GEO_0875,2,1,GEO_PROXIMIDAD_TAXID,ALTA,False,1,1,0,0,0
GEO_0876,2,1,GEO_PROXIMIDAD_TAXID,ALTA,False,1,1,0,0,0
GEO_0877,2,1,GEO_PROXIMIDAD_TAXID,ALTA,False,1,1,0,0,0
GEO_0878,2,1,GEO_PROXIMIDAD_TAXID,ALTA,False,1,1,0,0,0
GEO_0879,2,1,GEO_PROXIMIDAD_TAXID,ALTA,False,1,1,3,2,2
GEO_0880,2,1,GEO_PROXIMIDAD_TAXID,ALTA,False,1,1,88,3,2
GEO_0881,2,1,GEO_PROXIMIDAD_TAXID,ALTA,False,1,1,9,2,1
GEO_0882,3,1,GEO_PROXIMIDAD_TAXID,ALTA,False,2,2,11,2,1
GEO_0883,2,1,GEO_PROXIMIDAD_TAXID,ALTA,False,1,1,0,0,0
GEO_0884,2,1,GEO_PROXIMIDAD_TAXID,ALTA,False,1,1,0,0,0
GEO_0885,2,1,GEO_PROXIMIDAD_TAXID,ALTA,False,1,1,9,1,1
GEO_0886,2,1,GEO_PROXIMIDAD_TAXID,ALTA,False,1,1,0,0,0
GEO_0887,2,1,GEO_PROXIMIDAD_TAXID,ALTA,False,1,1,0,0,0
GEO_0888,2,1,GEO_PROXIMIDAD_TAXID,ALTA,False,1,1,1,1,1
GEO_0889,2,1,GEO_PROXIMIDAD_TAXID,ALTA,False,1,1,0,0,0
GEO_0890,2,1,GEO_PROXIMIDAD_TAXID,ALTA,False,1,1,0,0,0
GEO_0891,2,1,GEO_PROXIMIDAD_TAXID,ALTA,False,1,1,4,1,1
GEO_0892,2,1,GEO_PROXIMIDAD_TAXID,ALTA,False,1,1,0,0,0
GEO_0893,2,1,GEO_PROXIMIDAD_TAXID,ALTA,False,1,1,14,2,2
GEO_0894,2,1,GEO_PROXIMIDAD_TAXID,ALTA,False,1,1,11,3,3
GEO_0895,3,1,GEO_PROXIMIDAD_TAXID,ALTA,False,1,0,0,0,0
GEO_0896,2,1,GEO_PROXIMIDAD_TAXID,ALTA,False,1,1,66,3,2
GEO_0897,2,1,GEO_PROXIMIDAD_TAXID,ALTA,False,1,1,0,0,0
GEO_0898,2,1,GEO_PROXIMIDAD_TAXID,ALTA,False,1,1,0,0,0
GEO_0899,2,1,GEO_PROXIMIDAD_TAXID,ALTA,False,1,1,0,0,0
GEO_0900,2,1,GEO_PROXIMIDAD_TAXID,ALTA,False,1,1,0,0,0
GEO_0901,2,1,GEO_PROXIMIDAD_TAXID,ALTA,False,1,1,0,0,0
GEO_0902,2,1,GEO_PROXIMIDAD_TAXID,ALTA,False,1,1,14,1,1
GEO_0903,3,1,GEO_PROXIMIDAD_TAXID,ALTA,False,1,1,0,0,0
GEO_0904,2,1,GEO_PROXIMIDAD_TAXID,ALTA,False,1,1,0,0,0
GEO_0905,3,1,GEO_PROXIMIDAD_TAXID,ALTA,False,1,0,0,0,0
GEO_0906,2,1,GEO_PROXIMIDAD_TAXID,ALTA,False,1,1,3,1,1
GEO_0907,3,1,GEO_PROXIMIDAD_TAXID,ALTA,False,1,1,0,0,0
GEO_0908,3,1,GEO_PROXIMIDAD_TAXID,ALTA,False,1,1,0,0,0
GEO_0909,2,1,GEO_PROXIMIDAD_TAXID,ALTA,False,1,1,2,1,1
GEO_0910,2,1,GEO_PROXIMIDAD_TAXID,ALTA,False,1,1,0,0,0
GEO_0911,2,1,GEO_PROXIMIDAD_TAXID,ALTA,False,1,1,0,0,0
GEO_0912,2,1,GEO_PROXIMIDAD_TAXID,ALTA,False,1,1,0,0,0
GEO_0913,2,1,GEO_PROXIMIDAD_TAXID,ALTA,False,1,1,0,0,0
GEO_0914,2,1,GEO_PROXIMIDAD_TAXID,ALTA,False,1,1,0,0,0
GEO_0915,3,1,GEO_PROXIMIDAD_TAXID,ALTA,False,1,0,0,0,0
GEO_0916,2,1,GEO_PROXIMIDAD_TAXID,ALTA,False,1,1,0,0,0
GEO_0917,3,1,GEO_PROXIMIDAD_TAXID,ALTA,False,1,1,0,0,0
GEO_0918,2,1,GEO_PROXIMIDAD_TAXID,ALTA,False,1,1,0,0,0
GEO_0919,2,1,GEO_PROXIMIDAD_TAXID,ALTA,False,1,1,0,0,0
GEO_0920,3,1,GEO_PROXIMIDAD_TAXID,ALTA,False,2,1,31,7,3
GEO_0921,2,1,GEO_PROXIMIDAD_TAXID,ALTA,False,1,1,0,0,0
GEO_0922,3,1,GEO_PROXIMIDAD_TAXID,ALTA,False,1,0,0,0,0
GEO_0923,2,1,GEO_PROXIMIDAD_TAXID,ALTA,False,1,1,0,0,0
GEO_0924,2,1,GEO_PROXIMIDAD_TAXID,ALTA,False,1,1,0,0,0
GEO_0925,2,1,GEO_PROXIMIDAD_TAXID,ALTA,False,1,1,0,0,0
GEO_0926,2,1,GEO_PROXIMIDAD_TAXID,ALTA,False,1,1,4,1,1
GEO_0927,2,1,GEO_PROXIMIDAD_TAXID,ALTA,False,1,1,6,1,1
GEO_0928,2,1,GEO_PROXIMIDAD_TAXID,ALTA,False,1,1,6,1,1
GEO_0929,2,1,GEO_PROXIMIDAD_TAXID,ALTA,False,1,1,0,0,0
GEO_0930,2,1,GEO_PROXIMIDAD_TAXID,ALTA,False,1,1,149,4,3
GEO_0931,2,1,GEO_PROXIMIDAD_TAXID,ALTA,False,1,1,22,3,2
GEO_0932,2,1,GEO_PROXIMIDAD_TAXID,ALTA,False,1,1,0,0,0
GEO_0933,2,1,GEO_PROXIMIDAD_TAXID,ALTA,False,1,1,0,0,0
GEO_0934,2,1,GEO_PROXIMIDAD_TAXID,ALTA,False,1,1,0,0,0
GEO_0935,2,1,GEO_PROXIMIDAD_TAXID,ALTA,False,1,1,10,2,1
GEO_0936,3,1,GEO_PROXIMIDAD_TAXID,ALTA,False,2,1,30,5,2
GEO_0937,2,1,GEO_PROXIMIDAD_TAXID,ALTA,False,1,1,0,0,0
GEO_0938,3,1,GEO_PROXIMIDAD_TAXID,ALTA,False,1,0,0,0,0
GEO_0939,4,1,GEO_PROXIMIDAD_TAXID,ALTA,False,2,2,9,5,3
GEO_0940,2,1,GEO_PROXIMIDAD_TAXID,ALTA,False,1,1,0,0,0
GEO_0941,2,1,GEO_PROXIMIDAD_TAXID,ALTA,False,1,1,0,0,0
GEO_0942,2,1,GEO_PROXIMIDAD_TAXID,ALTA,False,1,1,0,0,0
GEO_0943,2,1,GEO_PROXIMIDAD_TAXID,ALTA,False,1,1,0,0,0
GEO_0944,2,1,GEO_PROXIMIDAD_TAXID,ALTA,False,1,1,0,0,0
GEO_0945,2,1,GEO_PROXIMIDAD_TAXID,ALTA,False,1,1,0,0,0
GEO_0946,2,1,GEO_PROXIMIDAD_TAXID,ALTA,False,1,1,0,0,0
GEO_0947,2,1,GEO_PROXIMIDAD_TAXID,ALTA,False,1,1,0,0,0
GEO_0948,2,1,GEO_PROXIMIDAD_TAXID,ALTA,False,1,1,0,0,0
GEO_0949,3,1,GEO_PROXIMIDAD_TAXID,ALTA,False,2,1,12,3,1
GEO_0950,3,1,GEO_PROXIMIDAD_TAXID,ALTA,False,1,0,0,0,0
GEO_0951,2,1,GEO_PROXIMIDAD_TAXID,ALTA,False,1,1,0,0,0
GEO_0952,3,1,GEO_PROXIMIDAD_TAXID,ALTA,False,1,0,0,0,0
GEO_0953,2,1,GEO_PROXIMIDAD_TAXID,ALTA,False,1,1,0,0,0
GEO_0954,3,1,GEO_PROXIMIDAD_TAXID,ALTA,False,2,1,9,2,1
GEO_0955,2,1,GEO_PROXIMIDAD_TAXID,ALTA,False,1,1,0,0,0
GEO_0956,2,1,GEO_PROXIMIDAD_TAXID,ALTA,False,1,1,0,0,0
GEO_0957,3,1,GEO_PROXIMIDAD_TAXID,ALTA,False,1,0,0,0,0
GEO_0958,3,1,GEO_PROXIMIDAD_TAXID,ALTA,False,1,0,0,0,0
GEO_0959,2,1,GEO_PROXIMIDAD_TAXID,ALTA,False,1,1,0,0,0
GEO_0960,2,1,GEO_PROXIMIDAD_TAXID,ALTA,False,1,1,17,2,1
GEO_0961,2,1,GEO_PROXIMIDAD_TAXID,ALTA,False,1,1,0,0,0
GEO_0962,3,1,GEO_PROXIMIDAD_TAXID,ALTA,False,1,1,0,0,0
GEO_0963,2,1,GEO_PROXIMIDAD_TAXID,ALTA,False,1,1,0,0,0
GEO_0964,2,1,GEO_PROXIMIDAD_TAXID,ALTA,False,1,1,0,0,0
GEO_0965,3,1,GEO_PROXIMIDAD_TAXID,ALTA,False,1,0,0,0,0
GEO_0966,2,1,GEO_PROXIMIDAD_TAXID,ALTA,False,1,1,0,0,0
GEO_0967,2,1,GEO_PROXIMIDAD_TAXID,ALTA,False,1,1,0,0,0
GEO_0968,2,1,GEO_PROXIMIDAD_TAXID,ALTA,False,1,1,0,0,0
GEO_0969,2,1,GEO_PROXIMIDAD_TAXID,ALTA,False,1,1,19,2,1
GEO_0970,2,1,GEO_PROXIMIDAD_TAXID,ALTA,False,1,1,10,2,2
GEO_0971,2,1,GEO_PROXIMIDAD_TAXID,ALTA,False,1,1,0,0,0
GEO_0972,2,1,GEO_PROXIMIDAD_TAXID,ALTA,False,1,1,0,0,0
GEO_0973,2,1,GEO_PROXIMIDAD_TAXID,ALTA,False,1,1,0,0,0
GEO_0974,3,1,GEO_PROXIMIDAD_TAXID,ALTA,False,1,0,0,0,0
GEO_0975,3,1,GEO_PROXIMIDAD_TAXID,ALTA,False,1,0,0,2,1
GEO_0976,2,1,GEO_PROXIMIDAD_TAXID,ALTA,False,1,1,0,0,0
GEO_0977,2,1,GEO_PROXIMIDAD_TAXID,ALTA,False,1,1,42,4,3
GEO_0978,2,1,GEO_PROXIMIDAD_TAXID,ALTA,False,1,1,0,0,0
GEO_0979,2,1,GEO_PROXIMIDAD_TAXID,ALTA,False,1,1,1,1,1
GEO_0980,2,1,GEO_PROXIMIDAD_TAXID,ALTA,False,1,1,0,0,0
GEO_0981,2,1,GEO_PROXIMIDAD_TAXID,ALTA,False,1,1,0,0,0
GEO_0982,3,1,GEO_PROXIMIDAD_TAXID,ALTA,False,1,0,0,0,0
GEO_0983,2,1,GEO_PROXIMIDAD_TAXID,ALTA,False,1,1,12,2,2
GEO_0984,2,1,GEO_PROXIMIDAD_TAXID,ALTA,False,1,1,0,0,0
GEO_0985,2,1,GEO_PROXIMIDAD_TAXID,ALTA,False,1,1,0,0,0
GEO_0986,2,1,GEO_PROXIMIDAD_TAXID,ALTA,False,1,1,18,3,2
GEO_0987,2,1,GEO_PROXIMIDAD_TAXID,ALTA,False,1,1,18,3,2
GEO_0988,2,1,GEO_PROXIMIDAD_TAXID,ALTA,False,1,1,16,4,3
GEO_0989,2,1,GEO_PROXIMIDAD_TAXID,ALTA,False,1,1,0,0,0
GEO_0990,3,1,GEO_PROXIMIDAD_TAXID,ALTA,False,1,0,0,0,0
GEO_0991,3,1,GEO_PROXIMIDAD_TAXID,ALTA,False,1,0,0,0,0
GEO_0992,2,1,GEO_PROXIMIDAD_TAXID,ALTA,False,1,1,0,0,0
GEO_0993,2,1,GEO_PROXIMIDAD_TAXID,ALTA,False,1,1,1,1,1
GEO_0994,2,1,GEO_PROXIMIDAD_TAXID,ALTA,False,1,1,0,0,0
GEO_0995,2,1,GEO_PROXIMIDAD_TAXID,ALTA,False,1,1,0,0,0
GEO_0996,2,1,GEO_PROXIMIDAD_TAXID,ALTA,False,1,1,0,0,0
GEO_0997,2,1,GEO_PROXIMIDAD_TAXID,ALTA,False,1,1,0,0,0
GEO_0998,2,1,GEO_PROXIMIDAD_TAXID,ALTA,False,1,1,0,0,0
GEO_0999,3,1,GEO_PROXIMIDAD_TAXID,ALTA,False,1,0,0,0,0
GEO_1000,2,1,GEO_PROXIMIDAD_TAXID,ALTA,False,1,1,0,0,0
GEO_1001,2,1,GEO_PROXIMIDAD_TAXID,ALTA,False,1,1,0,0,0
GEO_1002,2,1,GEO_PROXIMIDAD_TAXID,ALTA,False,1,1,8,1,1
GEO_1003,2,1,GEO_PROXIMIDAD_TAXID,ALTA,False,1,1,0,0,0
GEO_1004,2,1,GEO_PROXIMIDAD_TAXID,ALTA,False,1,1,0,0,0
GEO_1005,3,1,GEO_PROXIMIDAD_TAXID,ALTA,False,1,0,0,0,0
GEO_1006,2,1,GEO_PROXIMIDAD_TAXID,ALTA,False,1,1,0,0,0
GEO_1007,2,1,GEO_PROXIMIDAD_TAXID,ALTA,False,1,1,0,0,0
GEO_1008,2,1,GEO_PROXIMIDAD_TAXID,ALTA,False,1,1,0,0,0
GEO_1009,2,1,GEO_PROXIMIDAD_TAXID,ALTA,False,1,1,0,0,0
GEO_1010,2,1,GEO_PROXIMIDAD_TAXID,ALTA,False,1,1,2,1,1
GEO_1011,3,1,GEO_PROXIMIDAD_TAXID,ALTA,False,1,0,0,1,1
GEO_1012,2,1,GEO_PROXIMIDAD_TAXID,ALTA,False,1,1,0,0,0
GEO_1013,2,1,GEO_PROXIMIDAD_TAXID,ALTA,False,1,1,4,1,1
GEO_1014,2,1,GEO_PROXIMIDAD_TAXID,ALTA,False,1,1,12,2,2
GEO_1015,3,1,GEO_PROXIMIDAD_TAXID,ALTA,False,1,0,0,0,0
GEO_1016,3,1,GEO_PROXIMIDAD_TAXID,ALTA,False,1,0,0,0,0
GEO_1017,3,1,GEO_PROXIMIDAD_TAXID,ALTA,False,1,0,0,2,2
GEO_1018,2,1,GEO_PROXIMIDAD_TAXID,ALTA,False,1,1,1,1,1
GEO_1019,2,1,GEO_PROXIMIDAD_TAXID,ALTA,False,1,1,0,0,0
GEO_1020,2,1,GEO_PROXIMIDAD_TAXID,ALTA,False,1,1,0,0,0
GEO_1021,2,1,GEO_PROXIMIDAD_TAXID,ALTA,False,1,1,0,0,0
GEO_1022,2,1,GEO_PROXIMIDAD_TAXID,ALTA,False,1,1,0,0,0
GEO_1023,2,1,GEO_PROXIMIDAD_TAXID,ALTA,False,1,1,0,0,0
GEO_1024,3,1,GEO_PROXIMIDAD_TAXID,ALTA,False,1,0,0,0,0
GEO_1025,2,1,GEO_PROXIMIDAD_TAXID,ALTA,False,1,1,0,0,0
GEO_1026,3,1,GEO_PROXIMIDAD_TAXID,ALTA,False,1,0,0,0,0
GEO_1027,2,1,GEO_PROXIMIDAD_TAXID,ALTA,False,1,1,0,0,0
GEO_1028,2,1,GEO_PROXIMIDAD_TAXID,ALTA,False,1,1,0,0,0
GEO_1029,2,1,GEO_PROXIMIDAD_TAXID,ALTA,False,1,1,0,0,0
GEO_1030,3,1,GEO_PROXIMIDAD_TAXID,ALTA,False,2,1,27,3,2
GEO_1031,2,1,GEO_PROXIMIDAD_TAXID,ALTA,False,1,1,12,2,1
GEO_1032,3,1,GEO_PROXIMIDAD_TAXID,ALTA,False,1,0,0,0,0
GEO_1033,2,1,GEO_PROXIMIDAD_TAXID,ALTA,False,1,1,8,2,2
GEO_1034,2,1,GEO_PROXIMIDAD_TAXID,ALTA,False,1,1,0,0,0
GEO_1035,3,1,GEO_PROXIMIDAD_TAXID,ALTA,False,1,1,0,0,0
GEO_1036,2,1,GEO_PROXIMIDAD_TAXID,ALTA,False,1,1,0,0,0
GEO_1037,3,1,GEO_PROXIMIDAD_TAXID,ALTA,False,1,0,0,0,0
GEO_1038,3,1,GEO_PROXIMIDAD_TAXID,ALTA,False,2,1,6,2,1
GEO_1039,5,1,GEO_PROXIMIDAD_TAXID,ALTA,False,1,1,0,4,1
GEO_1040,2,1,GEO_PROXIMIDAD_TAXID,ALTA,False,1,1,0,0,0
GEO_1041,2,1,GEO_PROXIMIDAD_TAXID,ALTA,False,1,1,0,0,0
GEO_1042,3,1,GEO_PROXIMIDAD_TAXID,ALTA,False,2,1,30,4,2
GEO_1043,2,1,GEO_PROXIMIDAD_TAXID,ALTA,False,1,1,0,0,0
GEO_1044,2,1,GEO_PROXIMIDAD_TAXID,ALTA,False,1,1,0,0,0
GEO_1045,3,1,GEO_PROXIMIDAD_TAXID,ALTA,False,1,0,0,0,0
GEO_1046,2,1,GEO_PROXIMIDAD_TAXID,ALTA,False,1,1,0,0,0
GEO_1047,2,1,GEO_PROXIMIDAD_TAXID,ALTA,False,1,1,0,0,0
GEO_1048,2,1,GEO_PROXIMIDAD_TAXID,ALTA,False,1,1,0,0,0
GEO_1049,2,1,GEO_PROXIMIDAD_TAXID,ALTA,False,1,1,24,2,2
GEO_1050,3,1,GEO_PROXIMIDAD_TAXID,ALTA,False,1,0,0,0,0
GEO_1051,2,1,GEO_PROXIMIDAD_TAXID,ALTA,False,1,1,0,0,0
GEO_1052,2,1,GEO_PROXIMIDAD_TAXID,ALTA,False,1,1,0,0,0
GEO_1053,3,1,GEO_PROXIMIDAD_TAXID,ALTA,False,2,2,44,6,3
GEO_1054,2,1,GEO_PROXIMIDAD_TAXID,ALTA,False,1,1,0,0,0
GEO_1055,2,1,GEO_PROXIMIDAD_TAXID,ALTA,False,1,1,0,0,0
GEO_1056,3,1,GEO_PROXIMIDAD_TAXID,ALTA,False,1,0,0,2,1
GEO_1057,3,1,GEO_PROXIMIDAD_TAXID,ALTA,False,1,0,0,0,0
GEO_1058,3,1,GEO_PROXIMIDAD_TAXID,ALTA,False,1,0,0,0,0
GEO_1059,3,1,GEO_PROXIMIDAD_TAXID,ALTA,False,2,1,6,2,1
GEO_1060,2,1,GEO_PROXIMIDAD_TAXID,ALTA,False,1,1,0,0,0
GEO_1061,2,1,GEO_PROXIMIDAD_TAXID,ALTA,False,1,1,0,0,0
GEO_1062,2,1,GEO_PROXIMIDAD_TAXID,ALTA,False,1,1,0,0,0
GEO_1063,2,1,GEO_PROXIMIDAD_TAXID,ALTA,False,1,1,0,0,0
GEO_1064,2,1,GEO_PROXIMIDAD_TAXID,ALTA,False,1,1,0,0,0
GEO_1065,3,1,GEO_PROXIMIDAD_TAXID,ALTA,False,2,2,63,3,1
GEO_1066,2,1,GEO_PROXIMIDAD_TAXID,ALTA,False,1,1,0,0,0
GEO_1067,2,1,GEO_PROXIMIDAD_TAXID,ALTA,False,1,1,0,0,0
GEO_1068,3,1,GEO_PROXIMIDAD_TAXID,ALTA,False,1,0,0,0,0
GEO_1069,2,1,GEO_PROXIMIDAD_TAXID,ALTA,False,1,1,0,0,0
GEO_1070,2,1,GEO_PROXIMIDAD_TAXID,ALTA,False,1,1,10,2,1
GEO_1071,2,1,GEO_PROXIMIDAD_TAXID,ALTA,False,1,1,0,0,0
GEO_1072,2,1,GEO_PROXIMIDAD_TAXID,ALTA,False,1,1,28,3,2
GEO_1073,3,1,GEO_PROXIMIDAD_TAXID,ALTA,False,1,0,0,0,0
GEO_1074,2,1,GEO_PROXIMIDAD_TAXID,ALTA,False,1,1,0,0,0
GEO_1075,2,1,GEO_PROXIMIDAD_TAXID,ALTA,False,1,1,1,2,2
GEO_1076,2,1,GEO_PROXIMIDAD_TAXID,ALTA,False,1,1,1,2,2
GEO_1077,2,1,GEO_PROXIMIDAD_TAXID,ALTA,False,1,1,2,1,1
GEO_1078,2,1,GEO_PROXIMIDAD_TAXID,ALTA,False,1,1,0,0,0
GEO_1079,2,1,GEO_PROXIMIDAD_TAXID,ALTA,False,1,1,7,1,1
GEO_1080,3,1,GEO_PROXIMIDAD_TAXID,ALTA,False,1,0,0,0,0
GEO_1081,2,1,GEO_PROXIMIDAD_TAXID,ALTA,False,1,1,0,0,0
GEO_1082,2,1,GEO_PROXIMIDAD_TAXID,ALTA,False,1,1,0,0,0
GEO_1083,2,1,GEO_PROXIMIDAD_TAXID,ALTA,False,1,1,0,0,0
GEO_1084,2,1,GEO_PROXIMIDAD_TAXID,ALTA,False,1,1,7,4,3
GEO_1085,2,1,GEO_PROXIMIDAD_TAXID,ALTA,False,1,1,7,4,3
GEO_1086,3,1,GEO_PROXIMIDAD_TAXID,ALTA,False,1,0,0,0,0
GEO_1087,3,1,GEO_PROXIMIDAD_TAXID,ALTA,False,1,0,0,0,0
GEO_1088,3,1,GEO_PROXIMIDAD_TAXID,ALTA,False,1,0,0,0,0
GEO_1089,2,1,GEO_PROXIMIDAD_TAXID,ALTA,False,1,1,0,0,0
GEO_1090,2,1,GEO_PROXIMIDAD_TAXID,ALTA,False,1,1,0,0,0
GEO_1091,2,1,GEO_PROXIMIDAD_TAXID,ALTA,False,1,1,0,0,0
GEO_1092,2,1,GEO_PROXIMIDAD_TAXID,ALTA,False,1,1,0,0,0
GEO_1093,3,1,GEO_PROXIMIDAD_TAXID,ALTA,False,1,0,0,0,0
GEO_1094,2,1,GEO_PROXIMIDAD_TAXID,ALTA,False,1,1,16,1,1
GEO_1095,2,1,GEO_PROXIMIDAD_TAXID,ALTA,False,1,1,0,0,0
GEO_1096,2,1,GEO_PROXIMIDAD_TAXID,ALTA,False,1,1,0,0,0
GEO_1097,3,1,GEO_PROXIMIDAD_TAXID,ALTA,False,1,0,0,0,0
GEO_1098,2,1,GEO_PROXIMIDAD_TAXID,ALTA,False,1,1,149,5,3
GEO_1099,2,1,GEO_PROXIMIDAD_TAXID,ALTA,False,1,1,27,2,2
GEO_1100,2,1,GEO_PROXIMIDAD_TAXID,ALTA,False,1,1,0,0,0
GEO_1101,2,1,GEO_PROXIMIDAD_TAXID,ALTA,False,1,1,19,4,3
GEO_1102,2,1,GEO_PROXIMIDAD_TAXID,ALTA,False,1,1,17,4,3
GEO_1103,2,1,GEO_PROXIMIDAD_TAXID,ALTA,False,1,1,18,2,1
GEO_1104,2,1,GEO_PROXIMIDAD_TAXID,ALTA,False,1,1,18,2,1
GEO_1105,2,1,GEO_PROXIMIDAD_TAXID,ALTA,False,1,1,16,3,2
GEO_1106,2,1,GEO_PROXIMIDAD_TAXID,ALTA,False,1,1,0,0,0
GEO_1107,2,1,GEO_PROXIMIDAD_TAXID,ALTA,False,1,1,0,0,0
GEO_1108,2,1,GEO_PROXIMIDAD_TAXID,ALTA,False,1,1,8,1,1
GEO_1109,2,1,GEO_PROXIMIDAD_TAXID,ALTA,False,1,1,3,3,2
GEO_1110,2,1,GEO_PROXIMIDAD_TAXID,ALTA,False,1,1,0,0,0
GEO_1111,3,1,GEO_PROXIMIDAD_TAXID,ALTA,False,1,0,0,0,0
GEO_1112,2,1,GEO_PROXIMIDAD_TAXID,ALTA,False,1,1,0,0,0
GEO_1113,2,1,GEO_PROXIMIDAD_TAXID,ALTA,False,1,1,5,1,1
GEO_1114,2,1,GEO_PROXIMIDAD_TAXID,ALTA,False,1,1,5,1,1
GEO_1115,2,1,GEO_PROXIMIDAD_TAXID,ALTA,False,1,1,4,2,2
GEO_1116,2,1,GEO_PROXIMIDAD_TAXID,ALTA,False,1,1,4,2,2
GEO_1117,2,1,GEO_PROXIMIDAD_TAXID,ALTA,False,1,1,16,1,1
GEO_1118,2,1,GEO_PROXIMIDAD_TAXID,ALTA,False,1,1,1,1,1
GEO_1119,2,1,GEO_PROXIMIDAD_TAXID,ALTA,False,1,1,1,1,1
GEO_1120,2,1,GEO_PROXIMIDAD_TAXID,ALTA,False,1,1,0,0,0
GEO_1121,2,1,GEO_PROXIMIDAD_TAXID,ALTA,False,1,1,1,1,1
GEO_1122,2,1,GEO_PROXIMIDAD_TAXID,ALTA,False,1,1,23,3,2
GEO_1123,2,1,GEO_PROXIMIDAD_TAXID,ALTA,False,1,1,30,2,1
GEO_1124,2,1,GEO_PROXIMIDAD_TAXID,ALTA,False,1,1,0,0,0
GEO_1125,2,1,GEO_PROXIMIDAD_TAXID,ALTA,False,1,1,11,3,2
GEO_1126,2,1,GEO_PROXIMIDAD_TAXID,ALTA,False,1,1,0,0,0
GEO_1127,2,1,GEO_PROXIMIDAD_TAXID,ALTA,False,1,1,0,0,0
GEO_1128,2,1,GEO_PROXIMIDAD_TAXID,ALTA,False,1,1,0,0,0
GEO_1129,2,1,GEO_PROXIMIDAD_TAXID,ALTA,False,1,1,0,0,0
GEO_1130,3,1,GEO_PROXIMIDAD_TAXID,ALTA,False,1,0,0,0,0
GEO_1131,2,1,GEO_PROXIMIDAD_TAXID,ALTA,False,1,1,15,1,1
GEO_1132,2,1,GEO_PROXIMIDAD_TAXID,ALTA,False,1,1,0,0,0
GEO_1133,2,1,GEO_PROXIMIDAD_TAXID,ALTA,False,1,1,0,0,0
GEO_1134,2,1,GEO_PROXIMIDAD_TAXID,ALTA,False,1,1,0,0,0
GEO_1135,2,1,GEO_PROXIMIDAD_TAXID,ALTA,False,1,1,22,2,1
GEO_1136,2,1,GEO_PROXIMIDAD_TAXID,ALTA,False,1,1,0,0,0
GEO_1137,2,1,GEO_PROXIMIDAD_TAXID,ALTA,False,1,1,5,1,1
GEO_1138,2,1,GEO_PROXIMIDAD_TAXID,ALTA,False,1,1,4,1,1
GEO_1139,2,1,GEO_PROXIMIDAD_TAXID,ALTA,False,1,1,2,1,1
GEO_1140,2,1,GEO_PROXIMIDAD_TAXID,ALTA,False,1,1,6,3,3
GEO_1141,2,1,GEO_PROXIMIDAD_TAXID,ALTA,False,1,1,22,3,2
GEO_1142,2,1,GEO_PROXIMIDAD_TAXID,ALTA,False,1,1,0,0,0
GEO_1143,2,1,GEO_PROXIMIDAD_TAXID,ALTA,False,1,1,0,0,0
GEO_1144,2,1,GEO_PROXIMIDAD_TAXID,ALTA,False,1,1,0,0,0
GEO_1145,2,1,GEO_PROXIMIDAD_TAXID,ALTA,False,1,1,4,1,1
GEO_1146,2,1,GEO_PROXIMIDAD_TAXID,ALTA,False,1,1,41,3,2
GEO_1147,3,1,GEO_PROXIMIDAD_TAXID,ALTA,False,1,0,0,0,0
GEO_1148,3,1,GEO_PROXIMIDAD_TAXID,ALTA,False,1,0,0,0,0
GEO_1149,2,1,GEO_PROXIMIDAD_TAXID,ALTA,False,1,1,0,0,0
GEO_1150,2,1,GEO_PROXIMIDAD_TAXID,ALTA,False,1,1,0,0,0
GEO_1151,2,1,GEO_PROXIMIDAD_TAXID,ALTA,False,1,1,6,2,1
GEO_1152,2,1,GEO_PROXIMIDAD_TAXID,ALTA,False,1,0,0,0,0
GEO_1153,2,1,GEO_PROXIMIDAD_TAXID,ALTA,False,1,1,0,0,0
GEO_1154,2,1,GEO_PROXIMIDAD_TAXID,ALTA,False,1,1,10,2,2
GEO_1155,3,1,GEO_PROXIMIDAD_TAXID,ALTA,False,2,2,10,2,1
GEO_1156,2,1,GEO_PROXIMIDAD_TAXID,ALTA,False,1,1,0,0,0
GEO_1157,2,1,GEO_PROXIMIDAD_TAXID,ALTA,False,1,1,0,0,0
GEO_1158,2,1,GEO_PROXIMIDAD_TAXID,ALTA,False,1,1,0,0,0
GEO_1159,2,1,GEO_PROXIMIDAD_TAXID,ALTA,False,1,1,28,2,2
GEO_1160,2,1,GEO_PROXIMIDAD_TAXID,ALTA,False,1,1,28,2,2
GEO_1161,2,1,GEO_PROXIMIDAD_TAXID,ALTA,False,1,0,0,1,1
GEO_1162,2,1,GEO_PROXIMIDAD_TAXID,ALTA,False,1,0,0,0,0
GEO_1163,2,1,GEO_PROXIMIDAD_TAXID,ALTA,False,1,0,0,0,0
GEO_1164,2,1,GEO_PROXIMIDAD_TAXID,ALTA,False,1,1,0,0,0
GEO_1165,2,1,GEO_PROXIMIDAD_TAXID,ALTA,False,1,1,0,0,0
GEO_1166,2,1,GEO_PROXIMIDAD_TAXID,ALTA,False,1,0,0,0,0
GEO_1167,2,1,GEO_PROXIMIDAD_TAXID,ALTA,False,1,0,0,0,0
GEO_1168,2,1,GEO_PROXIMIDAD_TAXID,ALTA,False,1,1,0,0,0
GEO_1169,2,1,GEO_PROXIMIDAD_TAXID,ALTA,False,1,1,0,0,0
GEO_1170,2,1,GEO_PROXIMIDAD_TAXID,ALTA,False,1,1,2,1,1
GEO_1171,2,1,GEO_PROXIMIDAD_TAXID,ALTA,False,1,1,3,3,3
GEO_1172,2,1,GEO_PROXIMIDAD_TAXID,ALTA,False,1,1,7,2,2
GEO_1173,2,1,GEO_PROXIMIDAD_TAXID,ALTA,False,1,1,0,0,0
GEO_1174,2,1,GEO_PROXIMIDAD_TAXID,ALTA,False,1,1,11,1,1
GEO_1175,2,1,GEO_PROXIMIDAD_TAXID,ALTA,False,1,1,0,0,0
GEO_1176,2,1,GEO_PROXIMIDAD_TAXID,ALTA,False,1,1,99,3,2
GEO_1177,2,1,GEO_PROXIMIDAD_TAXID,ALTA,False,1,1,0,0,0
GEO_1178,2,1,GEO_PROXIMIDAD_TAXID,ALTA,False,1,1,6,1,1
GEO_1179,2,1,GEO_PROXIMIDAD_TAXID,ALTA,False,1,1,6,1,1
GEO_1180,2,1,GEO_PROXIMIDAD_TAXID,ALTA,False,1,1,0,0,0
GEO_1181,2,1,GEO_PROXIMIDAD_TAXID,ALTA,False,1,1,0,0,0
GEO_1182,2,1,GEO_PROXIMIDAD_TAXID,ALTA,False,1,1,0,0,0
GEO_1183,2,1,GEO_PROXIMIDAD_TAXID,ALTA,False,1,0,0,0,0
GEO_1184,2,1,GEO_PROXIMIDAD_TAXID,ALTA,False,1,0,0,0,0
GEO_1185,2,1,GEO_PROXIMIDAD_TAXID,ALTA,False,1,1,0,0,0
GEO_1186,2,1,GEO_PROXIMIDAD_TAXID,ALTA,False,1,1,0,0,0
GEO_1187,2,1,GEO_PROXIMIDAD_TAXID,ALTA,False,1,0,0,0,0
GEO_1188,2,1,GEO_PROXIMIDAD_TAXID,ALTA,False,1,0,0,0,0
GEO_1189,2,1,GEO_PROXIMIDAD_TAXID,ALTA,False,1,0,0,0,0
GEO_1190,2,1,GEO_PROXIMIDAD_TAXID,ALTA,False,1,1,0,0,0
GEO_1191,2,1,GEO_PROXIMIDAD_TAXID,ALTA,False,1,0,0,0,0
GEO_1192,2,1,GEO_PROXIMIDAD_TAXID,ALTA,False,1,0,0,0,0
GEO_1193,2,1,GEO_PROXIMIDAD_TAXID,ALTA,False,1,0,0,0,0
GEO_1194,3,1,GEO_PROXIMIDAD_TAXID,ALTA,False,1,1,0,0,0
GEO_1195,2,1,GEO_PROXIMIDAD_TAXID,ALTA,False,1,0,0,2,1
GEO_1196,2,1,GEO_PROXIMIDAD_TAXID,ALTA,False,1,0,0,0,0
GEO_1197,2,1,GEO_PROXIMIDAD_TAXID,ALTA,False,1,0,0,0,0
GEO_1198,2,1,GEO_PROXIMIDAD_TAXID,ALTA,False,1,0,0,0,0
GEO_1199,2,1,GEO_PROXIMIDAD_TAXID,ALTA,False,1,0,0,2,1
GEO_1200,2,1,GEO_PROXIMIDAD_TAXID,ALTA,False,1,1,5,5,1
GEO_1201,2,1,GEO_PROXIMIDAD_TAXID,ALTA,False,1,1,0,0,0
GEO_1202,2,1,GEO_PROXIMIDAD_TAXID,ALTA,False,1,1,2,1,1
GEO_1203,2,1,GEO_PROXIMIDAD_TAXID,ALTA,False,1,1,0,0,0
GEO_1204,2,1,GEO_PROXIMIDAD_TAXID,ALTA,False,1,1,4,1,1
GEO_1205,2,1,GEO_PROXIMIDAD_TAXID,ALTA,False,1,1,0,0,0
GEO_1206,2,1,GEO_PROXIMIDAD_TAXID,ALTA,False,1,1,0,0,0
GEO_1207,2,1,GEO_PROXIMIDAD_TAXID,ALTA,False,1,0,0,0,0
GEO_1208,2,1,GEO_PROXIMIDAD_TAXID,ALTA,False,1,0,0,0,0
GEO_1209,2,1,GEO_PROXIMIDAD_TAXID,ALTA,False,1,1,0,0,0
GEO_1210,2,1,GEO_PROXIMIDAD_TAXID,ALTA,False,1,1,4,2,1
GEO_1211,2,1,GEO_PROXIMIDAD_TAXID,ALTA,False,1,1,0,0,0
GEO_1212,2,1,GEO_PROXIMIDAD_TAXID,ALTA,False,1,1,1,1,1
GEO_1213,2,1,GEO_PROXIMIDAD_TAXID,ALTA,False,1,1,0,0,0
GEO_1214,2,1,GEO_PROXIMIDAD_TAXID,ALTA,False,1,1,0,0,0
GEO_1215,2,1,GEO_PROXIMIDAD_TAXID,ALTA,False,1,0,0,0,0
GEO_1216,2,1,GEO_PROXIMIDAD_TAXID,ALTA,False,1,0,0,1,1
GEO_1217,2,1,GEO_PROXIMIDAD_TAXID,ALTA,False,1,0,0,0,0
GEO_1218,2,1,GEO_PROXIMIDAD_TAXID,ALTA,False,1,1,0,0,0
GEO_1219,2,1,GEO_PROXIMIDAD_TAXID,ALTA,False,1,1,0,0,0
GEO_1220,2,1,GEO_PROXIMIDAD_TAXID,ALTA,False,1,1,0,0,0
GEO_1221,2,1,GEO_PROXIMIDAD_TAXID,ALTA,False,1,1,1,1,1
GEO_1222,2,1,GEO_PROXIMIDAD_TAXID,ALTA,False,1,1,0,0,0
GEO_1223,2,1,GEO_PROXIMIDAD_TAXID,ALTA,False,1,0,0,1,1
GEO_1224,2,1,GEO_PROXIMIDAD_TAXID,ALTA,False,1,1,0,0,0
GEO_1225,2,1,GEO_PROXIMIDAD_TAXID,ALTA,False,1,1,1,1,1
GEO_1226,2,1,GEO_PROXIMIDAD_TAXID,ALTA,False,1,1,0,0,0
GEO_1227,2,1,GEO_PROXIMIDAD_TAXID,ALTA,False,1,1,1,1,1
GEO_1228,2,1,GEO_PROXIMIDAD_TAXID,ALTA,False,1,1,0,0,0
GEO_1229,2,1,GEO_PROXIMIDAD_TAXID,ALTA,False,1,1,42,2,1
GEO_1230,2,1,GEO_PROXIMIDAD_TAXID,ALTA,False,1,0,0,1,1
GEO_1231,2,1,GEO_PROXIMIDAD_TAXID,ALTA,False,1,0,0,1,1
GEO_1232,2,1,GEO_PROXIMIDAD_TAXID,ALTA,False,1,1,0,0,0
GEO_1233,2,1,GEO_PROXIMIDAD_TAXID,ALTA,False,1,1,0,0,0
GEO_1234,2,1,GEO_PROXIMIDAD_TAXID,ALTA,False,1,1,0,0,0
GEO_1235,2,1,GEO_PROXIMIDAD_TAXID,ALTA,False,1,0,0,0,0
GEO_1236,2,1,GEO_PROXIMIDAD_TAXID,ALTA,False,1,1,0,0,0
GEO_1237,2,1,GEO_PROXIMIDAD_TAXID,ALTA,False,1,1,0,0,0
GEO_1238,2,1,GEO_PROXIMIDAD_TAXID,ALTA,False,1,1,0,0,0
GEO_1239,2,1,GEO_PROXIMIDAD_TAXID,ALTA,False,1,1,8,1,1
GEO_1240,2,1,GEO_PROXIMIDAD_TAXID,ALTA,False,1,0,0,0,0
GEO_1241,2,1,GEO_PROXIMIDAD_TAXID,ALTA,False,1,1,0,0,0
GEO_1242,2,1,GEO_PROXIMIDAD_TAXID,ALTA,False,1,1,1,1,1
GEO_1243,2,1,GEO_PROXIMIDAD_TAXID,ALTA,False,1,1,4,1,1
GEO_1244,3,1,GEO_PROXIMIDAD_TAXID,ALTA,False,2,2,9,3,2
GEO_1245,2,1,GEO_PROXIMIDAD_TAXID,ALTA,False,1,0,0,0,0
GEO_1246,3,1,GEO_PROXIMIDAD_TAXID,ALTA,False,2,1,3,2,2
GEO_1247,2,1,GEO_PROXIMIDAD_TAXID,ALTA,False,1,1,0,0,0
GEO_1248,3,1,GEO_PROXIMIDAD_TAXID,ALTA,False,2,2,9,2,1
GEO_1249,2,1,GEO_PROXIMIDAD_TAXID,ALTA,False,1,1,0,0,0
GEO_1250,2,1,GEO_PROXIMIDAD_TAXID,ALTA,False,1,0,0,0,0
GEO_1251,2,1,GEO_PROXIMIDAD_TAXID,ALTA,False,1,1,2,1,1
GEO_1252,2,1,GEO_PROXIMIDAD_TAXID,ALTA,False,1,1,0,0,0
GEO_1253,2,1,GEO_PROXIMIDAD_TAXID,ALTA,False,1,0,0,0,0
GEO_1254,2,1,GEO_PROXIMIDAD_TAXID,ALTA,False,1,0,0,0,0
GEO_1255,2,1,GEO_PROXIMIDAD_TAXID,ALTA,False,1,1,15,4,3
GEO_1256,2,1,GEO_PROXIMIDAD_TAXID,ALTA,False,1,1,15,4,3
GEO_1257,2,1,GEO_PROXIMIDAD_TAXID,ALTA,False,1,1,0,0,0
GEO_1258,2,1,GEO_PROXIMIDAD_TAXID,ALTA,False,1,1,0,0,0
GEO_1259,2,1,GEO_PROXIMIDAD_TAXID,ALTA,False,1,1,16,2,2
GEO_1260,2,1,GEO_PROXIMIDAD_TAXID,ALTA,False,1,1,0,0,0
GEO_1261,2,1,GEO_PROXIMIDAD_TAXID,ALTA,False,1,0,0,0,0
GEO_1262,2,1,GEO_PROXIMIDAD_TAXID,ALTA,False,1,1,0,0,0
GEO_1263,3,1,GEO_PROXIMIDAD_TAXID,ALTA,False,2,1,46,5,2
GEO_1264,2,1,GEO_PROXIMIDAD_TAXID,ALTA,False,1,1,1,1,1
GEO_1265,2,1,GEO_PROXIMIDAD_TAXID,ALTA,False,1,1,0,0,0
GEO_1266,2,1,GEO_PROXIMIDAD_TAXID,ALTA,False,1,1,0,0,0
GEO_1267,2,1,GEO_PROXIMIDAD_TAXID,ALTA,False,1,1,0,0,0
GEO_1268,2,1,GEO_PROXIMIDAD_TAXID,ALTA,False,1,1,4,2,2
GEO_1269,2,1,GEO_PROXIMIDAD_TAXID,ALTA,False,1,1,6,2,2
GEO_1270,2,1,GEO_PROXIMIDAD_TAXID,ALTA,False,1,1,6,2,2
GEO_1271,2,1,GEO_PROXIMIDAD_TAXID,ALTA,False,1,1,6,2,2
GEO_1272,2,1,GEO_PROXIMIDAD_TAXID,ALTA,False,1,0,0,0,0
GEO_1273,2,1,GEO_PROXIMIDAD_TAXID,ALTA,False,1,1,0,0,0
GEO_1274,4,1,GEO_PROXIMIDAD_TAXID,ALTA,False,2,2,61,5,3
GEO_1275,2,1,GEO_PROXIMIDAD_TAXID,ALTA,False,1,1,0,0,0
GEO_1276,2,1,GEO_PROXIMIDAD_TAXID,ALTA,False,1,1,0,0,0
GEO_1277,2,1,GEO_PROXIMIDAD_TAXID,ALTA,False,1,1,28,3,2
GEO_1278,2,1,GEO_PROXIMIDAD_TAXID,ALTA,False,1,1,0,0,0
GEO_1279,2,1,GEO_PROXIMIDAD_TAXID,ALTA,False,1,1,0,0,0
GEO_1280,2,1,GEO_PROXIMIDAD_TAXID,ALTA,False,1,0,0,0,0
GEO_1281,2,1,GEO_PROXIMIDAD_TAXID,ALTA,False,1,0,0,0,0
GEO_1282,2,1,GEO_PROXIMIDAD_TAXID,ALTA,False,1,1,0,0,0
GEO_1283,2,1,GEO_PROXIMIDAD_TAXID,ALTA,False,1,1,1,1,1
GEO_1284,2,1,GEO_PROXIMIDAD_TAXID,ALTA,False,1,1,3,1,1
GEO_1285,2,1,GEO_PROXIMIDAD_TAXID,ALTA,False,1,1,0,0,0
GEO_1286,2,1,GEO_PROXIMIDAD_TAXID,ALTA,False,1,1,0,0,0
GEO_1287,2,1,GEO_PROXIMIDAD_TAXID,ALTA,False,1,1,0,0,0
GEO_1288,2,1,GEO_PROXIMIDAD_TAXID,ALTA,False,1,1,4,2,1
GEO_1289,2,1,GEO_PROXIMIDAD_TAXID,ALTA,False,1,1,0,0,0
GEO_1290,2,1,GEO_PROXIMIDAD_TAXID,ALTA,False,1,1,0,0,0
GEO_1291,2,1,GEO_PROXIMIDAD_TAXID,ALTA,False,1,1,0,0,0
GEO_1292,2,1,GEO_PROXIMIDAD_TAXID,ALTA,False,1,1,1,1,1
GEO_1293,2,1,GEO_PROXIMIDAD_TAXID,ALTA,False,1,1,0,0,0
GEO_1294,2,1,GEO_PROXIMIDAD_TAXID,ALTA,False,1,1,0,0,0
GEO_1295,2,1,GEO_PROXIMIDAD_TAXID,ALTA,False,1,1,0,0,0
GEO_1296,2,1,GEO_PROXIMIDAD_TAXID,ALTA,False,1,1,0,0,0
GEO_1297,2,1,GEO_PROXIMIDAD_TAXID,ALTA,False,1,1,0,0,0
GEO_1298,2,1,GEO_PROXIMIDAD_TAXID,ALTA,False,1,1,0,0,0
GEO_1299,2,1,GEO_PROXIMIDAD_TAXID,ALTA,False,1,0,0,0,0
GEO_1300,2,1,GEO_PROXIMIDAD_TAXID,ALTA,False,1,0,0,0,0
GEO_1301,2,1,GEO_PROXIMIDAD_TAXID,ALTA,False,1,0,0,0,0
GEO_1302,2,1,GEO_PROXIMIDAD_TAXID,ALTA,False,1,1,0,0,0
GEO_1303,2,1,GEO_PROXIMIDAD_TAXID,ALTA,False,1,1,0,0,0
GEO_1304,2,1,GEO_PROXIMIDAD_TAXID,ALTA,False,1,1,0,0,0
GEO_1305,2,1,GEO_PROXIMIDAD_TAXID,ALTA,False,1,1,0,0,0
GEO_1306,2,1,GEO_PROXIMIDAD_TAXID,ALTA,False,1,1,0,0,0
GEO_1307,2,1,GEO_PROXIMIDAD_TAXID,ALTA,False,1,1,0,0,0
GEO_1308,4,1,GEO_PROXIMIDAD_TAXID,ALTA,False,2,1,59,3,1
GEO_1309,2,1,GEO_PROXIMIDAD_TAXID,ALTA,False,1,1,14,2,1
GEO_1310,2,1,GEO_PROXIMIDAD_TAXID,ALTA,False,1,1,0,0,0
GEO_1311,2,1,GEO_PROXIMIDAD_TAXID,ALTA,False,1,1,5,1,1
GEO_1312,2,1,GEO_PROXIMIDAD_TAXID,ALTA,False,1,1,0,0,0
GEO_1313,2,1,GEO_PROXIMIDAD_TAXID,ALTA,False,1,1,16,2,1
GEO_1314,2,1,GEO_PROXIMIDAD_TAXID,ALTA,False,1,0,0,0,0
GEO_1315,2,1,GEO_PROXIMIDAD_TAXID,ALTA,False,1,0,0,0,0
GEO_1316,3,1,GEO_PROXIMIDAD_TAXID,ALTA,False,1,1,0,0,0
GEO_1317,2,1,GEO_PROXIMIDAD_TAXID,ALTA,False,1,1,0,0,0
GEO_1318,2,1,GEO_PROXIMIDAD_TAXID,ALTA,False,1,1,0,0,0
GEO_1319,2,1,GEO_PROXIMIDAD_TAXID,ALTA,False,1,1,0,0,0
GEO_1320,2,1,GEO_PROXIMIDAD_TAXID,ALTA,False,1,1,0,0,0
GEO_1321,2,1,GEO_PROXIMIDAD_TAXID,ALTA,False,1,1,0,0,0
GEO_1322,2,1,GEO_PROXIMIDAD_TAXID,ALTA,False,1,1,25,4,3
GEO_1323,2,1,GEO_PROXIMIDAD_TAXID,ALTA,False,1,1,0,0,0
GEO_1324,2,1,GEO_PROXIMIDAD_TAXID,ALTA,False,1,1,0,0,0
GEO_1325,2,1,GEO_PROXIMIDAD_TAXID,ALTA,False,1,1,0,0,0
GEO_1326,2,1,GEO_PROXIMIDAD_TAXID,ALTA,False,1,1,15,1,1
GEO_1327,2,1,GEO_PROXIMIDAD_TAXID,ALTA,False,1,1,1,1,1
GEO_1328,2,1,GEO_PROXIMIDAD_TAXID,ALTA,False,1,1,0,0,0
GEO_1329,2,1,GEO_PROXIMIDAD_TAXID,ALTA,False,1,1,0,0,0
GEO_1330,2,1,GEO_PROXIMIDAD_TAXID,ALTA,False,1,1,0,0,0
GEO_1331,2,1,GEO_PROXIMIDAD_TAXID,ALTA,False,1,0,0,0,0
GEO_1332,2,1,GEO_PROXIMIDAD_TAXID,ALTA,False,1,0,0,0,0
GEO_1333,2,1,GEO_PROXIMIDAD_TAXID,ALTA,False,1,1,55,2,1
GEO_1334,2,1,GEO_PROXIMIDAD_TAXID,ALTA,False,1,1,0,0,0
GEO_1335,2,1,GEO_PROXIMIDAD_TAXID,ALTA,False,1,1,15,1,1
GEO_1336,2,1,GEO_PROXIMIDAD_TAXID,ALTA,False,1,1,15,1,1
GEO_1337,2,1,GEO_PROXIMIDAD_TAXID,ALTA,False,1,1,15,1,1
GEO_1338,2,1,GEO_PROXIMIDAD_TAXID,ALTA,False,1,1,0,0,0
GEO_1339,2,1,GEO_PROXIMIDAD_TAXID,ALTA,False,1,1,0,0,0
GEO_1340,2,1,GEO_PROXIMIDAD_TAXID,ALTA,False,1,1,4,2,1
GEO_1341,2,1,GEO_PROXIMIDAD_TAXID,ALTA,False,1,1,0,0,0
GEO_1342,2,1,GEO_PROXIMIDAD_TAXID,ALTA,False,1,1,1,1,1
GEO_1343,2,1,GEO_PROXIMIDAD_TAXID,ALTA,False,1,1,0,0,0
GEO_1344,2,1,GEO_PROXIMIDAD_TAXID,ALTA,False,1,1,0,0,0
GEO_1345,2,1,GEO_PROXIMIDAD_TAXID,ALTA,False,1,1,0,0,0
GEO_1346,2,1,GEO_PROXIMIDAD_TAXID,ALTA,False,1,1,15,1,1
GEO_1347,2,1,GEO_PROXIMIDAD_TAXID,ALTA,False,1,1,0,0,0
GEO_1348,2,1,GEO_PROXIMIDAD_TAXID,ALTA,False,1,0,0,0,0
GEO_1349,2,1,GEO_PROXIMIDAD_TAXID,ALTA,False,1,0,0,0,0
GEO_1350,2,1,GEO_PROXIMIDAD_TAXID,ALTA,False,1,1,0,0,0
GEO_1351,2,1,GEO_PROXIMIDAD_TAXID,ALTA,False,1,1,45,3,2
GEO_1352,2,1,GEO_PROXIMIDAD_TAXID,ALTA,False,1,1,0,0,0
GEO_1353,2,1,GEO_PROXIMIDAD_TAXID,ALTA,False,1,1,12,2,2
GEO_1354,2,1,GEO_PROXIMIDAD_TAXID,ALTA,False,1,1,0,0,0
GEO_1355,2,1,GEO_PROXIMIDAD_TAXID,ALTA,False,1,1,10,1,1
GEO_1356,4,1,GEO_PROXIMIDAD_TAXID,ALTA,False,1,0,0,0,0
GEO_1357,4,1,GEO_PROXIMIDAD_TAXID,ALTA,False,1,0,0,0,0
GEO_1358,2,1,GEO_PROXIMIDAD_TAXID,ALTA,False,1,1,0,0,0
GEO_1359,2,1,GEO_PROXIMIDAD_TAXID,ALTA,False,1,1,12,2,1
GEO_1360,2,1,GEO_PROXIMIDAD_TAXID,ALTA,False,1,1,2,1,1
GEO_1361,2,1,GEO_PROXIMIDAD_TAXID,ALTA,False,1,1,21,3,2
GEO_1362,2,1,GEO_PROXIMIDAD_TAXID,ALTA,False,1,0,0,0,0
GEO_1363,2,1,GEO_PROXIMIDAD_TAXID,ALTA,False,1,0,0,0,0
GEO_1364,2,1,GEO_PROXIMIDAD_TAXID,ALTA,False,1,1,14,2,2
GEO_1365,2,1,GEO_PROXIMIDAD_TAXID,ALTA,False,1,1,14,2,2
GEO_1366,3,1,GEO_PROXIMIDAD_TAXID,ALTA,False,2,1,6,2,1
GEO_1367,2,1,GEO_PROXIMIDAD_TAXID,ALTA,False,1,1,0,0,0
GEO_1368,2,1,GEO_PROXIMIDAD_TAXID,ALTA,False,1,1,0,0,0
GEO_1369,2,1,GEO_PROXIMIDAD_TAXID,ALTA,False,1,1,0,0,0
GEO_1370,2,1,GEO_PROXIMIDAD_TAXID,ALTA,False,1,1,0,0,0
GEO_1371,2,1,GEO_PROXIMIDAD_TAXID,ALTA,False,1,1,16,1,1
GEO_1372,2,1,GEO_PROXIMIDAD_TAXID,ALTA,False,1,1,38,3,2
GEO_1373,2,1,GEO_PROXIMIDAD_TAXID,ALTA,False,1,0,0,0,0
GEO_1374,2,1,GEO_PROXIMIDAD_TAXID,ALTA,False,1,1,0,0,0
GEO_1375,2,1,GEO_PROXIMIDAD_TAXID,ALTA,False,1,1,0,0,0
GEO_1376,2,1,GEO_PROXIMIDAD_TAXID,ALTA,False,1,1,0,0,0
GEO_1377,2,1,GEO_PROXIMIDAD_TAXID,ALTA,False,1,1,0,0,0
GEO_1378,2,1,GEO_PROXIMIDAD_TAXID,ALTA,False,1,1,0,0,0
GEO_1379,2,1,GEO_PROXIMIDAD_TAXID,ALTA,False,1,0,0,0,0
GEO_1380,2,1,GEO_PROXIMIDAD_TAXID,ALTA,False,1,1,0,0,0
GEO_1381,2,1,GEO_PROXIMIDAD_TAXID,ALTA,False,1,1,0,0,0
GEO_1382,2,1,GEO_PROXIMIDAD_TAXID,ALTA,False,1,0,0,0,0
GEO_1383,3,1,GEO_PROXIMIDAD_TAXID,ALTA,False,1,1,0,0,0
GEO_1384,2,1,GEO_PROXIMIDAD_TAXID,ALTA,False,1,1,0,0,0
GEO_1385,2,1,GEO_PROXIMIDAD_TAXID,ALTA,False,1,1,0,0,0
GEO_1386,2,1,GEO_PROXIMIDAD_TAXID,ALTA,False,1,1,15,1,1
GEO_1387,2,1,GEO_PROXIMIDAD_TAXID,ALTA,False,1,1,0,0,0
GEO_1388,2,1,GEO_PROXIMIDAD_TAXID,ALTA,False,1,0,0,0,0
GEO_1389,3,1,GEO_PROXIMIDAD_TAXID,ALTA,False,1,1,0,0,0
GEO_1390,3,1,GEO_PROXIMIDAD_TAXID,ALTA,False,1,1,0,0,0
GEO_1391,2,1,GEO_PROXIMIDAD_TAXID,ALTA,False,1,1,0,0,0
GEO_1392,2,1,GEO_PROXIMIDAD_TAXID,ALTA,False,1,1,0,0,0
GEO_1393,2,1,GEO_PROXIMIDAD_TAXID,ALTA,False,1,1,0,0,0
GEO_1394,2,1,GEO_PROXIMIDAD_TAXID,ALTA,False,1,0,0,2,2
GEO_1395,2,1,GEO_PROXIMIDAD_TAXID,ALTA,False,1,0,0,2,2
GEO_1396,2,1,GEO_PROXIMIDAD_TAXID,ALTA,False,1,1,1,1,1
GEO_1397,2,1,GEO_PROXIMIDAD_TAXID,ALTA,False,1,1,0,0,0
GEO_1398,2,1,GEO_PROXIMIDAD_TAXID,ALTA,False,1,1,0,0,0
GEO_1399,2,1,GEO_PROXIMIDAD_TAXID,ALTA,False,1,1,0,0,0
GEO_1400,2,1,GEO_PROXIMIDAD_TAXID,ALTA,False,1,0,0,0,0
GEO_1401,2,1,GEO_PROXIMIDAD_TAXID,ALTA,False,1,1,0,0,0
GEO_1402,2,1,GEO_PROXIMIDAD_TAXID,ALTA,False,1,1,0,0,0
GEO_1403,2,1,GEO_PROXIMIDAD_TAXID,ALTA,False,1,1,0,0,0
GEO_1404,2,1,GEO_PROXIMIDAD_TAXID,ALTA,False,1,1,2,1,1
GEO_1405,2,1,GEO_PROXIMIDAD_TAXID,ALTA,False,1,1,0,0,0
GEO_1406,2,1,GEO_PROXIMIDAD_TAXID,ALTA,False,1,1,0,0,0
GEO_1407,2,1,GEO_PROXIMIDAD_TAXID,ALTA,False,1,0,0,0,0
GEO_1408,2,1,GEO_PROXIMIDAD_TAXID,ALTA,False,1,0,0,0,0
GEO_1409,2,1,GEO_PROXIMIDAD_TAXID,ALTA,False,1,1,0,0,0
GEO_1410,2,1,GEO_PROXIMIDAD_TAXID,ALTA,False,1,1,0,0,0
GEO_1411,2,1,GEO_PROXIMIDAD_TAXID,ALTA,False,1,1,0,0,0
GEO_1412,2,1,GEO_PROXIMIDAD_TAXID,ALTA,False,1,1,9,2,2
GEO_1413,2,1,GEO_PROXIMIDAD_TAXID,ALTA,False,1,1,0,0,0
GEO_1414,2,1,GEO_PROXIMIDAD_TAXID,ALTA,False,1,1,0,0,0
GEO_1415,2,1,GEO_PROXIMIDAD_TAXID,ALTA,False,1,1,0,0,0
GEO_1416,2,1,GEO_PROXIMIDAD_TAXID,ALTA,False,1,1,1,1,1
GEO_1417,2,1,GEO_PROXIMIDAD_TAXID,ALTA,False,1,0,0,0,0
GEO_1418,2,1,GEO_PROXIMIDAD_TAXID,ALTA,False,1,1,14,2,1
GEO_1419,2,1,GEO_PROXIMIDAD_TAXID,ALTA,False,1,1,3,1,1
GEO_1420,2,1,GEO_PROXIMIDAD_TAXID,ALTA,False,1,1,2,1,1
GEO_1421,2,1,GEO_PROXIMIDAD_TAXID,ALTA,False,1,1,0,0,0
GEO_1422,2,1,GEO_PROXIMIDAD_TAXID,ALTA,False,1,1,0,0,0
GEO_1423,2,1,GEO_PROXIMIDAD_TAXID,ALTA,False,1,1,0,0,0
GEO_1424,2,1,GEO_PROXIMIDAD_TAXID,ALTA,False,1,1,0,0,0
GEO_1425,2,1,GEO_PROXIMIDAD_TAXID,ALTA,False,1,1,2,1,1
GEO_1426,2,1,GEO_PROXIMIDAD_TAXID,ALTA,False,1,1,0,0,0
GEO_1427,2,1,GEO_PROXIMIDAD_TAXID,ALTA,False,1,1,0,0,0
GEO_1428,2,1,GEO_PROXIMIDAD_TAXID,ALTA,False,1,1,0,0,0
GEO_1429,2,1,GEO_PROXIMIDAD_TAXID,ALTA,False,1,1,0,0,0
GEO_1430,2,1,GEO_PROXIMIDAD_TAXID,ALTA,False,1,1,0,0,0
GEO_1431,2,1,GEO_PROXIMIDAD_TAXID,ALTA,False,1,0,0,2,2
GEO_1432,2,1,GEO_PROXIMIDAD_TAXID,ALTA,False,1,0,0,0,0
GEO_1433,2,1,GEO_PROXIMIDAD_TAXID,ALTA,False,1,1,20,3,2
GEO_1434,2,1,GEO_PROXIMIDAD_TAXID,ALTA,False,1,1,0,0,0
GEO_1435,2,1,GEO_PROXIMIDAD_TAXID,ALTA,False,1,1,39,4,3
GEO_1436,2,1,GEO_PROXIMIDAD_TAXID,ALTA,False,1,1,27,3,2
GEO_1437,2,1,GEO_PROXIMIDAD_TAXID,ALTA,False,1,1,0,0,0
GEO_1438,2,1,GEO_PROXIMIDAD_TAXID,ALTA,False,1,0,0,0,0
GEO_1439,2,1,GEO_PROXIMIDAD_TAXID,ALTA,False,1,0,0,0,0
GEO_1440,2,1,GEO_PROXIMIDAD_TAXID,ALTA,False,1,1,0,0,0
GEO_1441,2,1,GEO_PROXIMIDAD_TAXID,ALTA,False,1,1,0,0,0
GEO_1442,2,1,GEO_PROXIMIDAD_TAXID,ALTA,False,1,1,5,1,1
GEO_1443,2,1,GEO_PROXIMIDAD_TAXID,ALTA,False,1,1,0,0,0
GEO_1444,2,1,GEO_PROXIMIDAD_TAXID,ALTA,False,1,0,0,0,0
GEO_1445,2,1,GEO_PROXIMIDAD_TAXID,ALTA,False,1,0,0,0,0
GEO_1446,2,1,GEO_PROXIMIDAD_TAXID,ALTA,False,1,1,0,0,0
GEO_1447,2,1,GEO_PROXIMIDAD_TAXID,ALTA,False,1,1,0,0,0
GEO_1448,2,1,GEO_PROXIMIDAD_TAXID,ALTA,False,1,1,1,0,0
GEO_1449,2,1,GEO_PROXIMIDAD_TAXID,ALTA,False,1,1,0,0,0
GEO_1450,2,1,GEO_PROXIMIDAD_TAXID,ALTA,False,1,1,0,0,0
GEO_1451,2,1,GEO_PROXIMIDAD_TAXID,ALTA,False,1,1,0,0,0
GEO_1452,2,1,GEO_PROXIMIDAD_TAXID,ALTA,False,1,0,0,3,2
GEO_1453,2,1,GEO_PROXIMIDAD_TAXID,ALTA,False,1,1,0,0,0
GEO_1454,2,1,GEO_PROXIMIDAD_TAXID,ALTA,False,1,1,10,2,1
GEO_1455,2,1,GEO_PROXIMIDAD_TAXID,ALTA,False,1,1,47,2,1
GEO_1456,2,1,GEO_PROXIMIDAD_TAXID,ALTA,False,1,1,0,0,0
GEO_1457,2,1,GEO_PROXIMIDAD_TAXID,ALTA,False,1,1,19,2,2
GEO_1458,2,1,GEO_PROXIMIDAD_TAXID,ALTA,False,1,0,0,0,0
GEO_1459,2,1,GEO_PROXIMIDAD_TAXID,ALTA,False,1,1,0,0,0
GEO_1460,2,1,GEO_PROXIMIDAD_TAXID,ALTA,False,1,1,0,0,0
GEO_1461,2,1,GEO_PROXIMIDAD_TAXID,ALTA,False,1,1,0,0,0
GEO_1462,2,1,GEO_PROXIMIDAD_TAXID,ALTA,False,1,0,0,0,0
GEO_1463,2,1,GEO_PROXIMIDAD_TAXID,ALTA,False,1,0,0,0,0
GEO_1464,2,1,GEO_PROXIMIDAD_TAXID,ALTA,False,1,1,16,1,1
GEO_1465,2,1,GEO_PROXIMIDAD_TAXID,ALTA,False,1,1,0,0,0
GEO_1466,2,1,GEO_PROXIMIDAD_TAXID,ALTA,False,1,1,0,0,0
GEO_1467,2,1,GEO_PROXIMIDAD_TAXID,ALTA,False,1,1,30,2,1
GEO_1468,2,1,GEO_PROXIMIDAD_TAXID,ALTA,False,1,1,0,0,0
GEO_1469,3,1,GEO_PROXIMIDAD_TAXID,ALTA,False,2,1,88,4,1
GEO_1470,2,1,GEO_PROXIMIDAD_TAXID,ALTA,False,1,1,14,1,1
GEO_1471,2,1,GEO_PROXIMIDAD_TAXID,ALTA,False,1,1,14,1,1
GEO_1472,2,1,GEO_PROXIMIDAD_TAXID,ALTA,False,1,1,0,0,0
GEO_1473,2,1,GEO_PROXIMIDAD_TAXID,ALTA,False,1,1,0,0,0
GEO_1474,2,1,GEO_PROXIMIDAD_TAXID,ALTA,False,1,1,0,0,0
GEO_1475,2,1,GEO_PROXIMIDAD_TAXID,ALTA,False,1,1,0,0,0
GEO_1476,2,1,GEO_PROXIMIDAD_TAXID,ALTA,False,1,1,9,1,1
GEO_1477,2,1,GEO_PROXIMIDAD_TAXID,ALTA,False,1,1,0,0,0
GEO_1478,2,1,GEO_PROXIMIDAD_TAXID,ALTA,False,1,1,8,1,1
GEO_1479,2,1,GEO_PROXIMIDAD_TAXID,ALTA,False,1,1,0,0,0
GEO_1480,2,1,GEO_PROXIMIDAD_TAXID,ALTA,False,1,1,0,0,0
GEO_1481,2,1,GEO_PROXIMIDAD_TAXID,ALTA,False,1,1,3,1,1
GEO_1482,2,1,GEO_PROXIMIDAD_TAXID,ALTA,False,1,1,17,3,2
GEO_1483,2,1,GEO_PROXIMIDAD_TAXID,ALTA,False,1,1,0,0,0
GEO_1484,2,1,GEO_PROXIMIDAD_TAXID,ALTA,False,1,0,0,0,0
GEO_1485,2,1,GEO_PROXIMIDAD_TAXID,ALTA,False,1,1,0,0,0
GEO_1486,2,1,GEO_PROXIMIDAD_TAXID,ALTA,False,1,1,0,0,0
GEO_1487,2,1,GEO_PROXIMIDAD_TAXID,ALTA,False,1,1,0,0,0
GEO_1488,2,1,GEO_PROXIMIDAD_TAXID,ALTA,False,1,1,2,1,1
GEO_1489,2,1,GEO_PROXIMIDAD_TAXID,ALTA,False,1,1,0,0,0
GEO_1490,2,1,GEO_PROXIMIDAD_TAXID,ALTA,False,1,1,0,0,0
GEO_1491,2,1,GEO_PROXIMIDAD_TAXID,ALTA,False,1,1,0,0,0
GEO_1492,2,1,GEO_PROXIMIDAD_TAXID,ALTA,False,1,1,0,1,1
GEO_1493,2,1,GEO_PROXIMIDAD_TAXID,ALTA,False,1,1,24,1,1
GEO_1494,2,1,GEO_PROXIMIDAD_TAXID,ALTA,False,1,1,0,0,0
GEO_1495,2,1,GEO_PROXIMIDAD_TAXID,ALTA,False,1,0,0,0,0
GEO_1496,2,1,GEO_PROXIMIDAD_TAXID,ALTA,False,1,0,0,0,0
GEO_1497,2,1,GEO_PROXIMIDAD_TAXID,ALTA,False,1,1,0,0,0
GEO_1498,2,1,GEO_PROXIMIDAD_TAXID,ALTA,False,1,1,0,0,0
GEO_1499,2,1,GEO_PROXIMIDAD_TAXID,ALTA,False,1,1,0,0,0
GEO_1500,2,1,GEO_PROXIMIDAD_TAXID,ALTA,False,1,1,0,0,0
GEO_1501,2,1,GEO_PROXIMIDAD_TAXID,ALTA,False,1,1,0,0,0
GEO_1502,2,1,GEO_PROXIMIDAD_TAXID,ALTA,False,1,1,1,1,1
GEO_1503,2,1,GEO_PROXIMIDAD_TAXID,ALTA,False,1,1,1,1,1
GEO_1504,2,1,GEO_PROXIMIDAD_TAXID,ALTA,False,1,1,0,0,0
GEO_1505,2,1,GEO_PROXIMIDAD_TAXID,ALTA,False,1,1,8,2,2
GEO_1506,2,1,GEO_PROXIMIDAD_TAXID,ALTA,False,1,1,0,0,0
GEO_1507,2,1,GEO_PROXIMIDAD_TAXID,ALTA,False,1,0,0,0,0
GEO_1508,2,1,GEO_PROXIMIDAD_TAXID,ALTA,False,1,1,0,0,0
GEO_1509,2,1,GEO_PROXIMIDAD_TAXID,ALTA,False,1,1,0,0,0
GEO_1510,2,1,GEO_PROXIMIDAD_TAXID,ALTA,False,1,1,0,0,0
GEO_1511,2,1,GEO_PROXIMIDAD_TAXID,ALTA,False,1,1,12,1,1
GEO_1512,2,1,GEO_PROXIMIDAD_TAXID,ALTA,False,1,0,0,0,0
GEO_1513,2,1,GEO_PROXIMIDAD_TAXID,ALTA,False,1,1,0,0,0
GEO_1514,2,1,GEO_PROXIMIDAD_TAXID,ALTA,False,1,1,0,0,0
GEO_1515,2,1,GEO_PROXIMIDAD_TAXID,ALTA,False,1,1,0,0,0
GEO_1516,2,1,GEO_PROXIMIDAD_TAXID,ALTA,False,1,1,18,1,1
GEO_1517,2,1,GEO_PROXIMIDAD_TAXID,ALTA,False,1,1,0,0,0
GEO_1518,2,1,GEO_PROXIMIDAD_TAXID,ALTA,False,1,1,0,0,0
GEO_1519,2,1,GEO_PROXIMIDAD_TAXID,ALTA,False,1,1,0,0,0
GEO_1520,2,1,GEO_PROXIMIDAD_TAXID,ALTA,False,1,1,0,0,0
GEO_1521,2,1,GEO_PROXIMIDAD_TAXID,ALTA,False,1,1,0,0,0
GEO_1522,2,1,GEO_PROXIMIDAD_TAXID,ALTA,False,1,1,0,0,0
GEO_1523,2,1,GEO_PROXIMIDAD_TAXID,ALTA,False,1,1,0,0,0
GEO_1524,2,1,GEO_PROXIMIDAD_TAXID,ALTA,False,1,1,13,2,1
GEO_1525,2,1,GEO_PROXIMIDAD_TAXID,ALTA,False,1,1,0,0,0
GEO_1526,2,1,GEO_PROXIMIDAD_TAXID,ALTA,False,1,1,7,1,1
GEO_1527,2,1,GEO_PROXIMIDAD_TAXID,ALTA,False,1,1,0,0,0
GEO_1528,2,1,GEO_PROXIMIDAD_TAXID,ALTA,False,1,1,0,0,0
GEO_1529,2,1,GEO_PROXIMIDAD_TAXID,ALTA,False,1,1,0,0,0
GEO_1530,2,1,GEO_PROXIMIDAD_TAXID,ALTA,False,1,1,0,0,0
GEO_1531,2,1,GEO_PROXIMIDAD_TAXID,ALTA,False,1,0,0,0,0
GEO_1532,2,1,GEO_PROXIMIDAD_TAXID,ALTA,False,1,1,0,0,0
GEO_1533,2,1,GEO_PROXIMIDAD_TAXID,ALTA,False,1,1,0,0,0
GEO_1534,2,1,GEO_PROXIMIDAD_TAXID,ALTA,False,1,1,0,0,0
GEO_1535,2,1,GEO_PROXIMIDAD_TAXID,ALTA,False,1,1,6,1,1
GEO_1536,2,1,GEO_PROXIMIDAD_TAXID,ALTA,False,1,1,0,0,0
GEO_1537,2,1,GEO_PROXIMIDAD_TAXID,ALTA,False,1,1,0,0,0
GEO_1538,2,1,GEO_PROXIMIDAD_TAXID,ALTA,False,1,1,0,0,0
GEO_1539,2,1,GEO_PROXIMIDAD_TAXID,ALTA,False,1,1,4,1,1
GEO_1540,2,1,GEO_PROXIMIDAD_TAXID,ALTA,False,1,1,0,0,0
GEO_1541,2,1,GEO_PROXIMIDAD_TAXID,ALTA,False,1,0,0,0,0
GEO_1542,2,1,GEO_PROXIMIDAD_TAXID,ALTA,False,1,1,0,0,0
GEO_1543,2,1,GEO_PROXIMIDAD_TAXID,ALTA,False,1,1,0,0,0
GEO_1544,2,1,GEO_PROXIMIDAD_TAXID,ALTA,False,1,1,0,0,0
GEO_1545,2,1,GEO_PROXIMIDAD_TAXID,ALTA,False,1,1,0,0,0
GEO_1546,2,1,GEO_PROXIMIDAD_TAXID,ALTA,False,1,1,0,0,0
GEO_1547,2,1,GEO_PROXIMIDAD_TAXID,ALTA,False,1,1,0,0,0
GEO_1548,2,1,GEO_PROXIMIDAD_TAXID,ALTA,False,1,1,10,1,1
GEO_1549,2,1,GEO_PROXIMIDAD_TAXID,ALTA,False,1,1,0,0,0
GEO_1550,2,1,GEO_PROXIMIDAD_TAXID,ALTA,False,1,1,0,0,0
GEO_1551,2,1,GEO_PROXIMIDAD_TAXID,ALTA,False,1,1,4,2,2
GEO_1552,2,1,GEO_PROXIMIDAD_TAXID,ALTA,False,1,1,2,1,1
GEO_1553,2,1,GEO_PROXIMIDAD_TAXID,ALTA,False,1,0,0,0,0
GEO_1554,2,1,GEO_PROXIMIDAD_TAXID,ALTA,False,1,1,0,0,0
GEO_1555,2,1,GEO_PROXIMIDAD_TAXID,ALTA,False,1,1,22,5,3
GEO_1556,2,1,GEO_PROXIMIDAD_TAXID,ALTA,False,1,1,0,0,0
GEO_1557,2,1,GEO_PROXIMIDAD_TAXID,ALTA,False,1,1,0,0,0
GEO_1558,2,1,GEO_PROXIMIDAD_TAXID,ALTA,False,1,1,1,1,1
GEO_1559,2,1,GEO_PROXIMIDAD_TAXID,ALTA,False,1,1,0,0,0
GEO_1560,2,1,GEO_PROXIMIDAD_TAXID,ALTA,False,1,1,0,0,0
GEO_1561,2,1,GEO_PROXIMIDAD_TAXID,ALTA,False,1,1,0,0,0
GEO_1562,2,1,GEO_PROXIMIDAD_TAXID,ALTA,False,1,1,0,0,0
GEO_1563,2,1,GEO_PROXIMIDAD_TAXID,ALTA,False,1,0,0,0,0
GEO_1564,2,1,GEO_PROXIMIDAD_TAXID,ALTA,False,1,0,0,0,0
GEO_1565,2,1,GEO_PROXIMIDAD_TAXID,ALTA,False,1,1,19,3,2
GEO_1566,2,1,GEO_PROXIMIDAD_TAXID,ALTA,False,1,1,0,0,0
GEO_1567,2,1,GEO_PROXIMIDAD_TAXID,ALTA,False,1,0,0,0,0
GEO_1568,2,1,GEO_PROXIMIDAD_TAXID,ALTA,False,1,1,28,1,1
GEO_1569,2,1,GEO_PROXIMIDAD_TAXID,ALTA,False,1,1,28,3,2
GEO_1570,2,1,GEO_PROXIMIDAD_TAXID,ALTA,False,1,1,29,3,2
GEO_1571,2,1,GEO_PROXIMIDAD_TAXID,ALTA,False,1,1,0,0,0
GEO_1572,2,1,GEO_PROXIMIDAD_TAXID,ALTA,False,1,1,28,3,2
GEO_1573,2,1,GEO_PROXIMIDAD_TAXID,ALTA,False,1,0,0,1,1
GEO_1574,2,1,GEO_PROXIMIDAD_TAXID,ALTA,False,1,1,0,0,0
GEO_1575,2,1,GEO_PROXIMIDAD_TAXID,ALTA,False,1,1,0,0,0
GEO_1576,2,1,GEO_PROXIMIDAD_TAXID,ALTA,False,1,0,0,0,0
GEO_1577,2,1,GEO_PROXIMIDAD_TAXID,ALTA,False,1,0,0,0,0
GEO_1578,2,1,GEO_PROXIMIDAD_TAXID,ALTA,False,1,1,0,0,0
GEO_1579,2,1,GEO_PROXIMIDAD_TAXID,ALTA,False,1,1,67,3,2
GEO_1580,4,1,GEO_PROXIMIDAD_TAXID,ALTA,False,1,1,0,0,0
GEO_1581,4,1,GEO_PROXIMIDAD_TAXID,ALTA,False,1,1,0,0,0
GEO_1582,4,1,GEO_PROXIMIDAD_TAXID,ALTA,False,1,1,0,0,0
GEO_1583,2,1,GEO_PROXIMIDAD_TAXID,ALTA,False,1,1,0,0,0
GEO_1584,2,1,GEO_PROXIMIDAD_TAXID,ALTA,False,1,1,8,1,1
GEO_1585,2,1,GEO_PROXIMIDAD_TAXID,ALTA,False,1,1,0,0,0
GEO_1586,2,1,GEO_PROXIMIDAD_TAXID,ALTA,False,1,1,17,3,2
GEO_1587,2,1,GEO_PROXIMIDAD_TAXID,ALTA,False,1,1,0,0,0
GEO_1588,2,1,GEO_PROXIMIDAD_TAXID,ALTA,False,1,1,0,0,0
GEO_1589,2,1,GEO_PROXIMIDAD_TAXID,ALTA,False,1,1,10,1,1
GEO_1590,2,1,GEO_PROXIMIDAD_TAXID,ALTA,False,1,1,9,1,1
GEO_1591,2,1,GEO_PROXIMIDAD_TAXID,ALTA,False,1,1,0,0,0
GEO_1592,2,1,GEO_PROXIMIDAD_TAXID,ALTA,False,1,1,44,2,1
GEO_1593,2,1,GEO_PROXIMIDAD_TAXID,ALTA,False,1,1,0,0,0
GEO_1594,2,1,GEO_PROXIMIDAD_TAXID,ALTA,False,1,1,0,0,0
GEO_1595,2,1,GEO_PROXIMIDAD_TAXID,ALTA,False,1,1,0,0,0
GEO_1596,2,1,GEO_PROXIMIDAD_TAXID,ALTA,False,1,0,0,0,0
GEO_1597,2,1,GEO_PROXIMIDAD_TAXID,ALTA,False,1,0,0,0,0
GEO_1598,2,1,GEO_PROXIMIDAD_TAXID,ALTA,False,1,1,0,0,0
GEO_1599,2,1,GEO_PROXIMIDAD_TAXID,ALTA,False,1,1,5,1,1
GEO_1600,2,1,GEO_PROXIMIDAD_TAXID,ALTA,False,1,1,0,0,0
GEO_1601,2,1,GEO_PROXIMIDAD_TAXID,ALTA,False,1,0,0,0,0
GEO_1602,2,1,GEO_PROXIMIDAD_TAXID,ALTA,False,1,0,0,0,0
GEO_1603,2,1,GEO_PROXIMIDAD_TAXID,ALTA,False,1,1,0,0,0
GEO_1604,2,1,GEO_PROXIMIDAD_TAXID,ALTA,False,1,1,34,3,2
GEO_1605,2,1,GEO_PROXIMIDAD_TAXID,ALTA,False,1,1,46,4,3
GEO_1606,2,1,GEO_PROXIMIDAD_TAXID,ALTA,False,1,1,0,0,0
GEO_1607,2,1,GEO_PROXIMIDAD_TAXID,ALTA,False,1,1,0,0,0
GEO_1608,2,1,GEO_PROXIMIDAD_TAXID,ALTA,False,1,0,0,0,0
GEO_1609,2,1,GEO_PROXIMIDAD_TAXID,ALTA,False,1,1,11,1,1
GEO_1610,2,1,GEO_PROXIMIDAD_TAXID,ALTA,False,1,1,0,0,0
GEO_1611,2,1,GEO_PROXIMIDAD_TAXID,ALTA,False,1,1,0,0,0
GEO_1612,2,1,GEO_PROXIMIDAD_TAXID,ALTA,False,1,0,0,0,0
GEO_1613,2,1,GEO_PROXIMIDAD_TAXID,ALTA,False,1,1,0,0,0
GEO_1614,2,1,GEO_PROXIMIDAD_TAXID,ALTA,False,1,1,27,2,1
GEO_1615,2,1,GEO_PROXIMIDAD_TAXID,ALTA,False,1,1,4,2,2
GEO_1616,2,1,GEO_PROXIMIDAD_TAXID,ALTA,False,1,1,0,0,0
GEO_1617,2,1,GEO_PROXIMIDAD_TAXID,ALTA,False,1,1,0,0,0
GEO_1618,3,1,GEO_PROXIMIDAD_TAXID,ALTA,False,2,2,27,2,1
GEO_1619,2,1,GEO_PROXIMIDAD_TAXID,ALTA,False,1,1,0,0,0
GEO_1620,2,1,GEO_PROXIMIDAD_TAXID,ALTA,False,1,1,0,0,0
GEO_1621,2,1,GEO_PROXIMIDAD_TAXID,ALTA,False,1,1,0,0,0
GEO_1622,4,1,GEO_PROXIMIDAD_TAXID,ALTA,False,1,1,12,4,2
GEO_1623,2,1,GEO_PROXIMIDAD_TAXID,ALTA,False,1,1,3,1,1
GEO_1624,2,1,GEO_PROXIMIDAD_TAXID,ALTA,False,1,1,2,1,1
GEO_1625,2,1,GEO_PROXIMIDAD_TAXID,ALTA,False,1,1,0,0,0
GEO_1626,2,1,GEO_PROXIMIDAD_TAXID,ALTA,False,1,1,0,0,0
GEO_1627,2,1,GEO_PROXIMIDAD_TAXID,ALTA,False,1,1,0,0,0
GEO_1628,2,1,GEO_PROXIMIDAD_TAXID,ALTA,False,1,1,0,0,0
GEO_1629,3,1,GEO_PROXIMIDAD_TAXID,ALTA,False,1,1,10,3,1
GEO_1630,2,1,GEO_PROXIMIDAD_TAXID,ALTA,False,1,1,0,0,0
GEO_1631,2,1,GEO_PROXIMIDAD_TAXID,ALTA,False,1,1,0,0,0
GEO_1632,2,1,GEO_PROXIMIDAD_TAXID,ALTA,False,1,1,0,0,0
GEO_1633,2,1,GEO_PROXIMIDAD_TAXID,ALTA,False,1,1,16,3,3
GEO_1634,2,1,GEO_PROXIMIDAD_TAXID,ALTA,False,1,1,16,3,3
GEO_1635,2,1,GEO_PROXIMIDAD_TAXID,ALTA,False,1,1,9,1,1
GEO_1636,2,1,GEO_PROXIMIDAD_TAXID,ALTA,False,1,1,0,0,0
GEO_1637,2,1,GEO_PROXIMIDAD_TAXID,ALTA,False,1,1,55,4,3
GEO_1638,2,1,GEO_PROXIMIDAD_TAXID,ALTA,False,1,1,0,0,0
GEO_1639,2,1,GEO_PROXIMIDAD_TAXID,ALTA,False,1,1,17,2,1
GEO_1640,2,1,GEO_PROXIMIDAD_TAXID,ALTA,False,1,1,19,1,1
GEO_1641,3,1,GEO_PROXIMIDAD_TAXID,ALTA,False,2,1,2,2,1
GEO_1642,2,1,GEO_PROXIMIDAD_TAXID,ALTA,False,1,1,0,0,0
GEO_1643,2,1,GEO_PROXIMIDAD_TAXID,ALTA,False,1,1,7,1,1
GEO_1644,2,1,GEO_PROXIMIDAD_TAXID,ALTA,False,1,1,10,3,2
GEO_1645,2,1,GEO_PROXIMIDAD_TAXID,ALTA,False,1,1,0,0,0
GEO_1646,2,1,GEO_PROXIMIDAD_TAXID,ALTA,False,1,1,20,2,2
GEO_1647,2,1,GEO_PROXIMIDAD_TAXID,ALTA,False,1,1,12,3,3
GEO_1648,2,1,GEO_PROXIMIDAD_TAXID,ALTA,False,1,1,0,0,0
GEO_1649,2,1,GEO_PROXIMIDAD_TAXID,ALTA,False,1,1,0,0,0
GEO_1650,2,1,GEO_PROXIMIDAD_TAXID,ALTA,False,1,1,6,3,1
GEO_1651,2,1,GEO_PROXIMIDAD_TAXID,ALTA,False,1,1,0,0,0
GEO_1652,2,1,GEO_PROXIMIDAD_TAXID,ALTA,False,1,1,26,4,3
GEO_1653,2,1,GEO_PROXIMIDAD_TAXID,ALTA,False,1,1,0,0,0
GEO_1654,2,1,GEO_PROXIMIDAD_TAXID,ALTA,False,1,1,0,0,0
GEO_1655,2,1,GEO_PROXIMIDAD_TAXID,ALTA,False,1,1,0,0,0
GEO_1656,2,1,GEO_PROXIMIDAD_TAXID,ALTA,False,1,1,0,0,0
GEO_1657,2,1,GEO_PROXIMIDAD_TAXID,ALTA,False,1,1,7,1,1
GEO_1658,2,1,GEO_PROXIMIDAD_TAXID,ALTA,False,1,1,0,0,0
GEO_1659,2,1,GEO_PROXIMIDAD_TAXID,ALTA,False,1,1,7,1,1
GEO_1660,2,1,GEO_PROXIMIDAD_TAXID,ALTA,False,1,1,0,0,0
GEO_1661,2,1,GEO_PROXIMIDAD_TAXID,ALTA,False,1,1,0,0,0
GEO_1662,2,1,GEO_PROXIMIDAD_TAXID,ALTA,False,1,1,0,0,0
GEO_1663,2,1,GEO_PROXIMIDAD_TAXID,ALTA,False,1,1,14,1,1
GEO_1664,2,1,GEO_PROXIMIDAD_TAXID,ALTA,False,1,1,14,1,1
GEO_1665,2,1,GEO_PROXIMIDAD_TAXID,ALTA,False,1,1,0,0,0
GEO_1666,2,1,GEO_PROXIMIDAD_TAXID,ALTA,False,1,1,7,2,2
GEO_1667,2,1,GEO_PROXIMIDAD_TAXID,ALTA,False,1,1,7,2,2
GEO_1668,2,1,GEO_PROXIMIDAD_TAXID,ALTA,False,1,1,0,0,0
GEO_1669,2,1,GEO_PROXIMIDAD_TAXID,ALTA,False,1,1,0,0,0
GEO_1670,2,1,GEO_PROXIMIDAD_TAXID,ALTA,False,1,1,0,0,0
GEO_1671,2,1,GEO_PROXIMIDAD_TAXID,ALTA,False,1,1,0,0,0
GEO_1672,2,1,GEO_PROXIMIDAD_TAXID,ALTA,False,1,1,0,0,0
GEO_1673,2,1,GEO_PROXIMIDAD_TAXID,ALTA,False,1,1,0,0,0
GEO_1674,2,1,GEO_PROXIMIDAD_TAXID,ALTA,False,1,1,0,0,0
GEO_1675,2,1,GEO_PROXIMIDAD_TAXID,ALTA,False,1,1,0,0,0
GEO_1676,2,1,GEO_PROXIMIDAD_TAXID,ALTA,False,1,1,0,0,0
GEO_1677,2,1,GEO_PROXIMIDAD_TAXID,ALTA,False,1,1,39,2,1
GEO_1678,2,1,GEO_PROXIMIDAD_TAXID,ALTA,False,1,1,0,0,0
GEO_1679,2,1,GEO_PROXIMIDAD_TAXID,ALTA,False,1,1,0,0,0
GEO_1680,2,1,GEO_PROXIMIDAD_TAXID,ALTA,False,1,1,1,3,3
GEO_1681,2,1,GEO_PROXIMIDAD_TAXID,ALTA,False,1,1,1,3,3
GEO_1682,2,1,GEO_PROXIMIDAD_TAXID,ALTA,False,1,1,7,1,1
GEO_1683,2,1,GEO_PROXIMIDAD_TAXID,ALTA,False,1,1,7,1,1
GEO_1684,2,1,GEO_PROXIMIDAD_TAXID,ALTA,False,1,1,0,0,0
GEO_1685,2,1,GEO_PROXIMIDAD_TAXID,ALTA,False,1,1,3,1,1
GEO_1686,2,1,GEO_PROXIMIDAD_TAXID,ALTA,False,1,1,0,0,0
GEO_1687,2,1,GEO_PROXIMIDAD_TAXID,ALTA,False,1,1,0,0,0
GEO_1688,2,1,GEO_PROXIMIDAD_TAXID,ALTA,False,1,1,0,0,0
GEO_1689,2,1,GEO_PROXIMIDAD_TAXID,ALTA,False,1,1,0,0,0
GEO_1690,2,1,GEO_PROXIMIDAD_TAXID,ALTA,False,1,1,0,0,0
GEO_1691,2,1,GEO_PROXIMIDAD_TAXID,ALTA,False,1,1,3,2,1
GEO_1692,2,1,GEO_PROXIMIDAD_TAXID,ALTA,False,1,1,0,0,0
GEO_1693,2,1,GEO_PROXIMIDAD_TAXID,ALTA,False,1,1,0,0,0
GEO_1694,2,1,GEO_PROXIMIDAD_TAXID,ALTA,False,1,1,15,2,2
GEO_1695,2,1,GEO_PROXIMIDAD_TAXID,ALTA,False,1,1,15,2,2
GEO_1696,2,1,GEO_PROXIMIDAD_TAXID,ALTA,False,1,1,0,0,0
GEO_1697,2,1,GEO_PROXIMIDAD_TAXID,ALTA,False,1,1,0,0,0
GEO_1698,2,1,GEO_PROXIMIDAD_TAXID,ALTA,False,1,1,0,0,0
GEO_1699,2,1,GEO_PROXIMIDAD_TAXID,ALTA,False,1,1,0,0,0
GEO_1700,2,1,GEO_PROXIMIDAD_TAXID,ALTA,False,1,1,0,0,0
GEO_1701,2,1,GEO_PROXIMIDAD_TAXID,ALTA,False,1,1,0,0,0
GEO_1702,2,1,GEO_PROXIMIDAD_TAXID,ALTA,False,1,1,0,0,0
GEO_1703,2,1,GEO_PROXIMIDAD_TAXID,ALTA,False,1,1,0,0,0
GEO_1704,2,1,GEO_PROXIMIDAD_TAXID,ALTA,False,1,1,0,0,0
GEO_1705,2,1,GEO_PROXIMIDAD_TAXID,ALTA,False,1,1,4,1,1
GEO_1706,2,1,GEO_PROXIMIDAD_TAXID,ALTA,False,1,1,0,0,0
GEO_1707,2,1,GEO_PROXIMIDAD_TAXID,ALTA,False,1,1,13,1,1
GEO_1708,2,1,GEO_PROXIMIDAD_TAXID,ALTA,False,1,1,11,2,2
GEO_1709,2,1,GEO_PROXIMIDAD_TAXID,ALTA,False,1,1,0,0,0
GEO_1710,2,1,GEO_PROXIMIDAD_TAXID,ALTA,False,1,1,0,0,0
GEO_1711,2,1,GEO_PROXIMIDAD_TAXID,ALTA,False,1,1,0,0,0
GEO_1712,2,1,GEO_PROXIMIDAD_TAXID,ALTA,False,1,1,0,0,0
GEO_1713,2,1,GEO_PROXIMIDAD_TAXID,ALTA,False,1,1,0,0,0
GEO_1714,2,1,GEO_PROXIMIDAD_TAXID,ALTA,False,1,0,0,0,0
GEO_1715,2,1,GEO_PROXIMIDAD_TAXID,ALTA,False,1,1,2,1,1
GEO_1716,2,1,GEO_PROXIMIDAD_TAXID,ALTA,False,1,1,0,0,0
GEO_1717,2,1,GEO_PROXIMIDAD_TAXID,ALTA,False,1,0,0,1,1
GEO_1718,2,1,GEO_PROXIMIDAD_TAXID,ALTA,False,1,1,0,0,0
GEO_1719,2,1,GEO_PROXIMIDAD_TAXID,ALTA,False,1,1,0,0,0
GEO_1720,2,1,GEO_PROXIMIDAD_TAXID,ALTA,False,1,1,0,0,0
GEO_1721,2,1,GEO_PROXIMIDAD_TAXID,ALTA,False,1,1,0,0,0
GEO_1722,2,1,GEO_PROXIMIDAD_TAXID,ALTA,False,1,1,1,1,1
GEO_1723,2,1,GEO_PROXIMIDAD_TAXID,ALTA,False,1,1,0,0,0
GEO_1724,2,1,GEO_PROXIMIDAD_TAXID,ALTA,False,1,1,4,2,2
GEO_1725,2,1,GEO_PROXIMIDAD_TAXID,ALTA,False,1,1,4,2,2
GEO_1726,2,1,GEO_PROXIMIDAD_TAXID,ALTA,False,1,1,19,2,1
GEO_1727,2,1,GEO_PROXIMIDAD_TAXID,ALTA,False,1,1,8,1,1
GEO_1728,2,1,GEO_PROXIMIDAD_TAXID,ALTA,False,1,1,2,1,1
GEO_1729,2,1,GEO_PROXIMIDAD_TAXID,ALTA,False,1,1,0,0,0
GEO_1730,2,1,GEO_PROXIMIDAD_TAXID,ALTA,False,1,1,1,1,1
GEO_1731,2,1,GEO_PROXIMIDAD_TAXID,ALTA,False,1,1,0,0,0
GEO_1732,2,1,GEO_PROXIMIDAD_TAXID,ALTA,False,1,1,0,0,0
GEO_1733,2,1,GEO_PROXIMIDAD_TAXID,ALTA,False,1,1,0,0,0
GEO_1734,2,1,GEO_PROXIMIDAD_TAXID,ALTA,False,1,1,0,0,0
GEO_1735,2,1,GEO_PROXIMIDAD_TAXID,ALTA,False,1,1,8,2,2
GEO_1736,2,1,GEO_PROXIMIDAD_TAXID,ALTA,False,1,1,0,0,0
GEO_1737,2,1,GEO_PROXIMIDAD_TAXID,ALTA,False,1,1,0,0,0
GEO_1738,2,1,GEO_PROXIMIDAD_TAXID,ALTA,False,1,1,0,0,0
GEO_1739,2,1,GEO_PROXIMIDAD_TAXID,ALTA,False,1,1,0,0,0
GEO_1740,2,1,GEO_PROXIMIDAD_TAXID,ALTA,False,1,1,19,3,3
GEO_1741,2,1,GEO_PROXIMIDAD_TAXID,ALTA,False,1,1,0,0,0
GEO_1742,2,1,GEO_PROXIMIDAD_TAXID,ALTA,False,1,1,0,0,0
GEO_1743,2,1,GEO_PROXIMIDAD_TAXID,ALTA,False,1,1,0,0,0
GEO_1744,2,1,GEO_PROXIMIDAD_TAXID,ALTA,False,1,1,0,0,0
GEO_1745,2,1,GEO_PROXIMIDAD_TAXID,ALTA,False,1,1,0,0,0
GEO_1746,2,1,GEO_PROXIMIDAD_TAXID,ALTA,False,1,1,0,0,0
GEO_1747,2,1,GEO_PROXIMIDAD_TAXID,ALTA,False,1,1,0,0,0
GEO_1748,2,1,GEO_PROXIMIDAD_TAXID,ALTA,False,1,1,0,0,0
GEO_1749,2,1,GEO_PROXIMIDAD_TAXID,ALTA,False,1,1,2,1,1
GEO_1750,2,1,GEO_PROXIMIDAD_TAXID,ALTA,False,1,1,0,0,0
GEO_1751,2,1,GEO_PROXIMIDAD_TAXID,ALTA,False,1,1,0,0,0
GEO_1752,2,1,GEO_PROXIMIDAD_TAXID,ALTA,False,1,1,0,0,0
GEO_1753,2,1,GEO_PROXIMIDAD_TAXID,ALTA,False,1,1,0,0,0
GEO_1754,2,1,GEO_PROXIMIDAD_TAXID,ALTA,False,1,1,0,0,0
GEO_1755,2,1,GEO_PROXIMIDAD_TAXID,ALTA,False,1,1,0,0,0
GEO_1756,2,1,GEO_PROXIMIDAD_TAXID,ALTA,False,1,1,0,0,0
GEO_1757,2,1,GEO_PROXIMIDAD_TAXID,ALTA,False,1,1,0,0,0
GEO_1758,2,1,GEO_PROXIMIDAD_TAXID,ALTA,False,1,1,1,1,1
GEO_1759,2,1,GEO_PROXIMIDAD_TAXID,ALTA,False,1,1,30,2,1
GEO_1760,2,1,GEO_PROXIMIDAD_TAXID,ALTA,False,1,1,0,0,0
GEO_1761,2,1,GEO_PROXIMIDAD_TAXID,ALTA,False,1,1,0,0,0
GEO_1762,3,1,GEO_PROXIMIDAD_TAXID,ALTA,False,2,2,0,1,1
GEO_1763,3,1,GEO_PROXIMIDAD_TAXID,ALTA,False,2,2,0,1,1
GEO_1764,2,1,GEO_PROXIMIDAD_TAXID,ALTA,False,1,1,0,0,0
GEO_1765,2,1,GEO_PROXIMIDAD_TAXID,ALTA,False,1,1,0,0,0
GEO_1766,2,1,GEO_PROXIMIDAD_TAXID,ALTA,False,1,1,0,0,0
GEO_1767,2,1,GEO_PROXIMIDAD_TAXID,ALTA,False,1,1,13,2,2
GEO_1768,2,1,GEO_PROXIMIDAD_TAXID,ALTA,False,1,1,13,2,2
GEO_1769,2,1,GEO_PROXIMIDAD_TAXID,ALTA,False,1,1,0,0,0
GEO_1770,2,1,GEO_PROXIMIDAD_TAXID,ALTA,False,1,1,0,0,0
GEO_1771,2,1,GEO_PROXIMIDAD_TAXID,ALTA,False,1,0,0,0,0
GEO_1772,2,1,GEO_PROXIMIDAD_TAXID,ALTA,False,1,1,0,0,0
GEO_1773,2,1,GEO_PROXIMIDAD_TAXID,ALTA,False,1,1,20,4,3
GEO_1774,2,1,GEO_PROXIMIDAD_TAXID,ALTA,False,1,1,0,0,0
GEO_1775,2,1,GEO_PROXIMIDAD_TAXID,ALTA,False,1,1,0,0,0
GEO_1776,2,1,GEO_PROXIMIDAD_TAXID,ALTA,False,1,1,0,0,0
GEO_1777,2,1,GEO_PROXIMIDAD_TAXID,ALTA,False,1,1,0,0,0
GEO_1778,2,1,GEO_PROXIMIDAD_TAXID,ALTA,False,1,1,0,0,0
GEO_1779,2,1,GEO_PROXIMIDAD_TAXID,ALTA,False,1,1,0,0,0
GEO_1780,2,1,GEO_PROXIMIDAD_TAXID,ALTA,False,1,1,0,0,0
GEO_1781,2,1,GEO_PROXIMIDAD_TAXID,ALTA,False,1,1,9,1,1
GEO_1782,2,1,GEO_PROXIMIDAD_TAXID,ALTA,False,1,1,7,1,1
GEO_1783,2,1,GEO_PROXIMIDAD_TAXID,ALTA,False,1,0,0,0,0
GEO_1784,2,1,GEO_PROXIMIDAD_TAXID,ALTA,False,1,1,0,0,0
GEO_1785,2,1,GEO_PROXIMIDAD_TAXID,ALTA,False,1,1,0,0,0
GEO_1786,2,1,GEO_PROXIMIDAD_TAXID,ALTA,False,1,1,0,0,0
GEO_1787,2,1,GEO_PROXIMIDAD_TAXID,ALTA,False,1,1,0,0,0
GEO_1788,2,1,GEO_PROXIMIDAD_TAXID,ALTA,False,1,1,0,0,0
GEO_1789,2,1,GEO_PROXIMIDAD_TAXID,ALTA,False,1,1,0,0,0
GEO_1790,2,1,GEO_PROXIMIDAD_TAXID,ALTA,False,1,0,0,0,0
GEO_1791,2,1,GEO_PROXIMIDAD_TAXID,ALTA,False,1,0,0,0,0
GEO_1792,2,1,GEO_PROXIMIDAD_TAXID,ALTA,False,1,0,0,0,0
GEO_1793,2,1,GEO_PROXIMIDAD_TAXID,ALTA,False,1,0,0,0,0
GEO_1794,2,1,GEO_PROXIMIDAD_TAXID,ALTA,False,1,0,0,0,0
GEO_1795,2,1,GEO_PROXIMIDAD_TAXID,ALTA,False,1,0,0,0,0
GEO_1796,2,1,GEO_PROXIMIDAD_TAXID,ALTA,False,1,0,0,0,0
GEO_1797,2,1,GEO_PROXIMIDAD_TAXID,ALTA,False,1,0,0,0,0
GEO_1798,2,1,GEO_PROXIMIDAD_TAXID,ALTA,False,1,1,0,0,0
GEO_1799,2,1,GEO_PROXIMIDAD_TAXID,ALTA,False,1,1,0,0,0
GEO_1800,2,1,GEO_PROXIMIDAD_TAXID,ALTA,False,1,1,3,1,1
GEO_1801,2,1,GEO_PROXIMIDAD_TAXID,ALTA,False,1,1,0,0,0
GEO_1802,2,1,GEO_PROXIMIDAD_TAXID,ALTA,False,1,1,0,0,0
GEO_1803,2,1,GEO_PROXIMIDAD_TAXID,ALTA,False,1,1,0,0,0
GEO_1804,2,1,GEO_PROXIMIDAD_TAXID,ALTA,False,1,0,0,0,0
GEO_1805,2,1,GEO_PROXIMIDAD_TAXID,ALTA,False,1,1,0,0,0
GEO_1806,2,1,GEO_PROXIMIDAD_TAXID,ALTA,False,1,1,0,0,0
GEO_1807,2,1,GEO_PROXIMIDAD_TAXID,ALTA,False,1,1,0,0,0
GEO_1808,2,1,GEO_PROXIMIDAD_TAXID,ALTA,False,1,1,0,0,0
GEO_1809,2,1,GEO_PROXIMIDAD_TAXID,ALTA,False,1,1,0,0,0
GEO_1810,2,1,GEO_PROXIMIDAD_TAXID,ALTA,False,1,1,0,0,0
GEO_1811,2,1,GEO_PROXIMIDAD_TAXID,ALTA,False,1,1,0,0,0
GEO_1812,2,1,GEO_PROXIMIDAD_TAXID,ALTA,False,1,1,0,0,0
GEO_1813,2,1,GEO_PROXIMIDAD_TAXID,ALTA,False,1,1,0,0,0
GEO_1814,2,1,GEO_PROXIMIDAD_TAXID,ALTA,False,1,1,0,0,0
GEO_1815,2,1,GEO_PROXIMIDAD_TAXID,ALTA,False,1,1,0,0,0
GEO_1816,2,1,GEO_PROXIMIDAD_TAXID,ALTA,False,1,1,0,0,0
GEO_1817,2,1,GEO_PROXIMIDAD_TAXID,ALTA,False,1,1,0,0,0
GEO_1818,2,1,GEO_PROXIMIDAD_TAXID,ALTA,False,1,1,0,0,0
GEO_1819,2,1,GEO_PROXIMIDAD_TAXID,ALTA,False,1,1,1,1,1
GEO_1820,3,1,GEO_PROXIMIDAD_TAXID,ALTA,False,1,0,0,0,0
GEO_1821,2,1,GEO_PROXIMIDAD_TAXID,ALTA,False,1,1,0,0,0
GEO_1822,2,1,GEO_PROXIMIDAD_TAXID,ALTA,False,1,0,0,0,0
GEO_1823,2,1,GEO_PROXIMIDAD_TAXID,ALTA,False,1,1,5,3,2
GEO_1824,2,1,GEO_PROXIMIDAD_TAXID,ALTA,False,1,1,10,1,1
GEO_1825,2,1,GEO_PROXIMIDAD_TAXID,ALTA,False,1,1,0,0,0
GEO_1826,2,1,GEO_PROXIMIDAD_TAXID,ALTA,False,1,1,0,0,0
GEO_1827,2,1,GEO_PROXIMIDAD_TAXID,ALTA,False,1,1,0,0,0
GEO_1828,2,1,GEO_PROXIMIDAD_TAXID,ALTA,False,1,1,0,0,0
GEO_1829,2,1,GEO_PROXIMIDAD_TAXID,ALTA,False,1,1,0,0,0
GEO_1830,2,1,GEO_PROXIMIDAD_TAXID,ALTA,False,1,1,14,3,2
GEO_1831,2,1,GEO_PROXIMIDAD_TAXID,ALTA,False,1,1,17,1,1
GEO_1832,2,1,GEO_PROXIMIDAD_TAXID,ALTA,False,1,1,19,2,2
GEO_1833,2,1,GEO_PROXIMIDAD_TAXID,ALTA,False,1,1,59,3,2
GEO_1834,2,1,GEO_PROXIMIDAD_TAXID,ALTA,False,1,1,4,2,2
GEO_1835,2,1,GEO_PROXIMIDAD_TAXID,ALTA,False,1,1,1,1,1
GEO_1836,2,1,GEO_PROXIMIDAD_TAXID,ALTA,False,1,1,0,0,0
GEO_1837,2,1,GEO_PROXIMIDAD_TAXID,ALTA,False,1,1,0,0,0
GEO_1838,2,1,GEO_PROXIMIDAD_TAXID,ALTA,False,1,1,0,0,0
GEO_1839,3,1,GEO_PROXIMIDAD_TAXID,ALTA,False,2,2,6,3,1
GEO_1840,2,1,GEO_PROXIMIDAD_TAXID,ALTA,False,1,1,0,0,0
GEO_1841,2,1,GEO_PROXIMIDAD_TAXID,ALTA,False,1,0,0,0,0
GEO_1842,2,1,GEO_PROXIMIDAD_TAXID,ALTA,False,1,1,0,0,0
GEO_1843,2,1,GEO_PROXIMIDAD_TAXID,ALTA,False,1,1,0,0,0
GEO_1844,2,1,GEO_PROXIMIDAD_TAXID,ALTA,False,1,1,0,0,0
GEO_1845,2,1,GEO_PROXIMIDAD_TAXID,ALTA,False,1,1,0,0,0
GEO_1846,2,1,GEO_PROXIMIDAD_TAXID,ALTA,False,1,1,0,0,0
GEO_1847,2,1,GEO_PROXIMIDAD_TAXID,ALTA,False,1,1,26,3,2
GEO_1848,2,1,GEO_PROXIMIDAD_TAXID,ALTA,False,1,1,1,1,1
GEO_1849,2,1,GEO_PROXIMIDAD_TAXID,ALTA,False,1,1,0,0,0
GEO_1850,2,1,GEO_PROXIMIDAD_TAXID,ALTA,False,1,1,0,0,0
GEO_1851,2,1,GEO_PROXIMIDAD_TAXID,ALTA,False,1,1,0,0,0
GEO_1852,2,1,GEO_PROXIMIDAD_TAXID,ALTA,False,1,1,0,0,0
GEO_1853,2,1,GEO_PROXIMIDAD_TAXID,ALTA,False,1,1,0,0,0
GEO_1854,2,1,GEO_PROXIMIDAD_TAXID,ALTA,False,1,1,26,4,3
GEO_1855,2,1,GEO_PROXIMIDAD_TAXID,ALTA,False,1,1,0,0,0
GEO_1856,2,1,GEO_PROXIMIDAD_TAXID,ALTA,False,1,1,0,0,0
GEO_1857,2,1,GEO_PROXIMIDAD_TAXID,ALTA,False,1,1,5,2,2
GEO_1858,2,1,GEO_PROXIMIDAD_TAXID,ALTA,False,1,1,0,0,0
GEO_1859,2,1,GEO_PROXIMIDAD_TAXID,ALTA,False,1,1,0,0,0
GEO_1860,2,1,GEO_PROXIMIDAD_TAXID,ALTA,False,1,1,0,0,0
GEO_1861,2,1,GEO_PROXIMIDAD_TAXID,ALTA,False,1,1,18,1,1
GEO_1862,2,1,GEO_PROXIMIDAD_TAXID,ALTA,False,1,1,18,1,1
GEO_1863,2,1,GEO_PROXIMIDAD_TAXID,ALTA,False,1,1,0,0,0
GEO_1864,2,1,GEO_PROXIMIDAD_TAXID,ALTA,False,1,1,31,3,3
GEO_1865,2,1,GEO_PROXIMIDAD_TAXID,ALTA,False,1,1,0,0,0
GEO_1866,2,1,GEO_PROXIMIDAD_TAXID,ALTA,False,1,1,0,0,0
GEO_1867,2,1,GEO_PROXIMIDAD_TAXID,ALTA,False,1,1,0,0,0
GEO_1868,2,1,GEO_PROXIMIDAD_TAXID,ALTA,False,1,1,0,0,0
GEO_1869,2,1,GEO_PROXIMIDAD_TAXID,ALTA,False,1,1,0,0,0
GEO_1870,2,1,GEO_PROXIMIDAD_TAXID,ALTA,False,1,1,0,0,0
GEO_1871,2,1,GEO_PROXIMIDAD_TAXID,ALTA,False,1,1,14,3,3
GEO_1872,2,1,GEO_PROXIMIDAD_TAXID,ALTA,False,1,1,0,0,0
GEO_1873,2,1,GEO_PROXIMIDAD_TAXID,ALTA,False,1,1,0,0,0
GEO_1874,2,1,GEO_PROXIMIDAD_TAXID,ALTA,False,1,1,0,0,0
GEO_1875,3,1,GEO_PROXIMIDAD_TAXID,ALTA,False,1,0,0,0,0
GEO_1876,2,1,GEO_PROXIMIDAD_TAXID,ALTA,False,1,1,10,1,1
GEO_1877,2,1,GEO_PROXIMIDAD_TAXID,ALTA,False,1,1,61,4,2
GEO_1878,2,1,GEO_PROXIMIDAD_TAXID,ALTA,False,1,1,33,4,2
GEO_1879,2,1,GEO_PROXIMIDAD_TAXID,ALTA,False,1,1,0,0,0
GEO_1880,2,1,GEO_PROXIMIDAD_TAXID,ALTA,False,1,1,16,2,1
GEO_1881,2,1,GEO_PROXIMIDAD_TAXID,ALTA,False,1,1,0,0,0
GEO_1882,2,1,GEO_PROXIMIDAD_TAXID,ALTA,False,1,1,0,0,0
GEO_1883,2,1,GEO_PROXIMIDAD_TAXID,ALTA,False,1,1,2,1,1
GEO_1884,3,1,GEO_PROXIMIDAD_TAXID,ALTA,False,1,0,0,0,0
GEO_1885,2,1,GEO_PROXIMIDAD_TAXID,ALTA,False,1,1,0,0,0
GEO_1886,2,1,GEO_PROXIMIDAD_TAXID,ALTA,False,1,1,2,2,2
GEO_1887,2,1,GEO_PROXIMIDAD_TAXID,ALTA,False,1,1,0,0,0
GEO_1888,2,1,GEO_PROXIMIDAD_TAXID,ALTA,False,1,1,15,2,1
GEO_1889,2,1,GEO_PROXIMIDAD_TAXID,ALTA,False,1,1,0,0,0
GEO_1890,2,1,GEO_PROXIMIDAD_TAXID,ALTA,False,1,1,0,0,0
GEO_1891,2,1,GEO_PROXIMIDAD_TAXID,ALTA,False,1,1,4,1,1
GEO_1892,3,1,GEO_PROXIMIDAD_TAXID,ALTA,False,1,0,0,0,0
GEO_1893,3,1,GEO_PROXIMIDAD_TAXID,ALTA,False,1,0,0,0,0
GEO_1894,3,1,GEO_PROXIMIDAD_TAXID,ALTA,False,1,0,0,0,0
GEO_1895,3,1,GEO_PROXIMIDAD_TAXID,ALTA,False,1,0,0,0,0
GEO_1896,2,1,GEO_PROXIMIDAD_TAXID,ALTA,False,1,1,0,0,0
GEO_1897,2,1,GEO_PROXIMIDAD_TAXID,ALTA,False,1,1,9,3,2
GEO_1898,2,1,GEO_PROXIMIDAD_TAXID,ALTA,False,1,1,9,3,2
GEO_1899,2,1,GEO_PROXIMIDAD_TAXID,ALTA,False,1,1,1,1,1
GEO_1900,2,1,GEO_PROXIMIDAD_TAXID,ALTA,False,1,1,0,0,0
GEO_1901,2,1,GEO_PROXIMIDAD_TAXID,ALTA,False,1,1,17,3,3
GEO_1902,2,1,GEO_PROXIMIDAD_TAXID,ALTA,False,1,1,57,3,2
GEO_1903,2,1,GEO_PROXIMIDAD_TAXID,ALTA,False,1,1,0,0,0
GEO_1904,2,1,GEO_PROXIMIDAD_TAXID,ALTA,False,1,1,0,0,0
GEO_1905,3,1,GEO_PROXIMIDAD_TAXID,ALTA,False,1,0,0,0,0
GEO_1906,3,1,GEO_PROXIMIDAD_TAXID,ALTA,False,1,0,0,0,0
GEO_1907,2,1,GEO_PROXIMIDAD_TAXID,ALTA,False,1,1,0,0,0
GEO_1908,2,1,GEO_PROXIMIDAD_TAXID,ALTA,False,1,1,0,0,0
GEO_1909,2,1,GEO_PROXIMIDAD_TAXID,ALTA,False,1,1,26,3,2
GEO_1910,2,1,GEO_PROXIMIDAD_TAXID,ALTA,False,1,1,0,1,1
GEO_1911,2,1,GEO_PROXIMIDAD_TAXID,ALTA,False,1,1,16,2,2
GEO_1912,2,1,GEO_PROXIMIDAD_TAXID,ALTA,False,1,1,0,0,0
GEO_1913,2,1,GEO_PROXIMIDAD_TAXID,ALTA,False,1,1,0,0,0
GEO_1914,2,1,GEO_PROXIMIDAD_TAXID,ALTA,False,1,1,0,0,0
GEO_1915,2,1,GEO_PROXIMIDAD_TAXID,ALTA,False,1,1,0,0,0
GEO_1916,2,1,GEO_PROXIMIDAD_TAXID,ALTA,False,1,1,1,1,1
GEO_1917,2,1,GEO_PROXIMIDAD_TAXID,ALTA,False,1,1,1,1,1
GEO_1918,2,1,GEO_PROXIMIDAD_TAXID,ALTA,False,1,1,0,0,0
GEO_1919,2,1,GEO_PROXIMIDAD_TAXID,ALTA,False,1,1,0,0,0
GEO_1920,2,1,GEO_PROXIMIDAD_TAXID,ALTA,False,1,1,0,0,0
GEO_1921,2,1,GEO_PROXIMIDAD_TAXID,ALTA,False,1,1,0,0,0
GEO_1922,2,1,GEO_PROXIMIDAD_TAXID,ALTA,False,1,1,0,0,0
GEO_1923,2,1,GEO_PROXIMIDAD_TAXID,ALTA,False,1,1,0,0,0
GEO_1924,2,1,GEO_PROXIMIDAD_TAXID,ALTA,False,1,1,0,0,0
GEO_1925,2,1,GEO_PROXIMIDAD_TAXID,ALTA,False,1,1,6,2,2
GEO_1926,2,1,GEO_PROXIMIDAD_TAXID,ALTA,False,1,1,9,2,2
GEO_1927,2,1,GEO_PROXIMIDAD_TAXID,ALTA,False,1,1,0,0,0
GEO_1928,2,1,GEO_PROXIMIDAD_TAXID,ALTA,False,1,1,0,0,0
GEO_1929,2,1,GEO_PROXIMIDAD_TAXID,ALTA,False,1,1,0,0,0
GEO_1930,2,1,GEO_PROXIMIDAD_TAXID,ALTA,False,1,1,0,0,0
GEO_1931,3,1,GEO_PROXIMIDAD_TAXID,ALTA,False,1,1,0,2,2
GEO_1932,2,1,GEO_PROXIMIDAD_TAXID,ALTA,False,1,1,0,0,0
GEO_1933,2,1,GEO_PROXIMIDAD_TAXID,ALTA,False,1,1,0,0,0
GEO_1934,2,1,GEO_PROXIMIDAD_TAXID,ALTA,False,1,1,0,0,0
GEO_1935,2,1,GEO_PROXIMIDAD_TAXID,ALTA,False,1,1,0,0,0
GEO_1936,2,1,GEO_PROXIMIDAD_TAXID,ALTA,False,1,1,0,0,0
GEO_1937,2,1,GEO_PROXIMIDAD_TAXID,ALTA,False,1,1,2,1,1
GEO_1938,2,1,GEO_PROXIMIDAD_TAXID,ALTA,False,1,0,0,0,0
GEO_1939,2,1,GEO_PROXIMIDAD_TAXID,ALTA,False,1,1,0,0,0
GEO_1940,2,1,GEO_PROXIMIDAD_TAXID,ALTA,False,1,1,0,0,0
GEO_1941,2,1,GEO_PROXIMIDAD_TAXID,ALTA,False,1,1,0,0,0
GEO_1942,2,1,GEO_PROXIMIDAD_TAXID,ALTA,False,1,1,0,0,0
GEO_1943,2,1,GEO_PROXIMIDAD_TAXID,ALTA,False,1,1,0,0,0
GEO_1944,2,1,GEO_PROXIMIDAD_TAXID,ALTA,False,1,1,0,0,0
GEO_1945,2,1,GEO_PROXIMIDAD_TAXID,ALTA,False,1,1,0,0,0
GEO_1946,2,1,GEO_PROXIMIDAD_TAXID,ALTA,False,1,1,0,0,0
GEO_1947,2,1,GEO_PROXIMIDAD_TAXID,ALTA,False,1,1,0,0,0
GEO_1948,2,1,GEO_PROXIMIDAD_TAXID,ALTA,False,1,1,52,5,3
GEO_1949,2,1,GEO_PROXIMIDAD_TAXID,ALTA,False,1,1,0,0,0
GEO_1950,2,1,GEO_PROXIMIDAD_TAXID,ALTA,False,1,1,0,0,0
GEO_1951,2,1,GEO_PROXIMIDAD_TAXID,ALTA,False,1,1,0,0,0
GEO_1952,2,1,GEO_PROXIMIDAD_TAXID,ALTA,False,1,1,0,0,0
GEO_1953,2,1,GEO_PROXIMIDAD_TAXID,ALTA,False,1,1,0,0,0
GEO_1954,3,1,GEO_PROXIMIDAD_TAXID,ALTA,False,1,0,0,0,0
GEO_1955,3,1,GEO_PROXIMIDAD_TAXID,ALTA,False,1,0,0,0,0
GEO_1956,3,1,GEO_PROXIMIDAD_TAXID,ALTA,False,1,0,0,0,0
GEO_1957,3,1,GEO_PROXIMIDAD_TAXID,ALTA,False,1,0,0,0,0
GEO_1958,2,1,GEO_PROXIMIDAD_TAXID,ALTA,False,1,1,0,0,0
GEO_1959,2,1,GEO_PROXIMIDAD_TAXID,ALTA,False,1,1,0,0,0
GEO_1960,2,1,GEO_PROXIMIDAD_TAXID,ALTA,False,1,1,0,0,0
GEO_1961,3,1,GEO_PROXIMIDAD_TAXID,ALTA,False,1,0,0,0,0
GEO_1962,2,1,GEO_PROXIMIDAD_TAXID,ALTA,False,1,1,0,0,0
GEO_1963,3,1,GEO_PROXIMIDAD_TAXID,ALTA,False,1,0,0,3,2
GEO_1964,3,1,GEO_PROXIMIDAD_TAXID,ALTA,False,1,0,0,3,2
GEO_1965,3,1,GEO_PROXIMIDAD_TAXID,ALTA,False,2,2,171,3,1
GEO_1966,4,1,GEO_PROXIMIDAD_TAXID,ALTA,False,1,2,10,2,1
GEO_1967,4,1,GEO_PROXIMIDAD_TAXID,ALTA,False,1,2,10,2,1
GEO_1968,2,1,GEO_PROXIMIDAD_TAXID,ALTA,False,1,1,0,0,0
GEO_1969,2,1,GEO_PROXIMIDAD_TAXID,ALTA,False,1,1,0,0,0
GEO_1970,2,1,GEO_PROXIMIDAD_TAXID,ALTA,False,1,1,0,0,0
GEO_1971,2,1,GEO_PROXIMIDAD_TAXID,ALTA,False,1,1,0,0,0
GEO_1972,2,1,GEO_PROXIMIDAD_TAXID,ALTA,False,1,1,0,0,0
GEO_1973,2,1,GEO_PROXIMIDAD_TAXID,ALTA,False,1,1,0,0,0
GEO_1974,2,1,GEO_PROXIMIDAD_TAXID,ALTA,False,1,1,0,0,0
GEO_1975,2,1,GEO_PROXIMIDAD_TAXID,ALTA,False,1,1,0,1,1
GEO_1976,2,1,GEO_PROXIMIDAD_TAXID,ALTA,False,1,1,3,1,1
GEO_1977,2,1,GEO_PROXIMIDAD_TAXID,ALTA,False,1,1,0,0,0
GEO_1978,2,1,GEO_PROXIMIDAD_TAXID,ALTA,False,1,0,0,0,0
GEO_1979,2,1,GEO_PROXIMIDAD_TAXID,ALTA,False,1,0,0,0,0
GEO_1980,2,1,GEO_PROXIMIDAD_TAXID,ALTA,False,1,1,12,2,2
GEO_1981,2,1,GEO_PROXIMIDAD_TAXID,ALTA,False,1,1,1,1,1
GEO_1982,2,1,GEO_PROXIMIDAD_TAXID,ALTA,False,1,1,20,2,1
GEO_1983,2,1,GEO_PROXIMIDAD_TAXID,ALTA,False,1,1,20,2,1
GEO_1984,2,1,GEO_PROXIMIDAD_TAXID,ALTA,False,1,1,0,0,0
GEO_1985,2,1,GEO_PROXIMIDAD_TAXID,ALTA,False,1,1,0,0,0
GEO_1986,2,1,GEO_PROXIMIDAD_TAXID,ALTA,False,1,1,0,0,0
GEO_1987,2,1,GEO_PROXIMIDAD_TAXID,ALTA,False,1,1,5,1,1
GEO_1988,2,1,GEO_PROXIMIDAD_TAXID,ALTA,False,1,1,9,2,2
GEO_1989,2,1,GEO_PROXIMIDAD_TAXID,ALTA,False,1,0,0,0,0
GEO_1990,2,1,GEO_PROXIMIDAD_TAXID,ALTA,False,1,1,0,0,0
GEO_1991,2,1,GEO_PROXIMIDAD_TAXID,ALTA,False,1,1,0,0,0
GEO_1992,2,1,GEO_PROXIMIDAD_TAXID,ALTA,False,1,1,0,0,0
GEO_1993,2,1,GEO_PROXIMIDAD_TAXID,ALTA,False,1,0,0,0,0
GEO_1994,2,1,GEO_PROXIMIDAD_TAXID,ALTA,False,1,1,55,2,1
GEO_1995,2,1,GEO_PROXIMIDAD_TAXID,ALTA,False,1,1,0,0,0
GEO_1996,2,1,GEO_PROXIMIDAD_TAXID,ALTA,False,1,1,1,1,1
GEO_1997,2,1,GEO_PROXIMIDAD_TAXID,ALTA,False,1,0,0,2,2
GEO_1998,2,1,GEO_PROXIMIDAD_TAXID,ALTA,False,1,0,0,1,1
GEO_1999,2,1,GEO_PROXIMIDAD_TAXID,ALTA,False,1,1,0,0,0
GEO_2000,2,1,GEO_PROXIMIDAD_TAXID,ALTA,False,1,1,0,0,0
GEO_2001,2,1,GEO_PROXIMIDAD_TAXID,ALTA,False,1,1,0,0,0
GEO_2002,2,1,GEO_PROXIMIDAD_TAXID,ALTA,False,1,1,0,0,0
GEO_2003,3,1,GEO_PROXIMIDAD_TAXID,ALTA,False,1,0,0,0,0
GEO_2004,3,1,GEO_PROXIMIDAD_TAXID,ALTA,False,1,0,0,0,0
GEO_2005,3,1,GEO_PROXIMIDAD_TAXID,ALTA,False,1,0,0,0,0
GEO_2006,2,1,GEO_PROXIMIDAD_TAXID,ALTA,False,1,1,10,3,3
GEO_2007,2,1,GEO_PROXIMIDAD_TAXID,ALTA,False,1,1,0,0,0
GEO_2008,2,1,GEO_PROXIMIDAD_TAXID,ALTA,False,1,1,0,0,0
GEO_2009,2,1,GEO_PROXIMIDAD_TAXID,ALTA,False,1,1,0,0,0
GEO_2010,2,1,GEO_PROXIMIDAD_TAXID,ALTA,False,1,1,2,1,1
GEO_2011,2,1,GEO_PROXIMIDAD_TAXID,ALTA,False,1,1,55,5,3
GEO_2012,2,1,GEO_PROXIMIDAD_TAXID,ALTA,False,1,1,4,1,1
GEO_2013,2,1,GEO_PROXIMIDAD_TAXID,ALTA,False,1,1,4,1,1
GEO_2014,3,1,GEO_PROXIMIDAD_TAXID,ALTA,False,1,0,0,4,3
GEO_2015,3,1,GEO_PROXIMIDAD_TAXID,ALTA,False,1,0,0,0,0
GEO_2016,3,1,GEO_PROXIMIDAD_TAXID,ALTA,False,1,0,0,0,0
GEO_2017,2,1,GEO_PROXIMIDAD_TAXID,ALTA,False,1,1,0,0,0
GEO_2018,6,1,GEO_PROXIMIDAD_TAXID,ALTA,False,1,2,0,9,1
GEO_2019,2,1,GEO_PROXIMIDAD_TAXID,ALTA,False,1,2,0,2,1
GEO_2020,2,1,GEO_PROXIMIDAD_TAXID,ALTA,False,1,1,0,0,0
GEO_2021,2,1,GEO_PROXIMIDAD_TAXID,ALTA,False,1,1,0,3,1
GEO_2022,2,1,GEO_PROXIMIDAD_TAXID,ALTA,False,1,2,0,1,1
GEO_2023,4,1,GEO_PROXIMIDAD_TAXID,ALTA,False,1,2,19,3,2
GEO_2024,2,1,GEO_PROXIMIDAD_TAXID,ALTA,False,1,1,36,2,1
GEO_2025,2,1,GEO_PROXIMIDAD_TAXID,ALTA,False,1,1,0,1,1
GEO_2026,2,1,GEO_PROXIMIDAD_TAXID,ALTA,False,1,0,0,2,1
GEO_2027,2,1,GEO_PROXIMIDAD_TAXID,ALTA,False,1,1,0,0,0
GEO_2028,2,1,GEO_PROXIMIDAD_TAXID,ALTA,False,1,1,0,0,0
GEO_2029,2,1,GEO_PROXIMIDAD_TAXID,ALTA,False,1,1,0,0,0
GEO_2030,3,1,GEO_PROXIMIDAD_TAXID,ALTA,False,1,0,0,0,0
GEO_2031,3,1,GEO_PROXIMIDAD_TAXID,ALTA,False,1,0,0,0,0
GEO_2032,3,1,GEO_PROXIMIDAD_TAXID,ALTA,False,1,0,0,0,0
GEO_2033,3,1,GEO_PROXIMIDAD_TAXID,ALTA,False,1,0,0,0,0
GEO_2034,3,1,GEO_PROXIMIDAD_TAXID,ALTA,False,1,0,0,0,0
GEO_2035,3,1,GEO_PROXIMIDAD_TAXID,ALTA,False,1,0,0,0,0
GEO_2036,3,1,GEO_PROXIMIDAD_TAXID,ALTA,False,1,0,0,0,0
GEO_2037,3,1,GEO_PROXIMIDAD_TAXID,ALTA,False,1,0,0,0,0
GEO_2038,3,1,GEO_PROXIMIDAD_TAXID,ALTA,False,1,0,0,0,0
GEO_2039,3,1,GEO_PROXIMIDAD_TAXID,ALTA,False,1,0,0,0,0
GEO_2040,3,1,GEO_PROXIMIDAD_TAXID,ALTA,False,1,0,0,0,0
GEO_2041,3,1,GEO_PROXIMIDAD_TAXID,ALTA,False,1,0,0,0,0
GEO_2042,3,1,GEO_PROXIMIDAD_TAXID,ALTA,False,1,0,0,0,0
GEO_2043,3,1,GEO_PROXIMIDAD_TAXID,ALTA,False,1,0,0,0,0
GEO_2044,3,1,GEO_PROXIMIDAD_TAXID,ALTA,False,1,0,0,0,0
GEO_2045,3,1,GEO_PROXIMIDAD_TAXID,ALTA,False,1,0,0,0,0
GEO_2046,3,1,GEO_PROXIMIDAD_TAXID,ALTA,False,1,0,0,0,0
GEO_2047,3,1,GEO_PROXIMIDAD_TAXID,ALTA,False,1,0,0,0,0
GEO_2048,3,1,GEO_PROXIMIDAD_TAXID,ALTA,False,1,0,0,0,0
GEO_2049,3,1,GEO_PROXIMIDAD_TAXID,ALTA,False,1,0,0,0,0
GEO_2050,3,1,GEO_PROXIMIDAD_TAXID,ALTA,False,1,0,0,0,0
GEO_2051,3,1,GEO_PROXIMIDAD_TAXID,ALTA,False,1,0,0,0,0
GEO_2052,3,1,GEO_PROXIMIDAD_TAXID,ALTA,False,1,0,0,0,0
GEO_2053,3,1,GEO_PROXIMIDAD_TAXID,ALTA,False,1,0,0,0,0
GEO_2054,3,1,GEO_PROXIMIDAD_TAXID,ALTA,False,1,0,0,0,0
GEO_2055,3,1,GEO_PROXIMIDAD_TAXID,ALTA,False,1,0,0,0,0
GEO_2056,3,1,GEO_PROXIMIDAD_TAXID,ALTA,False,1,0,0,0,0
GEO_2057,3,1,GEO_PROXIMIDAD_TAXID,ALTA,False,1,0,0,0,0
GEO_2058,3,1,GEO_PROXIMIDAD_TAXID,ALTA,False,1,0,0,0,0
GEO_2059,3,1,GEO_PROXIMIDAD_TAXID,ALTA,False,1,0,0,0,0
GEO_2060,3,1,GEO_PROXIMIDAD_TAXID,ALTA,False,1,0,0,0,0
GEO_2061,3,1,GEO_PROXIMIDAD_TAXID,ALTA,False,1,0,0,0,0
GEO_2062,3,1,GEO_PROXIMIDAD_TAXID,ALTA,False,1,0,0,0,0
GEO_2063,3,1,GEO_PROXIMIDAD_TAXID,ALTA,False,1,0,0,0,0
GEO_2064,3,1,GEO_PROXIMIDAD_TAXID,ALTA,False,1,0,0,0,0
GEO_2065,3,1,GEO_PROXIMIDAD_TAXID,ALTA,False,1,0,0,0,0
GEO_2066,3,1,GEO_PROXIMIDAD_TAXID,ALTA,False,1,0,0,0,0
GEO_2067,3,1,GEO_PROXIMIDAD_TAXID,ALTA,False,1,0,0,0,0
GEO_2068,3,1,GEO_PROXIMIDAD_TAXID,ALTA,False,1,0,0,0,0
GEO_2069,3,1,GEO_PROXIMIDAD_TAXID,ALTA,False,1,0,0,0,0
GEO_2070,3,1,GEO_PROXIMIDAD_TAXID,ALTA,False,1,0,0,0,0
GEO_2071,3,1,GEO_PROXIMIDAD_TAXID,ALTA,False,1,0,0,0,0
GEO_2072,3,1,GEO_PROXIMIDAD_TAXID,ALTA,False,1,0,0,0,0
GEO_2073,3,1,GEO_PROXIMIDAD_TAXID,ALTA,False,1,0,0,0,0
GEO_2074,3,1,GEO_PROXIMIDAD_TAXID,ALTA,False,1,0,0,0,0
GEO_2075,3,1,GEO_PROXIMIDAD_TAXID,ALTA,False,1,0,0,0,0
GEO_2076,3,1,GEO_PROXIMIDAD_TAXID,ALTA,False,1,0,0,0,0
GEO_2077,2,1,GEO_PROXIMIDAD_TAXID,ALTA,False,1,0,0,0,0
GEO_2078,3,1,GEO_PROXIMIDAD_TAXID,ALTA,False,1,0,0,0,0
GEO_2079,3,1,GEO_PROXIMIDAD_TAXID,ALTA,False,1,0,0,0,0
GEO_2080,3,1,GEO_PROXIMIDAD_TAXID,ALTA,False,1,0,0,0,0
GEO_2081,3,1,GEO_PROXIMIDAD_TAXID,ALTA,False,1,0,0,0,0
GEO_2082,3,1,GEO_PROXIMIDAD_TAXID,ALTA,False,1,0,0,0,0
GEO_2083,3,1,GEO_PROXIMIDAD_TAXID,ALTA,False,1,0,0,0,0
GEO_2084,3,1,GEO_PROXIMIDAD_TAXID,ALTA,False,1,0,0,0,0
GEO_2085,3,1,GEO_PROXIMIDAD_TAXID,ALTA,False,1,0,0,0,0
GEO_2086,3,1,GEO_PROXIMIDAD_TAXID,ALTA,False,1,0,0,0,0
GEO_2087,3,1,GEO_PROXIMIDAD_TAXID,ALTA,False,1,0,0,0,0
GEO_2088,3,1,GEO_PROXIMIDAD_TAXID,ALTA,False,1,0,0,0,0
GEO_2089,3,1,GEO_PROXIMIDAD_TAXID,ALTA,False,1,0,0,0,0
GEO_2090,3,1,GEO_PROXIMIDAD_TAXID,ALTA,False,1,0,0,0,0
GEO_2091,3,1,GEO_PROXIMIDAD_TAXID,ALTA,False,1,0,0,0,0
GEO_2092,3,1,GEO_PROXIMIDAD_TAXID,ALTA,False,1,0,0,0,0
GEO_2093,3,1,GEO_PROXIMIDAD_TAXID,ALTA,False,1,0,0,0,0
GEO_2094,3,1,GEO_PROXIMIDAD_TAXID,ALTA,False,1,0,0,0,0
GEO_2095,3,1,GEO_PROXIMIDAD_TAXID,ALTA,False,1,0,0,0,0
GEO_2096,3,1,GEO_PROXIMIDAD_TAXID,ALTA,False,1,0,0,0,0
GEO_2097,3,1,GEO_PROXIMIDAD_TAXID,ALTA,False,1,0,0,0,0
GEO_2098,3,1,GEO_PROXIMIDAD_TAXID,ALTA,False,1,0,0,0,0
GEO_2099,3,1,GEO_PROXIMIDAD_TAXID,ALTA,False,1,0,0,0,0
GEO_2100,3,1,GEO_PROXIMIDAD_TAXID,ALTA,False,1,0,0,0,0
GEO_2101,3,1,GEO_PROXIMIDAD_TAXID,ALTA,False,1,0,0,0,0
GEO_2102,3,1,GEO_PROXIMIDAD_TAXID,ALTA,False,1,0,0,0,0
GEO_2103,3,1,GEO_PROXIMIDAD_TAXID,ALTA,False,1,0,0,0,0
GEO_2104,3,1,GEO_PROXIMIDAD_TAXID,ALTA,False,1,0,0,0,0
GEO_2105,3,1,GEO_PROXIMIDAD_TAXID,ALTA,False,1,0,0,0,0
GEO_2106,3,1,GEO_PROXIMIDAD_TAXID,ALTA,False,1,0,0,0,0
GEO_2107,3,1,GEO_PROXIMIDAD_TAXID,ALTA,False,1,0,0,0,0
GEO_2108,3,1,GEO_PROXIMIDAD_TAXID,ALTA,False,1,0,0,0,0
GEO_2109,3,1,GEO_PROXIMIDAD_TAXID,ALTA,False,1,0,0,0,0
GEO_2110,3,1,GEO_PROXIMIDAD_TAXID,ALTA,False,1,0,0,0,0
GEO_2111,3,1,GEO_PROXIMIDAD_TAXID,ALTA,False,1,0,0,0,0
GEO_2112,3,1,GEO_PROXIMIDAD_TAXID,ALTA,False,1,0,0,0,0
GEO_2113,3,1,GEO_PROXIMIDAD_TAXID,ALTA,False,1,0,0,0,0
GEO_2114,3,1,GEO_PROXIMIDAD_TAXID,ALTA,False,1,0,0,0,0
GEO_2115,3,1,GEO_PROXIMIDAD_TAXID,ALTA,False,1,0,0,0,0
GEO_2116,3,1,GEO_PROXIMIDAD_TAXID,ALTA,False,1,0,0,0,0
GEO_2117,3,1,GEO_PROXIMIDAD_TAXID,ALTA,False,1,0,0,2,2
GEO_2118,3,1,GEO_PROXIMIDAD_TAXID,ALTA,False,1,0,0,0,0
GEO_2119,3,1,GEO_PROXIMIDAD_TAXID,ALTA,False,1,0,0,0,0
GEO_2120,3,1,GEO_PROXIMIDAD_TAXID,ALTA,False,1,0,0,0,0
GEO_2121,3,1,GEO_PROXIMIDAD_TAXID,ALTA,False,1,0,0,0,0
GEO_2122,3,1,GEO_PROXIMIDAD_TAXID,ALTA,False,1,0,0,0,0
GEO_2123,3,1,GEO_PROXIMIDAD_TAXID,ALTA,False,1,0,0,0,0
GEO_2124,3,1,GEO_PROXIMIDAD_TAXID,ALTA,False,1,0,0,0,0
GEO_2125,3,1,GEO_PROXIMIDAD_TAXID,ALTA,False,1,0,0,0,0
GEO_2126,3,1,GEO_PROXIMIDAD_TAXID,ALTA,False,1,0,0,0,0
GEO_2127,3,1,GEO_PROXIMIDAD_TAXID,ALTA,False,1,0,0,2,1
GEO_2128,3,1,GEO_PROXIMIDAD_TAXID,ALTA,False,1,0,0,0,0
GEO_2129,3,1,GEO_PROXIMIDAD_TAXID,ALTA,False,1,0,0,0,0
GEO_2130,3,1,GEO_PROXIMIDAD_TAXID,ALTA,False,1,0,0,0,0
GEO_2131,3,1,GEO_PROXIMIDAD_TAXID,ALTA,False,1,0,0,0,0
GEO_2132,3,1,GEO_PROXIMIDAD_TAXID,ALTA,False,1,0,0,0,0
GEO_2133,3,1,GEO_PROXIMIDAD_TAXID,ALTA,False,1,0,0,0,0
GEO_2134,3,1,GEO_PROXIMIDAD_TAXID,ALTA,False,1,0,0,0,0
GEO_2135,3,1,GEO_PROXIMIDAD_TAXID,ALTA,False,1,0,0,0,0
GEO_2136,3,1,GEO_PROXIMIDAD_TAXID,ALTA,False,1,0,0,0,0
GEO_2137,3,1,GEO_PROXIMIDAD_TAXID,ALTA,False,1,0,0,0,0
GEO_2138,3,1,GEO_PROXIMIDAD_TAXID,ALTA,False,1,0,0,0,0
GEO_2139,3,1,GEO_PROXIMIDAD_TAXID,ALTA,False,1,0,0,0,0
GEO_2140,3,1,GEO_PROXIMIDAD_TAXID,ALTA,False,1,0,0,0,0
GEO_2141,3,1,GEO_PROXIMIDAD_TAXID,ALTA,False,1,0,0,0,0
GEO_2142,3,1,GEO_PROXIMIDAD_TAXID,ALTA,False,1,0,0,0,0
GEO_2143,3,1,GEO_PROXIMIDAD_TAXID,ALTA,False,1,0,0,0,0
GEO_2144,3,1,GEO_PROXIMIDAD_TAXID,ALTA,False,1,0,0,0,0
GEO_2145,3,1,GEO_PROXIMIDAD_TAXID,ALTA,False,1,0,0,0,0
GEO_2146,3,1,GEO_PROXIMIDAD_TAXID,ALTA,False,1,0,0,0,0
GEO_2147,3,1,GEO_PROXIMIDAD_TAXID,ALTA,False,1,0,0,0,0
GEO_2148,3,1,GEO_PROXIMIDAD_TAXID,ALTA,False,1,0,0,0,0
GEO_2149,3,1,GEO_PROXIMIDAD_TAXID,ALTA,False,1,0,0,0,0
GEO_2150,3,1,GEO_PROXIMIDAD_TAXID,ALTA,False,1,0,0,0,0
GEO_2151,3,1,GEO_PROXIMIDAD_TAXID,ALTA,False,1,0,0,0,0
GEO_2152,3,1,GEO_PROXIMIDAD_TAXID,ALTA,False,1,0,0,0,0
GEO_2153,3,1,GEO_PROXIMIDAD_TAXID,ALTA,False,1,0,0,0,0
GEO_2154,3,1,GEO_PROXIMIDAD_TAXID,ALTA,False,1,0,0,0,0
GEO_2155,3,1,GEO_PROXIMIDAD_TAXID,ALTA,False,1,0,0,0,0
GEO_2156,3,1,GEO_PROXIMIDAD_TAXID,ALTA,False,1,0,0,0,0
GEO_2157,3,1,GEO_PROXIMIDAD_TAXID,ALTA,False,1,0,0,0,0
GEO_2158,3,1,GEO_PROXIMIDAD_TAXID,ALTA,False,1,0,0,0,0
GEO_2159,3,1,GEO_PROXIMIDAD_TAXID,ALTA,False,1,0,0,0,0
GEO_2160,3,1,GEO_PROXIMIDAD_TAXID,ALTA,False,1,0,0,0,0
GEO_2161,3,1,GEO_PROXIMIDAD_TAXID,ALTA,False,1,0,0,0,0
GEO_2162,3,1,GEO_PROXIMIDAD_TAXID,ALTA,False,1,0,0,0,0
GEO_2163,3,1,GEO_PROXIMIDAD_TAXID,ALTA,False,1,0,0,0,0
GEO_2164,3,1,GEO_PROXIMIDAD_TAXID,ALTA,False,1,0,0,0,0
GEO_2165,3,1,GEO_PROXIMIDAD_TAXID,ALTA,False,1,0,0,0,0
GEO_2166,3,1,GEO_PROXIMIDAD_TAXID,ALTA,False,1,0,0,0,0
GEO_2167,3,1,GEO_PROXIMIDAD_TAXID,ALTA,False,1,0,0,0,0
GEO_2168,3,1,GEO_PROXIMIDAD_TAXID,ALTA,False,1,0,0,0,0
GEO_2169,3,1,GEO_PROXIMIDAD_TAXID,ALTA,False,1,0,0,1,1
GEO_2170,3,1,GEO_PROXIMIDAD_TAXID,ALTA,False,1,0,0,1,1
GEO_2171,3,1,GEO_PROXIMIDAD_TAXID,ALTA,False,1,0,0,1,1
GEO_2172,3,1,GEO_PROXIMIDAD_TAXID,ALTA,False,1,0,0,1,1
GEO_2173,3,1,GEO_PROXIMIDAD_TAXID,ALTA,False,1,0,0,1,1
GEO_2174,3,1,GEO_PROXIMIDAD_TAXID,ALTA,False,1,0,0,0,0
GEO_2175,3,1,GEO_PROXIMIDAD_TAXID,ALTA,False,1,0,0,0,0
GEO_2176,3,1,GEO_PROXIMIDAD_TAXID,ALTA,False,1,0,0,0,0
GEO_2177,3,1,GEO_PROXIMIDAD_TAXID,ALTA,False,1,0,0,0,0
GEO_2178,3,1,GEO_PROXIMIDAD_TAXID,ALTA,False,1,0,0,0,0
GEO_2179,6,1,GEO_PROXIMIDAD_TAXID,ALTA,False,1,0,0,0,0
GEO_2180,6,1,GEO_PROXIMIDAD_TAXID,ALTA,False,1,0,0,0,0
GEO_2181,3,1,GEO_PROXIMIDAD_TAXID,ALTA,False,1,0,0,0,0
GEO_2182,3,1,GEO_PROXIMIDAD_TAXID,ALTA,False,1,0,0,0,0
GEO_2183,3,1,GEO_PROXIMIDAD_TAXID,ALTA,False,1,0,0,0,0
GEO_2184,3,1,GEO_PROXIMIDAD_TAXID,ALTA,False,1,0,0,1,1
GEO_2185,3,1,GEO_PROXIMIDAD_TAXID,ALTA,False,1,0,0,0,0
GEO_2186,3,1,GEO_PROXIMIDAD_TAXID,ALTA,False,1,0,0,0,0
GEO_2187,3,1,GEO_PROXIMIDAD_TAXID,ALTA,False,1,0,0,0,0
GEO_2188,3,1,GEO_PROXIMIDAD_TAXID,ALTA,False,1,0,0,0,0
GEO_2189,3,1,GEO_PROXIMIDAD_TAXID,ALTA,False,1,0,0,0,0
GEO_2190,3,1,GEO_PROXIMIDAD_TAXID,ALTA,False,1,0,0,0,0
GEO_2191,3,1,GEO_PROXIMIDAD_TAXID,ALTA,False,1,0,0,0,0
GEO_2192,3,1,GEO_PROXIMIDAD_TAXID,ALTA,False,1,0,0,0,0
GEO_2193,3,1,GEO_PROXIMIDAD_TAXID,ALTA,False,1,0,0,0,0
GEO_2194,3,1,GEO_PROXIMIDAD_TAXID,ALTA,False,1,0,0,0,0
GEO_2195,3,1,GEO_PROXIMIDAD_TAXID,ALTA,False,1,0,0,0,0
GEO_2196,3,1,GEO_PROXIMIDAD_TAXID,ALTA,False,1,0,0,0,0
GEO_2197,3,1,GEO_PROXIMIDAD_TAXID,ALTA,False,1,0,0,0,0
GEO_2198,3,1,GEO_PROXIMIDAD_TAXID,ALTA,False,1,0,0,0,0
GEO_2199,3,1,GEO_PROXIMIDAD_TAXID,ALTA,False,1,0,0,0,0
GEO_2200,3,1,GEO_PROXIMIDAD_TAXID,ALTA,False,1,0,0,0,0
GEO_2201,3,1,GEO_PROXIMIDAD_TAXID,ALTA,False,1,0,0,0,0
GEO_2202,3,1,GEO_PROXIMIDAD_TAXID,ALTA,False,1,0,0,0,0
GEO_2203,3,1,GEO_PROXIMIDAD_TAXID,ALTA,False,1,0,0,0,0
GEO_2204,3,1,GEO_PROXIMIDAD_TAXID,ALTA,False,1,0,0,0,0
GEO_2205,3,1,GEO_PROXIMIDAD_TAXID,ALTA,False,1,0,0,0,0
GEO_2206,3,1,GEO_PROXIMIDAD_TAXID,ALTA,False,1,0,0,0,0
GEO_2207,3,1,GEO_PROXIMIDAD_TAXID,ALTA,False,1,0,0,0,0
GEO_2208,3,1,GEO_PROXIMIDAD_TAXID,ALTA,False,1,0,0,0,0
GEO_2209,3,1,GEO_PROXIMIDAD_TAXID,ALTA,False,1,0,0,0,0
GEO_2210,3,1,GEO_PROXIMIDAD_TAXID,ALTA,False,1,0,0,0,0
GEO_2211,3,1,GEO_PROXIMIDAD_TAXID,ALTA,False,1,0,0,0,0
GEO_2212,3,1,GEO_PROXIMIDAD_TAXID,ALTA,False,1,0,0,0,0
GEO_2213,3,1,GEO_PROXIMIDAD_TAXID,ALTA,False,1,0,0,0,0
GEO_2214,3,1,GEO_PROXIMIDAD_TAXID,ALTA,False,1,0,0,0,0
GEO_2215,3,1,GEO_PROXIMIDAD_TAXID,ALTA,False,1,0,0,0,0
GEO_2216,3,1,GEO_PROXIMIDAD_TAXID,ALTA,False,1,0,0,0,0
GEO_2217,3,1,GEO_PROXIMIDAD_TAXID,ALTA,False,1,0,0,0,0
GEO_2218,3,1,GEO_PROXIMIDAD_TAXID,ALTA,False,1,0,0,0,0
GEO_2219,3,1,GEO_PROXIMIDAD_TAXID,ALTA,False,1,0,0,0,0
GEO_2220,3,1,GEO_PROXIMIDAD_TAXID,ALTA,False,1,0,0,0,0
GEO_2221,3,1,GEO_PROXIMIDAD_TAXID,ALTA,False,1,0,0,0,0
GEO_2222,3,1,GEO_PROXIMIDAD_TAXID,ALTA,False,1,0,0,0,0
GEO_2223,3,1,GEO_PROXIMIDAD_TAXID,ALTA,False,1,0,0,0,0
GEO_2224,3,1,GEO_PROXIMIDAD_TAXID,ALTA,False,1,0,0,0,0
GEO_2225,3,1,GEO_PROXIMIDAD_TAXID,ALTA,False,1,0,0,0,0
GEO_2226,3,1,GEO_PROXIMIDAD_TAXID,ALTA,False,1,0,0,0,0
GEO_2227,3,1,GEO_PROXIMIDAD_TAXID,ALTA,False,1,0,0,0,0
GEO_2228,3,1,GEO_PROXIMIDAD_TAXID,ALTA,False,1,0,0,0,0
GEO_2229,3,1,GEO_PROXIMIDAD_TAXID,ALTA,False,1,0,0,0,0
GEO_2230,3,1,GEO_PROXIMIDAD_TAXID,ALTA,False,1,0,0,0,0
GEO_2231,3,1,GEO_PROXIMIDAD_TAXID,ALTA,False,1,0,0,0,0
GEO_2232,3,1,GEO_PROXIMIDAD_TAXID,ALTA,False,1,0,0,0,0
GEO_2233,3,1,GEO_PROXIMIDAD_TAXID,ALTA,False,1,0,0,0,0
GEO_2234,3,1,GEO_PROXIMIDAD_TAXID,ALTA,False,1,0,0,0,0
GEO_2235,3,1,GEO_PROXIMIDAD_TAXID,ALTA,False,1,0,0,0,0
GEO_2236,3,1,GEO_PROXIMIDAD_TAXID,ALTA,False,1,0,0,0,0
GEO_2237,3,1,GEO_PROXIMIDAD_TAXID,ALTA,False,1,0,0,0,0
GEO_2238,3,1,GEO_PROXIMIDAD_TAXID,ALTA,False,1,0,0,0,0
GEO_2239,3,1,GEO_PROXIMIDAD_TAXID,ALTA,False,1,0,0,0,0
GEO_2240,3,1,GEO_PROXIMIDAD_TAXID,ALTA,False,1,0,0,0,0
GEO_2241,3,1,GEO_PROXIMIDAD_TAXID,ALTA,False,1,0,0,0,0
GEO_2242,3,1,GEO_PROXIMIDAD_TAXID,ALTA,False,1,0,0,0,0
GEO_2243,3,1,GEO_PROXIMIDAD_TAXID,ALTA,False,1,0,0,0,0
GEO_2244,3,1,GEO_PROXIMIDAD_TAXID,ALTA,False,1,0,0,0,0
GEO_2245,3,1,GEO_PROXIMIDAD_TAXID,ALTA,False,1,0,0,0,0
GEO_2246,3,1,GEO_PROXIMIDAD_TAXID,ALTA,False,1,0,0,0,0
GEO_2247,3,1,GEO_PROXIMIDAD_TAXID,ALTA,False,1,0,0,0,0
GEO_2248,3,1,GEO_PROXIMIDAD_TAXID,ALTA,False,1,0,0,0,0
GEO_2249,3,1,GEO_PROXIMIDAD_TAXID,ALTA,False,1,0,0,0,0
GEO_2250,3,1,GEO_PROXIMIDAD_TAXID,ALTA,False,1,0,0,0,0
GEO_2251,3,1,GEO_PROXIMIDAD_TAXID,ALTA,False,1,0,0,0,0
GEO_2252,3,1,GEO_PROXIMIDAD_TAXID,ALTA,False,1,0,0,0,0
GEO_2253,3,1,GEO_PROXIMIDAD_TAXID,ALTA,False,1,0,0,0,0
GEO_2254,3,1,GEO_PROXIMIDAD_TAXID,ALTA,False,1,0,0,0,0
GEO_2255,3,1,GEO_PROXIMIDAD_TAXID,ALTA,False,1,0,0,0,0
GEO_2256,3,1,GEO_PROXIMIDAD_TAXID,ALTA,False,1,0,0,0,0
GEO_2257,3,1,GEO_PROXIMIDAD_TAXID,ALTA,False,1,0,0,0,0
GEO_2258,3,1,GEO_PROXIMIDAD_TAXID,ALTA,False,1,0,0,0,0
GEO_2259,3,1,GEO_PROXIMIDAD_TAXID,ALTA,False,1,0,0,0,0
GEO_2260,3,1,GEO_PROXIMIDAD_TAXID,ALTA,False,1,0,0,0,0
GEO_2261,3,1,GEO_PROXIMIDAD_TAXID,ALTA,False,1,0,0,0,0
GEO_2262,3,1,GEO_PROXIMIDAD_TAXID,ALTA,False,1,0,0,0,0
GEO_2263,3,1,GEO_PROXIMIDAD_TAXID,ALTA,False,1,0,0,0,0
GEO_2264,3,1,GEO_PROXIMIDAD_TAXID,ALTA,False,1,0,0,0,0
GEO_2265,3,1,GEO_PROXIMIDAD_TAXID,ALTA,False,1,0,0,0,0
GEO_2266,3,1,GEO_PROXIMIDAD_TAXID,ALTA,False,1,0,0,0,0
GEO_2267,3,1,GEO_PROXIMIDAD_TAXID,ALTA,False,1,0,0,0,0
GEO_2268,3,1,GEO_PROXIMIDAD_TAXID,ALTA,False,1,0,0,0,0
GEO_2269,3,1,GEO_PROXIMIDAD_TAXID,ALTA,False,1,0,0,0,0
GEO_2270,3,1,GEO_PROXIMIDAD_TAXID,ALTA,False,1,0,0,0,0
GEO_2271,3,1,GEO_PROXIMIDAD_TAXID,ALTA,False,1,0,0,0,0
GEO_2272,3,1,GEO_PROXIMIDAD_TAXID,ALTA,False,1,0,0,0,0
GEO_2273,3,1,GEO_PROXIMIDAD_TAXID,ALTA,False,1,0,0,0,0
GEO_2274,3,1,GEO_PROXIMIDAD_TAXID,ALTA,False,1,0,0,0,0
GEO_2275,3,1,GEO_PROXIMIDAD_TAXID,ALTA,False,1,0,0,0,0
GEO_2276,3,1,GEO_PROXIMIDAD_TAXID,ALTA,False,1,0,0,0,0
GEO_2277,3,1,GEO_PROXIMIDAD_TAXID,ALTA,False,1,0,0,0,0
GEO_2278,3,1,GEO_PROXIMIDAD_TAXID,ALTA,False,1,0,0,0,0
GEO_2279,3,1,GEO_PROXIMIDAD_TAXID,ALTA,False,1,0,0,0,0
GEO_2280,3,1,GEO_PROXIMIDAD_TAXID,ALTA,False,1,0,0,0,0
GEO_2281,3,1,GEO_PROXIMIDAD_TAXID,ALTA,False,1,0,0,0,0
GEO_2282,3,1,GEO_PROXIMIDAD_TAXID,ALTA,False,1,0,0,0,0
GEO_2283,3,1,GEO_PROXIMIDAD_TAXID,ALTA,False,1,0,0,0,0
GEO_2284,3,1,GEO_PROXIMIDAD_TAXID,ALTA,False,1,0,0,0,0
GEO_2285,3,1,GEO_PROXIMIDAD_TAXID,ALTA,False,1,0,0,0,0
GEO_2286,3,1,GEO_PROXIMIDAD_TAXID,ALTA,False,1,0,0,0,0
GEO_2287,3,1,GEO_PROXIMIDAD_TAXID,ALTA,False,1,0,0,1,1
GEO_2288,3,1,GEO_PROXIMIDAD_TAXID,ALTA,False,1,0,0,0,0
GEO_2289,3,1,GEO_PROXIMIDAD_TAXID,ALTA,False,1,0,0,0,0
GEO_2290,3,1,GEO_PROXIMIDAD_TAXID,ALTA,False,1,0,0,0,0
GEO_2291,3,1,GEO_PROXIMIDAD_TAXID,ALTA,False,1,0,0,0,0
GEO_2292,3,1,GEO_PROXIMIDAD_TAXID,ALTA,False,1,0,0,0,0
GEO_2293,3,1,GEO_PROXIMIDAD_TAXID,ALTA,False,1,0,0,0,0
GEO_2294,3,1,GEO_PROXIMIDAD_TAXID,ALTA,False,1,0,0,0,0
GEO_2295,3,1,GEO_PROXIMIDAD_TAXID,ALTA,False,1,0,0,0,0
GEO_2296,3,1,GEO_PROXIMIDAD_TAXID,ALTA,False,1,0,0,0,0
GEO_2297,3,1,GEO_PROXIMIDAD_TAXID,ALTA,False,1,0,0,0,0
GEO_2298,3,1,GEO_PROXIMIDAD_TAXID,ALTA,False,1,0,0,0,0
GEO_2299,3,1,GEO_PROXIMIDAD_TAXID,ALTA,False,1,0,0,0,0
GEO_2300,3,1,GEO_PROXIMIDAD_TAXID,ALTA,False,1,0,0,0,0
GEO_2301,3,1,GEO_PROXIMIDAD_TAXID,ALTA,False,1,0,0,0,0
GEO_2302,3,1,GEO_PROXIMIDAD_TAXID,ALTA,False,1,0,0,0,0
GEO_2303,3,1,GEO_PROXIMIDAD_TAXID,ALTA,False,1,0,0,0,0
GEO_2304,3,1,GEO_PROXIMIDAD_TAXID,ALTA,False,1,0,0,0,0
GEO_2305,3,1,GEO_PROXIMIDAD_TAXID,ALTA,False,1,0,0,0,0
GEO_2306,3,1,GEO_PROXIMIDAD_TAXID,ALTA,False,1,0,0,0,0
GEO_2307,3,1,GEO_PROXIMIDAD_TAXID,ALTA,False,1,0,0,4,3
GEO_2308,3,1,GEO_PROXIMIDAD_TAXID,ALTA,False,1,0,0,4,3
GEO_2309,3,1,GEO_PROXIMIDAD_TAXID,ALTA,False,1,0,0,0,0
GEO_2310,3,1,GEO_PROXIMIDAD_TAXID,ALTA,False,1,0,0,0,0
GEO_2311,3,1,GEO_PROXIMIDAD_TAXID,ALTA,False,1,0,0,0,0
GEO_2312,3,1,GEO_PROXIMIDAD_TAXID,ALTA,False,1,0,0,0,0
GEO_2313,3,1,GEO_PROXIMIDAD_TAXID,ALTA,False,1,0,0,0,0
GEO_2314,3,1,GEO_PROXIMIDAD_TAXID,ALTA,False,1,0,0,0,0
GEO_2315,3,1,GEO_PROXIMIDAD_TAXID,ALTA,False,1,0,0,0,0
GEO_2316,3,1,GEO_PROXIMIDAD_TAXID,ALTA,False,1,0,0,0,0
GEO_2317,3,1,GEO_PROXIMIDAD_TAXID,ALTA,False,1,0,0,0,0
GEO_2318,3,1,GEO_PROXIMIDAD_TAXID,ALTA,False,1,0,0,0,0
GEO_2319,3,1,GEO_PROXIMIDAD_TAXID,ALTA,False,1,0,0,0,0
GEO_2320,3,1,GEO_PROXIMIDAD_TAXID,ALTA,False,1,0,0,0,0
GEO_2321,3,1,GEO_PROXIMIDAD_TAXID,ALTA,False,1,0,0,0,0
GEO_2322,3,1,GEO_PROXIMIDAD_TAXID,ALTA,False,1,0,0,0,0
GEO_2323,3,1,GEO_PROXIMIDAD_TAXID,ALTA,False,1,0,0,0,0
GEO_2324,3,1,GEO_PROXIMIDAD_TAXID,ALTA,False,1,0,0,0,0
GEO_2325,3,1,GEO_PROXIMIDAD_TAXID,ALTA,False,1,0,0,0,0
GEO_2326,3,1,GEO_PROXIMIDAD_TAXID,ALTA,False,1,0,0,0,0
GEO_2327,3,1,GEO_PROXIMIDAD_TAXID,ALTA,False,1,0,0,0,0
GEO_2328,3,1,GEO_PROXIMIDAD_TAXID,ALTA,False,1,0,0,0,0
GEO_2329,3,1,GEO_PROXIMIDAD_TAXID,ALTA,False,1,0,0,0,0
GEO_2330,3,1,GEO_PROXIMIDAD_TAXID,ALTA,False,1,0,0,0,0
GEO_2331,3,1,GEO_PROXIMIDAD_TAXID,ALTA,False,1,0,0,2,1
GEO_2332,3,1,GEO_PROXIMIDAD_TAXID,ALTA,False,1,0,0,2,1
GEO_2333,3,1,GEO_PROXIMIDAD_TAXID,ALTA,False,1,0,0,0,0
GEO_2334,3,1,GEO_PROXIMIDAD_TAXID,ALTA,False,1,0,0,0,0
GEO_2335,3,1,GEO_PROXIMIDAD_TAXID,ALTA,False,1,0,0,0,0
GEO_2336,3,1,GEO_PROXIMIDAD_TAXID,ALTA,False,1,0,0,0,0
GEO_2337,3,1,GEO_PROXIMIDAD_TAXID,ALTA,False,1,0,0,0,0
GEO_2338,3,1,GEO_PROXIMIDAD_TAXID,ALTA,False,1,0,0,0,0
GEO_2339,3,1,GEO_PROXIMIDAD_TAXID,ALTA,False,1,0,0,0,0
GEO_2340,3,1,GEO_PROXIMIDAD_TAXID,ALTA,False,1,0,0,0,0
GEO_2341,3,1,GEO_PROXIMIDAD_TAXID,ALTA,False,1,0,0,0,0
GEO_2342,3,1,GEO_PROXIMIDAD_TAXID,ALTA,False,1,0,0,0,0
GEO_2343,3,1,GEO_PROXIMIDAD_TAXID,ALTA,False,1,0,0,0,0
GEO_2344,3,1,GEO_PROXIMIDAD_TAXID,ALTA,False,1,0,0,0,0
GEO_2345,3,1,GEO_PROXIMIDAD_TAXID,ALTA,False,1,0,0,0,0
GEO_2346,3,1,GEO_PROXIMIDAD_TAXID,ALTA,False,1,0,0,0,0
GEO_2347,3,1,GEO_PROXIMIDAD_TAXID,ALTA,False,1,0,0,0,0
GEO_2348,3,1,GEO_PROXIMIDAD_TAXID,ALTA,False,1,0,0,0,0
GEO_2349,3,1,GEO_PROXIMIDAD_TAXID,ALTA,False,1,0,0,0,0
GEO_2350,3,1,GEO_PROXIMIDAD_TAXID,ALTA,False,1,0,0,0,0
GEO_2351,3,1,GEO_PROXIMIDAD_TAXID,ALTA,False,1,0,0,0,0
GEO_2352,3,1,GEO_PROXIMIDAD_TAXID,ALTA,False,1,0,0,0,0
GEO_2353,3,1,GEO_PROXIMIDAD_TAXID,ALTA,False,1,0,0,0,0
GEO_2354,3,1,GEO_PROXIMIDAD_TAXID,ALTA,False,1,0,0,0,0
GEO_2355,3,1,GEO_PROXIMIDAD_TAXID,ALTA,False,1,0,0,0,0
GEO_2356,3,1,GEO_PROXIMIDAD_TAXID,ALTA,False,1,0,0,0,0
GEO_2357,3,1,GEO_PROXIMIDAD_TAXID,ALTA,False,1,0,0,0,0
GEO_2358,3,1,GEO_PROXIMIDAD_TAXID,ALTA,False,1,0,0,0,0
GEO_2359,3,1,GEO_PROXIMIDAD_TAXID,ALTA,False,1,0,0,0,0
GEO_2360,3,1,GEO_PROXIMIDAD_TAXID,ALTA,False,1,0,0,0,0
GEO_2361,3,1,GEO_PROXIMIDAD_TAXID,ALTA,False,1,0,0,0,0
GEO_2362,3,1,GEO_PROXIMIDAD_TAXID,ALTA,False,1,0,0,0,0
GEO_2363,3,1,GEO_PROXIMIDAD_TAXID,ALTA,False,1,0,0,0,0
GEO_2364,3,1,GEO_PROXIMIDAD_TAXID,ALTA,False,1,0,0,0,0
GEO_2365,3,1,GEO_PROXIMIDAD_TAXID,ALTA,False,1,0,0,0,0
GEO_2366,3,1,GEO_PROXIMIDAD_TAXID,ALTA,False,1,0,0,0,0
GEO_2367,3,1,GEO_PROXIMIDAD_TAXID,ALTA,False,1,0,0,0,0
GEO_2368,3,1,GEO_PROXIMIDAD_TAXID,ALTA,False,1,0,0,0,0
GEO_2369,3,1,GEO_PROXIMIDAD_TAXID,ALTA,False,1,0,0,0,0
GEO_2370,3,1,GEO_PROXIMIDAD_TAXID,ALTA,False,1,0,0,0,0
GEO_2371,3,1,GEO_PROXIMIDAD_TAXID,ALTA,False,1,0,0,0,0
GEO_2372,3,1,GEO_PROXIMIDAD_TAXID,ALTA,False,1,0,0,0,0
GEO_2373,3,1,GEO_PROXIMIDAD_TAXID,ALTA,False,1,0,0,0,0
GEO_2374,3,1,GEO_PROXIMIDAD_TAXID,ALTA,False,1,0,0,0,0
GEO_2375,3,1,GEO_PROXIMIDAD_TAXID,ALTA,False,1,0,0,0,0
GEO_2376,3,1,GEO_PROXIMIDAD_TAXID,ALTA,False,1,0,0,0,0
GEO_2377,3,1,GEO_PROXIMIDAD_TAXID,ALTA,False,1,0,0,0,0
GEO_2378,3,1,GEO_PROXIMIDAD_TAXID,ALTA,False,1,0,0,0,0
GEO_2379,3,1,GEO_PROXIMIDAD_TAXID,ALTA,False,1,0,0,0,0
GEO_2380,3,1,GEO_PROXIMIDAD_TAXID,ALTA,False,1,0,0,0,0
GEO_2381,3,1,GEO_PROXIMIDAD_TAXID,ALTA,False,1,0,0,0,0
GEO_2382,3,1,GEO_PROXIMIDAD_TAXID,ALTA,False,1,0,0,0,0
GEO_2383,3,1,GEO_PROXIMIDAD_TAXID,ALTA,False,1,0,0,0,0
GEO_2384,3,1,GEO_PROXIMIDAD_TAXID,ALTA,False,1,0,0,0,0
GEO_2385,3,1,GEO_PROXIMIDAD_TAXID,ALTA,False,1,0,0,0,0
GEO_2386,3,1,GEO_PROXIMIDAD_TAXID,ALTA,False,1,0,0,1,1
GEO_2387,3,1,GEO_PROXIMIDAD_TAXID,ALTA,False,1,0,0,0,0
GEO_2388,3,1,GEO_PROXIMIDAD_TAXID,ALTA,False,1,0,0,1,1
GEO_2389,3,1,GEO_PROXIMIDAD_TAXID,ALTA,False,1,0,0,0,0
GEO_2390,3,1,GEO_PROXIMIDAD_TAXID,ALTA,False,1,0,0,0,0
GEO_2391,3,1,GEO_PROXIMIDAD_TAXID,ALTA,False,1,0,0,0,0
GEO_2392,3,1,GEO_PROXIMIDAD_TAXID,ALTA,False,1,0,0,0,0
GEO_2393,3,1,GEO_PROXIMIDAD_TAXID,ALTA,False,1,0,0,0,0
GEO_2394,3,1,GEO_PROXIMIDAD_TAXID,ALTA,False,1,0,0,0,0
GEO_2395,3,1,GEO_PROXIMIDAD_TAXID,ALTA,False,1,0,0,0,0
GEO_2396,3,1,GEO_PROXIMIDAD_TAXID,ALTA,False,1,0,0,0,0
GEO_2397,3,1,GEO_PROXIMIDAD_TAXID,ALTA,False,1,0,0,0,0
GEO_2398,3,1,GEO_PROXIMIDAD_TAXID,ALTA,False,1,0,0,0,0
GEO_2399,3,1,GEO_PROXIMIDAD_TAXID,ALTA,False,1,0,0,0,0
GEO_2400,3,1,GEO_PROXIMIDAD_TAXID,ALTA,False,1,0,0,0,0
GEO_2401,3,1,GEO_PROXIMIDAD_TAXID,ALTA,False,1,0,0,0,0
GEO_2402,3,1,GEO_PROXIMIDAD_TAXID,ALTA,False,1,0,0,0,0
GEO_2403,3,1,GEO_PROXIMIDAD_TAXID,ALTA,False,1,0,0,0,0
GEO_2404,3,1,GEO_PROXIMIDAD_TAXID,ALTA,False,1,0,0,0,0
GEO_2405,3,1,GEO_PROXIMIDAD_TAXID,ALTA,False,1,0,0,0,0
GEO_2406,3,1,GEO_PROXIMIDAD_TAXID,ALTA,False,1,0,0,0,0
GEO_2407,3,1,GEO_PROXIMIDAD_TAXID,ALTA,False,1,0,0,0,0
GEO_2408,3,1,GEO_PROXIMIDAD_TAXID,ALTA,False,1,0,0,1,1
GEO_2409,3,1,GEO_PROXIMIDAD_TAXID,ALTA,False,1,0,0,0,0
GEO_2410,3,1,GEO_PROXIMIDAD_TAXID,ALTA,False,1,0,0,4,3
GEO_2411,3,1,GEO_PROXIMIDAD_TAXID,ALTA,False,1,0,0,0,0
GEO_2412,3,1,GEO_PROXIMIDAD_TAXID,ALTA,False,1,0,0,0,0
GEO_2413,3,1,GEO_PROXIMIDAD_TAXID,ALTA,False,1,0,0,0,0
GEO_2414,3,1,GEO_PROXIMIDAD_TAXID,ALTA,False,1,0,0,0,0
GEO_2415,3,1,GEO_PROXIMIDAD_TAXID,ALTA,False,1,0,0,0,0
GEO_2416,3,1,GEO_PROXIMIDAD_TAXID,ALTA,False,1,0,0,0,0
GEO_2417,3,1,GEO_PROXIMIDAD_TAXID,ALTA,False,1,0,0,0,0
GEO_2418,3,1,GEO_PROXIMIDAD_TAXID,ALTA,False,1,0,0,0,0
GEO_2419,3,1,GEO_PROXIMIDAD_TAXID,ALTA,False,1,0,0,0,0
GEO_2420,3,1,GEO_PROXIMIDAD_TAXID,ALTA,False,1,0,0,0,0
GEO_2421,3,1,GEO_PROXIMIDAD_TAXID,ALTA,False,1,0,0,0,0
GEO_2422,3,1,GEO_PROXIMIDAD_TAXID,ALTA,False,1,0,0,0,0
GEO_2423,3,1,GEO_PROXIMIDAD_TAXID,ALTA,False,1,0,0,0,0
GEO_2424,3,1,GEO_PROXIMIDAD_TAXID,ALTA,False,1,0,0,0,0
GEO_2425,3,1,GEO_PROXIMIDAD_TAXID,ALTA,False,1,0,0,0,0
GEO_2426,3,1,GEO_PROXIMIDAD_TAXID,ALTA,False,1,0,0,0,0
GEO_2427,3,1,GEO_PROXIMIDAD_TAXID,ALTA,False,1,0,0,0,0
GEO_2428,3,1,GEO_PROXIMIDAD_TAXID,ALTA,False,1,0,0,0,0
GEO_2429,3,1,GEO_PROXIMIDAD_TAXID,ALTA,False,1,0,0,0,0
GEO_2430,3,1,GEO_PROXIMIDAD_TAXID,ALTA,False,1,0,0,0,0
GEO_2431,3,1,GEO_PROXIMIDAD_TAXID,ALTA,False,1,0,0,3,3
GEO_2432,3,1,GEO_PROXIMIDAD_TAXID,ALTA,False,1,0,0,2,2
GEO_2433,3,1,GEO_PROXIMIDAD_TAXID,ALTA,False,1,0,0,1,1
GEO_2434,3,1,GEO_PROXIMIDAD_TAXID,ALTA,False,1,0,0,0,0
GEO_2435,3,1,GEO_PROXIMIDAD_TAXID,ALTA,False,1,0,0,2,2
GEO_2436,3,1,GEO_PROXIMIDAD_TAXID,ALTA,False,1,0,0,2,2
GEO_2437,3,1,GEO_PROXIMIDAD_TAXID,ALTA,False,1,0,0,3,2
GEO_2438,3,1,GEO_PROXIMIDAD_TAXID,ALTA,False,1,0,0,0,0
GEO_2439,3,1,GEO_PROXIMIDAD_TAXID,ALTA,False,1,0,0,0,0
GEO_2440,3,1,GEO_PROXIMIDAD_TAXID,ALTA,False,1,0,0,0,0
GEO_2441,3,1,GEO_PROXIMIDAD_TAXID,ALTA,False,1,0,0,1,1
GEO_2442,3,1,GEO_PROXIMIDAD_TAXID,ALTA,False,1,0,0,1,1
GEO_2443,3,1,GEO_PROXIMIDAD_TAXID,ALTA,False,1,0,0,5,4
GEO_2444,3,1,GEO_PROXIMIDAD_TAXID,ALTA,False,1,0,0,1,1
GEO_2445,3,1,GEO_PROXIMIDAD_TAXID,ALTA,False,1,0,0,2,2
GEO_2446,3,1,GEO_PROXIMIDAD_TAXID,ALTA,False,1,0,0,3,3
GEO_2447,3,1,GEO_PROXIMIDAD_TAXID,ALTA,False,1,0,0,1,1
GEO_2448,3,1,GEO_PROXIMIDAD_TAXID,ALTA,False,1,0,0,2,1
GEO_2449,3,1,GEO_PROXIMIDAD_TAXID,ALTA,False,1,0,0,0,0
GEO_2450,3,1,GEO_PROXIMIDAD_TAXID,ALTA,False,1,0,0,1,1
GEO_2451,3,1,GEO_PROXIMIDAD_TAXID,ALTA,False,1,0,0,1,1
GEO_2452,3,1,GEO_PROXIMIDAD_TAXID,ALTA,False,1,0,0,1,1
GEO_2453,3,1,GEO_PROXIMIDAD_TAXID,ALTA,False,1,0,0,1,1
GEO_2454,3,1,GEO_PROXIMIDAD_TAXID,ALTA,False,1,0,0,0,0
GEO_2455,3,1,GEO_PROXIMIDAD_TAXID,ALTA,False,1,0,0,1,1
GEO_2456,3,1,GEO_PROXIMIDAD_TAXID,ALTA,False,1,0,0,0,0
GEO_2457,3,1,GEO_PROXIMIDAD_TAXID,ALTA,False,1,0,0,0,0
GEO_2458,3,1,GEO_PROXIMIDAD_TAXID,ALTA,False,1,0,0,1,1
GEO_2459,3,1,GEO_PROXIMIDAD_TAXID,ALTA,False,1,0,0,1,1
GEO_2460,3,1,GEO_PROXIMIDAD_TAXID,ALTA,False,1,0,0,1,1
GEO_2461,3,1,GEO_PROXIMIDAD_TAXID,ALTA,False,1,0,0,0,0
GEO_2462,3,1,GEO_PROXIMIDAD_TAXID,ALTA,False,1,0,0,0,0
GEO_2463,3,1,GEO_PROXIMIDAD_TAXID,ALTA,False,1,0,0,0,0
GEO_2464,3,1,GEO_PROXIMIDAD_TAXID,ALTA,False,1,0,0,0,0
GEO_2465,3,1,GEO_PROXIMIDAD_TAXID,ALTA,False,1,0,0,2,2
GEO_2466,3,1,GEO_PROXIMIDAD_TAXID,ALTA,False,1,0,0,2,2
GEO_2467,3,1,GEO_PROXIMIDAD_TAXID,ALTA,False,1,0,0,2,2
GEO_2468,3,1,GEO_PROXIMIDAD_TAXID,ALTA,False,1,0,0,0,0
GEO_2469,3,1,GEO_PROXIMIDAD_TAXID,ALTA,False,1,0,0,1,1
GEO_2470,3,1,GEO_PROXIMIDAD_TAXID,ALTA,False,1,0,0,0,0
GEO_2471,3,1,GEO_PROXIMIDAD_TAXID,ALTA,False,1,0,0,0,0
GEO_2472,3,1,GEO_PROXIMIDAD_TAXID,ALTA,False,1,0,0,1,1
GEO_2473,3,1,GEO_PROXIMIDAD_TAXID,ALTA,False,1,0,0,2,2
GEO_2474,3,1,GEO_PROXIMIDAD_TAXID,ALTA,False,1,0,0,0,0
GEO_2475,3,1,GEO_PROXIMIDAD_TAXID,ALTA,False,1,0,0,0,0
GEO_2476,3,1,GEO_PROXIMIDAD_TAXID,ALTA,False,1,0,0,0,0
GEO_2477,3,1,GEO_PROXIMIDAD_TAXID,ALTA,False,1,0,0,0,0
GEO_2478,3,1,GEO_PROXIMIDAD_TAXID,ALTA,False,1,0,0,0,0
GEO_2479,3,1,GEO_PROXIMIDAD_TAXID,ALTA,False,1,0,0,2,2
GEO_2480,3,1,GEO_PROXIMIDAD_TAXID,ALTA,False,1,0,0,1,1
GEO_2481,3,1,GEO_PROXIMIDAD_TAXID,ALTA,False,1,0,0,0,0
GEO_2482,3,1,GEO_PROXIMIDAD_TAXID,ALTA,False,1,0,0,0,0
GEO_2483,3,1,GEO_PROXIMIDAD_TAXID,ALTA,False,1,0,0,1,1
GEO_2484,3,1,GEO_PROXIMIDAD_TAXID,ALTA,False,1,0,0,2,1
GEO_2485,3,1,GEO_PROXIMIDAD_TAXID,ALTA,False,1,0,0,1,1
GEO_2486,3,1,GEO_PROXIMIDAD_TAXID,ALTA,False,1,0,0,1,1
GEO_2487,3,1,GEO_PROXIMIDAD_TAXID,ALTA,False,1,0,0,3,2
GEO_2488,3,1,GEO_PROXIMIDAD_TAXID,ALTA,False,1,0,0,3,2
GEO_2489,3,1,GEO_PROXIMIDAD_TAXID,ALTA,False,1,0,0,0,0
GEO_2490,3,1,GEO_PROXIMIDAD_TAXID,ALTA,False,1,0,7,0,0
GEO_2491,3,1,GEO_PROXIMIDAD_TAXID,ALTA,False,1,0,7,0,0
GEO_2492,3,1,GEO_PROXIMIDAD_TAXID,ALTA,False,1,0,0,0,0
GEO_2493,3,1,GEO_PROXIMIDAD_TAXID,ALTA,False,1,0,0,0,0
GEO_2494,3,1,GEO_PROXIMIDAD_TAXID,ALTA,False,1,0,0,0,0
GEO_2495,3,1,GEO_PROXIMIDAD_TAXID,ALTA,False,1,0,0,0,0
GEO_2496,3,1,GEO_PROXIMIDAD_TAXID,ALTA,False,1,0,0,1,1
GEO_2497,3,1,GEO_PROXIMIDAD_TAXID,ALTA,False,1,0,0,1,1
GEO_2498,3,1,GEO_PROXIMIDAD_TAXID,ALTA,False,1,0,0,1,1
GEO_2499,3,1,GEO_PROXIMIDAD_TAXID,ALTA,False,1,0,0,1,1
GEO_2500,3,1,GEO_PROXIMIDAD_TAXID,ALTA,False,1,0,0,2,2
GEO_2501,3,1,GEO_PROXIMIDAD_TAXID,ALTA,False,1,0,0,2,2
GEO_2502,3,1,GEO_PROXIMIDAD_TAXID,ALTA,False,1,0,0,2,2
GEO_2503,3,1,GEO_PROXIMIDAD_TAXID,ALTA,False,1,0,0,1,1
GEO_2504,3,1,GEO_PROXIMIDAD_TAXID,ALTA,False,1,0,0,1,1
GEO_2505,3,1,GEO_PROXIMIDAD_TAXID,ALTA,False,1,0,0,1,1
GEO_2506,3,1,GEO_PROXIMIDAD_TAXID,ALTA,False,1,0,0,0,0
GEO_2507,3,1,GEO_PROXIMIDAD_TAXID,ALTA,False,1,0,0,0,0
GEO_2508,3,1,GEO_PROXIMIDAD_TAXID,ALTA,False,1,0,0,2,2
GEO_2509,3,1,GEO_PROXIMIDAD_TAXID,ALTA,False,1,0,0,2,2
GEO_2510,3,1,GEO_PROXIMIDAD_TAXID,ALTA,False,1,0,0,1,1
GEO_2511,3,1,GEO_PROXIMIDAD_TAXID,ALTA,False,1,0,0,1,1
GEO_2512,3,1,GEO_PROXIMIDAD_TAXID,ALTA,False,1,0,0,1,1
GEO_2513,3,1,GEO_PROXIMIDAD_TAXID,ALTA,False,1,0,0,1,1
GEO_2514,3,1,GEO_PROXIMIDAD_TAXID,ALTA,False,1,0,0,0,0
GEO_2515,3,1,GEO_PROXIMIDAD_TAXID,ALTA,False,1,0,0,0,0
GEO_2516,3,1,GEO_PROXIMIDAD_TAXID,ALTA,False,1,0,0,1,1
GEO_2517,3,1,GEO_PROXIMIDAD_TAXID,ALTA,False,1,0,0,1,1
GEO_2518,3,1,GEO_PROXIMIDAD_TAXID,ALTA,False,1,0,0,1,1
GEO_2519,3,1,GEO_PROXIMIDAD_TAXID,ALTA,False,1,0,0,1,1
GEO_2520,3,1,GEO_PROXIMIDAD_TAXID,ALTA,False,1,0,0,1,1
GEO_2521,3,1,GEO_PROXIMIDAD_TAXID,ALTA,False,1,0,0,2,2
GEO_2522,3,1,GEO_PROXIMIDAD_TAXID,ALTA,False,1,0,0,4,2
GEO_2523,3,1,GEO_PROXIMIDAD_TAXID,ALTA,False,1,0,0,0,0
GEO_2524,3,1,GEO_PROXIMIDAD_TAXID,ALTA,False,1,0,0,2,2
GEO_2525,3,1,GEO_PROXIMIDAD_TAXID,ALTA,False,1,0,0,2,2
GEO_2526,3,1,GEO_PROXIMIDAD_TAXID,ALTA,False,1,0,0,3,2
GEO_2527,3,1,GEO_PROXIMIDAD_TAXID,ALTA,False,1,0,0,0,0
GEO_2528,3,1,GEO_PROXIMIDAD_TAXID,ALTA,False,1,0,0,0,0
GEO_2529,3,1,GEO_PROXIMIDAD_TAXID,ALTA,False,1,0,0,5,3
GEO_2530,3,1,GEO_PROXIMIDAD_TAXID,ALTA,False,1,0,0,2,2
GEO_2531,3,1,GEO_PROXIMIDAD_TAXID,ALTA,False,1,0,0,2,2
GEO_2532,3,1,GEO_PROXIMIDAD_TAXID,ALTA,False,1,0,0,2,2
GEO_2533,3,1,GEO_PROXIMIDAD_TAXID,ALTA,False,1,0,0,1,1
GEO_2534,3,1,GEO_PROXIMIDAD_TAXID,ALTA,False,1,0,0,1,1
GEO_2535,3,1,GEO_PROXIMIDAD_TAXID,ALTA,False,1,0,0,1,1
GEO_2536,3,1,GEO_PROXIMIDAD_TAXID,ALTA,False,1,0,0,0,0
GEO_2537,3,1,GEO_PROXIMIDAD_TAXID,ALTA,False,1,0,0,0,0
GEO_2538,3,1,GEO_PROXIMIDAD_TAXID,ALTA,False,1,0,0,0,0
GEO_2539,3,1,GEO_PROXIMIDAD_TAXID,ALTA,False,1,0,0,0,0
GEO_2540,3,1,GEO_PROXIMIDAD_TAXID,ALTA,False,1,0,0,0,0
GEO_2541,3,1,GEO_PROXIMIDAD_TAXID,ALTA,False,1,0,0,0,0
GEO_2542,3,1,GEO_PROXIMIDAD_TAXID,ALTA,False,1,0,0,0,0
GEO_2543,3,1,GEO_PROXIMIDAD_TAXID,ALTA,False,1,0,0,0,0
GEO_2544,3,1,GEO_PROXIMIDAD_TAXID,ALTA,False,1,0,0,0,0
GEO_2545,3,1,GEO_PROXIMIDAD_TAXID,ALTA,False,1,0,0,0,0
GEO_2546,3,1,GEO_PROXIMIDAD_TAXID,ALTA,False,1,0,0,0,0
GEO_2547,3,1,GEO_PROXIMIDAD_TAXID,ALTA,False,1,0,0,0,0
GEO_2548,3,1,GEO_PROXIMIDAD_TAXID,ALTA,False,1,0,0,0,0
GEO_2549,3,1,GEO_PROXIMIDAD_TAXID,ALTA,False,1,0,0,2,1
GEO_2550,3,1,GEO_PROXIMIDAD_TAXID,ALTA,False,1,0,0,2,1
GEO_2551,3,1,GEO_PROXIMIDAD_TAXID,ALTA,False,1,0,0,2,1
GEO_2552,3,1,GEO_PROXIMIDAD_TAXID,ALTA,False,1,0,0,2,1
GEO_2553,3,1,GEO_PROXIMIDAD_TAXID,ALTA,False,1,0,0,1,1
GEO_2554,3,1,GEO_PROXIMIDAD_TAXID,ALTA,False,1,0,0,1,1
GEO_2555,3,1,GEO_PROXIMIDAD_TAXID,ALTA,False,1,0,0,0,0
GEO_2556,3,1,GEO_PROXIMIDAD_TAXID,ALTA,False,1,0,0,0,0
GEO_2557,3,1,GEO_PROXIMIDAD_TAXID,ALTA,False,1,0,0,0,0
GEO_2558,3,1,GEO_PROXIMIDAD_TAXID,ALTA,False,1,0,0,1,1
GEO_2559,3,1,GEO_PROXIMIDAD_TAXID,ALTA,False,1,0,0,1,1
GEO_2560,3,1,GEO_PROXIMIDAD_TAXID,ALTA,False,1,0,0,1,1
GEO_2561,3,1,GEO_PROXIMIDAD_TAXID,ALTA,False,1,0,0,1,1
GEO_2562,3,1,GEO_PROXIMIDAD_TAXID,ALTA,False,1,0,0,0,0
GEO_2563,3,1,GEO_PROXIMIDAD_TAXID,ALTA,False,1,0,0,0,0
GEO_2564,3,1,GEO_PROXIMIDAD_TAXID,ALTA,False,1,0,0,0,0
GEO_2565,3,1,GEO_PROXIMIDAD_TAXID,ALTA,False,1,0,0,1,1
GEO_2566,3,1,GEO_PROXIMIDAD_TAXID,ALTA,False,1,0,0,1,1
GEO_2567,3,1,GEO_PROXIMIDAD_TAXID,ALTA,False,1,0,0,1,1
GEO_2568,3,1,GEO_PROXIMIDAD_TAXID,ALTA,False,1,0,0,1,1
GEO_2569,3,1,GEO_PROXIMIDAD_TAXID,ALTA,False,1,0,0,1,1
GEO_2570,3,1,GEO_PROXIMIDAD_TAXID,ALTA,False,1,0,0,1,1
GEO_2571,3,1,GEO_PROXIMIDAD_TAXID,ALTA,False,1,0,0,1,1
GEO_2572,3,1,GEO_PROXIMIDAD_TAXID,ALTA,False,1,0,0,1,1
GEO_2573,3,1,GEO_PROXIMIDAD_TAXID,ALTA,False,1,0,0,1,1
GEO_2574,3,1,GEO_PROXIMIDAD_TAXID,ALTA,False,1,0,0,1,1
GEO_2575,3,1,GEO_PROXIMIDAD_TAXID,ALTA,False,1,0,0,0,0
GEO_2576,3,1,GEO_PROXIMIDAD_TAXID,ALTA,False,1,0,0,0,0
GEO_2577,3,1,GEO_PROXIMIDAD_TAXID,ALTA,False,1,0,0,0,0
GEO_2578,3,1,GEO_PROXIMIDAD_TAXID,ALTA,False,1,0,0,0,0
GEO_2579,3,1,GEO_PROXIMIDAD_TAXID,ALTA,False,1,0,0,0,0
GEO_2580,3,1,GEO_PROXIMIDAD_TAXID,ALTA,False,1,0,0,0,0
GEO_2581,3,1,GEO_PROXIMIDAD_TAXID,ALTA,False,1,0,0,0,0
GEO_2582,3,1,GEO_PROXIMIDAD_TAXID,ALTA,False,1,0,0,0,0
GEO_2583,3,1,GEO_PROXIMIDAD_TAXID,ALTA,False,1,0,0,0,0
GEO_2584,3,1,GEO_PROXIMIDAD_TAXID,ALTA,False,1,0,0,0,0
GEO_2585,3,1,GEO_PROXIMIDAD_TAXID,ALTA,False,1,0,0,0,0
GEO_2586,3,1,GEO_PROXIMIDAD_TAXID,ALTA,False,1,0,0,0,0
GEO_2587,3,1,GEO_PROXIMIDAD_TAXID,ALTA,False,1,0,0,0,0
GEO_2588,3,1,GEO_PROXIMIDAD_TAXID,ALTA,False,1,0,0,0,0
GEO_2589,3,1,GEO_PROXIMIDAD_TAXID,ALTA,False,1,0,0,0,0
GEO_2590,3,1,GEO_PROXIMIDAD_TAXID,ALTA,False,1,0,0,0,0
GEO_2591,3,1,GEO_PROXIMIDAD_TAXID,ALTA,False,1,0,0,1,1
GEO_2592,3,1,GEO_PROXIMIDAD_TAXID,ALTA,False,1,0,0,0,0
GEO_2593,3,1,GEO_PROXIMIDAD_TAXID,ALTA,False,1,0,0,0,0
GEO_2594,3,1,GEO_PROXIMIDAD_TAXID,ALTA,False,1,0,0,0,0
GEO_2595,3,1,GEO_PROXIMIDAD_TAXID,ALTA,False,1,0,0,0,0
GEO_2596,3,1,GEO_PROXIMIDAD_TAXID,ALTA,False,1,0,0,0,0
GEO_2597,3,1,GEO_PROXIMIDAD_TAXID,ALTA,False,1,0,0,0,0
GEO_2598,3,1,GEO_PROXIMIDAD_TAXID,ALTA,False,1,0,0,0,0
GEO_2599,3,1,GEO_PROXIMIDAD_TAXID,ALTA,False,1,0,0,0,0
GEO_2600,3,1,GEO_PROXIMIDAD_TAXID,ALTA,False,1,0,0,0,0
GEO_2601,3,1,GEO_PROXIMIDAD_TAXID,ALTA,False,1,0,0,0,0
GEO_2602,3,1,GEO_PROXIMIDAD_TAXID,ALTA,False,1,0,0,0,0
GEO_2603,3,1,GEO_PROXIMIDAD_TAXID,ALTA,False,1,0,0,1,1
GEO_2604,3,1,GEO_PROXIMIDAD_TAXID,ALTA,False,1,0,0,1,1
GEO_2605,3,1,GEO_PROXIMIDAD_TAXID,ALTA,False,1,0,0,1,1
GEO_2606,3,1,GEO_PROXIMIDAD_TAXID,ALTA,False,1,0,0,0,0
GEO_2607,3,1,GEO_PROXIMIDAD_TAXID,ALTA,False,1,0,0,0,0
GEO_2608,3,1,GEO_PROXIMIDAD_TAXID,ALTA,False,1,0,0,0,0
GEO_2609,3,1,GEO_PROXIMIDAD_TAXID,ALTA,False,1,0,0,0,0
GEO_2610,3,1,GEO_PROXIMIDAD_TAXID,ALTA,False,1,0,0,0,0
GEO_2611,3,1,GEO_PROXIMIDAD_TAXID,ALTA,False,1,0,0,0,0
GEO_2612,3,1,GEO_PROXIMIDAD_TAXID,ALTA,False,1,0,0,0,0
GEO_2613,3,1,GEO_PROXIMIDAD_TAXID,ALTA,False,1,0,0,0,0
GEO_2614,3,1,GEO_PROXIMIDAD_TAXID,ALTA,False,1,0,0,0,0
GEO_2615,3,1,GEO_PROXIMIDAD_TAXID,ALTA,False,1,0,0,0,0
GEO_2616,3,1,GEO_PROXIMIDAD_TAXID,ALTA,False,1,0,0,0,0
GEO_2617,3,1,GEO_PROXIMIDAD_TAXID,ALTA,False,1,0,0,0,0
GEO_2618,3,1,GEO_PROXIMIDAD_TAXID,ALTA,False,1,0,0,0,0
GEO_2619,3,1,GEO_PROXIMIDAD_TAXID,ALTA,False,1,0,0,0,0
GEO_2620,3,1,GEO_PROXIMIDAD_TAXID,ALTA,False,1,0,0,0,0
GEO_2621,3,1,GEO_PROXIMIDAD_TAXID,ALTA,False,1,0,0,0,0
GEO_2622,3,1,GEO_PROXIMIDAD_TAXID,ALTA,False,1,0,0,0,0
GEO_2623,3,1,GEO_PROXIMIDAD_TAXID,ALTA,False,1,0,0,0,0
GEO_2624,3,1,GEO_PROXIMIDAD_TAXID,ALTA,False,1,0,0,1,1
GEO_2625,3,1,GEO_PROXIMIDAD_TAXID,ALTA,False,1,0,0,0,0
GEO_2626,3,1,GEO_PROXIMIDAD_TAXID,ALTA,False,1,0,0,0,0
GEO_2627,3,1,GEO_PROXIMIDAD_TAXID,ALTA,False,1,0,0,0,0
GEO_2628,3,1,GEO_PROXIMIDAD_TAXID,ALTA,False,1,0,0,0,0
GEO_2629,3,1,GEO_PROXIMIDAD_TAXID,ALTA,False,1,0,0,0,0
GEO_2630,3,1,GEO_PROXIMIDAD_TAXID,ALTA,False,1,0,0,0,0
GEO_2631,3,1,GEO_PROXIMIDAD_TAXID,ALTA,False,1,0,0,0,0
GEO_2632,3,1,GEO_PROXIMIDAD_TAXID,ALTA,False,1,0,0,0,0
GEO_2633,3,1,GEO_PROXIMIDAD_TAXID,ALTA,False,1,0,0,0,0
GEO_2634,3,1,GEO_PROXIMIDAD_TAXID,ALTA,False,1,0,0,0,0
GEO_2635,3,1,GEO_PROXIMIDAD_TAXID,ALTA,False,1,0,0,0,0
GEO_2636,3,1,GEO_PROXIMIDAD_TAXID,ALTA,False,1,0,0,1,1
GEO_2637,3,1,GEO_PROXIMIDAD_TAXID,ALTA,False,1,0,0,0,0
GEO_2638,3,1,GEO_PROXIMIDAD_TAXID,ALTA,False,1,0,0,1,1
GEO_2639,3,1,GEO_PROXIMIDAD_TAXID,ALTA,False,1,0,0,1,1
GEO_2640,3,1,GEO_PROXIMIDAD_TAXID,ALTA,False,1,0,0,0,0
GEO_2641,3,1,GEO_PROXIMIDAD_TAXID,ALTA,False,1,0,0,0,0
GEO_2642,3,1,GEO_PROXIMIDAD_TAXID,ALTA,False,1,0,0,0,0
GEO_2643,3,1,GEO_PROXIMIDAD_TAXID,ALTA,False,1,0,0,0,0
GEO_2644,3,1,GEO_PROXIMIDAD_TAXID,ALTA,False,1,0,0,0,0
GEO_2645,3,1,GEO_PROXIMIDAD_TAXID,ALTA,False,1,0,0,0,0
GEO_2646,3,1,GEO_PROXIMIDAD_TAXID,ALTA,False,1,0,0,0,0
GEO_2647,3,1,GEO_PROXIMIDAD_TAXID,ALTA,False,1,0,0,0,0
GEO_2648,3,1,GEO_PROXIMIDAD_TAXID,ALTA,False,1,0,0,0,0
GEO_2649,3,1,GEO_PROXIMIDAD_TAXID,ALTA,False,1,0,0,2,2
GEO_2650,3,1,GEO_PROXIMIDAD_TAXID,ALTA,False,1,0,0,0,0
GEO_2651,3,1,GEO_PROXIMIDAD_TAXID,ALTA,False,1,0,0,0,0
GEO_2652,3,1,GEO_PROXIMIDAD_TAXID,ALTA,False,1,0,0,0,0
GEO_2653,3,1,GEO_PROXIMIDAD_TAXID,ALTA,False,1,0,0,0,0
GEO_2654,3,1,GEO_PROXIMIDAD_TAXID,ALTA,False,1,0,0,0,0
GEO_2655,3,1,GEO_PROXIMIDAD_TAXID,ALTA,False,1,0,0,0,0
GEO_2656,3,1,GEO_PROXIMIDAD_TAXID,ALTA,False,1,0,0,0,0
GEO_2657,3,1,GEO_PROXIMIDAD_TAXID,ALTA,False,1,0,0,0,0
GEO_2658,3,1,GEO_PROXIMIDAD_TAXID,ALTA,False,1,0,0,0,0
GEO_2659,3,1,GEO_PROXIMIDAD_TAXID,ALTA,False,1,0,0,0,0
GEO_2660,3,1,GEO_PROXIMIDAD_TAXID,ALTA,False,1,0,0,3,3
GEO_2661,3,1,GEO_PROXIMIDAD_TAXID,ALTA,False,1,0,0,3,3
GEO_2662,3,1,GEO_PROXIMIDAD_TAXID,ALTA,False,1,0,0,0,0
GEO_2663,3,1,GEO_PROXIMIDAD_TAXID,ALTA,False,1,0,0,7,3
GEO_2664,3,1,GEO_PROXIMIDAD_TAXID,ALTA,False,1,0,0,7,3
GEO_2665,3,1,GEO_PROXIMIDAD_TAXID,ALTA,False,1,0,0,1,1
GEO_2666,3,1,GEO_PROXIMIDAD_TAXID,ALTA,False,1,0,0,1,1
GEO_2667,3,1,GEO_PROXIMIDAD_TAXID,ALTA,False,1,0,0,1,1
GEO_2668,3,1,GEO_PROXIMIDAD_TAXID,ALTA,False,1,0,0,1,1
GEO_2669,3,1,GEO_PROXIMIDAD_TAXID,ALTA,False,1,0,0,0,0
GEO_2670,3,1,GEO_PROXIMIDAD_TAXID,ALTA,False,1,0,0,0,0
GEO_2671,3,1,GEO_PROXIMIDAD_TAXID,ALTA,False,1,0,0,0,0
GEO_2672,3,1,GEO_PROXIMIDAD_TAXID,ALTA,False,1,0,0,0,0
GEO_2673,3,1,GEO_PROXIMIDAD_TAXID,ALTA,False,1,0,0,0,0
GEO_2674,3,1,GEO_PROXIMIDAD_TAXID,ALTA,False,1,0,0,5,3
GEO_2675,3,1,GEO_PROXIMIDAD_TAXID,ALTA,False,1,0,0,1,1
GEO_2676,3,1,GEO_PROXIMIDAD_TAXID,ALTA,False,1,0,0,1,1
GEO_2677,3,1,GEO_PROXIMIDAD_TAXID,ALTA,False,1,0,0,0,0
GEO_2678,3,1,GEO_PROXIMIDAD_TAXID,ALTA,False,1,0,0,0,0
GEO_2679,3,1,GEO_PROXIMIDAD_TAXID,ALTA,False,1,0,0,0,0
GEO_2680,3,1,GEO_PROXIMIDAD_TAXID,ALTA,False,1,0,0,0,0
GEO_2681,3,1,GEO_PROXIMIDAD_TAXID,ALTA,False,1,0,0,0,0
GEO_2682,3,1,GEO_PROXIMIDAD_TAXID,ALTA,False,1,0,0,0,0
GEO_2683,3,1,GEO_PROXIMIDAD_TAXID,ALTA,False,1,0,0,0,0
GEO_2684,3,1,GEO_PROXIMIDAD_TAXID,ALTA,False,1,0,0,3,3
GEO_2685,3,1,GEO_PROXIMIDAD_TAXID,ALTA,False,1,0,0,3,3
GEO_2686,3,1,GEO_PROXIMIDAD_TAXID,ALTA,False,1,0,0,1,1
GEO_2687,3,1,GEO_PROXIMIDAD_TAXID,ALTA,False,1,0,0,1,1
GEO_2688,3,1,GEO_PROXIMIDAD_TAXID,ALTA,False,1,0,0,1,1
GEO_2689,3,1,GEO_PROXIMIDAD_TAXID,ALTA,False,1,0,0,0,0
GEO_2690,3,1,GEO_PROXIMIDAD_TAXID,ALTA,False,1,0,0,4,2
GEO_2691,3,1,GEO_PROXIMIDAD_TAXID,ALTA,False,1,0,0,4,2
GEO_2692,3,1,GEO_PROXIMIDAD_TAXID,ALTA,False,1,0,0,4,2
GEO_2693,3,1,GEO_PROXIMIDAD_TAXID,ALTA,False,1,0,0,2,2
GEO_2694,3,1,GEO_PROXIMIDAD_TAXID,ALTA,False,1,0,0,0,0
GEO_2695,3,1,GEO_PROXIMIDAD_TAXID,ALTA,False,1,0,0,0,0
GEO_2696,3,1,GEO_PROXIMIDAD_TAXID,ALTA,False,1,0,0,0,0
GEO_2697,3,1,GEO_PROXIMIDAD_TAXID,ALTA,False,1,0,0,1,1
GEO_2698,3,1,GEO_PROXIMIDAD_TAXID,ALTA,False,1,0,0,0,0
GEO_2699,3,1,GEO_PROXIMIDAD_TAXID,ALTA,False,1,0,0,0,0
GEO_2700,3,1,GEO_PROXIMIDAD_TAXID,ALTA,False,1,0,0,0,0
GEO_2701,3,1,GEO_PROXIMIDAD_TAXID,ALTA,False,1,0,0,0,0
GEO_2702,3,1,GEO_PROXIMIDAD_TAXID,ALTA,False,1,0,0,1,1
GEO_2703,3,1,GEO_PROXIMIDAD_TAXID,ALTA,False,1,0,0,0,0
GEO_2704,3,1,GEO_PROXIMIDAD_TAXID,ALTA,False,1,0,0,0,0
GEO_2705,3,1,GEO_PROXIMIDAD_TAXID,ALTA,False,1,0,0,0,0
GEO_2706,6,1,GEO_PROXIMIDAD_TAXID,ALTA,False,1,0,0,0,0
GEO_2707,3,1,GEO_PROXIMIDAD_TAXID,ALTA,False,1,0,0,0,0
GEO_2708,3,1,GEO_PROXIMIDAD_TAXID,ALTA,False,1,0,0,0,0
GEO_2709,3,1,GEO_PROXIMIDAD_TAXID,ALTA,False,1,0,0,0,0
GEO_2710,3,1,GEO_PROXIMIDAD_TAXID,ALTA,False,1,0,0,0,0
GEO_2711,3,1,GEO_PROXIMIDAD_TAXID,ALTA,False,1,0,0,0,0
GEO_2712,3,1,GEO_PROXIMIDAD_TAXID,ALTA,False,1,0,0,0,0
GEO_2713,3,1,GEO_PROXIMIDAD_TAXID,ALTA,False,1,0,0,0,0
GEO_2714,3,1,GEO_PROXIMIDAD_TAXID,ALTA,False,1,0,0,0,0
GEO_2715,3,1,GEO_PROXIMIDAD_TAXID,ALTA,False,1,0,0,0,0
GEO_2716,3,1,GEO_PROXIMIDAD_TAXID,ALTA,False,1,0,0,0,0
GEO_2717,3,1,GEO_PROXIMIDAD_TAXID,ALTA,False,1,0,0,0,0
GEO_2718,3,1,GEO_PROXIMIDAD_TAXID,ALTA,False,1,0,0,0,0
GEO_2719,3,1,GEO_PROXIMIDAD_TAXID,ALTA,False,1,0,0,0,0
GEO_2720,3,1,GEO_PROXIMIDAD_TAXID,ALTA,False,1,0,0,0,0
GEO_2721,3,1,GEO_PROXIMIDAD_TAXID,ALTA,False,1,0,0,1,1
GEO_2722,3,1,GEO_PROXIMIDAD_TAXID,ALTA,False,1,0,0,1,1
GEO_2723,3,1,GEO_PROXIMIDAD_TAXID,ALTA,False,1,0,0,1,1
GEO_2724,2,1,GEO_PROXIMIDAD_TAXID,ALTA,False,1,0,0,0,0
GEO_2725,2,1,GEO_PROXIMIDAD_TAXID,ALTA,False,1,0,0,0,0
GEO_2726,2,1,GEO_PROXIMIDAD_TAXID,ALTA,False,1,0,0,0,0
GEO_2727,2,1,GEO_PROXIMIDAD_TAXID,ALTA,False,1,0,0,2,2
GEO_2728,2,1,GEO_PROXIMIDAD_TAXID,ALTA,False,1,0,0,4,2
GEO_2729,2,1,GEO_PROXIMIDAD_TAXID,ALTA,False,1,0,0,4,2
GEO_2730,2,1,GEO_PROXIMIDAD_TAXID,ALTA,False,1,0,0,0,0
GEO_2731,2,1,GEO_PROXIMIDAD_TAXID,ALTA,False,1,0,0,0,0
GEO_2732,2,1,GEO_PROXIMIDAD_TAXID,ALTA,False,1,0,0,1,1
GEO_2733,2,1,GEO_PROXIMIDAD_TAXID,ALTA,False,1,0,0,0,0
GEO_2734,2,1,GEO_PROXIMIDAD_TAXID,ALTA,False,1,0,0,0,0
GEO_2735,2,1,GEO_PROXIMIDAD_TAXID,ALTA,False,1,0,0,0,0
GEO_2736,2,1,GEO_PROXIMIDAD_TAXID,ALTA,False,1,0,0,0,0
GEO_2737,2,1,GEO_PROXIMIDAD_TAXID,ALTA,False,1,0,0,0,0
GEO_2738,2,1,GEO_PROXIMIDAD_TAXID,ALTA,False,1,0,0,0,0
GEO_2739,2,1,GEO_PROXIMIDAD_TAXID,ALTA,False,1,0,0,0,0
GEO_2740,2,1,GEO_PROXIMIDAD_TAXID,ALTA,False,1,0,0,0,0
GEO_2741,2,1,GEO_PROXIMIDAD_TAXID,ALTA,False,1,0,0,0,0
GEO_2742,2,1,GEO_PROXIMIDAD_TAXID,ALTA,False,1,0,0,0,0
GEO_2743,2,1,GEO_PROXIMIDAD_TAXID,ALTA,False,1,0,0,0,0
GEO_2744,2,1,GEO_PROXIMIDAD_TAXID,ALTA,False,1,0,0,0,0
GEO_2745,2,1,GEO_PROXIMIDAD_TAXID,ALTA,False,1,0,0,0,0
GEO_2746,2,1,GEO_PROXIMIDAD_TAXID,ALTA,False,1,0,0,0,0
GEO_2747,2,1,GEO_PROXIMIDAD_TAXID,ALTA,False,1,0,0,0,0
GEO_2748,2,1,GEO_PROXIMIDAD_TAXID,ALTA,False,1,0,0,0,0
GEO_2749,2,1,GEO_PROXIMIDAD_TAXID,ALTA,False,1,0,0,0,0
GEO_2750,2,1,GEO_PROXIMIDAD_TAXID,ALTA,False,1,0,0,0,0
GEO_2751,2,1,GEO_PROXIMIDAD_TAXID,ALTA,False,1,0,0,0,0
GEO_2752,2,1,GEO_PROXIMIDAD_TAXID,ALTA,False,1,0,0,0,0
GEO_2753,2,1,GEO_PROXIMIDAD_TAXID,ALTA,False,1,0,0,0,0
GEO_2754,3,1,GEO_PROXIMIDAD_TAXID,ALTA,False,1,0,0,0,0
GEO_2755,3,1,GEO_PROXIMIDAD_TAXID,ALTA,False,1,0,0,0,0
GEO_2756,2,1,GEO_PROXIMIDAD_TAXID,ALTA,False,1,0,1,0,0
GEO_2757,2,1,GEO_PROXIMIDAD_TAXID,ALTA,False,1,0,0,0,0
GEO_2758,2,1,GEO_PROXIMIDAD_TAXID,ALTA,False,1,0,0,0,0
GEO_2759,2,1,GEO_PROXIMIDAD_TAXID,ALTA,False,1,0,0,0,0
GEO_2760,2,1,GEO_PROXIMIDAD_TAXID,ALTA,False,1,0,0,0,0
GEO_2761,2,1,GEO_PROXIMIDAD_TAXID,ALTA,False,1,0,0,1,1
GEO_2762,2,1,GEO_PROXIMIDAD_TAXID,ALTA,False,1,0,0,0,0
GEO_2763,2,1,GEO_PROXIMIDAD_TAXID,ALTA,False,1,0,0,0,0
GEO_2764,2,1,GEO_PROXIMIDAD_TAXID,ALTA,False,1,0,0,0,0
GEO_2765,2,1,GEO_PROXIMIDAD_TAXID,ALTA,False,1,0,0,0,0
GEO_2766,2,1,GEO_PROXIMIDAD_TAXID,ALTA,False,1,0,0,0,0
GEO_2767,2,1,GEO_PROXIMIDAD_TAXID,ALTA,False,1,0,0,0,0
GEO_2768,2,1,GEO_PROXIMIDAD_TAXID,ALTA,False,1,0,0,0,0
GEO_2769,2,1,GEO_PROXIMIDAD_TAXID,ALTA,False,1,0,0,0,0
GEO_2770,2,1,GEO_PROXIMIDAD_TAXID,ALTA,False,1,0,0,1,1
GEO_2771,2,1,GEO_PROXIMIDAD_TAXID,ALTA,False,1,0,0,0,0
GEO_2772,2,1,GEO_PROXIMIDAD_TAXID,ALTA,False,1,0,0,0,0
GEO_2773,2,1,GEO_PROXIMIDAD_TAXID,ALTA,False,1,0,0,0,0
GEO_2774,2,1,GEO_PROXIMIDAD_TAXID,ALTA,False,1,0,0,0,0
GEO_2775,2,1,GEO_PROXIMIDAD_TAXID,ALTA,False,1,0,0,0,0
GEO_2776,2,1,GEO_PROXIMIDAD_TAXID,ALTA,False,1,0,0,0,0
GEO_2777,2,1,GEO_PROXIMIDAD_TAXID,ALTA,False,1,0,0,0,0
GEO_2778,2,1,GEO_PROXIMIDAD_TAXID,ALTA,False,1,0,0,0,0
GEO_2779,2,1,GEO_PROXIMIDAD_TAXID,ALTA,False,1,0,0,0,0
GEO_2780,2,1,GEO_PROXIMIDAD_TAXID,ALTA,False,1,0,0,0,0
GEO_2781,2,1,GEO_PROXIMIDAD_TAXID,ALTA,False,1,0,0,2,2
GEO_2782,2,1,GEO_PROXIMIDAD_TAXID,ALTA,False,1,0,0,0,0
GEO_2783,2,1,GEO_PROXIMIDAD_TAXID,ALTA,False,1,0,0,0,0
GEO_2784,2,1,GEO_PROXIMIDAD_TAXID,ALTA,False,1,0,0,0,0
GEO_2785,2,1,GEO_PROXIMIDAD_TAXID,ALTA,False,1,0,0,2,2
GEO_2786,2,1,GEO_PROXIMIDAD_TAXID,ALTA,False,1,0,0,0,0
GEO_2787,2,1,GEO_PROXIMIDAD_TAXID,ALTA,False,1,0,0,0,0
GEO_2788,2,1,GEO_PROXIMIDAD_TAXID,ALTA,False,1,0,0,0,0
GEO_2789,2,1,GEO_PROXIMIDAD_TAXID,ALTA,False,1,0,0,0,0
GEO_2790,2,1,GEO_PROXIMIDAD_TAXID,ALTA,False,1,0,0,0,0
GEO_2791,2,1,GEO_PROXIMIDAD_TAXID,ALTA,False,1,0,0,0,0
GEO_2792,2,1,GEO_PROXIMIDAD_TAXID,ALTA,False,1,0,0,0,0
GEO_2793,2,1,GEO_PROXIMIDAD_TAXID,ALTA,False,1,0,0,0,0
GEO_2794,2,1,GEO_PROXIMIDAD_TAXID,ALTA,False,1,0,0,0,0
GEO_2795,2,1,GEO_PROXIMIDAD_TAXID,ALTA,False,1,0,0,0,0
GEO_2796,2,1,GEO_PROXIMIDAD_TAXID,ALTA,False,1,0,0,0,0
GEO_2797,2,1,GEO_PROXIMIDAD_TAXID,ALTA,False,1,0,0,0,0
GEO_2798,2,1,GEO_PROXIMIDAD_TAXID,ALTA,False,1,0,0,0,0
GEO_2799,2,1,GEO_PROXIMIDAD_TAXID,ALTA,False,1,0,0,0,0
GEO_2800,2,1,GEO_PROXIMIDAD_TAXID,ALTA,False,1,0,0,0,0
GEO_2801,2,1,GEO_PROXIMIDAD_TAXID,ALTA,False,1,0,0,0,0
GEO_2802,2,1,GEO_PROXIMIDAD_TAXID,ALTA,False,1,0,0,0,0
GEO_2803,2,1,GEO_PROXIMIDAD_TAXID,ALTA,False,1,0,0,0,0
GEO_2804,2,1,GEO_PROXIMIDAD_TAXID,ALTA,False,1,0,0,0,0
GEO_2805,2,1,GEO_PROXIMIDAD_TAXID,ALTA,False,1,0,0,0,0
GEO_2806,2,1,GEO_PROXIMIDAD_TAXID,ALTA,False,1,0,0,0,0
GEO_2807,2,1,GEO_PROXIMIDAD_TAXID,ALTA,False,1,0,0,0,0
GEO_2808,2,1,GEO_PROXIMIDAD_TAXID,ALTA,False,1,0,0,0,0
GEO_2809,2,1,GEO_PROXIMIDAD_TAXID,ALTA,False,1,0,0,0,0
GEO_2810,2,1,GEO_PROXIMIDAD_TAXID,ALTA,False,1,0,0,0,0
GEO_2811,2,1,GEO_PROXIMIDAD_TAXID,ALTA,False,1,0,0,0,0
GEO_2812,2,1,GEO_PROXIMIDAD_TAXID,ALTA,False,1,0,0,0,0
GEO_2813,2,1,GEO_PROXIMIDAD_TAXID,ALTA,False,1,0,0,0,0
GEO_2814,2,1,GEO_PROXIMIDAD_TAXID,ALTA,False,1,0,0,0,0
GEO_2815,2,1,GEO_PROXIMIDAD_TAXID,ALTA,False,1,0,0,0,0
GEO_2816,2,1,GEO_PROXIMIDAD_TAXID,ALTA,False,1,0,0,0,0
GEO_2817,2,1,GEO_PROXIMIDAD_TAXID,ALTA,False,1,0,0,0,0
GEO_2818,2,1,GEO_PROXIMIDAD_TAXID,ALTA,False,1,0,0,0,0
GEO_2819,2,1,GEO_PROXIMIDAD_TAXID,ALTA,False,1,0,0,0,0
GEO_2820,2,1,GEO_PROXIMIDAD_TAXID,ALTA,False,1,0,0,0,0
GEO_2821,2,1,GEO_PROXIMIDAD_TAXID,ALTA,False,1,0,0,0,0
GEO_2822,2,1,GEO_PROXIMIDAD_TAXID,ALTA,False,1,0,0,1,1
GEO_2823,2,1,GEO_PROXIMIDAD_TAXID,ALTA,False,1,0,0,0,0
GEO_2824,2,1,GEO_PROXIMIDAD_TAXID,ALTA,False,1,0,0,0,0
GEO_2825,2,1,GEO_PROXIMIDAD_TAXID,ALTA,False,1,0,0,0,0
GEO_2826,2,1,GEO_PROXIMIDAD_TAXID,ALTA,False,1,0,0,0,0
GEO_2827,2,1,GEO_PROXIMIDAD_TAXID,ALTA,False,1,0,0,0,0
GEO_2828,2,1,GEO_PROXIMIDAD_TAXID,ALTA,False,1,0,0,0,0
GEO_2829,2,1,GEO_PROXIMIDAD_TAXID,ALTA,False,1,0,0,0,0
GEO_2830,2,1,GEO_PROXIMIDAD_TAXID,ALTA,False,1,0,0,0,0
GEO_2831,2,1,GEO_PROXIMIDAD_TAXID,ALTA,False,1,0,0,2,2
GEO_2832,2,1,GEO_PROXIMIDAD_TAXID,ALTA,False,1,0,0,0,0
GEO_2833,2,1,GEO_PROXIMIDAD_TAXID,ALTA,False,1,0,0,0,0
GEO_2834,2,1,GEO_PROXIMIDAD_TAXID,ALTA,False,1,0,0,0,0
GEO_2835,2,1,GEO_PROXIMIDAD_TAXID,ALTA,False,1,0,0,0,0
GEO_2836,2,1,GEO_PROXIMIDAD_TAXID,ALTA,False,1,0,0,0,0
GEO_2837,2,1,GEO_PROXIMIDAD_TAXID,ALTA,False,1,0,0,0,0
GEO_2838,2,1,GEO_PROXIMIDAD_TAXID,ALTA,False,1,0,0,0,0
GEO_2839,2,1,GEO_PROXIMIDAD_TAXID,ALTA,False,1,0,0,0,0
GEO_2840,2,1,GEO_PROXIMIDAD_TAXID,ALTA,False,1,0,0,0,0
GEO_2841,2,1,GEO_PROXIMIDAD_TAXID,ALTA,False,1,0,0,0,0
GEO_2842,2,1,GEO_PROXIMIDAD_TAXID,ALTA,False,1,0,0,0,0
GEO_2843,2,1,GEO_PROXIMIDAD_TAXID,ALTA,False,1,0,0,0,0
GEO_2844,2,1,GEO_PROXIMIDAD_TAXID,ALTA,False,1,0,0,0,0
GEO_2845,2,1,GEO_PROXIMIDAD_TAXID,ALTA,False,1,0,0,0,0
GEO_2846,2,1,GEO_PROXIMIDAD_TAXID,ALTA,False,1,0,0,0,0
GEO_2847,2,1,GEO_PROXIMIDAD_TAXID,ALTA,False,1,0,0,0,0
GEO_2848,2,1,GEO_PROXIMIDAD_TAXID,ALTA,False,1,0,0,0,0
GEO_2849,2,1,GEO_PROXIMIDAD_TAXID,ALTA,False,1,0,0,0,0
GEO_2850,2,1,GEO_PROXIMIDAD_TAXID,ALTA,False,1,0,0,0,0
GEO_2851,2,1,GEO_PROXIMIDAD_TAXID,ALTA,False,1,0,0,0,0
GEO_2852,2,1,GEO_PROXIMIDAD_TAXID,ALTA,False,1,0,0,0,0
GEO_2853,2,1,GEO_PROXIMIDAD_TAXID,ALTA,False,1,0,0,0,0
GEO_2854,2,1,GEO_PROXIMIDAD_TAXID,ALTA,False,1,0,0,0,0
GEO_2855,2,1,GEO_PROXIMIDAD_TAXID,ALTA,False,1,0,0,0,0
GEO_2856,2,1,GEO_PROXIMIDAD_TAXID,ALTA,False,1,0,0,0,0
GEO_2857,2,1,GEO_PROXIMIDAD_TAXID,ALTA,False,1,0,0,0,0
GEO_2858,2,1,GEO_PROXIMIDAD_TAXID,ALTA,False,1,0,0,0,0
GEO_2859,2,1,GEO_PROXIMIDAD_TAXID,ALTA,False,1,0,0,0,0
GEO_2860,2,1,GEO_PROXIMIDAD_TAXID,ALTA,False,1,0,0,0,0
GEO_2861,2,1,GEO_PROXIMIDAD_TAXID,ALTA,False,1,0,0,0,0
GEO_2862,2,1,GEO_PROXIMIDAD_TAXID,ALTA,False,1,0,0,0,0
GEO_2863,2,1,GEO_PROXIMIDAD_TAXID,ALTA,False,1,0,0,0,0
GEO_2864,2,1,GEO_PROXIMIDAD_TAXID,ALTA,False,1,0,0,0,0
GEO_2865,2,1,GEO_PROXIMIDAD_TAXID,ALTA,False,1,0,0,0,0
GEO_2866,2,1,GEO_PROXIMIDAD_TAXID,ALTA,False,1,0,0,0,0
GEO_2867,2,1,GEO_PROXIMIDAD_TAXID,ALTA,False,1,0,0,0,0
GEO_2868,2,1,GEO_PROXIMIDAD_TAXID,ALTA,False,1,0,0,0,0
GEO_2869,2,1,GEO_PROXIMIDAD_TAXID,ALTA,False,1,0,0,0,0
GEO_2870,2,1,GEO_PROXIMIDAD_TAXID,ALTA,False,1,0,0,0,0
GEO_2871,2,1,GEO_PROXIMIDAD_TAXID,ALTA,False,1,0,0,0,0
GEO_2872,2,1,GEO_PROXIMIDAD_TAXID,ALTA,False,1,0,0,0,0
GEO_2873,2,1,GEO_PROXIMIDAD_TAXID,ALTA,False,1,0,0,0,0
GEO_2874,2,1,GEO_PROXIMIDAD_TAXID,ALTA,False,1,0,0,0,0
GEO_2875,2,1,GEO_PROXIMIDAD_TAXID,ALTA,False,1,0,0,0,0
GEO_2876,2,1,GEO_PROXIMIDAD_TAXID,ALTA,False,1,0,0,0,0
GEO_2877,2,1,GEO_PROXIMIDAD_TAXID,ALTA,False,1,0,0,0,0
GEO_2878,2,1,GEO_PROXIMIDAD_TAXID,ALTA,False,1,0,0,0,0
GEO_2879,2,1,GEO_PROXIMIDAD_TAXID,ALTA,False,1,0,0,0,0
GEO_2880,2,1,GEO_PROXIMIDAD_TAXID,ALTA,False,1,0,0,0,0
GEO_2881,2,1,GEO_PROXIMIDAD_TAXID,ALTA,False,1,0,0,0,0
GEO_2882,2,1,GEO_PROXIMIDAD_TAXID,ALTA,False,1,0,0,0,0
GEO_2883,2,1,GEO_PROXIMIDAD_TAXID,ALTA,False,1,0,0,0,0
GEO_2884,2,1,GEO_PROXIMIDAD_TAXID,ALTA,False,1,0,0,0,0
GEO_2885,2,1,GEO_PROXIMIDAD_TAXID,ALTA,False,1,0,0,0,0
GEO_2886,2,1,GEO_PROXIMIDAD_TAXID,ALTA,False,1,0,0,0,0
GEO_2887,2,1,GEO_PROXIMIDAD_TAXID,ALTA,False,1,0,0,0,0
GEO_2888,2,1,GEO_PROXIMIDAD_TAXID,ALTA,False,1,0,0,0,0
GEO_2889,2,1,GEO_PROXIMIDAD_TAXID,ALTA,False,1,0,0,0,0
GEO_2890,2,1,GEO_PROXIMIDAD_TAXID,ALTA,False,1,0,0,0,0
GEO_2891,2,1,GEO_PROXIMIDAD_TAXID,ALTA,False,1,0,0,0,0
GEO_2892,2,1,GEO_PROXIMIDAD_TAXID,ALTA,False,1,0,0,0,0
GEO_2893,2,1,GEO_PROXIMIDAD_TAXID,ALTA,False,1,0,0,0,0
GEO_2894,2,1,GEO_PROXIMIDAD_TAXID,ALTA,False,1,0,0,1,1
GEO_2895,2,1,GEO_PROXIMIDAD_TAXID,ALTA,False,1,0,0,1,1
GEO_2896,2,1,GEO_PROXIMIDAD_TAXID,ALTA,False,1,0,0,0,0
GEO_2897,2,1,GEO_PROXIMIDAD_TAXID,ALTA,False,1,0,0,0,0
GEO_2898,2,1,GEO_PROXIMIDAD_TAXID,ALTA,False,1,0,0,0,0
GEO_2899,2,1,GEO_PROXIMIDAD_TAXID,ALTA,False,1,0,0,0,0
GEO_2900,2,1,GEO_PROXIMIDAD_TAXID,ALTA,False,1,0,0,0,0
GEO_2901,2,1,GEO_PROXIMIDAD_TAXID,ALTA,False,1,0,0,0,0
GEO_2902,2,1,GEO_PROXIMIDAD_TAXID,ALTA,False,1,0,0,0,0
GEO_2903,2,1,GEO_PROXIMIDAD_TAXID,ALTA,False,1,0,0,0,0
GEO_2904,4,1,GEO_PROXIMIDAD_TAXID,ALTA,False,1,0,0,0,0
GEO_2905,2,1,GEO_PROXIMIDAD_TAXID,ALTA,False,1,0,0,0,0
GEO_2906,2,1,GEO_PROXIMIDAD_TAXID,ALTA,False,1,0,0,2,1
GEO_2907,2,1,GEO_PROXIMIDAD_TAXID,ALTA,False,1,0,0,2,1
GEO_2908,2,1,GEO_PROXIMIDAD_TAXID,ALTA,False,1,0,0,0,0
GEO_2909,2,1,GEO_PROXIMIDAD_TAXID,ALTA,False,1,0,0,0,0
GEO_2910,2,1,GEO_PROXIMIDAD_TAXID,ALTA,False,1,0,0,0,0
GEO_2911,2,1,GEO_PROXIMIDAD_TAXID,ALTA,False,1,0,0,0,0
GEO_2912,2,1,GEO_PROXIMIDAD_TAXID,ALTA,False,1,0,0,0,0
GEO_2913,2,1,GEO_PROXIMIDAD_TAXID,ALTA,False,1,0,0,0,0
GEO_2914,2,1,GEO_PROXIMIDAD_TAXID,ALTA,False,1,0,0,1,1
GEO_2915,2,1,GEO_PROXIMIDAD_TAXID,ALTA,False,1,0,0,0,0
GEO_2916,2,1,GEO_PROXIMIDAD_TAXID,ALTA,False,1,0,0,0,0
GEO_2917,2,1,GEO_PROXIMIDAD_TAXID,ALTA,False,1,0,0,0,0
GEO_2918,2,1,GEO_PROXIMIDAD_TAXID,ALTA,False,1,0,0,0,0
GEO_2919,2,1,GEO_PROXIMIDAD_TAXID,ALTA,False,1,0,0,0,0
GEO_2920,2,1,GEO_PROXIMIDAD_TAXID,ALTA,False,1,0,0,0,0
GEO_2921,2,1,GEO_PROXIMIDAD_TAXID,ALTA,False,1,0,0,0,0
GEO_2922,2,1,GEO_PROXIMIDAD_TAXID,ALTA,False,1,0,0,0,0
GEO_2923,2,1,GEO_PROXIMIDAD_TAXID,ALTA,False,1,0,0,0,0
GEO_2924,2,1,GEO_PROXIMIDAD_TAXID,ALTA,False,1,0,0,0,0
GEO_2925,2,1,GEO_PROXIMIDAD_TAXID,ALTA,False,1,0,0,0,0
GEO_2926,2,1,GEO_PROXIMIDAD_TAXID,ALTA,False,1,0,0,0,0
GEO_2927,2,1,GEO_PROXIMIDAD_TAXID,ALTA,False,1,0,0,0,0
GEO_2928,2,1,GEO_PROXIMIDAD_TAXID,ALTA,False,1,0,0,0,0
GEO_2929,2,1,GEO_PROXIMIDAD_TAXID,ALTA,False,1,0,0,0,0
GEO_2930,2,1,GEO_PROXIMIDAD_TAXID,ALTA,False,1,0,0,0,0
GEO_2931,2,1,GEO_PROXIMIDAD_TAXID,ALTA,False,1,0,0,2,2
GEO_2932,2,1,GEO_PROXIMIDAD_TAXID,ALTA,False,1,0,0,2,2
GEO_2933,2,1,GEO_PROXIMIDAD_TAXID,ALTA,False,1,0,0,2,2
GEO_2934,2,1,GEO_PROXIMIDAD_TAXID,ALTA,False,1,0,0,2,2
GEO_2935,2,1,GEO_PROXIMIDAD_TAXID,ALTA,False,1,0,0,2,2
GEO_2936,2,1,GEO_PROXIMIDAD_TAXID,ALTA,False,1,0,0,0,0
GEO_2937,2,1,GEO_PROXIMIDAD_TAXID,ALTA,False,1,0,0,0,0
GEO_2938,2,1,GEO_PROXIMIDAD_TAXID,ALTA,False,1,0,0,0,0
GEO_2939,2,1,GEO_PROXIMIDAD_TAXID,ALTA,False,1,0,0,0,0
GEO_2940,2,1,GEO_PROXIMIDAD_TAXID,ALTA,False,1,0,0,0,0
GEO_2941,2,1,GEO_PROXIMIDAD_TAXID,ALTA,False,1,0,0,0,0
GEO_2942,2,1,GEO_PROXIMIDAD_TAXID,ALTA,False,1,0,0,0,0
GEO_2943,2,1,GEO_PROXIMIDAD_TAXID,ALTA,False,1,0,0,0,0
GEO_2944,2,1,GEO_PROXIMIDAD_TAXID,ALTA,False,1,0,0,0,0
GEO_2945,2,1,GEO_PROXIMIDAD_TAXID,ALTA,False,1,0,0,2,1
GEO_2946,2,1,GEO_PROXIMIDAD_TAXID,ALTA,False,1,0,0,2,1
GEO_2947,2,1,GEO_PROXIMIDAD_TAXID,ALTA,False,1,0,0,2,1
GEO_2948,2,1,GEO_PROXIMIDAD_TAXID,ALTA,False,1,0,0,0,0
GEO_2949,2,1,GEO_PROXIMIDAD_TAXID,ALTA,False,1,0,0,0,0
GEO_2950,2,1,GEO_PROXIMIDAD_TAXID,ALTA,False,1,0,0,0,0
GEO_2951,2,1,GEO_PROXIMIDAD_TAXID,ALTA,False,1,0,0,0,0
GEO_2952,2,1,GEO_PROXIMIDAD_TAXID,ALTA,False,1,0,0,0,0
GEO_2953,2,1,GEO_PROXIMIDAD_TAXID,ALTA,False,1,0,0,0,0
GEO_2954,2,1,GEO_PROXIMIDAD_TAXID,ALTA,False,1,0,0,0,0
GEO_2955,2,1,GEO_PROXIMIDAD_TAXID,ALTA,False,1,0,0,0,0
GEO_2956,2,1,GEO_PROXIMIDAD_TAXID,ALTA,False,1,0,0,0,0
GEO_2957,2,1,GEO_PROXIMIDAD_TAXID,ALTA,False,1,0,0,0,0
GEO_2958,2,1,GEO_PROXIMIDAD_TAXID,ALTA,False,1,0,0,0,0
GEO_2959,2,1,GEO_PROXIMIDAD_TAXID,ALTA,False,1,0,0,0,0
GEO_2960,2,1,GEO_PROXIMIDAD_TAXID,ALTA,False,1,0,0,0,0
GEO_2961,2,1,GEO_PROXIMIDAD_TAXID,ALTA,False,1,0,0,0,0
GEO_2962,2,1,GEO_PROXIMIDAD_TAXID,ALTA,False,1,0,0,0,0
GEO_2963,2,1,GEO_PROXIMIDAD_TAXID,ALTA,False,1,0,0,0,0
GEO_2964,2,1,GEO_PROXIMIDAD_TAXID,ALTA,False,1,0,0,0,0
GEO_2965,2,1,GEO_PROXIMIDAD_TAXID,ALTA,False,1,0,0,0,0
GEO_2966,2,1,GEO_PROXIMIDAD_TAXID,ALTA,False,1,0,0,0,0
GEO_2967,2,1,GEO_PROXIMIDAD_TAXID,ALTA,False,1,0,0,0,0
GEO_2968,2,1,GEO_PROXIMIDAD_TAXID,ALTA,False,1,0,0,0,0
GEO_2969,2,1,GEO_PROXIMIDAD_TAXID,ALTA,False,1,0,0,0,0
GEO_2970,2,1,GEO_PROXIMIDAD_TAXID,ALTA,False,1,0,0,0,0
GEO_2971,2,1,GEO_PROXIMIDAD_TAXID,ALTA,False,1,0,0,0,0
GEO_2972,2,1,GEO_PROXIMIDAD_TAXID,ALTA,False,1,0,0,0,0
GEO_2973,2,1,GEO_PROXIMIDAD_TAXID,ALTA,False,1,0,0,0,0
GEO_2974,2,1,GEO_PROXIMIDAD_TAXID,ALTA,False,1,0,0,1,1
GEO_2975,2,1,GEO_PROXIMIDAD_TAXID,ALTA,False,1,0,0,0,0
GEO_2976,2,1,GEO_PROXIMIDAD_TAXID,ALTA,False,1,0,0,0,0
GEO_2977,2,1,GEO_PROXIMIDAD_TAXID,ALTA,False,1,0,0,0,0
GEO_2978,2,1,GEO_PROXIMIDAD_TAXID,ALTA,False,1,0,0,0,0
GEO_2979,2,1,GEO_PROXIMIDAD_TAXID,ALTA,False,1,0,0,0,0
GEO_2980,2,1,GEO_PROXIMIDAD_TAXID,ALTA,False,1,0,0,0,0
GEO_2981,2,1,GEO_PROXIMIDAD_TAXID,ALTA,False,1,0,0,0,0
GEO_2982,2,1,GEO_PROXIMIDAD_TAXID,ALTA,False,1,0,0,0,0
GEO_2983,2,1,GEO_PROXIMIDAD_TAXID,ALTA,False,1,0,0,0,0
GEO_2984,2,1,GEO_PROXIMIDAD_TAXID,ALTA,False,1,0,0,0,0
GEO_2985,2,1,GEO_PROXIMIDAD_TAXID,ALTA,False,1,0,0,0,0
GEO_2986,2,1,GEO_PROXIMIDAD_TAXID,ALTA,False,1,0,0,0,0
GEO_2987,2,1,GEO_PROXIMIDAD_TAXID,ALTA,False,1,0,0,0,0
GEO_2988,2,1,GEO_PROXIMIDAD_TAXID,ALTA,False,1,0,0,0,0
GEO_2989,2,1,GEO_PROXIMIDAD_TAXID,ALTA,False,1,0,0,0,0
GEO_2990,2,1,GEO_PROXIMIDAD_TAXID,ALTA,False,1,0,0,0,0
GEO_2991,2,1,GEO_PROXIMIDAD_TAXID,ALTA,False,1,0,0,0,0
GEO_2992,2,1,GEO_PROXIMIDAD_TAXID,ALTA,False,1,0,0,0,0
GEO_2993,2,1,GEO_PROXIMIDAD_TAXID,ALTA,False,1,0,0,0,0
GEO_2994,2,1,GEO_PROXIMIDAD_TAXID,ALTA,False,1,0,0,0,0
GEO_2995,2,1,GEO_PROXIMIDAD_TAXID,ALTA,False,1,0,0,0,0
GEO_2996,2,1,GEO_PROXIMIDAD_TAXID,ALTA,False,1,0,0,0,0
GEO_2997,2,1,GEO_PROXIMIDAD_TAXID,ALTA,False,1,0,0,0,0
GEO_2998,2,1,GEO_PROXIMIDAD_TAXID,ALTA,False,1,0,0,0,0
GEO_2999,2,1,GEO_PROXIMIDAD_TAXID,ALTA,False,1,0,0,0,0
GEO_3000,2,1,GEO_PROXIMIDAD_TAXID,ALTA,False,1,0,0,0,0
GEO_3001,2,1,GEO_PROXIMIDAD_TAXID,ALTA,False,1,0,0,0,0
GEO_3002,2,1,GEO_PROXIMIDAD_TAXID,ALTA,False,1,0,0,0,0
GEO_3003,2,1,GEO_PROXIMIDAD_TAXID,ALTA,False,1,0,0,0,0
GEO_3004,2,1,GEO_PROXIMIDAD_TAXID,ALTA,False,1,0,0,0,0
GEO_3005,2,1,GEO_PROXIMIDAD_TAXID,ALTA,False,1,0,0,0,0
GEO_3006,2,1,GEO_PROXIMIDAD_TAXID,ALTA,False,1,0,0,0,0
GEO_3007,2,1,GEO_PROXIMIDAD_TAXID,ALTA,False,1,0,0,0,0
GEO_3008,2,1,GEO_PROXIMIDAD_TAXID,ALTA,False,1,0,0,0,0
GEO_3009,2,1,GEO_PROXIMIDAD_TAXID,ALTA,False,1,0,0,0,0
GEO_3010,2,1,GEO_PROXIMIDAD_TAXID,ALTA,False,1,0,0,0,0
GEO_3011,2,1,GEO_PROXIMIDAD_TAXID,ALTA,False,1,0,0,0,0
GEO_3012,2,1,GEO_PROXIMIDAD_TAXID,ALTA,False,1,0,0,0,0
GEO_3013,2,1,GEO_PROXIMIDAD_TAXID,ALTA,False,1,0,0,0,0
GEO_3014,2,1,GEO_PROXIMIDAD_TAXID,ALTA,False,1,0,0,0,0
GEO_3015,2,1,GEO_PROXIMIDAD_TAXID,ALTA,False,1,0,0,1,1
GEO_3016,2,1,GEO_PROXIMIDAD_TAXID,ALTA,False,1,0,0,1,1
GEO_3017,2,1,GEO_PROXIMIDAD_TAXID,ALTA,False,1,0,0,1,1
GEO_3018,2,1,GEO_PROXIMIDAD_TAXID,ALTA,False,1,0,0,1,1
GEO_3019,2,1,GEO_PROXIMIDAD_TAXID,ALTA,False,1,0,0,1,1
GEO_3020,2,1,GEO_PROXIMIDAD_TAXID,ALTA,False,1,0,0,1,1
GEO_3021,2,1,GEO_PROXIMIDAD_TAXID,ALTA,False,1,0,0,0,0
GEO_3022,2,1,GEO_PROXIMIDAD_TAXID,ALTA,False,1,0,0,1,1
GEO_3023,2,1,GEO_PROXIMIDAD_TAXID,ALTA,False,1,0,0,0,0
GEO_3024,2,1,GEO_PROXIMIDAD_TAXID,ALTA,False,1,0,0,0,0
GEO_3025,2,1,GEO_PROXIMIDAD_TAXID,ALTA,False,1,0,0,1,1
GEO_3026,2,1,GEO_PROXIMIDAD_TAXID,ALTA,False,1,0,0,1,1
GEO_3027,2,1,GEO_PROXIMIDAD_TAXID,ALTA,False,1,0,0,0,0
GEO_3028,2,1,GEO_PROXIMIDAD_TAXID,ALTA,False,1,0,0,0,0
GEO_3029,2,1,GEO_PROXIMIDAD_TAXID,ALTA,False,1,0,0,0,0
GEO_3030,2,1,GEO_PROXIMIDAD_TAXID,ALTA,False,1,0,0,1,1
GEO_3031,2,1,GEO_PROXIMIDAD_TAXID,ALTA,False,1,0,0,1,1
GEO_3032,2,1,GEO_PROXIMIDAD_TAXID,ALTA,False,1,0,0,1,1
GEO_3033,2,1,GEO_PROXIMIDAD_TAXID,ALTA,False,1,0,0,0,0
GEO_3034,2,1,GEO_PROXIMIDAD_TAXID,ALTA,False,1,0,0,0,0
GEO_3035,2,1,GEO_PROXIMIDAD_TAXID,ALTA,False,1,0,0,2,2
GEO_3036,2,1,GEO_PROXIMIDAD_TAXID,ALTA,False,1,0,0,2,2
GEO_3037,2,1,GEO_PROXIMIDAD_TAXID,ALTA,False,1,0,0,2,2
GEO_3038,2,1,GEO_PROXIMIDAD_TAXID,ALTA,False,1,0,0,0,0
GEO_3039,2,1,GEO_PROXIMIDAD_TAXID,ALTA,False,1,0,0,2,2
GEO_3040,2,1,GEO_PROXIMIDAD_TAXID,ALTA,False,1,0,0,2,2
GEO_3041,2,1,GEO_PROXIMIDAD_TAXID,ALTA,False,1,0,0,0,0
GEO_3042,2,1,GEO_PROXIMIDAD_TAXID,ALTA,False,1,0,0,0,0
GEO_3043,2,1,GEO_PROXIMIDAD_TAXID,ALTA,False,1,0,0,0,0
GEO_3044,2,1,GEO_PROXIMIDAD_TAXID,ALTA,False,1,0,0,1,1
GEO_3045,2,1,GEO_PROXIMIDAD_TAXID,ALTA,False,1,0,0,1,1
GEO_3046,2,1,GEO_PROXIMIDAD_TAXID,ALTA,False,1,0,0,1,1
GEO_3047,2,1,GEO_PROXIMIDAD_TAXID,ALTA,False,1,0,0,1,1
GEO_3048,2,1,GEO_PROXIMIDAD_TAXID,ALTA,False,1,0,0,1,1
GEO_3049,2,1,GEO_PROXIMIDAD_TAXID,ALTA,False,1,0,0,1,1
GEO_3050,2,1,GEO_PROXIMIDAD_TAXID,ALTA,False,1,0,0,0,0
GEO_3051,2,1,GEO_PROXIMIDAD_TAXID,ALTA,False,1,0,0,0,0
GEO_3052,2,1,GEO_PROXIMIDAD_TAXID,ALTA,False,1,0,0,0,0
GEO_3053,2,1,GEO_PROXIMIDAD_TAXID,ALTA,False,1,0,0,0,0
GEO_3054,2,1,GEO_PROXIMIDAD_TAXID,ALTA,False,1,0,0,1,1
GEO_3055,2,1,GEO_PROXIMIDAD_TAXID,ALTA,False,1,0,0,1,1
GEO_3056,2,1,GEO_PROXIMIDAD_TAXID,ALTA,False,1,0,0,0,0
GEO_3057,2,1,GEO_PROXIMIDAD_TAXID,ALTA,False,1,0,0,0,0
GEO_3058,2,1,GEO_PROXIMIDAD_TAXID,ALTA,False,1,0,0,0,0
GEO_3059,2,1,GEO_PROXIMIDAD_TAXID,ALTA,False,1,0,0,0,0
GEO_3060,2,1,GEO_PROXIMIDAD_TAXID,ALTA,False,1,0,0,0,0
GEO_3061,2,1,GEO_PROXIMIDAD_TAXID,ALTA,False,1,0,0,0,0
GEO_3062,2,1,GEO_PROXIMIDAD_TAXID,ALTA,False,1,0,0,0,0
GEO_3063,2,1,GEO_PROXIMIDAD_TAXID,ALTA,False,1,0,0,0,0
GEO_3064,2,1,GEO_PROXIMIDAD_TAXID,ALTA,False,1,0,0,1,1
GEO_3065,2,1,GEO_PROXIMIDAD_TAXID,ALTA,False,1,0,0,1,1
GEO_3066,2,1,GEO_PROXIMIDAD_TAXID,ALTA,False,1,0,0,0,0
GEO_3067,2,1,GEO_PROXIMIDAD_TAXID,ALTA,False,1,0,0,0,0
GEO_3068,2,1,GEO_PROXIMIDAD_TAXID,ALTA,False,1,0,0,0,0
GEO_3069,2,1,GEO_PROXIMIDAD_TAXID,ALTA,False,1,0,0,0,0
GEO_3070,2,1,GEO_PROXIMIDAD_TAXID,ALTA,False,1,0,0,0,0
GEO_3071,2,1,GEO_PROXIMIDAD_TAXID,ALTA,False,1,0,0,0,0
GEO_3072,2,1,GEO_PROXIMIDAD_TAXID,ALTA,False,1,0,0,0,0
GEO_3073,2,1,GEO_PROXIMIDAD_TAXID,ALTA,False,1,0,0,0,0
GEO_3074,2,1,GEO_PROXIMIDAD_TAXID,ALTA,False,1,0,0,0,0
GEO_3075,2,1,GEO_PROXIMIDAD_TAXID,ALTA,False,1,0,0,0,0
GEO_3076,2,1,GEO_PROXIMIDAD_TAXID,ALTA,False,1,0,0,0,0
GEO_3077,2,1,GEO_PROXIMIDAD_TAXID,ALTA,False,1,0,0,0,0
GEO_3078,2,1,GEO_PROXIMIDAD_TAXID,ALTA,False,1,0,0,0,0
GEO_3079,2,1,GEO_PROXIMIDAD_TAXID,ALTA,False,1,0,0,6,5
GEO_3080,2,1,GEO_PROXIMIDAD_TAXID,ALTA,False,1,0,0,6,5
GEO_3081,2,1,GEO_PROXIMIDAD_TAXID,ALTA,False,1,0,0,6,5
GEO_3082,2,1,GEO_PROXIMIDAD_TAXID,ALTA,False,1,0,0,6,5
GEO_3083,2,1,GEO_PROXIMIDAD_TAXID,ALTA,False,1,0,0,3,2
GEO_3084,2,1,GEO_PROXIMIDAD_TAXID,ALTA,False,1,0,0,3,2
GEO_3085,2,1,GEO_PROXIMIDAD_TAXID,ALTA,False,1,0,0,0,0
GEO_3086,2,1,GEO_PROXIMIDAD_TAXID,ALTA,False,1,0,0,1,1
GEO_3087,2,1,GEO_PROXIMIDAD_TAXID,ALTA,False,1,0,0,1,1
GEO_3088,2,1,GEO_PROXIMIDAD_TAXID,ALTA,False,1,0,0,0,0
GEO_3089,2,1,GEO_PROXIMIDAD_TAXID,ALTA,False,1,0,0,0,0
GEO_3090,2,1,GEO_PROXIMIDAD_TAXID,ALTA,False,1,0,0,0,0
GEO_3091,2,1,GEO_PROXIMIDAD_TAXID,ALTA,False,1,0,0,0,0
GEO_3092,2,1,GEO_PROXIMIDAD_TAXID,ALTA,False,1,0,0,0,0
GEO_3093,2,1,GEO_PROXIMIDAD_TAXID,ALTA,False,1,0,0,0,0
GEO_3094,2,1,GEO_PROXIMIDAD_TAXID,ALTA,False,1,0,0,0,0
GEO_3095,2,1,GEO_PROXIMIDAD_TAXID,ALTA,False,1,0,0,0,0
GEO_3096,2,1,GEO_PROXIMIDAD_TAXID,ALTA,False,1,0,0,0,0
GEO_3097,2,1,GEO_PROXIMIDAD_TAXID,ALTA,False,1,0,0,4,3
GEO_3098,2,1,GEO_PROXIMIDAD_TAXID,ALTA,False,1,0,0,4,3
GEO_3099,2,1,GEO_PROXIMIDAD_TAXID,ALTA,False,1,0,0,4,3
GEO_3100,2,1,GEO_PROXIMIDAD_TAXID,ALTA,False,1,0,0,4,3
GEO_3101,2,1,GEO_PROXIMIDAD_TAXID,ALTA,False,1,0,0,4,3
GEO_3102,2,1,GEO_PROXIMIDAD_TAXID,ALTA,False,1,0,0,4,3
GEO_3103,2,1,GEO_PROXIMIDAD_TAXID,ALTA,False,1,0,0,4,3
GEO_3104,2,1,GEO_PROXIMIDAD_TAXID,ALTA,False,1,0,0,0,0
GEO_3105,2,1,GEO_PROXIMIDAD_TAXID,ALTA,False,1,0,0,0,0
GEO_3106,2,1,GEO_PROXIMIDAD_TAXID,ALTA,False,1,0,0,0,0
GEO_3107,2,1,GEO_PROXIMIDAD_TAXID,ALTA,False,1,0,0,0,0
GEO_3108,2,1,GEO_PROXIMIDAD_TAXID,ALTA,False,1,0,0,0,0
GEO_3109,2,1,GEO_PROXIMIDAD_TAXID,ALTA,False,1,0,0,0,0
GEO_3110,2,1,GEO_PROXIMIDAD_TAXID,ALTA,False,1,0,0,0,0
GEO_3111,2,1,GEO_PROXIMIDAD_TAXID,ALTA,False,1,0,0,0,0
GEO_3112,2,1,GEO_PROXIMIDAD_TAXID,ALTA,False,1,0,0,0,0
GEO_3113,2,1,GEO_PROXIMIDAD_TAXID,ALTA,False,1,0,0,0,0
GEO_3114,2,1,GEO_PROXIMIDAD_TAXID,ALTA,False,1,0,0,0,0
GEO_3115,2,1,GEO_PROXIMIDAD_TAXID,ALTA,False,1,0,0,0,0
GEO_3116,2,1,GEO_PROXIMIDAD_TAXID,ALTA,False,1,0,0,0,0
GEO_3117,2,1,GEO_PROXIMIDAD_TAXID,ALTA,False,1,0,0,0,0
GEO_3118,2,1,GEO_PROXIMIDAD_TAXID,ALTA,False,1,0,0,0,0
GEO_3119,2,1,GEO_PROXIMIDAD_TAXID,ALTA,False,1,0,0,0,0
GEO_3120,2,1,GEO_PROXIMIDAD_TAXID,ALTA,False,1,0,0,0,0
GEO_3121,2,1,GEO_PROXIMIDAD_TAXID,ALTA,False,1,0,0,0,0
GEO_3122,2,1,GEO_PROXIMIDAD_TAXID,ALTA,False,1,0,0,0,0
GEO_3123,2,1,GEO_PROXIMIDAD_TAXID,ALTA,False,1,0,0,0,0
GEO_3124,2,1,GEO_PROXIMIDAD_TAXID,ALTA,False,1,0,0,0,0
GEO_3125,2,1,GEO_PROXIMIDAD_TAXID,ALTA,False,1,0,0,0,0
GEO_3126,2,1,GEO_PROXIMIDAD_TAXID,ALTA,False,1,0,0,0,0
GEO_3127,2,1,GEO_PROXIMIDAD_TAXID,ALTA,False,1,0,0,0,0
GEO_3128,2,1,GEO_PROXIMIDAD_TAXID,ALTA,False,1,0,0,0,0
GEO_3129,2,1,GEO_PROXIMIDAD_TAXID,ALTA,False,1,0,0,0,0
GEO_3130,2,1,GEO_PROXIMIDAD_TAXID,ALTA,False,1,0,0,0,0
GEO_3131,2,1,GEO_PROXIMIDAD_TAXID,ALTA,False,1,0,0,0,0
GEO_3132,2,1,GEO_PROXIMIDAD_TAXID,ALTA,False,1,0,0,0,0
GEO_3133,2,1,GEO_PROXIMIDAD_TAXID,ALTA,False,1,0,0,0,0
GEO_3134,2,1,GEO_PROXIMIDAD_TAXID,ALTA,False,1,0,0,0,0
GEO_3135,2,1,GEO_PROXIMIDAD_TAXID,ALTA,False,1,0,0,0,0
GEO_3136,2,1,GEO_PROXIMIDAD_TAXID,ALTA,False,1,0,0,0,0
GEO_3137,2,1,GEO_PROXIMIDAD_TAXID,ALTA,False,1,0,0,0,0
GEO_3138,2,1,GEO_PROXIMIDAD_TAXID,ALTA,False,1,0,0,0,0
GEO_3139,2,1,GEO_PROXIMIDAD_TAXID,ALTA,False,1,0,0,0,0
GEO_3140,2,1,GEO_PROXIMIDAD_TAXID,ALTA,False,1,0,0,0,0
GEO_3141,2,1,GEO_PROXIMIDAD_TAXID,ALTA,False,1,0,0,0,0
GEO_3142,2,1,GEO_PROXIMIDAD_TAXID,ALTA,False,1,0,0,0,0
GEO_3143,2,1,GEO_PROXIMIDAD_TAXID,ALTA,False,1,0,0,0,0
GEO_3144,2,1,GEO_PROXIMIDAD_TAXID,ALTA,False,1,0,0,0,0
GEO_3145,2,1,GEO_PROXIMIDAD_TAXID,ALTA,False,1,0,0,0,0
GEO_3146,2,1,GEO_PROXIMIDAD_TAXID,ALTA,False,1,0,0,0,0
GEO_3147,2,1,GEO_PROXIMIDAD_TAXID,ALTA,False,1,0,0,0,0
GEO_3148,2,1,GEO_PROXIMIDAD_TAXID,ALTA,False,1,0,0,0,0
GEO_3149,2,1,GEO_PROXIMIDAD_TAXID,ALTA,False,1,0,0,0,0
GEO_3150,2,1,GEO_PROXIMIDAD_TAXID,ALTA,False,1,0,0,0,0
GEO_3151,2,1,GEO_PROXIMIDAD_TAXID,ALTA,False,1,0,0,0,0
GEO_3152,2,1,GEO_PROXIMIDAD_TAXID,ALTA,False,1,0,0,0,0
GEO_3153,2,1,GEO_PROXIMIDAD_TAXID,ALTA,False,1,0,0,0,0
GEO_3154,2,1,GEO_PROXIMIDAD_TAXID,ALTA,False,1,0,0,0,0
GEO_3155,2,1,GEO_PROXIMIDAD_TAXID,ALTA,False,1,0,0,0,0
GEO_3156,2,1,GEO_PROXIMIDAD_TAXID,ALTA,False,1,0,0,0,0
GEO_3157,2,1,GEO_PROXIMIDAD_TAXID,ALTA,False,1,0,0,0,0
GEO_3158,2,1,GEO_PROXIMIDAD_TAXID,ALTA,False,1,0,0,0,0
GEO_3159,2,1,GEO_PROXIMIDAD_TAXID,ALTA,False,1,0,0,0,0
GEO_3160,2,1,GEO_PROXIMIDAD_TAXID,ALTA,False,1,0,0,0,0
GEO_3161,2,1,GEO_PROXIMIDAD_TAXID,ALTA,False,1,0,0,0,0
GEO_3162,2,1,GEO_PROXIMIDAD_TAXID,ALTA,False,1,0,0,0,0
GEO_3163,2,1,GEO_PROXIMIDAD_TAXID,ALTA,False,1,0,0,0,0
GEO_3164,2,1,GEO_PROXIMIDAD_TAXID,ALTA,False,1,0,0,0,0
GEO_3165,2,1,GEO_PROXIMIDAD_TAXID,ALTA,False,1,0,0,0,0
GEO_3166,2,1,GEO_PROXIMIDAD_TAXID,ALTA,False,1,0,0,0,0
GEO_3167,2,1,GEO_PROXIMIDAD_TAXID,ALTA,False,1,0,0,0,0
GEO_3168,2,1,GEO_PROXIMIDAD_TAXID,ALTA,False,1,0,0,0,0
GEO_3169,2,1,GEO_PROXIMIDAD_TAXID,ALTA,False,1,0,0,0,0
GEO_3170,2,1,GEO_PROXIMIDAD_TAXID,ALTA,False,1,0,0,0,0
GEO_3171,2,1,GEO_PROXIMIDAD_TAXID,ALTA,False,1,0,0,0,0
GEO_3172,2,1,GEO_PROXIMIDAD_TAXID,ALTA,False,1,0,0,0,0
GEO_3173,2,1,GEO_PROXIMIDAD_TAXID,ALTA,False,1,0,0,0,0
GEO_3174,2,1,GEO_PROXIMIDAD_TAXID,ALTA,False,1,0,0,0,0
GEO_3175,2,1,GEO_PROXIMIDAD_TAXID,ALTA,False,1,0,0,0,0
GEO_3176,2,1,GEO_PROXIMIDAD_TAXID,ALTA,False,1,0,0,0,0
GEO_3177,2,1,GEO_PROXIMIDAD_TAXID,ALTA,False,1,0,0,0,0
GEO_3178,2,1,GEO_PROXIMIDAD_TAXID,ALTA,False,1,0,0,0,0
GEO_3179,2,1,GEO_PROXIMIDAD_TAXID,ALTA,False,1,0,0,0,0
GEO_3180,2,1,GEO_PROXIMIDAD_TAXID,ALTA,False,1,0,0,0,0
GEO_3181,2,1,GEO_PROXIMIDAD_TAXID,ALTA,False,1,0,0,0,0
GEO_3182,2,1,GEO_PROXIMIDAD_TAXID,ALTA,False,1,0,0,0,0
GEO_3183,2,1,GEO_PROXIMIDAD_TAXID,ALTA,False,1,0,0,0,0
GEO_3184,2,1,GEO_PROXIMIDAD_TAXID,ALTA,False,1,0,0,0,0
GEO_3185,2,1,GEO_PROXIMIDAD_TAXID,ALTA,False,1,0,0,0,0
GEO_3186,2,1,GEO_PROXIMIDAD_TAXID,ALTA,False,1,0,0,0,0
GEO_3187,2,1,GEO_PROXIMIDAD_TAXID,ALTA,False,1,0,0,0,0
GEO_3188,2,1,GEO_PROXIMIDAD_TAXID,ALTA,False,1,0,0,0,0
GEO_3189,2,1,GEO_PROXIMIDAD_TAXID,ALTA,False,1,0,0,0,0
GEO_3190,2,1,GEO_PROXIMIDAD_TAXID,ALTA,False,1,0,0,0,0
GEO_3191,2,1,GEO_PROXIMIDAD_TAXID,ALTA,False,1,0,0,0,0
GEO_3192,2,1,GEO_PROXIMIDAD_TAXID,ALTA,False,1,0,0,0,0
GEO_3193,2,1,GEO_PROXIMIDAD_TAXID,ALTA,False,1,0,0,0,0
GEO_3194,2,1,GEO_PROXIMIDAD_TAXID,ALTA,False,1,0,0,0,0
GEO_3195,2,1,GEO_PROXIMIDAD_TAXID,ALTA,False,1,0,0,0,0
GEO_3196,2,1,GEO_PROXIMIDAD_TAXID,ALTA,False,1,0,0,0,0
GEO_3197,2,1,GEO_PROXIMIDAD_TAXID,ALTA,False,1,0,0,0,0
GEO_3198,2,1,GEO_PROXIMIDAD_TAXID,ALTA,False,1,0,0,0,0
GEO_3199,2,1,GEO_PROXIMIDAD_TAXID,ALTA,False,1,0,0,2,2
GEO_3200,2,1,GEO_PROXIMIDAD_TAXID,ALTA,False,1,0,0,2,2
GEO_3201,2,1,GEO_PROXIMIDAD_TAXID,ALTA,False,1,0,0,0,0
GEO_3202,2,1,GEO_PROXIMIDAD_TAXID,ALTA,False,1,0,0,0,0
GEO_3203,2,1,GEO_PROXIMIDAD_TAXID,ALTA,False,1,0,0,0,0
GEO_3204,4,1,GEO_PROXIMIDAD_TAXID,ALTA,False,1,0,0,0,0
GEO_3205,2,1,GEO_PROXIMIDAD_TAXID,ALTA,False,1,0,0,0,0
GEO_3206,2,1,GEO_PROXIMIDAD_TAXID,ALTA,False,1,0,0,0,0
GEO_3207,2,1,GEO_PROXIMIDAD_TAXID,ALTA,False,1,0,0,0,0
GEO_3208,2,1,GEO_PROXIMIDAD_TAXID,ALTA,False,1,0,0,0,0
GEO_3209,2,1,GEO_PROXIMIDAD_TAXID,ALTA,False,1,0,0,0,0
GEO_3210,2,1,GEO_PROXIMIDAD_TAXID,ALTA,False,1,0,0,0,0
GEO_3211,2,1,GEO_PROXIMIDAD_TAXID,ALTA,False,1,0,0,0,0
GEO_3212,2,1,GEO_PROXIMIDAD_TAXID,ALTA,False,1,0,0,0,0
GEO_3213,2,1,GEO_PROXIMIDAD_TAXID,ALTA,False,1,0,0,0,0
GEO_3214,2,1,GEO_PROXIMIDAD_TAXID,ALTA,False,1,0,0,0,0
GEO_3215,2,1,GEO_PROXIMIDAD_TAXID,ALTA,False,1,0,0,0,0
GEO_3216,2,1,GEO_PROXIMIDAD_TAXID,ALTA,False,1,0,0,1,1
GEO_3217,2,1,GEO_PROXIMIDAD_TAXID,ALTA,False,1,0,0,0,0
GEO_3218,2,1,GEO_PROXIMIDAD_TAXID,ALTA,False,1,0,0,1,1
GEO_3219,2,1,GEO_PROXIMIDAD_TAXID,ALTA,False,1,0,0,0,0
GEO_3220,2,1,GEO_PROXIMIDAD_TAXID,ALTA,False,1,0,0,0,0
GEO_3221,2,1,GEO_PROXIMIDAD_TAXID,ALTA,False,1,0,0,0,0
GEO_3222,2,1,GEO_PROXIMIDAD_TAXID,ALTA,False,1,0,0,0,0
GEO_3223,2,1,GEO_PROXIMIDAD_TAXID,ALTA,False,1,0,0,3,2
GEO_3224,2,1,GEO_PROXIMIDAD_TAXID,ALTA,False,1,0,0,0,0
GEO_3225,2,1,GEO_PROXIMIDAD_TAXID,ALTA,False,1,0,0,0,0
GEO_3226,2,1,GEO_PROXIMIDAD_TAXID,ALTA,False,1,0,0,0,0
GEO_3227,2,1,GEO_PROXIMIDAD_TAXID,ALTA,False,1,0,0,0,0
GEO_3228,2,1,GEO_PROXIMIDAD_TAXID,ALTA,False,1,0,0,0,0
GEO_3229,2,1,GEO_PROXIMIDAD_TAXID,ALTA,False,1,0,0,1,1
GEO_3230,2,1,GEO_PROXIMIDAD_TAXID,ALTA,False,1,0,0,1,1
GEO_3231,2,1,GEO_PROXIMIDAD_TAXID,ALTA,False,1,0,0,0,0
GEO_3232,2,1,GEO_PROXIMIDAD_TAXID,ALTA,False,1,0,0,0,0
GEO_3233,2,1,GEO_PROXIMIDAD_TAXID,ALTA,False,1,0,0,0,0
GEO_3234,2,1,GEO_PROXIMIDAD_TAXID,ALTA,False,1,0,0,0,0
GEO_3235,2,1,GEO_PROXIMIDAD_TAXID,ALTA,False,1,0,0,3,2
GEO_3236,2,1,GEO_PROXIMIDAD_TAXID,ALTA,False,1,0,0,3,2
GEO_3237,2,1,GEO_PROXIMIDAD_TAXID,ALTA,False,1,0,0,3,2
GEO_3238,2,1,GEO_PROXIMIDAD_TAXID,ALTA,False,1,0,0,3,2
GEO_3239,2,1,GEO_PROXIMIDAD_TAXID,ALTA,False,1,0,0,3,2
GEO_3240,2,1,GEO_PROXIMIDAD_TAXID,ALTA,False,1,0,0,0,0
GEO_3241,2,1,GEO_PROXIMIDAD_TAXID,ALTA,False,1,0,0,0,0
GEO_3242,2,1,GEO_PROXIMIDAD_TAXID,ALTA,False,1,0,0,0,0
GEO_3243,2,1,GEO_PROXIMIDAD_TAXID,ALTA,False,1,0,0,0,0
GEO_3244,2,1,GEO_PROXIMIDAD_TAXID,ALTA,False,1,0,0,0,0
GEO_3245,2,1,GEO_PROXIMIDAD_TAXID,ALTA,False,1,0,0,0,0
GEO_3246,2,1,GEO_PROXIMIDAD_TAXID,ALTA,False,1,0,0,0,0
GEO_3247,2,1,GEO_PROXIMIDAD_TAXID,ALTA,False,1,0,0,0,0
GEO_3248,2,1,GEO_PROXIMIDAD_TAXID,ALTA,False,1,0,0,0,0
GEO_3249,2,1,GEO_PROXIMIDAD_TAXID,ALTA,False,1,0,0,0,0
GEO_3250,2,1,GEO_PROXIMIDAD_TAXID,ALTA,False,1,0,0,0,0
GEO_3251,2,1,GEO_PROXIMIDAD_TAXID,ALTA,False,1,0,0,0,0
GEO_3252,2,1,GEO_PROXIMIDAD_TAXID,ALTA,False,1,0,0,0,0
GEO_3253,2,1,GEO_PROXIMIDAD_TAXID,ALTA,False,1,0,0,0,0
GEO_3254,2,1,GEO_PROXIMIDAD_TAXID,ALTA,False,1,0,0,0,0
GEO_3255,2,1,GEO_PROXIMIDAD_TAXID,ALTA,False,1,0,0,0,0
GEO_3256,2,1,GEO_PROXIMIDAD_TAXID,ALTA,False,1,0,0,0,0
GEO_3257,2,1,GEO_PROXIMIDAD_TAXID,ALTA,False,1,0,0,0,0
GEO_3258,2,1,GEO_PROXIMIDAD_TAXID,ALTA,False,1,0,0,0,0
GEO_3259,2,1,GEO_PROXIMIDAD_TAXID,ALTA,False,1,0,0,0,0
GEO_3260,2,1,GEO_PROXIMIDAD_TAXID,ALTA,False,1,0,0,0,0
GEO_3261,2,1,GEO_PROXIMIDAD_TAXID,ALTA,False,1,0,0,0,0
GEO_3262,2,1,GEO_PROXIMIDAD_TAXID,ALTA,False,1,0,0,0,0
GEO_3263,2,1,GEO_PROXIMIDAD_TAXID,ALTA,False,1,0,0,0,0
GEO_3264,2,1,GEO_PROXIMIDAD_TAXID,ALTA,False,1,0,0,0,0
GEO_3265,2,1,GEO_PROXIMIDAD_TAXID,ALTA,False,1,0,0,0,0
GEO_3266,2,1,GEO_PROXIMIDAD_TAXID,ALTA,False,1,0,0,0,0
GEO_3267,2,1,GEO_PROXIMIDAD_TAXID,ALTA,False,1,0,0,0,0
GEO_3268,2,1,GEO_PROXIMIDAD_TAXID,ALTA,False,1,0,0,0,0
GEO_3269,2,1,GEO_PROXIMIDAD_TAXID,ALTA,False,1,0,0,0,0
GEO_3270,2,1,GEO_PROXIMIDAD_TAXID,ALTA,False,1,0,0,0,0
GEO_3271,2,1,GEO_PROXIMIDAD_TAXID,ALTA,False,1,0,0,0,0
GEO_3272,2,1,GEO_PROXIMIDAD_TAXID,ALTA,False,1,0,0,0,0
GEO_3273,2,1,GEO_PROXIMIDAD_TAXID,ALTA,False,1,0,0,0,0
GEO_3274,2,1,GEO_PROXIMIDAD_TAXID,ALTA,False,1,0,0,0,0
GEO_3275,2,1,GEO_PROXIMIDAD_TAXID,ALTA,False,1,0,0,0,0
GEO_3276,2,1,GEO_PROXIMIDAD_TAXID,ALTA,False,1,0,0,0,0
GEO_3277,2,1,GEO_PROXIMIDAD_TAXID,ALTA,False,1,0,0,0,0
GEO_3278,2,1,GEO_PROXIMIDAD_TAXID,ALTA,False,1,0,0,0,0
GEO_3279,2,1,GEO_PROXIMIDAD_TAXID,ALTA,False,1,0,0,0,0
GEO_3280,2,1,GEO_PROXIMIDAD_TAXID,ALTA,False,1,0,0,0,0
GEO_3281,2,1,GEO_PROXIMIDAD_TAXID,ALTA,False,1,0,0,0,0
GEO_3282,2,1,GEO_PROXIMIDAD_TAXID,ALTA,False,1,0,0,0,0
GEO_3283,2,1,GEO_PROXIMIDAD_TAXID,ALTA,False,1,0,0,0,0
GEO_3284,2,1,GEO_PROXIMIDAD_TAXID,ALTA,False,1,0,0,0,0
GEO_3285,2,1,GEO_PROXIMIDAD_TAXID,ALTA,False,1,0,0,0,0
GEO_3286,2,1,GEO_PROXIMIDAD_TAXID,ALTA,False,1,0,0,0,0
GEO_3287,2,1,GEO_PROXIMIDAD_TAXID,ALTA,False,1,0,0,0,0
GEO_3288,2,1,GEO_PROXIMIDAD_TAXID,ALTA,False,1,0,0,0,0
GEO_3289,2,1,GEO_PROXIMIDAD_TAXID,ALTA,False,1,0,0,0,0
GEO_3290,2,1,GEO_PROXIMIDAD_TAXID,ALTA,False,1,0,0,0,0
GEO_3291,2,1,GEO_PROXIMIDAD_TAXID,ALTA,False,1,0,0,0,0
GEO_3292,2,1,GEO_PROXIMIDAD_TAXID,ALTA,False,1,0,0,0,0
GEO_3293,2,1,GEO_PROXIMIDAD_TAXID,ALTA,False,1,0,0,0,0
GEO_3294,2,1,GEO_PROXIMIDAD_TAXID,ALTA,False,1,0,0,0,0
GEO_3295,2,1,GEO_PROXIMIDAD_TAXID,ALTA,False,1,0,0,1,1
GEO_3296,2,1,GEO_PROXIMIDAD_TAXID,ALTA,False,1,0,0,1,1
GEO_3297,2,1,GEO_PROXIMIDAD_TAXID,ALTA,False,1,0,0,0,0
GEO_3298,2,1,GEO_PROXIMIDAD_TAXID,ALTA,False,1,0,0,0,0
GEO_3299,2,1,GEO_PROXIMIDAD_TAXID,ALTA,False,1,0,0,0,0
GEO_3300,2,1,GEO_PROXIMIDAD_TAXID,ALTA,False,1,0,0,0,0
GEO_3301,2,1,GEO_PROXIMIDAD_TAXID,ALTA,False,1,0,0,0,0
GEO_3302,2,1,GEO_PROXIMIDAD_TAXID,ALTA,False,1,0,0,0,0
GEO_3303,2,1,GEO_PROXIMIDAD_TAXID,ALTA,False,1,0,0,0,0
GEO_3304,2,1,GEO_PROXIMIDAD_TAXID,ALTA,False,1,0,0,0,0
GEO_3305,2,1,GEO_PROXIMIDAD_TAXID,ALTA,False,1,0,0,0,0
GEO_3306,2,1,GEO_PROXIMIDAD_TAXID,ALTA,False,1,0,0,0,0
GEO_3307,2,1,GEO_PROXIMIDAD_TAXID,ALTA,False,1,0,0,0,0
GEO_3308,2,1,GEO_PROXIMIDAD_TAXID,ALTA,False,1,0,0,0,0
GEO_3309,2,1,GEO_PROXIMIDAD_TAXID,ALTA,False,1,0,0,0,0
GEO_3310,2,1,GEO_PROXIMIDAD_TAXID,ALTA,False,1,0,0,0,0
GEO_3311,2,1,GEO_PROXIMIDAD_TAXID,ALTA,False,1,0,0,0,0
GEO_3312,2,1,GEO_PROXIMIDAD_TAXID,ALTA,False,1,0,0,0,0
GEO_3313,2,1,GEO_PROXIMIDAD_TAXID,ALTA,False,1,0,0,0,0
GEO_3314,2,1,GEO_PROXIMIDAD_TAXID,ALTA,False,1,0,0,0,0
GEO_3315,2,1,GEO_PROXIMIDAD_TAXID,ALTA,False,1,0,0,2,1
GEO_3316,2,1,GEO_PROXIMIDAD_TAXID,ALTA,False,1,0,0,0,0
GEO_3317,2,1,GEO_PROXIMIDAD_TAXID,ALTA,False,1,0,0,0,0
GEO_3318,2,1,GEO_PROXIMIDAD_TAXID,ALTA,False,1,0,0,0,0
GEO_3319,2,1,GEO_PROXIMIDAD_TAXID,ALTA,False,1,0,0,0,0
GEO_3320,2,1,GEO_PROXIMIDAD_TAXID,ALTA,False,1,0,0,0,0
GEO_3321,2,1,GEO_PROXIMIDAD_TAXID,ALTA,False,1,0,0,0,0
GEO_3322,2,1,GEO_PROXIMIDAD_TAXID,ALTA,False,1,0,0,0,0
GEO_3323,2,1,GEO_PROXIMIDAD_TAXID,ALTA,False,1,0,0,0,0
GEO_3324,2,1,GEO_PROXIMIDAD_TAXID,ALTA,False,1,0,0,0,0
GEO_3325,2,1,GEO_PROXIMIDAD_TAXID,ALTA,False,1,0,0,0,0
GEO_3326,2,1,GEO_PROXIMIDAD_TAXID,ALTA,False,1,0,0,0,0
GEO_3327,2,1,GEO_PROXIMIDAD_TAXID,ALTA,False,1,0,0,0,0
GEO_3328,2,1,GEO_PROXIMIDAD_TAXID,ALTA,False,1,0,0,0,0
GEO_3329,2,1,GEO_PROXIMIDAD_TAXID,ALTA,False,1,0,0,0,0
GEO_3330,2,1,GEO_PROXIMIDAD_TAXID,ALTA,False,1,0,0,0,0
GEO_3331,2,1,GEO_PROXIMIDAD_TAXID,ALTA,False,1,0,0,0,0
GEO_3332,2,1,GEO_PROXIMIDAD_TAXID,ALTA,False,1,0,0,0,0
GEO_3333,2,1,GEO_PROXIMIDAD_TAXID,ALTA,False,1,0,0,0,0
GEO_3334,2,1,GEO_PROXIMIDAD_TAXID,ALTA,False,1,0,0,0,0
GEO_3335,2,1,GEO_PROXIMIDAD_TAXID,ALTA,False,1,0,0,2,2
GEO_3336,2,1,GEO_PROXIMIDAD_TAXID,ALTA,False,1,0,0,2,2
GEO_3337,2,1,GEO_PROXIMIDAD_TAXID,ALTA,False,1,0,0,2,2
GEO_3338,2,1,GEO_PROXIMIDAD_TAXID,ALTA,False,1,0,0,0,0
GEO_3339,2,1,GEO_PROXIMIDAD_TAXID,ALTA,False,1,0,0,0,0
GEO_3340,2,1,GEO_PROXIMIDAD_TAXID,ALTA,False,1,0,0,0,0
GEO_3341,2,1,GEO_PROXIMIDAD_TAXID,ALTA,False,1,0,0,0,0
GEO_3342,2,1,GEO_PROXIMIDAD_TAXID,ALTA,False,1,0,0,0,0
GEO_3343,2,1,GEO_PROXIMIDAD_TAXID,ALTA,False,1,0,0,0,0
GEO_3344,2,1,GEO_PROXIMIDAD_TAXID,ALTA,False,1,0,0,0,0
GEO_3345,2,1,GEO_PROXIMIDAD_TAXID,ALTA,False,1,0,0,0,0
GEO_3346,2,1,GEO_PROXIMIDAD_TAXID,ALTA,False,1,0,0,0,0
GEO_3347,2,1,GEO_PROXIMIDAD_TAXID,ALTA,False,1,0,0,0,0
GEO_3348,2,1,GEO_PROXIMIDAD_TAXID,ALTA,False,1,0,0,0,0
GEO_3349,2,1,GEO_PROXIMIDAD_TAXID,ALTA,False,1,0,0,0,0
GEO_3350,2,1,GEO_PROXIMIDAD_TAXID,ALTA,False,1,0,0,0,0
GEO_3351,2,1,GEO_PROXIMIDAD_TAXID,ALTA,False,1,0,0,0,0
GEO_3352,2,1,GEO_PROXIMIDAD_TAXID,ALTA,False,1,0,0,0,0
GEO_3353,2,1,GEO_PROXIMIDAD_TAXID,ALTA,False,1,0,0,0,0
GEO_3354,2,1,GEO_PROXIMIDAD_TAXID,ALTA,False,1,0,0,0,0
GEO_3355,2,1,GEO_PROXIMIDAD_TAXID,ALTA,False,1,0,0,0,0
GEO_3356,2,1,GEO_PROXIMIDAD_TAXID,ALTA,False,1,0,0,0,0
GEO_3357,2,1,GEO_PROXIMIDAD_TAXID,ALTA,False,1,0,0,0,0
GEO_3358,2,1,GEO_PROXIMIDAD_TAXID,ALTA,False,1,0,0,0,0
GEO_3359,2,1,GEO_PROXIMIDAD_TAXID,ALTA,False,1,0,0,0,0
GEO_3360,2,1,GEO_PROXIMIDAD_TAXID,ALTA,False,1,0,0,0,0
GEO_3361,2,1,GEO_PROXIMIDAD_TAXID,ALTA,False,1,0,0,0,0
GEO_3362,2,1,GEO_PROXIMIDAD_TAXID,ALTA,False,1,0,0,0,0
GEO_3363,2,1,GEO_PROXIMIDAD_TAXID,ALTA,False,1,0,0,0,0
GEO_3364,2,1,GEO_PROXIMIDAD_TAXID,ALTA,False,1,0,0,0,0
GEO_3365,2,1,GEO_PROXIMIDAD_TAXID,ALTA,False,1,0,0,0,0
GEO_3366,2,1,GEO_PROXIMIDAD_TAXID,ALTA,False,1,0,0,0,0
GEO_3367,2,1,GEO_PROXIMIDAD_TAXID,ALTA,False,1,0,0,0,0
GEO_3368,2,1,GEO_PROXIMIDAD_TAXID,ALTA,False,1,0,0,0,0
GEO_3369,2,1,GEO_PROXIMIDAD_TAXID,ALTA,False,1,0,0,0,0
GEO_3370,2,1,GEO_PROXIMIDAD_TAXID,ALTA,False,1,0,0,0,0
GEO_3371,2,1,GEO_PROXIMIDAD_TAXID,ALTA,False,1,0,0,0,0
GEO_3372,2,1,GEO_PROXIMIDAD_TAXID,ALTA,False,1,0,0,0,0
GEO_3373,2,1,GEO_PROXIMIDAD_TAXID,ALTA,False,1,0,0,0,0
GEO_3374,2,1,GEO_PROXIMIDAD_TAXID,ALTA,False,1,0,0,0,0
GEO_3375,2,1,GEO_PROXIMIDAD_TAXID,ALTA,False,1,0,0,0,0
GEO_3376,2,1,GEO_PROXIMIDAD_TAXID,ALTA,False,1,0,0,0,0
GEO_3377,2,1,GEO_PROXIMIDAD_TAXID,ALTA,False,1,0,0,0,0
GEO_3378,2,1,GEO_PROXIMIDAD_TAXID,ALTA,False,1,0,0,0,0
GEO_3379,2,1,GEO_PROXIMIDAD_TAXID,ALTA,False,1,0,0,0,0
GEO_3380,2,1,GEO_PROXIMIDAD_TAXID,ALTA,False,1,0,0,0,0
GEO_3381,2,1,GEO_PROXIMIDAD_TAXID,ALTA,False,1,0,0,0,0
GEO_3382,2,1,GEO_PROXIMIDAD_TAXID,ALTA,False,1,0,0,0,0
GEO_3383,2,1,GEO_PROXIMIDAD_TAXID,ALTA,False,1,0,0,0,0
GEO_3384,2,1,GEO_PROXIMIDAD_TAXID,ALTA,False,1,0,0,0,0
GEO_3385,2,1,GEO_PROXIMIDAD_TAXID,ALTA,False,1,0,0,0,0
GEO_3386,2,1,GEO_PROXIMIDAD_TAXID,ALTA,False,1,0,0,0,0
GEO_3387,2,1,GEO_PROXIMIDAD_TAXID,ALTA,False,1,0,0,0,0
GEO_3388,2,1,GEO_PROXIMIDAD_TAXID,ALTA,False,1,0,0,0,0
GEO_3389,2,1,GEO_PROXIMIDAD_TAXID,ALTA,False,1,0,0,0,0
GEO_3390,2,1,GEO_PROXIMIDAD_TAXID,ALTA,False,1,0,0,0,0
GEO_3391,2,1,GEO_PROXIMIDAD_TAXID,ALTA,False,1,0,0,0,0
GEO_3392,2,1,GEO_PROXIMIDAD_TAXID,ALTA,False,1,0,0,0,0
GEO_3393,2,1,GEO_PROXIMIDAD_TAXID,ALTA,False,1,0,0,0,0
GEO_3394,2,1,GEO_PROXIMIDAD_TAXID,ALTA,False,1,0,0,0,0
GEO_3395,2,1,GEO_PROXIMIDAD_TAXID,ALTA,False,1,0,0,0,0
GEO_3396,2,1,GEO_PROXIMIDAD_TAXID,ALTA,False,1,0,0,0,0
GEO_3397,2,1,GEO_PROXIMIDAD_TAXID,ALTA,False,1,0,0,0,0
GEO_3398,2,1,GEO_PROXIMIDAD_TAXID,ALTA,False,1,0,0,0,0
GEO_3399,2,1,GEO_PROXIMIDAD_TAXID,ALTA,False,1,0,0,0,0
GEO_3400,2,1,GEO_PROXIMIDAD_TAXID,ALTA,False,1,0,0,0,0
GEO_3401,2,1,GEO_PROXIMIDAD_TAXID,ALTA,False,1,0,0,0,0
GEO_3402,2,1,GEO_PROXIMIDAD_TAXID,ALTA,False,1,0,0,0,0
GEO_3403,2,1,GEO_PROXIMIDAD_TAXID,ALTA,False,1,0,0,0,0
GEO_3404,2,1,GEO_PROXIMIDAD_TAXID,ALTA,False,1,0,0,1,1
GEO_3405,2,1,GEO_PROXIMIDAD_TAXID,ALTA,False,1,0,0,0,0
GEO_3406,2,1,GEO_PROXIMIDAD_TAXID,ALTA,False,1,0,0,0,0
GEO_3407,2,1,GEO_PROXIMIDAD_TAXID,ALTA,False,1,0,0,0,0
GEO_3408,2,1,GEO_PROXIMIDAD_TAXID,ALTA,False,1,0,0,0,0
GEO_3409,2,1,GEO_PROXIMIDAD_TAXID,ALTA,False,1,0,0,0,0
GEO_3410,2,1,GEO_PROXIMIDAD_TAXID,ALTA,False,1,0,0,0,0
GEO_3411,2,1,GEO_PROXIMIDAD_TAXID,ALTA,False,1,0,0,0,0
GEO_3412,2,1,GEO_PROXIMIDAD_TAXID,ALTA,False,1,0,0,0,0
GEO_3413,2,1,GEO_PROXIMIDAD_TAXID,ALTA,False,1,0,0,0,0
GEO_3414,2,1,GEO_PROXIMIDAD_TAXID,ALTA,False,1,0,0,0,0
GEO_3415,2,1,GEO_PROXIMIDAD_TAXID,ALTA,False,1,0,0,0,0
GEO_3416,2,1,GEO_PROXIMIDAD_TAXID,ALTA,False,1,0,0,0,0
GEO_3417,2,1,GEO_PROXIMIDAD_TAXID,ALTA,False,1,0,0,0,0
GEO_3418,2,1,GEO_PROXIMIDAD_TAXID,ALTA,False,1,0,0,0,0
GEO_3419,2,1,GEO_PROXIMIDAD_TAXID,ALTA,False,1,0,0,0,0
GEO_3420,2,1,GEO_PROXIMIDAD_TAXID,ALTA,False,1,0,0,0,0
GEO_3421,2,1,GEO_PROXIMIDAD_TAXID,ALTA,False,1,0,0,0,0
GEO_3422,2,1,GEO_PROXIMIDAD_TAXID,ALTA,False,1,0,0,0,0
GEO_3423,2,1,GEO_PROXIMIDAD_TAXID,ALTA,False,1,0,0,0,0
GEO_3424,2,1,GEO_PROXIMIDAD_TAXID,ALTA,False,1,0,0,0,0
GEO_3425,2,1,GEO_PROXIMIDAD_TAXID,ALTA,False,1,0,0,0,0
GEO_3426,2,1,GEO_PROXIMIDAD_TAXID,ALTA,False,1,0,0,0,0
GEO_3427,2,1,GEO_PROXIMIDAD_TAXID,ALTA,False,1,0,0,0,0
GEO_3428,2,1,GEO_PROXIMIDAD_TAXID,ALTA,False,1,0,0,0,0
GEO_3429,2,1,GEO_PROXIMIDAD_TAXID,ALTA,False,1,0,0,0,0
GEO_3430,2,1,GEO_PROXIMIDAD_TAXID,ALTA,False,1,0,0,0,0
GEO_3431,2,1,GEO_PROXIMIDAD_TAXID,ALTA,False,1,0,0,0,0
GEO_3432,2,1,GEO_PROXIMIDAD_TAXID,ALTA,False,1,0,0,0,0
GEO_3433,2,1,GEO_PROXIMIDAD_TAXID,ALTA,False,1,0,0,0,0
GEO_3434,2,1,GEO_PROXIMIDAD_TAXID,ALTA,False,1,0,0,0,0
GEO_3435,2,1,GEO_PROXIMIDAD_TAXID,ALTA,False,1,0,0,0,0
GEO_3436,2,1,GEO_PROXIMIDAD_TAXID,ALTA,False,1,0,0,0,0
GEO_3437,2,1,GEO_PROXIMIDAD_TAXID,ALTA,False,1,0,0,0,0
GEO_3438,2,1,GEO_PROXIMIDAD_TAXID,ALTA,False,1,0,0,0,0
GEO_3439,2,1,GEO_PROXIMIDAD_TAXID,ALTA,False,1,0,0,0,0
GEO_3440,2,1,GEO_PROXIMIDAD_TAXID,ALTA,False,1,0,0,0,0
GEO_3441,2,1,GEO_PROXIMIDAD_TAXID,ALTA,False,1,0,0,0,0
GEO_3442,2,1,GEO_PROXIMIDAD_TAXID,ALTA,False,1,0,0,0,0
GEO_3443,2,1,GEO_PROXIMIDAD_TAXID,ALTA,False,1,0,0,0,0
GEO_3444,2,1,GEO_PROXIMIDAD_TAXID,ALTA,False,1,0,0,0,0
GEO_3445,2,1,GEO_PROXIMIDAD_TAXID,ALTA,False,1,0,0,1,1
GEO_3446,2,1,GEO_PROXIMIDAD_TAXID,ALTA,False,1,0,0,1,1
GEO_3447,2,1,GEO_PROXIMIDAD_TAXID,ALTA,False,1,0,0,1,1
GEO_3448,2,1,GEO_PROXIMIDAD_TAXID,ALTA,False,1,0,0,1,1
GEO_3449,2,1,GEO_PROXIMIDAD_TAXID,ALTA,False,1,0,0,0,0
GEO_3450,2,1,GEO_PROXIMIDAD_TAXID,ALTA,False,1,0,0,0,0
GEO_3451,2,1,GEO_PROXIMIDAD_TAXID,ALTA,False,1,0,0,0,0
GEO_3452,2,1,GEO_PROXIMIDAD_TAXID,ALTA,False,1,0,0,0,0
GEO_3453,2,1,GEO_PROXIMIDAD_TAXID,ALTA,False,1,0,0,0,0
GEO_3454,2,1,GEO_PROXIMIDAD_TAXID,ALTA,False,1,0,0,0,0
GEO_3455,2,1,GEO_PROXIMIDAD_TAXID,ALTA,False,1,0,0,0,0
GEO_3456,2,1,GEO_PROXIMIDAD_TAXID,ALTA,False,1,0,0,0,0
GEO_3457,2,1,GEO_PROXIMIDAD_TAXID,ALTA,False,1,0,0,0,0
GEO_3458,2,1,GEO_PROXIMIDAD_TAXID,ALTA,False,1,0,0,0,0
GEO_3459,2,1,GEO_PROXIMIDAD_TAXID,ALTA,False,1,0,0,0,0
GEO_3460,2,1,GEO_PROXIMIDAD_TAXID,ALTA,False,1,0,0,0,0
GEO_3461,2,1,GEO_PROXIMIDAD_TAXID,ALTA,False,1,0,0,0,0
GEO_3462,2,1,GEO_PROXIMIDAD_TAXID,ALTA,False,1,0,0,0,0
GEO_3463,2,1,GEO_PROXIMIDAD_TAXID,ALTA,False,1,0,0,0,0
GEO_3464,2,1,GEO_PROXIMIDAD_TAXID,ALTA,False,1,0,0,0,0
GEO_3465,2,1,GEO_PROXIMIDAD_TAXID,ALTA,False,1,0,0,0,0
GEO_3466,2,1,GEO_PROXIMIDAD_TAXID,ALTA,False,1,0,0,0,0
GEO_3467,2,1,GEO_PROXIMIDAD_TAXID,ALTA,False,1,0,0,0,0
GEO_3468,2,1,GEO_PROXIMIDAD_TAXID,ALTA,False,1,0,0,0,0
GEO_3469,2,1,GEO_PROXIMIDAD_TAXID,ALTA,False,1,0,0,0,0
GEO_3470,2,1,GEO_PROXIMIDAD_TAXID,ALTA,False,1,0,0,0,0
GEO_3471,2,1,GEO_PROXIMIDAD_TAXID,ALTA,False,1,0,0,0,0
GEO_3472,2,1,GEO_PROXIMIDAD_TAXID,ALTA,False,1,0,0,0,0
GEO_3473,2,1,GEO_PROXIMIDAD_TAXID,ALTA,False,1,0,0,0,0
GEO_3474,2,1,GEO_PROXIMIDAD_TAXID,ALTA,False,1,0,0,0,0
GEO_3475,2,1,GEO_PROXIMIDAD_TAXID,ALTA,False,1,0,0,0,0
GEO_3476,2,1,GEO_PROXIMIDAD_TAXID,ALTA,False,1,0,0,0,0
GEO_3477,2,1,GEO_PROXIMIDAD_TAXID,ALTA,False,1,0,0,0,0
GEO_3478,2,1,GEO_PROXIMIDAD_TAXID,ALTA,False,1,0,0,0,0
GEO_3479,2,1,GEO_PROXIMIDAD_TAXID,ALTA,False,1,0,0,0,0
GEO_3480,2,1,GEO_PROXIMIDAD_TAXID,ALTA,False,1,0,0,0,0
GEO_3481,2,1,GEO_PROXIMIDAD_TAXID,ALTA,False,1,0,0,0,0
GEO_3482,2,1,GEO_PROXIMIDAD_TAXID,ALTA,False,1,0,0,0,0
GEO_3483,2,1,GEO_PROXIMIDAD_TAXID,ALTA,False,1,0,0,0,0
GEO_3484,2,1,GEO_PROXIMIDAD_TAXID,ALTA,False,1,0,0,0,0
GEO_3485,2,1,GEO_PROXIMIDAD_TAXID,ALTA,False,1,0,0,0,0
GEO_3486,2,1,GEO_PROXIMIDAD_TAXID,ALTA,False,1,0,0,0,0
GEO_3487,2,1,GEO_PROXIMIDAD_TAXID,ALTA,False,1,0,0,0,0
GEO_3488,2,1,GEO_PROXIMIDAD_TAXID,ALTA,False,1,0,0,0,0
GEO_3489,2,1,GEO_PROXIMIDAD_TAXID,ALTA,False,1,0,0,0,0
GEO_3490,2,1,GEO_PROXIMIDAD_TAXID,ALTA,False,1,0,0,0,0
GEO_3491,2,1,GEO_PROXIMIDAD_TAXID,ALTA,False,1,0,0,0,0
GEO_3492,2,1,GEO_PROXIMIDAD_TAXID,ALTA,False,1,0,0,0,0
GEO_3493,2,1,GEO_PROXIMIDAD_TAXID,ALTA,False,1,0,0,0,0
GEO_3494,2,1,GEO_PROXIMIDAD_TAXID,ALTA,False,1,0,0,0,0
GEO_3495,2,1,GEO_PROXIMIDAD_TAXID,ALTA,False,1,0,0,0,0
GEO_3496,2,1,GEO_PROXIMIDAD_TAXID,ALTA,False,1,0,0,0,0
GEO_3497,2,1,GEO_PROXIMIDAD_TAXID,ALTA,False,1,0,0,0,0
GEO_3498,2,1,GEO_PROXIMIDAD_TAXID,ALTA,False,1,0,0,0,0
GEO_3499,2,1,GEO_PROXIMIDAD_TAXID,ALTA,False,1,0,0,0,0
GEO_3500,2,1,GEO_PROXIMIDAD_TAXID,ALTA,False,1,0,0,0,0
GEO_3501,2,1,GEO_PROXIMIDAD_TAXID,ALTA,False,1,0,0,0,0
GEO_3502,2,1,GEO_PROXIMIDAD_TAXID,ALTA,False,1,0,0,0,0
GEO_3503,2,1,GEO_PROXIMIDAD_TAXID,ALTA,False,1,0,0,0,0
GEO_3504,2,1,GEO_PROXIMIDAD_TAXID,ALTA,False,1,0,0,0,0
GEO_3505,2,1,GEO_PROXIMIDAD_TAXID,ALTA,False,1,0,0,0,0
GEO_3506,2,1,GEO_PROXIMIDAD_TAXID,ALTA,False,1,0,0,0,0
GEO_3507,2,1,GEO_PROXIMIDAD_TAXID,ALTA,False,1,0,0,0,0
GEO_3508,2,1,GEO_PROXIMIDAD_TAXID,ALTA,False,1,0,0,0,0
GEO_3509,2,1,GEO_PROXIMIDAD_TAXID,ALTA,False,1,0,0,0,0
GEO_3510,2,1,GEO_PROXIMIDAD_TAXID,ALTA,False,1,0,0,0,0
GEO_3511,2,1,GEO_PROXIMIDAD_TAXID,ALTA,False,1,0,0,0,0
GEO_3512,2,1,GEO_PROXIMIDAD_TAXID,ALTA,False,1,0,0,0,0
GEO_3513,2,1,GEO_PROXIMIDAD_TAXID,ALTA,False,1,0,0,0,0
GEO_3514,2,1,GEO_PROXIMIDAD_TAXID,ALTA,False,1,0,0,0,0
GEO_3515,2,1,GEO_PROXIMIDAD_TAXID,ALTA,False,1,0,0,0,0
GEO_3516,2,1,GEO_PROXIMIDAD_TAXID,ALTA,False,1,0,0,0,0
GEO_3517,2,1,GEO_PROXIMIDAD_TAXID,ALTA,False,1,0,0,0,0
GEO_3518,2,1,GEO_PROXIMIDAD_TAXID,ALTA,False,1,0,0,0,0
GEO_3519,2,1,GEO_PROXIMIDAD_TAXID,ALTA,False,1,0,0,0,0
GEO_3520,2,1,GEO_PROXIMIDAD_TAXID,ALTA,False,1,0,0,0,0
GEO_3521,2,1,GEO_PROXIMIDAD_TAXID,ALTA,False,1,0,0,0,0
GEO_3522,2,1,GEO_PROXIMIDAD_TAXID,ALTA,False,1,0,0,0,0
GEO_3523,2,1,GEO_PROXIMIDAD_TAXID,ALTA,False,1,0,0,0,0
GEO_3524,2,1,GEO_PROXIMIDAD_TAXID,ALTA,False,1,0,0,0,0
GEO_3525,2,1,GEO_PROXIMIDAD_TAXID,ALTA,False,1,0,0,0,0
GEO_3526,2,1,GEO_PROXIMIDAD_TAXID,ALTA,False,1,0,0,0,0
GEO_3527,2,1,GEO_PROXIMIDAD_TAXID,ALTA,False,1,0,0,0,0
GEO_3528,2,1,GEO_PROXIMIDAD_TAXID,ALTA,False,1,0,0,0,0
GEO_3529,2,1,GEO_PROXIMIDAD_TAXID,ALTA,False,1,0,0,0,0
GEO_3530,2,1,GEO_PROXIMIDAD_TAXID,ALTA,False,1,0,0,0,0
GEO_3531,2,1,GEO_PROXIMIDAD_TAXID,ALTA,False,1,0,0,0,0
GEO_3532,2,1,GEO_PROXIMIDAD_TAXID,ALTA,False,1,0,0,0,0
GEO_3533,2,1,GEO_PROXIMIDAD_TAXID,ALTA,False,1,0,0,0,0
GEO_3534,2,1,GEO_PROXIMIDAD_TAXID,ALTA,False,1,0,0,0,0
GEO_3535,2,1,GEO_PROXIMIDAD_TAXID,ALTA,False,1,0,0,0,0
GEO_3536,2,1,GEO_PROXIMIDAD_TAXID,ALTA,False,1,0,0,0,0
GEO_3537,2,1,GEO_PROXIMIDAD_TAXID,ALTA,False,1,0,0,0,0
GEO_3538,2,1,GEO_PROXIMIDAD_TAXID,ALTA,False,1,0,0,0,0
GEO_3539,2,1,GEO_PROXIMIDAD_TAXID,ALTA,False,1,0,0,0,0
GEO_3540,2,1,GEO_PROXIMIDAD_TAXID,ALTA,False,1,0,0,0,0
GEO_3541,2,1,GEO_PROXIMIDAD_TAXID,ALTA,False,1,0,0,0,0
GEO_3542,2,1,GEO_PROXIMIDAD_TAXID,ALTA,False,1,0,0,0,0
GEO_3543,2,1,GEO_PROXIMIDAD_TAXID,ALTA,False,1,0,0,0,0
GEO_3544,2,1,GEO_PROXIMIDAD_TAXID,ALTA,False,1,0,0,0,0
GEO_3545,2,1,GEO_PROXIMIDAD_TAXID,ALTA,False,1,0,0,0,0
GEO_3546,2,1,GEO_PROXIMIDAD_TAXID,ALTA,False,1,0,0,0,0
GEO_3547,2,1,GEO_PROXIMIDAD_TAXID,ALTA,False,1,0,0,0,0
GEO_3548,2,1,GEO_PROXIMIDAD_TAXID,ALTA,False,1,0,0,0,0
GEO_3549,2,1,GEO_PROXIMIDAD_TAXID,ALTA,False,1,0,0,0,0
GEO_3550,2,1,GEO_PROXIMIDAD_TAXID,ALTA,False,1,0,0,0,0
GEO_3551,2,1,GEO_PROXIMIDAD_TAXID,ALTA,False,1,0,0,0,0
GEO_3552,2,1,GEO_PROXIMIDAD_TAXID,ALTA,False,1,0,0,0,0
GEO_3553,2,1,GEO_PROXIMIDAD_TAXID,ALTA,False,1,0,0,0,0
GEO_3554,2,1,GEO_PROXIMIDAD_TAXID,ALTA,False,1,0,0,0,0
GEO_3555,2,1,GEO_PROXIMIDAD_TAXID,ALTA,False,1,0,0,0,0
GEO_3556,2,1,GEO_PROXIMIDAD_TAXID,ALTA,False,1,0,0,0,0
GEO_3557,2,1,GEO_PROXIMIDAD_TAXID,ALTA,False,1,0,0,0,0
GEO_3558,2,1,GEO_PROXIMIDAD_TAXID,ALTA,False,1,0,0,0,0
GEO_3559,2,1,GEO_PROXIMIDAD_TAXID,ALTA,False,1,0,0,0,0
GEO_3560,2,1,GEO_PROXIMIDAD_TAXID,ALTA,False,1,0,0,0,0
GEO_3561,2,1,GEO_PROXIMIDAD_TAXID,ALTA,False,1,0,0,0,0
GEO_3562,2,1,GEO_PROXIMIDAD_TAXID,ALTA,False,1,0,0,0,0
GEO_3563,2,1,GEO_PROXIMIDAD_TAXID,ALTA,False,1,0,0,0,0
GEO_3564,2,1,GEO_PROXIMIDAD_TAXID,ALTA,False,1,0,0,0,0
GEO_3565,2,1,GEO_PROXIMIDAD_TAXID,ALTA,False,1,0,0,0,0
GEO_3566,2,1,GEO_PROXIMIDAD_TAXID,ALTA,False,1,0,0,0,0
GEO_3567,2,1,GEO_PROXIMIDAD_TAXID,ALTA,False,1,0,0,0,0
GEO_3568,2,1,GEO_PROXIMIDAD_TAXID,ALTA,False,1,0,0,0,0
GEO_3569,2,1,GEO_PROXIMIDAD_TAXID,ALTA,False,1,0,0,0,0
GEO_3570,2,1,GEO_PROXIMIDAD_TAXID,ALTA,False,1,0,0,0,0
GEO_3571,2,1,GEO_PROXIMIDAD_TAXID,ALTA,False,1,0,0,0,0
GEO_3572,2,1,GEO_PROXIMIDAD_TAXID,ALTA,False,1,0,0,0,0
GEO_3573,2,1,GEO_PROXIMIDAD_TAXID,ALTA,False,1,0,0,0,0
GEO_3574,2,1,GEO_PROXIMIDAD_TAXID,ALTA,False,1,0,0,0,0
GEO_3575,2,1,GEO_PROXIMIDAD_TAXID,ALTA,False,1,0,0,0,0
GEO_3576,2,1,GEO_PROXIMIDAD_TAXID,ALTA,False,1,0,0,0,0
GEO_3577,2,1,GEO_PROXIMIDAD_TAXID,ALTA,False,1,0,0,0,0
GEO_3578,2,1,GEO_PROXIMIDAD_TAXID,ALTA,False,1,0,0,0,0
GEO_3579,2,1,GEO_PROXIMIDAD_TAXID,ALTA,False,1,0,0,0,0
GEO_3580,2,1,GEO_PROXIMIDAD_TAXID,ALTA,False,1,0,10,0,0
GEO_3581,2,1,GEO_PROXIMIDAD_TAXID,ALTA,False,1,0,0,0,0
GEO_3582,2,1,GEO_PROXIMIDAD_TAXID,ALTA,False,1,0,0,0,0
GEO_3583,2,1,GEO_PROXIMIDAD_TAXID,ALTA,False,1,0,0,0,0
GEO_3584,2,1,GEO_PROXIMIDAD_TAXID,ALTA,False,1,0,0,0,0
GEO_3585,2,1,GEO_PROXIMIDAD_TAXID,ALTA,False,1,0,0,3,2
GEO_3586,2,1,GEO_PROXIMIDAD_TAXID,ALTA,False,1,0,0,3,2
GEO_3587,2,1,GEO_PROXIMIDAD_TAXID,ALTA,False,1,0,0,0,0
GEO_3588,2,1,GEO_PROXIMIDAD_TAXID,ALTA,False,1,0,0,0,0
GEO_3589,2,1,GEO_PROXIMIDAD_TAXID,ALTA,False,1,0,0,0,0
GEO_3590,2,1,GEO_PROXIMIDAD_TAXID,ALTA,False,1,0,0,0,0
GEO_3591,2,1,GEO_PROXIMIDAD_TAXID,ALTA,False,1,0,0,0,0
GEO_3592,2,1,GEO_PROXIMIDAD_TAXID,ALTA,False,1,0,0,0,0
GEO_3593,2,1,GEO_PROXIMIDAD_TAXID,ALTA,False,1,0,0,0,0
GEO_3594,2,1,GEO_PROXIMIDAD_TAXID,ALTA,False,1,0,0,0,0
GEO_3595,2,1,GEO_PROXIMIDAD_TAXID,ALTA,False,1,0,0,0,0
GEO_3596,2,1,GEO_PROXIMIDAD_TAXID,ALTA,False,1,0,0,0,0
GEO_3597,2,1,GEO_PROXIMIDAD_TAXID,ALTA,False,1,0,0,1,1
GEO_3598,2,1,GEO_PROXIMIDAD_TAXID,ALTA,False,1,0,0,1,1
GEO_3599,2,1,GEO_PROXIMIDAD_TAXID,ALTA,False,1,0,0,1,1
GEO_3600,2,1,GEO_PROXIMIDAD_TAXID,ALTA,False,1,0,0,1,1
GEO_3601,2,1,GEO_PROXIMIDAD_TAXID,ALTA,False,1,0,0,1,1
GEO_3602,2,1,GEO_PROXIMIDAD_TAXID,ALTA,False,1,0,0,1,1
GEO_3603,2,1,GEO_PROXIMIDAD_TAXID,ALTA,False,1,0,0,1,1
GEO_3604,2,1,GEO_PROXIMIDAD_TAXID,ALTA,False,1,0,0,0,0
GEO_3605,2,1,GEO_PROXIMIDAD_TAXID,ALTA,False,1,0,0,0,0
GEO_3606,2,1,GEO_PROXIMIDAD_TAXID,ALTA,False,1,0,0,0,0
GEO_3607,2,1,GEO_PROXIMIDAD_TAXID,ALTA,False,1,0,0,0,0
GEO_3608,2,1,GEO_PROXIMIDAD_TAXID,ALTA,False,1,0,0,0,0
GEO_3609,2,1,GEO_PROXIMIDAD_TAXID,ALTA,False,1,0,0,0,0
GEO_3610,2,1,GEO_PROXIMIDAD_TAXID,ALTA,False,1,0,0,0,0
GEO_3611,2,1,GEO_PROXIMIDAD_TAXID,ALTA,False,1,0,0,0,0
GEO_3612,2,1,GEO_PROXIMIDAD_TAXID,ALTA,False,1,0,0,0,0
GEO_3613,2,1,GEO_PROXIMIDAD_TAXID,ALTA,False,1,0,0,0,0
GEO_3614,2,1,GEO_PROXIMIDAD_TAXID,ALTA,False,1,0,0,0,0
GEO_3615,2,1,GEO_PROXIMIDAD_TAXID,ALTA,False,1,0,0,0,0
GEO_3616,2,1,GEO_PROXIMIDAD_TAXID,ALTA,False,1,0,0,0,0
GEO_3617,2,1,GEO_PROXIMIDAD_TAXID,ALTA,False,1,0,0,0,0
GEO_3618,2,1,GEO_PROXIMIDAD_TAXID,ALTA,False,1,0,0,2,2
GEO_3619,2,1,GEO_PROXIMIDAD_TAXID,ALTA,False,1,0,0,2,2
GEO_3620,2,1,GEO_PROXIMIDAD_TAXID,ALTA,False,1,0,0,2,2
GEO_3621,2,1,GEO_PROXIMIDAD_TAXID,ALTA,False,1,0,0,2,2
GEO_3622,2,1,GEO_PROXIMIDAD_TAXID,ALTA,False,1,0,0,1,1
GEO_3623,2,1,GEO_PROXIMIDAD_TAXID,ALTA,False,1,0,0,1,1
GEO_3624,2,1,GEO_PROXIMIDAD_TAXID,ALTA,False,1,0,0,2,1
GEO_3625,2,1,GEO_PROXIMIDAD_TAXID,ALTA,False,1,0,0,0,0
GEO_3626,2,1,GEO_PROXIMIDAD_TAXID,ALTA,False,1,0,0,0,0
GEO_3627,2,1,GEO_PROXIMIDAD_TAXID,ALTA,False,1,0,0,0,0
GEO_3628,2,1,GEO_PROXIMIDAD_TAXID,ALTA,False,1,0,0,0,0
GEO_3629,2,1,GEO_PROXIMIDAD_TAXID,ALTA,False,1,0,0,0,0
GEO_3630,2,1,GEO_PROXIMIDAD_TAXID,ALTA,False,1,0,0,0,0
GEO_3631,2,1,GEO_PROXIMIDAD_TAXID,ALTA,False,1,0,0,0,0
GEO_3632,2,1,GEO_PROXIMIDAD_TAXID,ALTA,False,1,0,0,0,0
GEO_3633,2,1,GEO_PROXIMIDAD_TAXID,ALTA,False,1,0,0,0,0
GEO_3634,2,1,GEO_PROXIMIDAD_TAXID,ALTA,False,1,0,0,0,0
GEO_3635,2,1,GEO_PROXIMIDAD_TAXID,ALTA,False,1,0,0,0,0
GEO_3636,2,1,GEO_PROXIMIDAD_TAXID,ALTA,False,1,0,0,0,0
GEO_3637,2,1,GEO_PROXIMIDAD_TAXID,ALTA,False,1,0,0,0,0
GEO_3638,2,1,GEO_PROXIMIDAD_TAXID,ALTA,False,1,0,0,0,0
GEO_3639,2,1,GEO_PROXIMIDAD_TAXID,ALTA,False,1,0,0,0,0
GEO_3640,2,1,GEO_PROXIMIDAD_TAXID,ALTA,False,1,0,0,0,0
GEO_3641,2,1,GEO_PROXIMIDAD_TAXID,ALTA,False,1,0,0,0,0
GEO_3642,2,1,GEO_PROXIMIDAD_TAXID,ALTA,False,1,0,0,0,0
GEO_3643,2,1,GEO_PROXIMIDAD_TAXID,ALTA,False,1,0,0,0,0
GEO_3644,2,1,GEO_PROXIMIDAD_TAXID,ALTA,False,1,0,0,0,0
GEO_3645,2,1,GEO_PROXIMIDAD_TAXID,ALTA,False,1,0,0,0,0
GEO_3646,2,1,GEO_PROXIMIDAD_TAXID,ALTA,False,1,0,0,0,0
GEO_3647,2,1,GEO_PROXIMIDAD_TAXID,ALTA,False,1,0,0,0,0
GEO_3648,2,1,GEO_PROXIMIDAD_TAXID,ALTA,False,1,0,0,0,0
GEO_3649,2,1,GEO_PROXIMIDAD_TAXID,ALTA,False,1,0,0,1,1
GEO_3650,2,1,GEO_PROXIMIDAD_TAXID,ALTA,False,1,0,0,1,1
GEO_3651,2,1,GEO_PROXIMIDAD_TAXID,ALTA,False,1,0,0,1,1
GEO_3652,2,1,GEO_PROXIMIDAD_TAXID,ALTA,False,1,0,0,1,1
GEO_3653,2,1,GEO_PROXIMIDAD_TAXID,ALTA,False,1,0,0,1,1
GEO_3654,2,1,GEO_PROXIMIDAD_TAXID,ALTA,False,1,0,0,1,1
GEO_3655,2,1,GEO_PROXIMIDAD_TAXID,ALTA,False,1,0,0,1,1
GEO_3656,2,1,GEO_PROXIMIDAD_TAXID,ALTA,False,1,0,0,1,1
GEO_3657,2,1,GEO_PROXIMIDAD_TAXID,ALTA,False,1,0,0,1,1
GEO_3658,2,1,GEO_PROXIMIDAD_TAXID,ALTA,False,1,0,0,1,1
GEO_3659,2,1,GEO_PROXIMIDAD_TAXID,ALTA,False,1,0,0,1,1
GEO_3660,2,1,GEO_PROXIMIDAD_TAXID,ALTA,False,1,0,0,1,1
GEO_3661,2,1,GEO_PROXIMIDAD_TAXID,ALTA,False,1,0,0,1,1
GEO_3662,2,1,GEO_PROXIMIDAD_TAXID,ALTA,False,1,0,0,1,1
GEO_3663,2,1,GEO_PROXIMIDAD_TAXID,ALTA,False,1,0,0,1,1
GEO_3664,2,1,GEO_PROXIMIDAD_TAXID,ALTA,False,1,0,0,0,0
GEO_3665,2,1,GEO_PROXIMIDAD_TAXID,ALTA,False,1,0,0,0,0
GEO_3666,2,1,GEO_PROXIMIDAD_TAXID,ALTA,False,1,0,0,8,2
GEO_3667,2,1,GEO_PROXIMIDAD_TAXID,ALTA,False,1,0,0,8,2
GEO_3668,2,1,GEO_PROXIMIDAD_TAXID,ALTA,False,1,0,0,8,2
GEO_3669,2,1,GEO_PROXIMIDAD_TAXID,ALTA,False,1,0,0,1,1
GEO_3670,2,1,GEO_PROXIMIDAD_TAXID,ALTA,False,1,0,0,1,1
GEO_3671,2,1,GEO_PROXIMIDAD_TAXID,ALTA,False,1,0,0,0,0
GEO_3672,2,1,GEO_PROXIMIDAD_TAXID,ALTA,False,1,0,0,0,0
GEO_3673,2,1,GEO_PROXIMIDAD_TAXID,ALTA,False,1,0,0,0,0
GEO_3674,2,1,GEO_PROXIMIDAD_TAXID,ALTA,False,1,0,0,0,0
GEO_3675,2,1,GEO_PROXIMIDAD_TAXID,ALTA,False,1,0,0,0,0
GEO_3676,2,1,GEO_PROXIMIDAD_TAXID,ALTA,False,1,0,0,0,0
GEO_3677,2,1,GEO_PROXIMIDAD_TAXID,ALTA,False,1,0,0,0,0
GEO_3678,2,1,GEO_PROXIMIDAD_TAXID,ALTA,False,1,0,0,0,0
GEO_3679,2,1,GEO_PROXIMIDAD_TAXID,ALTA,False,1,0,0,0,0
GEO_3680,2,1,GEO_PROXIMIDAD_TAXID,ALTA,False,1,0,0,0,0
GEO_3681,2,1,GEO_PROXIMIDAD_TAXID,ALTA,False,1,0,0,0,0
GEO_3682,2,1,GEO_PROXIMIDAD_TAXID,ALTA,False,1,0,0,0,0
GEO_3683,2,1,GEO_PROXIMIDAD_TAXID,ALTA,False,1,0,0,0,0
GEO_3684,2,1,GEO_PROXIMIDAD_TAXID,ALTA,False,1,0,0,0,0
GEO_3685,2,1,GEO_PROXIMIDAD_TAXID,ALTA,False,1,0,0,0,0
GEO_3686,2,1,GEO_PROXIMIDAD_TAXID,ALTA,False,1,0,0,0,0
GEO_3687,2,1,GEO_PROXIMIDAD_TAXID,ALTA,False,1,0,0,0,0
GEO_3688,2,1,GEO_PROXIMIDAD_TAXID,ALTA,False,1,0,0,0,0
GEO_3689,2,1,GEO_PROXIMIDAD_TAXID,ALTA,False,1,0,0,0,0
GEO_3690,2,1,GEO_PROXIMIDAD_TAXID,ALTA,False,1,0,0,2,2
GEO_3691,2,1,GEO_PROXIMIDAD_TAXID,ALTA,False,1,0,0,2,2
GEO_3692,2,1,GEO_PROXIMIDAD_TAXID,ALTA,False,1,0,0,2,2
GEO_3693,2,1,GEO_PROXIMIDAD_TAXID,ALTA,False,1,0,0,2,2
GEO_3694,2,1,GEO_PROXIMIDAD_TAXID,ALTA,False,1,0,0,2,2
GEO_3695,2,1,GEO_PROXIMIDAD_TAXID,ALTA,False,1,0,0,2,2
GEO_3696,2,1,GEO_PROXIMIDAD_TAXID,ALTA,False,1,0,0,2,2
GEO_3697,2,1,GEO_PROXIMIDAD_TAXID,ALTA,False,1,0,0,2,1
GEO_3698,2,1,GEO_PROXIMIDAD_TAXID,ALTA,False,1,0,0,2,2
GEO_3699,2,1,GEO_PROXIMIDAD_TAXID,ALTA,False,1,0,0,2,2
GEO_3700,2,1,GEO_PROXIMIDAD_TAXID,ALTA,False,1,0,0,2,2
GEO_3701,2,1,GEO_PROXIMIDAD_TAXID,ALTA,False,1,0,0,2,2
GEO_3702,2,1,GEO_PROXIMIDAD_TAXID,ALTA,False,1,0,0,2,2
GEO_3703,2,1,GEO_PROXIMIDAD_TAXID,ALTA,False,1,0,0,2,2
GEO_3704,2,1,GEO_PROXIMIDAD_TAXID,ALTA,False,1,0,0,2,2
GEO_3705,2,1,GEO_PROXIMIDAD_TAXID,ALTA,False,1,0,0,0,0
GEO_3706,2,1,GEO_PROXIMIDAD_TAXID,ALTA,False,1,0,0,0,0
GEO_3707,2,1,GEO_PROXIMIDAD_TAXID,ALTA,False,1,0,0,0,0
GEO_3708,2,1,GEO_PROXIMIDAD_TAXID,ALTA,False,1,0,0,0,0
GEO_3709,2,1,GEO_PROXIMIDAD_TAXID,ALTA,False,1,0,0,0,0
GEO_3710,2,1,GEO_PROXIMIDAD_TAXID,ALTA,False,1,0,0,4,1
GEO_3711,2,1,GEO_PROXIMIDAD_TAXID,ALTA,False,1,0,0,4,1
GEO_3712,2,1,GEO_PROXIMIDAD_TAXID,ALTA,False,1,0,0,4,1
GEO_3713,2,1,GEO_PROXIMIDAD_TAXID,ALTA,False,1,0,0,4,1
GEO_3714,2,1,GEO_PROXIMIDAD_TAXID,ALTA,False,1,0,0,0,0
GEO_3715,2,1,GEO_PROXIMIDAD_TAXID,ALTA,False,1,0,0,0,0
GEO_3716,2,1,GEO_PROXIMIDAD_TAXID,ALTA,False,1,0,0,2,1
GEO_3717,2,1,GEO_PROXIMIDAD_TAXID,ALTA,False,1,0,0,1,1
GEO_3718,2,1,GEO_PROXIMIDAD_TAXID,ALTA,False,1,0,0,1,1
GEO_3719,2,1,GEO_PROXIMIDAD_TAXID,ALTA,False,1,0,0,1,1
GEO_3720,2,1,GEO_PROXIMIDAD_TAXID,ALTA,False,1,0,0,1,1
GEO_3721,2,1,GEO_PROXIMIDAD_TAXID,ALTA,False,1,0,0,1,1
GEO_3722,2,1,GEO_PROXIMIDAD_TAXID,ALTA,False,1,0,0,1,1
GEO_3723,2,1,GEO_PROXIMIDAD_TAXID,ALTA,False,1,0,0,5,1
GEO_3724,2,1,GEO_PROXIMIDAD_TAXID,ALTA,False,1,0,0,5,1
GEO_3725,2,1,GEO_PROXIMIDAD_TAXID,ALTA,False,1,0,0,5,1
GEO_3726,2,1,GEO_PROXIMIDAD_TAXID,ALTA,False,1,0,0,1,1
GEO_3727,2,1,GEO_PROXIMIDAD_TAXID,ALTA,False,1,0,0,1,1
GEO_3728,2,1,GEO_PROXIMIDAD_TAXID,ALTA,False,1,0,0,2,2
GEO_3729,2,1,GEO_PROXIMIDAD_TAXID,ALTA,False,1,0,0,2,2
GEO_3730,2,1,GEO_PROXIMIDAD_TAXID,ALTA,False,1,0,0,0,0
GEO_3731,2,1,GEO_PROXIMIDAD_TAXID,ALTA,False,1,0,0,2,2
GEO_3732,4,1,GEO_PROXIMIDAD_TAXID,ALTA,False,1,0,0,0,0
GEO_3733,4,1,GEO_PROXIMIDAD_TAXID,ALTA,False,1,0,0,0,0
GEO_3734,2,1,GEO_PROXIMIDAD_TAXID,ALTA,False,1,0,0,0,0
GEO_3735,2,1,GEO_PROXIMIDAD_TAXID,ALTA,False,1,0,0,2,1
GEO_3736,2,1,GEO_PROXIMIDAD_TAXID,ALTA,False,1,0,0,0,0
GEO_3737,2,1,GEO_PROXIMIDAD_TAXID,ALTA,False,1,0,0,0,0
GEO_3738,2,1,GEO_PROXIMIDAD_TAXID,ALTA,False,1,0,0,0,0
GEO_3739,2,1,GEO_PROXIMIDAD_TAXID,ALTA,False,1,0,0,0,0
GEO_3740,2,1,GEO_PROXIMIDAD_TAXID,ALTA,False,1,0,0,0,0
GEO_3741,2,1,GEO_PROXIMIDAD_TAXID,ALTA,False,1,0,0,0,0
GEO_3742,2,1,GEO_PROXIMIDAD_TAXID,ALTA,False,1,0,0,0,0
GEO_3743,2,1,GEO_PROXIMIDAD_TAXID,ALTA,False,1,0,0,0,0
GEO_3744,2,1,GEO_PROXIMIDAD_TAXID,ALTA,False,1,0,0,0,0
GEO_3745,2,1,GEO_PROXIMIDAD_TAXID,ALTA,False,1,0,0,0,0
GEO_3746,2,1,GEO_PROXIMIDAD_TAXID,ALTA,False,1,0,0,0,0
GEO_3747,2,1,GEO_PROXIMIDAD_TAXID,ALTA,False,1,0,0,0,0
GEO_3748,2,1,GEO_PROXIMIDAD_TAXID,ALTA,False,1,0,0,0,0
GEO_3749,2,1,GEO_PROXIMIDAD_TAXID,ALTA,False,1,0,0,0,0
GEO_3750,2,1,GEO_PROXIMIDAD_TAXID,ALTA,False,1,0,0,0,0
GEO_3751,2,1,GEO_PROXIMIDAD_TAXID,ALTA,False,1,0,0,0,0
GEO_3752,2,1,GEO_PROXIMIDAD_TAXID,ALTA,False,1,0,0,0,0
GEO_3753,2,1,GEO_PROXIMIDAD_TAXID,ALTA,False,1,0,0,0,0
GEO_3754,2,1,GEO_PROXIMIDAD_TAXID,ALTA,False,1,0,0,0,0
GEO_3755,2,1,GEO_PROXIMIDAD_TAXID,ALTA,False,1,0,0,0,0
GEO_3756,2,1,GEO_PROXIMIDAD_TAXID,ALTA,False,1,0,0,0,0
GEO_3757,2,1,GEO_PROXIMIDAD_TAXID,ALTA,False,1,0,0,2,2
GEO_3758,2,1,GEO_PROXIMIDAD_TAXID,ALTA,False,1,0,0,0,0
GEO_3759,2,1,GEO_PROXIMIDAD_TAXID,ALTA,False,1,0,0,0,0
GEO_3760,2,1,GEO_PROXIMIDAD_TAXID,ALTA,False,1,0,0,0,0
GEO_3761,2,1,GEO_PROXIMIDAD_TAXID,ALTA,False,1,0,0,1,1
GEO_3762,2,1,GEO_PROXIMIDAD_TAXID,ALTA,False,1,0,0,0,0
GEO_3763,2,1,GEO_PROXIMIDAD_TAXID,ALTA,False,1,0,0,0,0
GEO_3764,2,1,GEO_PROXIMIDAD_TAXID,ALTA,False,1,0,0,0,0
GEO_3765,2,1,GEO_PROXIMIDAD_TAXID,ALTA,False,1,0,0,0,0
GEO_3766,2,1,GEO_PROXIMIDAD_TAXID,ALTA,False,1,0,0,0,0
GEO_3767,2,1,GEO_PROXIMIDAD_TAXID,ALTA,False,1,0,0,0,0
GEO_3768,2,1,GEO_PROXIMIDAD_TAXID,ALTA,False,1,0,0,0,0
GEO_3769,2,1,GEO_PROXIMIDAD_TAXID,ALTA,False,1,0,0,0,0
GEO_3770,2,1,GEO_PROXIMIDAD_TAXID,ALTA,False,1,0,0,0,0
GEO_3771,2,1,GEO_PROXIMIDAD_TAXID,ALTA,False,1,0,0,0,0
GEO_3772,2,1,GEO_PROXIMIDAD_TAXID,ALTA,False,1,0,0,0,0
GEO_3773,2,1,GEO_PROXIMIDAD_TAXID,ALTA,False,1,0,0,0,0
GEO_3774,2,1,GEO_PROXIMIDAD_TAXID,ALTA,False,1,0,0,0,0
GEO_3775,2,1,GEO_PROXIMIDAD_TAXID,ALTA,False,1,0,0,0,0
GEO_3776,2,1,GEO_PROXIMIDAD_TAXID,ALTA,False,1,0,0,0,0
GEO_3777,2,1,GEO_PROXIMIDAD_TAXID,ALTA,False,1,0,0,1,1
GEO_3778,2,1,GEO_PROXIMIDAD_TAXID,ALTA,False,1,0,0,1,1
GEO_3779,2,1,GEO_PROXIMIDAD_TAXID,ALTA,False,1,0,0,1,1
GEO_3780,2,1,GEO_PROXIMIDAD_TAXID,ALTA,False,1,0,0,1,1
GEO_3781,2,1,GEO_PROXIMIDAD_TAXID,ALTA,False,1,0,0,1,1
GEO_3782,2,1,GEO_PROXIMIDAD_TAXID,ALTA,False,1,0,0,1,1
GEO_3783,2,1,GEO_PROXIMIDAD_TAXID,ALTA,False,1,0,0,1,1
GEO_3784,2,1,GEO_PROXIMIDAD_TAXID,ALTA,False,1,0,0,1,1
GEO_3785,2,1,GEO_PROXIMIDAD_TAXID,ALTA,False,1,0,0,1,1
GEO_3786,2,1,GEO_PROXIMIDAD_TAXID,ALTA,False,1,0,0,1,1
GEO_3787,2,1,GEO_PROXIMIDAD_TAXID,ALTA,False,1,0,0,0,0
GEO_3788,2,1,GEO_PROXIMIDAD_TAXID,ALTA,False,1,0,0,0,0
GEO_3789,2,1,GEO_PROXIMIDAD_TAXID,ALTA,False,1,0,0,0,0
GEO_3790,2,1,GEO_PROXIMIDAD_TAXID,ALTA,False,1,0,0,0,0
GEO_3791,2,1,GEO_PROXIMIDAD_TAXID,ALTA,False,1,0,0,0,0
GEO_3792,2,1,GEO_PROXIMIDAD_TAXID,ALTA,False,1,0,0,0,0
GEO_3793,2,1,GEO_PROXIMIDAD_TAXID,ALTA,False,1,0,0,0,0
GEO_3794,2,1,GEO_PROXIMIDAD_TAXID,ALTA,False,1,0,0,0,0
GEO_3795,2,1,GEO_PROXIMIDAD_TAXID,ALTA,False,1,0,0,0,0
GEO_3796,2,1,GEO_PROXIMIDAD_TAXID,ALTA,False,1,0,0,0,0
GEO_3797,2,1,GEO_PROXIMIDAD_TAXID,ALTA,False,1,0,0,0,0
GEO_3798,2,1,GEO_PROXIMIDAD_TAXID,ALTA,False,1,0,0,0,0
GEO_3799,2,1,GEO_PROXIMIDAD_TAXID,ALTA,False,1,0,0,0,0
GEO_3800,2,1,GEO_PROXIMIDAD_TAXID,ALTA,False,1,0,0,0,0
GEO_3801,2,1,GEO_PROXIMIDAD_TAXID,ALTA,False,1,0,0,0,0
GEO_3802,2,1,GEO_PROXIMIDAD_TAXID,ALTA,False,1,0,0,0,0
GEO_3803,2,1,GEO_PROXIMIDAD_TAXID,ALTA,False,1,0,0,0,0
GEO_3804,2,1,GEO_PROXIMIDAD_TAXID,ALTA,False,1,0,0,0,0
GEO_3805,2,1,GEO_PROXIMIDAD_TAXID,ALTA,False,1,0,0,0,0
GEO_3806,2,1,GEO_PROXIMIDAD_TAXID,ALTA,False,1,0,0,0,0
GEO_3807,2,1,GEO_PROXIMIDAD_TAXID,ALTA,False,1,0,0,0,0
GEO_3808,2,1,GEO_PROXIMIDAD_TAXID,ALTA,False,1,0,0,0,0
GEO_3809,2,1,GEO_PROXIMIDAD_TAXID,ALTA,False,1,0,0,0,0
GEO_3810,2,1,GEO_PROXIMIDAD_TAXID,ALTA,False,1,0,0,0,0
GEO_3811,2,1,GEO_PROXIMIDAD_TAXID,ALTA,False,1,0,0,0,0
GEO_3812,2,1,GEO_PROXIMIDAD_TAXID,ALTA,False,1,0,0,0,0
GEO_3813,2,1,GEO_PROXIMIDAD_TAXID,ALTA,False,1,0,0,2,2
GEO_3814,2,1,GEO_PROXIMIDAD_TAXID,ALTA,False,1,0,0,0,0
GEO_3815,2,1,GEO_PROXIMIDAD_TAXID,ALTA,False,1,0,0,0,0
GEO_3816,2,1,GEO_PROXIMIDAD_TAXID,ALTA,False,1,0,0,0,0
GEO_3817,2,1,GEO_PROXIMIDAD_TAXID,ALTA,False,1,0,0,0,0
GEO_3818,2,1,GEO_PROXIMIDAD_TAXID,ALTA,False,1,0,0,0,0
GEO_3819,2,1,GEO_PROXIMIDAD_TAXID,ALTA,False,1,0,0,0,0
GEO_3820,2,1,GEO_PROXIMIDAD_TAXID,ALTA,False,1,0,0,1,1
GEO_3821,2,1,GEO_PROXIMIDAD_TAXID,ALTA,False,1,0,0,1,1
GEO_3822,2,1,GEO_PROXIMIDAD_TAXID,ALTA,False,1,0,0,1,1
GEO_3823,2,1,GEO_PROXIMIDAD_TAXID,ALTA,False,1,0,0,1,1
GEO_3824,2,1,GEO_PROXIMIDAD_TAXID,ALTA,False,1,0,0,1,1
GEO_3825,2,1,GEO_PROXIMIDAD_TAXID,ALTA,False,1,0,0,1,1
GEO_3826,3,1,GEO_PROXIMIDAD_TAXID,ALTA,False,1,0,0,0,0
GEO_3827,3,1,GEO_PROXIMIDAD_TAXID,ALTA,False,1,0,0,0,0
GEO_3828,3,1,GEO_PROXIMIDAD_TAXID,ALTA,False,1,0,0,0,0
GEO_3829,3,1,GEO_PROXIMIDAD_TAXID,ALTA,False,1,0,0,0,0
GEO_3830,3,1,GEO_PROXIMIDAD_TAXID,ALTA,False,1,0,0,0,0
GEO_3831,3,1,GEO_PROXIMIDAD_TAXID,ALTA,False,1,0,0,0,0
GEO_3832,3,1,GEO_PROXIMIDAD_TAXID,ALTA,False,1,0,0,0,0
GEO_3833,3,1,GEO_PROXIMIDAD_TAXID,ALTA,False,1,0,0,0,0
GEO_3834,3,1,GEO_PROXIMIDAD_TAXID,ALTA,False,1,0,0,0,0
GEO_3835,3,1,GEO_PROXIMIDAD_TAXID,ALTA,False,1,0,0,0,0
GEO_3836,3,1,GEO_PROXIMIDAD_TAXID,ALTA,False,1,0,0,0,0
GEO_3837,3,1,GEO_PROXIMIDAD_TAXID,ALTA,False,1,0,0,0,0
GEO_3838,3,1,GEO_PROXIMIDAD_TAXID,ALTA,False,1,0,0,0,0
GEO_3839,3,1,GEO_PROXIMIDAD_TAXID,ALTA,False,1,0,0,1,1
GEO_3840,3,1,GEO_PROXIMIDAD_TAXID,ALTA,False,1,0,0,0,0
GEO_3841,3,1,GEO_PROXIMIDAD_TAXID,ALTA,False,1,0,0,0,0
GEO_3842,3,1,GEO_PROXIMIDAD_TAXID,ALTA,False,1,0,0,0,0
GEO_3843,3,1,GEO_PROXIMIDAD_TAXID,ALTA,False,1,0,0,0,0
GEO_3844,3,1,GEO_PROXIMIDAD_TAXID,ALTA,False,1,0,0,0,0
GEO_3845,3,1,GEO_PROXIMIDAD_TAXID,ALTA,False,1,0,0,0,0
GEO_3846,3,1,GEO_PROXIMIDAD_TAXID,ALTA,False,1,0,0,0,0
GEO_3847,3,1,GEO_PROXIMIDAD_TAXID,ALTA,False,1,0,0,0,0
GEO_3848,3,1,GEO_PROXIMIDAD_TAXID,ALTA,False,1,0,0,0,0
GEO_3849,3,1,GEO_PROXIMIDAD_TAXID,ALTA,False,1,0,0,0,0
GEO_3850,3,1,GEO_PROXIMIDAD_TAXID,ALTA,False,1,0,0,4,3
GEO_3851,3,1,GEO_PROXIMIDAD_TAXID,ALTA,False,2,1,24,6,3
GEO_3852,2,1,GEO_PROXIMIDAD_TAXID,ALTA,False,1,1,0,0,0
GEO_3853,2,1,GEO_PROXIMIDAD_TAXID,ALTA,False,1,1,0,0,0
GEO_3854,2,1,GEO_PROXIMIDAD_TAXID,ALTA,False,1,1,0,0,0
GEO_3855,2,1,GEO_PROXIMIDAD_TAXID,ALTA,False,1,1,22,3,2
GEO_3856,3,1,GEO_PROXIMIDAD_TAXID,ALTA,False,2,1,4,2,2
GEO_3857,3,1,GEO_PROXIMIDAD_TAXID,ALTA,False,2,1,4,2,2
GEO_3858,2,1,GEO_PROXIMIDAD_TAXID,ALTA,False,1,1,25,2,1
GEO_3859,2,1,GEO_PROXIMIDAD_TAXID,ALTA,False,1,1,0,0,0
GEO_3860,2,1,GEO_PROXIMIDAD_TAXID,ALTA,False,1,1,47,3,2
GEO_3861,2,1,GEO_PROXIMIDAD_TAXID,ALTA,False,1,1,0,0,0
GEO_3862,2,1,GEO_PROXIMIDAD_TAXID,ALTA,False,1,1,0,1,1
GEO_3863,2,1,GEO_PROXIMIDAD_TAXID,ALTA,False,1,1,0,0,0
GEO_3864,3,1,GEO_PROXIMIDAD_TAXID,ALTA,False,2,2,4,2,2
GEO_3865,2,1,GEO_PROXIMIDAD_TAXID,ALTA,False,1,1,0,0,0
GEO_3866,2,1,GEO_PROXIMIDAD_TAXID,ALTA,False,1,1,23,2,1
GEO_3867,2,1,GEO_PROXIMIDAD_TAXID,ALTA,False,1,1,6,3,2
GEO_3868,2,1,GEO_PROXIMIDAD_TAXID,ALTA,False,1,1,19,4,4
GEO_3869,2,1,GEO_PROXIMIDAD_TAXID,ALTA,False,1,1,0,0,0
GEO_3870,2,1,GEO_PROXIMIDAD_TAXID,ALTA,False,1,1,0,0,0
GEO_3871,2,1,GEO_PROXIMIDAD_TAXID,ALTA,False,1,1,0,0,0
GEO_3872,2,1,GEO_PROXIMIDAD_TAXID,ALTA,False,1,1,1,1,1
GEO_3873,2,1,GEO_PROXIMIDAD_TAXID,ALTA,False,1,1,0,0,0
GEO_3874,2,1,GEO_PROXIMIDAD_TAXID,ALTA,False,1,1,2,1,1
GEO_3875,2,1,GEO_PROXIMIDAD_TAXID,ALTA,False,1,1,0,0,0
GEO_3876,2,1,GEO_PROXIMIDAD_TAXID,ALTA,False,1,1,34,2,1
GEO_3877,2,1,GEO_PROXIMIDAD_TAXID,ALTA,False,1,1,0,0,0
GEO_3878,2,1,GEO_PROXIMIDAD_TAXID,ALTA,False,1,1,0,0,0
GEO_3879,2,1,GEO_PROXIMIDAD_TAXID,ALTA,False,1,1,10,3,2
GEO_3880,2,1,GEO_PROXIMIDAD_TAXID,ALTA,False,1,1,0,0,0
GEO_3881,2,1,GEO_PROXIMIDAD_TAXID,ALTA,False,1,1,0,0,0
GEO_3882,2,1,GEO_PROXIMIDAD_TAXID,ALTA,False,1,1,3,1,1
GEO_3883,2,1,GEO_PROXIMIDAD_TAXID,ALTA,False,1,1,0,0,0
GEO_3884,2,1,GEO_PROXIMIDAD_TAXID,ALTA,False,1,1,5,2,2
GEO_3885,2,1,GEO_PROXIMIDAD_TAXID,ALTA,False,1,1,3,1,1
GEO_3886,2,1,GEO_PROXIMIDAD_TAXID,ALTA,False,1,1,3,1,1
GEO_3887,2,1,GEO_PROXIMIDAD_TAXID,ALTA,False,1,1,0,0,0
GEO_3888,3,1,GEO_PROXIMIDAD_TAXID,ALTA,False,2,2,117,4,2
GEO_3889,2,1,GEO_PROXIMIDAD_TAXID,ALTA,False,1,1,0,0,0
GEO_3890,2,1,GEO_PROXIMIDAD_TAXID,ALTA,False,1,1,9,2,2
GEO_3891,2,1,GEO_PROXIMIDAD_TAXID,ALTA,False,1,1,9,2,2
GEO_3892,2,1,GEO_PROXIMIDAD_TAXID,ALTA,False,1,1,9,2,2
GEO_3893,2,1,GEO_PROXIMIDAD_TAXID,ALTA,False,1,1,0,0,0
GEO_3894,2,1,GEO_PROXIMIDAD_TAXID,ALTA,False,1,1,0,0,0
GEO_3895,2,1,GEO_PROXIMIDAD_TAXID,ALTA,False,1,1,0,0,0
GEO_3896,2,1,GEO_PROXIMIDAD_TAXID,ALTA,False,1,1,0,0,0
GEO_3897,2,1,GEO_PROXIMIDAD_TAXID,ALTA,False,1,1,0,0,0
GEO_3898,2,1,GEO_PROXIMIDAD_TAXID,ALTA,False,1,1,1,1,1
GEO_3899,2,1,GEO_PROXIMIDAD_TAXID,ALTA,False,1,1,10,2,2
GEO_3900,2,1,GEO_PROXIMIDAD_TAXID,ALTA,False,1,1,0,0,0
GEO_3901,2,1,GEO_PROXIMIDAD_TAXID,ALTA,False,1,1,7,1,1
GEO_3902,2,1,GEO_PROXIMIDAD_TAXID,ALTA,False,1,1,7,1,1
GEO_3903,2,1,GEO_PROXIMIDAD_TAXID,ALTA,False,1,1,0,0,0
GEO_3904,2,1,GEO_PROXIMIDAD_TAXID,ALTA,False,1,1,0,0,0
GEO_3905,2,1,GEO_PROXIMIDAD_TAXID,ALTA,False,1,1,0,0,0
GEO_3906,2,1,GEO_PROXIMIDAD_TAXID,ALTA,False,1,1,1,1,1
GEO_3907,2,1,GEO_PROXIMIDAD_TAXID,ALTA,False,1,1,1,1,1
GEO_3908,3,1,GEO_PROXIMIDAD_TAXID,ALTA,False,2,2,2,2,1
GEO_3909,2,1,GEO_PROXIMIDAD_TAXID,ALTA,False,1,2,0,4,2
GEO_3910,3,1,GEO_PROXIMIDAD_TAXID,ALTA,False,2,2,43,4,2
GEO_3911,2,1,GEO_PROXIMIDAD_TAXID,ALTA,False,1,1,5,1,1
GEO_3912,2,1,GEO_PROXIMIDAD_TAXID,ALTA,False,1,1,14,2,1
GEO_3913,2,1,GEO_PROXIMIDAD_TAXID,ALTA,False,1,1,0,0,0
GEO_3914,2,1,GEO_PROXIMIDAD_TAXID,ALTA,False,1,1,0,0,0
GEO_3915,2,1,GEO_PROXIMIDAD_TAXID,ALTA,False,1,1,0,0,0
GEO_3916,2,1,GEO_PROXIMIDAD_TAXID,ALTA,False,1,1,0,0,0
GEO_3917,2,1,GEO_PROXIMIDAD_TAXID,ALTA,False,1,1,0,0,0
GEO_3918,2,1,GEO_PROXIMIDAD_TAXID,ALTA,False,1,1,0,0,0
GEO_3919,2,1,GEO_PROXIMIDAD_TAXID,ALTA,False,1,1,3,2,2
GEO_3920,2,1,GEO_PROXIMIDAD_TAXID,ALTA,False,1,1,0,0,0
GEO_3921,2,1,GEO_PROXIMIDAD_TAXID,ALTA,False,1,1,0,0,0
GEO_3922,2,1,GEO_PROXIMIDAD_TAXID,ALTA,False,1,1,0,0,0
GEO_3923,2,1,GEO_PROXIMIDAD_TAXID,ALTA,False,1,1,7,2,2
GEO_3924,2,1,GEO_PROXIMIDAD_TAXID,ALTA,False,1,1,0,0,0
GEO_3925,2,1,GEO_PROXIMIDAD_TAXID,ALTA,False,1,1,0,0,0
GEO_3926,2,1,GEO_PROXIMIDAD_TAXID,ALTA,False,1,1,17,1,1
GEO_3927,2,1,GEO_PROXIMIDAD_TAXID,ALTA,False,1,1,18,4,3
GEO_3928,2,1,GEO_PROXIMIDAD_TAXID,ALTA,False,1,1,5,2,2
GEO_3929,2,1,GEO_PROXIMIDAD_TAXID,ALTA,False,1,1,5,2,2
GEO_3930,2,1,GEO_PROXIMIDAD_TAXID,ALTA,False,1,1,5,2,2
GEO_3931,2,1,GEO_PROXIMIDAD_TAXID,ALTA,False,1,1,5,2,2
GEO_3932,2,1,GEO_PROXIMIDAD_TAXID,ALTA,False,1,1,0,0,0
GEO_3933,2,1,GEO_PROXIMIDAD_TAXID,ALTA,False,1,1,0,0,0
GEO_3934,2,1,GEO_PROXIMIDAD_TAXID,ALTA,False,1,1,6,1,1
GEO_3935,2,1,GEO_PROXIMIDAD_TAXID,ALTA,False,1,1,0,0,0
GEO_3936,2,1,GEO_PROXIMIDAD_TAXID,ALTA,False,1,1,0,0,0
GEO_3937,2,1,GEO_PROXIMIDAD_TAXID,ALTA,False,1,1,0,0,0
GEO_3938,2,1,GEO_PROXIMIDAD_TAXID,ALTA,False,1,1,8,2,2
GEO_3939,2,1,GEO_PROXIMIDAD_TAXID,ALTA,False,1,1,0,0,0
GEO_3940,2,1,GEO_PROXIMIDAD_TAXID,ALTA,False,1,1,0,0,0
GEO_3941,2,1,GEO_PROXIMIDAD_TAXID,ALTA,False,1,1,0,0,0
GEO_3942,2,1,GEO_PROXIMIDAD_TAXID,ALTA,False,1,1,0,0,0
GEO_3943,2,1,GEO_PROXIMIDAD_TAXID,ALTA,False,1,1,0,0,0
GEO_3944,2,1,GEO_PROXIMIDAD_TAXID,ALTA,False,1,1,17,1,1
GEO_3945,2,1,GEO_PROXIMIDAD_TAXID,ALTA,False,1,1,0,0,0
GEO_3946,2,1,GEO_PROXIMIDAD_TAXID,ALTA,False,1,1,0,0,0
GEO_3947,2,1,GEO_PROXIMIDAD_TAXID,ALTA,False,1,1,0,0,0
GEO_3948,2,1,GEO_PROXIMIDAD_TAXID,ALTA,False,1,1,0,0,0
GEO_3949,2,1,GEO_PROXIMIDAD_TAXID,ALTA,False,1,1,23,3,2
GEO_3950,2,1,GEO_PROXIMIDAD_TAXID,ALTA,False,1,1,0,0,0
GEO_3951,2,1,GEO_PROXIMIDAD_TAXID,ALTA,False,1,1,0,0,0
GEO_3952,2,1,GEO_PROXIMIDAD_TAXID,ALTA,False,1,1,0,0,0
GEO_3953,2,1,GEO_PROXIMIDAD_TAXID,ALTA,False,1,1,0,0,0
GEO_3954,2,1,GEO_PROXIMIDAD_TAXID,ALTA,False,1,1,0,0,0
GEO_3955,2,1,GEO_PROXIMIDAD_TAXID,ALTA,False,1,1,0,0,0
GEO_3956,2,1,GEO_PROXIMIDAD_TAXID,ALTA,False,1,1,0,0,0
GEO_3957,2,1,GEO_PROXIMIDAD_TAXID,ALTA,False,1,1,0,0,0
GEO_3958,2,1,GEO_PROXIMIDAD_TAXID,ALTA,False,1,1,0,0,0
GEO_3959,2,1,GEO_PROXIMIDAD_TAXID,ALTA,False,1,1,0,0,0
GEO_3960,2,1,GEO_PROXIMIDAD_TAXID,ALTA,False,1,1,35,3,2
GEO_3961,2,1,GEO_PROXIMIDAD_TAXID,ALTA,False,1,1,14,2,1
GEO_3962,2,1,GEO_PROXIMIDAD_TAXID,ALTA,False,1,1,0,0,0
GEO_3963,2,1,GEO_PROXIMIDAD_TAXID,ALTA,False,1,1,0,0,0
GEO_3964,2,1,GEO_PROXIMIDAD_TAXID,ALTA,False,1,1,0,0,0
GEO_3965,2,1,GEO_PROXIMIDAD_TAXID,ALTA,False,1,1,18,1,1
GEO_3966,2,1,GEO_PROXIMIDAD_TAXID,ALTA,False,1,1,1,1,1
GEO_3967,2,1,GEO_PROXIMIDAD_TAXID,ALTA,False,1,1,0,0,0
GEO_3968,2,1,GEO_PROXIMIDAD_TAXID,ALTA,False,1,1,0,0,0
GEO_3969,2,1,GEO_PROXIMIDAD_TAXID,ALTA,False,1,1,4,1,1
GEO_3970,2,1,GEO_PROXIMIDAD_TAXID,ALTA,False,1,1,9,1,1
GEO_3971,2,1,GEO_PROXIMIDAD_TAXID,ALTA,False,1,1,9,2,2
GEO_3972,2,1,GEO_PROXIMIDAD_TAXID,ALTA,False,1,1,0,0,0
GEO_3973,2,1,GEO_PROXIMIDAD_TAXID,ALTA,False,1,1,1,1,1
GEO_3974,2,1,GEO_PROXIMIDAD_TAXID,ALTA,False,1,1,0,0,0
GEO_3975,2,1,GEO_PROXIMIDAD_TAXID,ALTA,False,1,1,0,0,0
GEO_3976,2,1,GEO_PROXIMIDAD_TAXID,ALTA,False,1,1,0,0,0
GEO_3977,2,1,GEO_PROXIMIDAD_TAXID,ALTA,False,1,1,0,0,0
GEO_3978,2,1,GEO_PROXIMIDAD_TAXID,ALTA,False,1,1,0,0,0
GEO_3979,2,1,GEO_PROXIMIDAD_TAXID,ALTA,False,1,1,0,0,0
GEO_3980,2,1,GEO_PROXIMIDAD_TAXID,ALTA,False,1,1,0,0,0
GEO_3981,2,1,GEO_PROXIMIDAD_TAXID,ALTA,False,1,1,0,0,0
GEO_3982,2,1,GEO_PROXIMIDAD_TAXID,ALTA,False,1,1,0,0,0
GEO_3983,2,1,GEO_PROXIMIDAD_TAXID,ALTA,False,1,1,0,0,0
GEO_3984,2,1,GEO_PROXIMIDAD_TAXID,ALTA,False,1,1,0,0,0
GEO_3985,2,1,GEO_PROXIMIDAD_TAXID,ALTA,False,1,1,21,2,2
GEO_3986,2,1,GEO_PROXIMIDAD_TAXID,ALTA,False,1,1,0,0,0
GEO_3987,2,1,GEO_PROXIMIDAD_TAXID,ALTA,False,1,1,0,0,0
GEO_3988,2,1,GEO_PROXIMIDAD_TAXID,ALTA,False,1,1,41,3,2
GEO_3989,2,1,GEO_PROXIMIDAD_TAXID,ALTA,False,1,1,2,1,1
GEO_3990,2,1,GEO_PROXIMIDAD_TAXID,ALTA,False,1,1,0,0,0
GEO_3991,2,1,GEO_PROXIMIDAD_TAXID,ALTA,False,1,1,0,0,0
GEO_3992,2,1,GEO_PROXIMIDAD_TAXID,ALTA,False,1,1,9,1,1
GEO_3993,2,1,GEO_PROXIMIDAD_TAXID,ALTA,False,1,1,9,1,1
GEO_3994,2,1,GEO_PROXIMIDAD_TAXID,ALTA,False,1,1,0,0,0
GEO_3995,2,1,GEO_PROXIMIDAD_TAXID,ALTA,False,1,1,14,2,2
GEO_3996,2,1,GEO_PROXIMIDAD_TAXID,ALTA,False,1,1,0,0,0
GEO_3997,2,1,GEO_PROXIMIDAD_TAXID,ALTA,False,1,1,0,0,0
GEO_3998,2,1,GEO_PROXIMIDAD_TAXID,ALTA,False,1,1,0,0,0
GEO_3999,2,1,GEO_PROXIMIDAD_TAXID,ALTA,False,1,1,0,0,0
GEO_4000,2,1,GEO_PROXIMIDAD_TAXID,ALTA,False,1,1,0,0,0
GEO_4001,2,1,GEO_PROXIMIDAD_TAXID,ALTA,False,1,1,0,0,0
GEO_4002,2,1,GEO_PROXIMIDAD_TAXID,ALTA,False,1,1,10,2,1
GEO_4003,2,1,GEO_PROXIMIDAD_TAXID,ALTA,False,1,1,0,0,0
GEO_4004,2,1,GEO_PROXIMIDAD_TAXID,ALTA,False,1,1,0,0,0
GEO_4005,2,1,GEO_PROXIMIDAD_TAXID,ALTA,False,1,1,0,0,0
GEO_4006,2,1,GEO_PROXIMIDAD_TAXID,ALTA,False,1,1,36,3,2
GEO_4007,2,1,GEO_PROXIMIDAD_TAXID,ALTA,False,1,1,0,0,0
GEO_4008,2,1,GEO_PROXIMIDAD_TAXID,ALTA,False,1,1,0,0,0
GEO_4009,2,1,GEO_PROXIMIDAD_TAXID,ALTA,False,1,1,0,0,0
GEO_4010,2,1,GEO_PROXIMIDAD_TAXID,ALTA,False,1,1,28,3,2
GEO_4011,2,1,GEO_PROXIMIDAD_TAXID,ALTA,False,1,1,0,0,0
GEO_4012,2,1,GEO_PROXIMIDAD_TAXID,ALTA,False,1,1,3,1,1
GEO_4013,2,1,GEO_PROXIMIDAD_TAXID,ALTA,False,1,1,8,1,1
GEO_4014,2,1,GEO_PROXIMIDAD_TAXID,ALTA,False,1,1,8,1,1
GEO_4015,2,1,GEO_PROXIMIDAD_TAXID,ALTA,False,1,1,5,3,2
GEO_4016,2,1,GEO_PROXIMIDAD_TAXID,ALTA,False,1,1,0,0,0
GEO_4017,2,1,GEO_PROXIMIDAD_TAXID,ALTA,False,1,1,0,0,0
GEO_4018,2,1,GEO_PROXIMIDAD_TAXID,ALTA,False,1,1,3,2,1
GEO_4019,2,1,GEO_PROXIMIDAD_TAXID,ALTA,False,1,1,1,1,1
GEO_4020,2,1,GEO_PROXIMIDAD_TAXID,ALTA,False,1,1,0,0,0
GEO_4021,2,1,GEO_PROXIMIDAD_TAXID,ALTA,False,1,1,154,2,1
GEO_4022,2,1,GEO_PROXIMIDAD_TAXID,ALTA,False,1,1,5,1,1
GEO_4023,2,1,GEO_PROXIMIDAD_TAXID,ALTA,False,1,1,20,3,2
GEO_4024,2,1,GEO_PROXIMIDAD_TAXID,ALTA,False,1,1,20,3,2
GEO_4025,2,1,GEO_PROXIMIDAD_TAXID,ALTA,False,1,1,13,2,1
GEO_4026,2,1,GEO_PROXIMIDAD_TAXID,ALTA,False,1,1,15,2,1
GEO_4027,2,1,GEO_PROXIMIDAD_TAXID,ALTA,False,1,1,0,0,0
GEO_4028,2,1,GEO_PROXIMIDAD_TAXID,ALTA,False,1,1,8,4,3
GEO_4029,2,1,GEO_PROXIMIDAD_TAXID,ALTA,False,1,1,186,5,3
GEO_4030,2,1,GEO_PROXIMIDAD_TAXID,ALTA,False,1,1,3,1,1
GEO_4031,2,1,GEO_PROXIMIDAD_TAXID,ALTA,False,1,1,0,0,0
GEO_4032,2,1,GEO_PROXIMIDAD_TAXID,ALTA,False,1,1,0,0,0
GEO_4033,2,1,GEO_PROXIMIDAD_TAXID,ALTA,False,1,1,0,0,0
GEO_4034,2,1,GEO_PROXIMIDAD_TAXID,ALTA,False,1,1,0,0,0
GEO_4035,2,1,GEO_PROXIMIDAD_TAXID,ALTA,False,1,1,8,1,1
GEO_4036,2,1,GEO_PROXIMIDAD_TAXID,ALTA,False,1,1,13,2,2
GEO_4037,2,1,GEO_PROXIMIDAD_TAXID,ALTA,False,1,1,0,0,0
GEO_4038,2,1,GEO_PROXIMIDAD_TAXID,ALTA,False,1,1,0,0,0
GEO_4039,2,1,GEO_PROXIMIDAD_TAXID,ALTA,False,1,1,0,0,0
GEO_4040,2,1,GEO_PROXIMIDAD_TAXID,ALTA,False,1,1,0,0,0
GEO_4041,2,1,GEO_PROXIMIDAD_TAXID,ALTA,False,1,1,0,0,0
GEO_4042,2,1,GEO_PROXIMIDAD_TAXID,ALTA,False,1,1,0,0,0
GEO_4043,2,1,GEO_PROXIMIDAD_TAXID,ALTA,False,1,1,0,0,0
GEO_4044,2,1,GEO_PROXIMIDAD_TAXID,ALTA,False,1,1,0,0,0
GEO_4045,2,1,GEO_PROXIMIDAD_TAXID,ALTA,False,1,1,0,0,0
GEO_4046,2,1,GEO_PROXIMIDAD_TAXID,ALTA,False,1,1,21,3,2
GEO_4047,2,1,GEO_PROXIMIDAD_TAXID,ALTA,False,1,1,1,1,1
GEO_4048,2,1,GEO_PROXIMIDAD_TAXID,ALTA,False,1,1,0,0,0
GEO_4049,2,1,GEO_PROXIMIDAD_TAXID,ALTA,False,1,1,0,0,0
GEO_4050,2,1,GEO_PROXIMIDAD_TAXID,ALTA,False,1,1,0,0,0
GEO_4051,2,1,GEO_PROXIMIDAD_TAXID,ALTA,False,1,1,0,0,0
GEO_4052,2,1,GEO_PROXIMIDAD_TAXID,ALTA,False,1,1,0,0,0
GEO_4053,2,1,GEO_PROXIMIDAD_TAXID,ALTA,False,1,1,0,0,0
GEO_4054,2,1,GEO_PROXIMIDAD_TAXID,ALTA,False,1,1,0,0,0
GEO_4055,2,1,GEO_PROXIMIDAD_TAXID,ALTA,False,1,1,0,0,0
GEO_4056,2,1,GEO_PROXIMIDAD_TAXID,ALTA,False,1,1,0,0,0
GEO_4057,2,1,GEO_PROXIMIDAD_TAXID,ALTA,False,1,1,0,0,0
GEO_4058,2,1,GEO_PROXIMIDAD_TAXID,ALTA,False,1,1,0,0,0
GEO_4059,3,1,GEO_PROXIMIDAD_TAXID,ALTA,False,2,1,14,3,2
GEO_4060,2,1,GEO_PROXIMIDAD_TAXID,ALTA,False,1,1,7,2,2
GEO_4061,2,1,GEO_PROXIMIDAD_TAXID,ALTA,False,1,1,4,2,2
GEO_4062,3,1,GEO_PROXIMIDAD_TAXID,ALTA,False,2,1,27,7,3
GEO_4063,2,1,GEO_PROXIMIDAD_TAXID,ALTA,False,1,1,0,0,0
GEO_4064,2,1,GEO_PROXIMIDAD_TAXID,ALTA,False,1,1,2,1,1
GEO_4065,2,1,GEO_PROXIMIDAD_TAXID,ALTA,False,1,1,0,0,0
GEO_4066,2,1,GEO_PROXIMIDAD_TAXID,ALTA,False,1,1,0,0,0
GEO_4067,2,1,GEO_PROXIMIDAD_TAXID,ALTA,False,1,1,0,0,0
GEO_4068,2,1,GEO_PROXIMIDAD_TAXID,ALTA,False,1,1,0,0,0
GEO_4069,2,1,GEO_PROXIMIDAD_TAXID,ALTA,False,1,1,0,0,0
GEO_4070,2,1,GEO_PROXIMIDAD_TAXID,ALTA,False,1,1,0,0,0
GEO_4071,2,1,GEO_PROXIMIDAD_TAXID,ALTA,False,1,1,1,1,1
GEO_4072,2,1,GEO_PROXIMIDAD_TAXID,ALTA,False,1,1,0,0,0
GEO_4073,2,1,GEO_PROXIMIDAD_TAXID,ALTA,False,1,1,0,0,0
GEO_4074,2,1,GEO_PROXIMIDAD_TAXID,ALTA,False,1,1,0,0,0
GEO_4075,2,1,GEO_PROXIMIDAD_TAXID,ALTA,False,1,1,0,0,0
GEO_4076,2,1,GEO_PROXIMIDAD_TAXID,ALTA,False,1,1,0,0,0
GEO_4077,2,1,GEO_PROXIMIDAD_TAXID,ALTA,False,1,1,0,0,0
GEO_4078,2,1,GEO_PROXIMIDAD_TAXID,ALTA,False,1,1,0,0,0
GEO_4079,2,1,GEO_PROXIMIDAD_TAXID,ALTA,False,1,1,0,0,0
GEO_4080,2,1,GEO_PROXIMIDAD_TAXID,ALTA,False,1,1,0,0,0
GEO_4081,2,1,GEO_PROXIMIDAD_TAXID,ALTA,False,1,1,11,3,2
GEO_4082,2,1,GEO_PROXIMIDAD_TAXID,ALTA,False,1,1,0,0,0
GEO_4083,2,1,GEO_PROXIMIDAD_TAXID,ALTA,False,1,1,0,0,0
GEO_4084,2,1,GEO_PROXIMIDAD_TAXID,ALTA,False,1,1,0,0,0
GEO_4085,2,1,GEO_PROXIMIDAD_TAXID,ALTA,False,1,1,0,0,0
GEO_4086,2,1,GEO_PROXIMIDAD_TAXID,ALTA,False,1,1,0,0,0
GEO_4087,2,1,GEO_PROXIMIDAD_TAXID,ALTA,False,1,1,0,0,0
GEO_4088,2,1,GEO_PROXIMIDAD_TAXID,ALTA,False,1,1,0,0,0
GEO_4089,2,1,GEO_PROXIMIDAD_TAXID,ALTA,False,1,1,0,0,0
GEO_4090,2,1,GEO_PROXIMIDAD_TAXID,ALTA,False,1,1,0,0,0
GEO_4091,2,1,GEO_PROXIMIDAD_TAXID,ALTA,False,1,1,0,0,0
GEO_4092,2,1,GEO_PROXIMIDAD_TAXID,ALTA,False,1,1,0,0,0
GEO_4093,2,1,GEO_PROXIMIDAD_TAXID,ALTA,False,1,1,11,4,2
GEO_4094,2,1,GEO_PROXIMIDAD_TAXID,ALTA,False,1,1,0,0,0
GEO_4095,2,1,GEO_PROXIMIDAD_TAXID,ALTA,False,1,1,0,0,0
GEO_4096,2,1,GEO_PROXIMIDAD_TAXID,ALTA,False,1,1,0,0,0
GEO_4097,2,1,GEO_PROXIMIDAD_TAXID,ALTA,False,1,1,0,0,0
GEO_4098,3,1,GEO_PROXIMIDAD_TAXID,ALTA,False,2,1,7,1,1
GEO_4099,2,1,GEO_PROXIMIDAD_TAXID,ALTA,False,1,1,0,0,0
GEO_4100,2,1,GEO_PROXIMIDAD_TAXID,ALTA,False,1,1,0,0,0
GEO_4101,2,1,GEO_PROXIMIDAD_TAXID,ALTA,False,1,1,0,0,0
GEO_4102,2,1,GEO_PROXIMIDAD_TAXID,ALTA,False,1,1,9,1,1
GEO_4103,2,1,GEO_PROXIMIDAD_TAXID,ALTA,False,1,1,2,1,1
GEO_4104,2,1,GEO_PROXIMIDAD_TAXID,ALTA,False,1,1,0,0,0
GEO_4105,2,1,GEO_PROXIMIDAD_TAXID,ALTA,False,1,1,0,0,0
GEO_4106,2,1,GEO_PROXIMIDAD_TAXID,ALTA,False,1,1,0,0,0
GEO_4107,2,1,GEO_PROXIMIDAD_TAXID,ALTA,False,1,1,6,2,2
GEO_4108,2,1,GEO_PROXIMIDAD_TAXID,ALTA,False,1,1,0,0,0
GEO_4109,2,1,GEO_PROXIMIDAD_TAXID,ALTA,False,1,1,2,1,1
GEO_4110,2,1,GEO_PROXIMIDAD_TAXID,ALTA,False,1,1,0,0,0
GEO_4111,2,1,GEO_PROXIMIDAD_TAXID,ALTA,False,1,1,0,0,0
GEO_4112,2,1,GEO_PROXIMIDAD_TAXID,ALTA,False,1,1,0,0,0
GEO_4113,2,1,GEO_PROXIMIDAD_TAXID,ALTA,False,1,1,0,0,0
GEO_4114,2,1,GEO_PROXIMIDAD_TAXID,ALTA,False,1,1,0,0,0
GEO_4115,2,1,GEO_PROXIMIDAD_TAXID,ALTA,False,1,1,3,2,1
GEO_4116,2,1,GEO_PROXIMIDAD_TAXID,ALTA,False,1,1,0,0,0
GEO_4117,2,1,GEO_PROXIMIDAD_TAXID,ALTA,False,1,1,0,0,0
GEO_4118,2,1,GEO_PROXIMIDAD_TAXID,ALTA,False,1,1,0,0,0
GEO_4119,2,1,GEO_PROXIMIDAD_TAXID,ALTA,False,1,1,0,0,0
GEO_4120,2,1,GEO_PROXIMIDAD_TAXID,ALTA,False,1,1,2,1,1
GEO_4121,2,1,GEO_PROXIMIDAD_TAXID,ALTA,False,1,1,0,0,0
GEO_4122,2,1,GEO_PROXIMIDAD_TAXID,ALTA,False,1,1,0,0,0
GEO_4123,2,1,GEO_PROXIMIDAD_TAXID,ALTA,False,1,1,0,0,0
GEO_4124,2,1,GEO_PROXIMIDAD_TAXID,ALTA,False,1,1,0,0,0
GEO_4125,2,1,GEO_PROXIMIDAD_TAXID,ALTA,False,1,1,0,0,0
GEO_4126,2,1,GEO_PROXIMIDAD_TAXID,ALTA,False,1,1,0,0,0
GEO_4127,2,1,GEO_PROXIMIDAD_TAXID,ALTA,False,1,1,1,1,1
GEO_4128,2,1,GEO_PROXIMIDAD_TAXID,ALTA,False,1,1,0,0,0
GEO_4129,2,1,GEO_PROXIMIDAD_TAXID,ALTA,False,1,1,0,0,0
GEO_4130,2,1,GEO_PROXIMIDAD_TAXID,ALTA,False,1,1,0,0,0
GEO_4131,2,1,GEO_PROXIMIDAD_TAXID,ALTA,False,1,1,0,0,0
GEO_4132,2,1,GEO_PROXIMIDAD_TAXID,ALTA,False,1,1,0,0,0
GEO_4133,2,1,GEO_PROXIMIDAD_TAXID,ALTA,False,1,1,0,0,0
GEO_4134,2,1,GEO_PROXIMIDAD_TAXID,ALTA,False,1,1,0,0,0
GEO_4135,2,1,GEO_PROXIMIDAD_TAXID,ALTA,False,1,1,0,0,0
GEO_4136,2,1,GEO_PROXIMIDAD_TAXID,ALTA,False,1,1,14,2,1
GEO_4137,2,1,GEO_PROXIMIDAD_TAXID,ALTA,False,1,1,9,1,1
GEO_4138,2,1,GEO_PROXIMIDAD_TAXID,ALTA,False,1,1,0,0,0
GEO_4139,2,1,GEO_PROXIMIDAD_TAXID,ALTA,False,1,1,0,0,0
GEO_4140,2,1,GEO_PROXIMIDAD_TAXID,ALTA,False,1,1,0,0,0
GEO_4141,2,1,GEO_PROXIMIDAD_TAXID,ALTA,False,1,1,0,0,0
GEO_4142,2,1,GEO_PROXIMIDAD_TAXID,ALTA,False,1,1,0,0,0
GEO_4143,2,1,GEO_PROXIMIDAD_TAXID,ALTA,False,1,1,0,0,0
GEO_4144,2,1,GEO_PROXIMIDAD_TAXID,ALTA,False,1,1,0,0,0
GEO_4145,2,1,GEO_PROXIMIDAD_TAXID,ALTA,False,1,1,0,0,0
GEO_4146,2,1,GEO_PROXIMIDAD_TAXID,ALTA,False,1,1,0,0,0
GEO_4147,2,1,GEO_PROXIMIDAD_TAXID,ALTA,False,1,1,0,0,0
GEO_4148,3,1,GEO_PROXIMIDAD_TAXID,ALTA,False,2,2,14,3,2
GEO_4149,2,1,GEO_PROXIMIDAD_TAXID,ALTA,False,1,1,0,0,0
GEO_4150,2,1,GEO_PROXIMIDAD_TAXID,ALTA,False,1,1,0,0,0
GEO_4151,2,1,GEO_PROXIMIDAD_TAXID,ALTA,False,1,1,0,0,0
GEO_4152,2,1,GEO_PROXIMIDAD_TAXID,ALTA,False,1,1,0,0,0
GEO_4153,2,1,GEO_PROXIMIDAD_TAXID,ALTA,False,1,1,4,1,1
GEO_4154,2,1,GEO_PROXIMIDAD_TAXID,ALTA,False,1,1,0,0,0
GEO_4155,2,1,GEO_PROXIMIDAD_TAXID,ALTA,False,1,1,0,0,0
GEO_4156,2,1,GEO_PROXIMIDAD_TAXID,ALTA,False,1,1,0,0,0
GEO_4157,2,1,GEO_PROXIMIDAD_TAXID,ALTA,False,1,1,9,1,1
GEO_4158,2,1,GEO_PROXIMIDAD_TAXID,ALTA,False,1,1,29,1,1
GEO_4159,2,1,GEO_PROXIMIDAD_TAXID,ALTA,False,1,1,0,0,0
GEO_4160,2,1,GEO_PROXIMIDAD_TAXID,ALTA,False,1,1,0,0,0
GEO_4161,2,1,GEO_PROXIMIDAD_TAXID,ALTA,False,1,1,0,0,0
GEO_4162,2,1,GEO_PROXIMIDAD_TAXID,ALTA,False,1,1,0,0,0
GEO_4163,2,1,GEO_PROXIMIDAD_TAXID,ALTA,False,1,1,0,0,0
GEO_4164,2,1,GEO_PROXIMIDAD_TAXID,ALTA,False,1,1,0,0,0
GEO_4165,2,1,GEO_PROXIMIDAD_TAXID,ALTA,False,1,1,0,0,0
GEO_4166,2,1,GEO_PROXIMIDAD_TAXID,ALTA,False,1,1,2,1,1
GEO_4167,2,1,GEO_PROXIMIDAD_TAXID,ALTA,False,1,1,83,2,1
GEO_4168,2,1,GEO_PROXIMIDAD_TAXID,ALTA,False,1,1,67,2,1
GEO_4169,2,1,GEO_PROXIMIDAD_TAXID,ALTA,False,1,1,0,0,0
GEO_4170,2,1,GEO_PROXIMIDAD_TAXID,ALTA,False,1,1,0,0,0
GEO_4171,2,1,GEO_PROXIMIDAD_TAXID,ALTA,False,1,1,0,0,0
GEO_4172,2,1,GEO_PROXIMIDAD_TAXID,ALTA,False,1,1,0,0,0
GEO_4173,2,1,GEO_PROXIMIDAD_TAXID,ALTA,False,1,1,0,0,0
GEO_4174,2,1,GEO_PROXIMIDAD_TAXID,ALTA,False,1,1,0,0,0
GEO_4175,2,1,GEO_PROXIMIDAD_TAXID,ALTA,False,1,1,0,0,0
GEO_4176,2,1,GEO_PROXIMIDAD_TAXID,ALTA,False,1,1,0,0,0
GEO_4177,2,1,GEO_PROXIMIDAD_TAXID,ALTA,False,1,1,0,0,0
GEO_4178,2,1,GEO_PROXIMIDAD_TAXID,ALTA,False,1,1,0,0,0
GEO_4179,2,1,GEO_PROXIMIDAD_TAXID,ALTA,False,1,1,0,0,0
GEO_4180,2,1,GEO_PROXIMIDAD_TAXID,ALTA,False,1,1,0,0,0
GEO_4181,2,1,GEO_PROXIMIDAD_TAXID,ALTA,False,1,1,0,0,0
GEO_4182,2,1,GEO_PROXIMIDAD_TAXID,ALTA,False,1,1,0,0,0
GEO_4183,2,1,GEO_PROXIMIDAD_TAXID,ALTA,False,1,1,0,0,0
GEO_4184,2,1,GEO_PROXIMIDAD_TAXID,ALTA,False,1,1,0,0,0
GEO_4185,2,1,GEO_PROXIMIDAD_TAXID,ALTA,False,1,1,0,0,0
GEO_4186,2,1,GEO_PROXIMIDAD_TAXID,ALTA,False,1,1,0,0,0
GEO_4187,2,1,GEO_PROXIMIDAD_TAXID,ALTA,False,1,1,0,0,0
GEO_4188,2,1,GEO_PROXIMIDAD_TAXID,ALTA,False,1,1,0,0,0
GEO_4189,2,1,GEO_PROXIMIDAD_TAXID,ALTA,False,1,1,0,0,0
GEO_4190,2,1,GEO_PROXIMIDAD_TAXID,ALTA,False,1,1,1,1,1
GEO_4191,2,1,GEO_PROXIMIDAD_TAXID,ALTA,False,1,1,1,1,1
GEO_4192,2,1,GEO_PROXIMIDAD_TAXID,ALTA,False,1,1,0,0,0
GEO_4193,2,1,GEO_PROXIMIDAD_TAXID,ALTA,False,1,1,0,0,0
GEO_4194,2,1,GEO_PROXIMIDAD_TAXID,ALTA,False,1,1,0,0,0
GEO_4195,2,1,GEO_PROXIMIDAD_TAXID,ALTA,False,1,1,0,0,0
GEO_4196,2,1,GEO_PROXIMIDAD_TAXID,ALTA,False,1,1,28,3,2
GEO_4197,2,1,GEO_PROXIMIDAD_TAXID,ALTA,False,1,1,1,1,1
GEO_4198,2,1,GEO_PROXIMIDAD_TAXID,ALTA,False,1,1,0,0,0
GEO_4199,2,1,GEO_PROXIMIDAD_TAXID,ALTA,False,1,1,0,0,0
GEO_4200,2,1,GEO_PROXIMIDAD_TAXID,ALTA,False,1,1,0,0,0
GEO_4201,2,1,GEO_PROXIMIDAD_TAXID,ALTA,False,1,1,0,0,0
GEO_4202,2,1,GEO_PROXIMIDAD_TAXID,ALTA,False,1,1,0,0,0
GEO_4203,2,1,GEO_PROXIMIDAD_TAXID,ALTA,False,1,1,0,0,0
GEO_4204,2,1,GEO_PROXIMIDAD_TAXID,ALTA,False,1,1,0,0,0
GEO_4205,2,1,GEO_PROXIMIDAD_TAXID,ALTA,False,1,1,0,0,0
GEO_4206,2,1,GEO_PROXIMIDAD_TAXID,ALTA,False,1,1,0,0,0
GEO_4207,2,1,GEO_PROXIMIDAD_TAXID,ALTA,False,1,1,11,1,1
GEO_4208,2,1,GEO_PROXIMIDAD_TAXID,ALTA,False,1,1,76,3,2
GEO_4209,2,1,GEO_PROXIMIDAD_TAXID,ALTA,False,1,1,3,1,1
GEO_4210,2,1,GEO_PROXIMIDAD_TAXID,ALTA,False,1,1,0,0,0
GEO_4211,2,1,GEO_PROXIMIDAD_TAXID,ALTA,False,1,1,0,0,0
GEO_4212,2,1,GEO_PROXIMIDAD_TAXID,ALTA,False,1,1,0,0,0
GEO_4213,2,1,GEO_PROXIMIDAD_TAXID,ALTA,False,1,1,0,0,0
GEO_4214,2,1,GEO_PROXIMIDAD_TAXID,ALTA,False,1,1,0,0,0
GEO_4215,2,1,GEO_PROXIMIDAD_TAXID,ALTA,False,1,1,0,0,0
GEO_4216,2,1,GEO_PROXIMIDAD_TAXID,ALTA,False,1,1,0,0,0
GEO_4217,2,1,GEO_PROXIMIDAD_TAXID,ALTA,False,1,1,0,0,0
GEO_4218,2,1,GEO_PROXIMIDAD_TAXID,ALTA,False,1,1,0,0,0
GEO_4219,2,1,GEO_PROXIMIDAD_TAXID,ALTA,False,1,1,0,0,0
GEO_4220,2,1,GEO_PROXIMIDAD_TAXID,ALTA,False,1,1,0,0,0
GEO_4221,2,1,GEO_PROXIMIDAD_TAXID,ALTA,False,1,1,0,0,0
GEO_4222,2,1,GEO_PROXIMIDAD_TAXID,ALTA,False,1,1,0,0,0
GEO_4223,2,1,GEO_PROXIMIDAD_TAXID,ALTA,False,1,1,0,0,0
GEO_4224,2,1,GEO_PROXIMIDAD_TAXID,ALTA,False,1,1,0,0,0
GEO_4225,2,1,GEO_PROXIMIDAD_TAXID,ALTA,False,1,1,27,2,1
GEO_4226,2,1,GEO_PROXIMIDAD_TAXID,ALTA,False,1,1,0,0,0
GEO_4227,2,1,GEO_PROXIMIDAD_TAXID,ALTA,False,1,1,2,2,1
GEO_4228,2,1,GEO_PROXIMIDAD_TAXID,ALTA,False,1,1,2,2,1
GEO_4229,2,1,GEO_PROXIMIDAD_TAXID,ALTA,False,1,1,23,2,1
GEO_4230,2,1,GEO_PROXIMIDAD_TAXID,ALTA,False,1,1,23,2,1
GEO_4231,2,1,GEO_PROXIMIDAD_TAXID,ALTA,False,1,1,0,0,0
GEO_4232,2,1,GEO_PROXIMIDAD_TAXID,ALTA,False,1,1,0,0,0
GEO_4233,2,1,GEO_PROXIMIDAD_TAXID,ALTA,False,1,1,1,0,0
GEO_4234,2,1,GEO_PROXIMIDAD_TAXID,ALTA,False,1,1,0,0,0
GEO_4235,2,1,GEO_PROXIMIDAD_TAXID,ALTA,False,1,1,49,3,2
GEO_4236,2,1,GEO_PROXIMIDAD_TAXID,ALTA,False,1,1,0,0,0
GEO_4237,2,1,GEO_PROXIMIDAD_TAXID,ALTA,False,1,1,0,0,0
GEO_4238,2,1,GEO_PROXIMIDAD_TAXID,ALTA,False,1,1,0,0,0
GEO_4239,2,1,GEO_PROXIMIDAD_TAXID,ALTA,False,1,1,0,0,0
GEO_4240,2,1,GEO_PROXIMIDAD_TAXID,ALTA,False,1,1,0,0,0
GEO_4241,2,1,GEO_PROXIMIDAD_TAXID,ALTA,False,1,1,0,0,0
GEO_4242,2,1,GEO_PROXIMIDAD_TAXID,ALTA,False,1,1,0,0,0
GEO_4243,2,1,GEO_PROXIMIDAD_TAXID,ALTA,False,1,1,0,0,0
GEO_4244,2,1,GEO_PROXIMIDAD_TAXID,ALTA,False,1,1,0,0,0
GEO_4245,2,1,GEO_PROXIMIDAD_TAXID,ALTA,False,1,1,2,1,1
GEO_4246,2,1,GEO_PROXIMIDAD_TAXID,ALTA,False,1,1,1,1,1
GEO_4247,2,1,GEO_PROXIMIDAD_TAXID,ALTA,False,1,1,1,1,1
GEO_4248,2,1,GEO_PROXIMIDAD_TAXID,ALTA,False,1,1,0,0,0
GEO_4249,2,1,GEO_PROXIMIDAD_TAXID,ALTA,False,1,1,0,0,0
GEO_4250,2,1,GEO_PROXIMIDAD_TAXID,ALTA,False,1,1,0,0,0
GEO_4251,2,1,GEO_PROXIMIDAD_TAXID,ALTA,False,1,1,0,0,0
GEO_4252,2,1,GEO_PROXIMIDAD_TAXID,ALTA,False,1,1,0,0,0
GEO_4253,2,1,GEO_PROXIMIDAD_TAXID,ALTA,False,1,1,0,0,0
GEO_4254,2,1,GEO_PROXIMIDAD_TAXID,ALTA,False,1,1,0,0,0
GEO_4255,2,1,GEO_PROXIMIDAD_TAXID,ALTA,False,1,1,0,0,0
GEO_4256,2,1,GEO_PROXIMIDAD_TAXID,ALTA,False,1,1,0,0,0
GEO_4257,2,1,GEO_PROXIMIDAD_TAXID,ALTA,False,1,1,1,1,1
GEO_4258,2,1,GEO_PROXIMIDAD_TAXID,ALTA,False,1,1,1,1,1
GEO_4259,2,1,GEO_PROXIMIDAD_TAXID,ALTA,False,1,1,0,0,0
GEO_4260,2,1,GEO_PROXIMIDAD_TAXID,ALTA,False,1,1,0,0,0
GEO_4261,2,1,GEO_PROXIMIDAD_TAXID,ALTA,False,1,1,0,0,0
GEO_4262,2,1,GEO_PROXIMIDAD_TAXID,ALTA,False,1,1,5,1,1
GEO_4263,2,1,GEO_PROXIMIDAD_TAXID,ALTA,False,1,1,5,1,1
GEO_4264,2,1,GEO_PROXIMIDAD_TAXID,ALTA,False,1,1,2,2,2
GEO_4265,2,1,GEO_PROXIMIDAD_TAXID,ALTA,False,1,1,0,0,0
GEO_4266,2,1,GEO_PROXIMIDAD_TAXID,ALTA,False,1,1,0,0,0
GEO_4267,2,1,GEO_PROXIMIDAD_TAXID,ALTA,False,1,1,0,0,0
GEO_4268,2,1,GEO_PROXIMIDAD_TAXID,ALTA,False,1,1,0,0,0
GEO_4269,3,1,GEO_PROXIMIDAD_TAXID,ALTA,False,2,2,0,0,0
GEO_4270,3,1,GEO_PROXIMIDAD_TAXID,ALTA,False,2,2,0,0,0
GEO_4271,2,1,GEO_PROXIMIDAD_TAXID,ALTA,False,1,1,1,1,1
GEO_4272,2,1,GEO_PROXIMIDAD_TAXID,ALTA,False,1,1,0,0,0
GEO_4273,2,1,GEO_PROXIMIDAD_TAXID,ALTA,False,1,1,0,0,0
GEO_4274,3,1,GEO_PROXIMIDAD_TAXID,MEDIA,True,2,2,0,0,0
GEO_4275,2,1,GEO_PROXIMIDAD_TAXID,ALTA,False,1,1,4,2,1
GEO_4276,2,1,GEO_PROXIMIDAD_TAXID,ALTA,False,1,1,0,0,0
GEO_4277,2,1,GEO_PROXIMIDAD_TAXID,ALTA,False,1,1,0,0,0
GEO_4278,2,1,GEO_PROXIMIDAD_TAXID,ALTA,False,1,1,0,0,0
GEO_4279,2,1,GEO_PROXIMIDAD_TAXID,ALTA,False,1,1,0,0,0
GEO_4280,2,1,GEO_PROXIMIDAD_TAXID,ALTA,False,1,1,0,0,0
GEO_4281,2,1,GEO_PROXIMIDAD_TAXID,ALTA,False,1,1,0,0,0
GEO_4282,2,1,GEO_PROXIMIDAD_TAXID,ALTA,False,1,1,0,0,0
GEO_4283,2,1,GEO_PROXIMIDAD_TAXID,ALTA,False,1,1,0,0,0
GEO_4284,2,1,GEO_PROXIMIDAD_TAXID,ALTA,False,1,1,0,0,0
GEO_4285,2,1,GEO_PROXIMIDAD_TAXID,ALTA,False,1,1,0,0,0
GEO_4286,2,1,GEO_PROXIMIDAD_TAXID,ALTA,False,1,1,0,0,0
GEO_4287,2,1,GEO_PROXIMIDAD_TAXID,ALTA,False,1,1,0,0,0
GEO_4288,2,1,GEO_PROXIMIDAD_TAXID,ALTA,False,1,1,0,0,0
GEO_4289,2,1,GEO_PROXIMIDAD_TAXID,ALTA,False,1,1,0,0,0
GEO_4290,2,1,GEO_PROXIMIDAD_TAXID,ALTA,False,1,1,0,0,0
GEO_4291,2,1,GEO_PROXIMIDAD_TAXID,ALTA,False,1,1,1,1,1
GEO_4292,2,1,GEO_PROXIMIDAD_TAXID,ALTA,False,1,1,1,1,1
GEO_4293,2,1,GEO_PROXIMIDAD_TAXID,ALTA,False,1,1,0,0,0
GEO_4294,2,1,GEO_PROXIMIDAD_TAXID,ALTA,False,1,1,0,0,0
GEO_4295,2,1,GEO_PROXIMIDAD_TAXID,ALTA,False,1,1,17,2,1
GEO_4296,2,1,GEO_PROXIMIDAD_TAXID,ALTA,False,1,1,0,0,0
GEO_4297,2,1,GEO_PROXIMIDAD_TAXID,ALTA,False,1,1,0,0,0
GEO_4298,2,1,GEO_PROXIMIDAD_TAXID,ALTA,False,1,1,0,0,0
GEO_4299,2,1,GEO_PROXIMIDAD_TAXID,ALTA,False,1,1,0,0,0
GEO_4300,2,1,GEO_PROXIMIDAD_TAXID,ALTA,False,1,1,0,0,0
GEO_4301,2,1,GEO_PROXIMIDAD_TAXID,ALTA,False,1,1,0,0,0
GEO_4302,2,1,GEO_PROXIMIDAD_TAXID,ALTA,False,1,1,0,0,0
GEO_4303,2,1,GEO_PROXIMIDAD_TAXID,ALTA,False,1,1,12,2,1
GEO_4304,3,1,GEO_PROXIMIDAD_TAXID,ALTA,False,2,1,35,7,3
GEO_4305,2,1,GEO_PROXIMIDAD_TAXID,ALTA,False,1,1,10,1,1
GEO_4306,2,1,GEO_PROXIMIDAD_TAXID,ALTA,False,1,1,10,1,1
GEO_4307,2,1,GEO_PROXIMIDAD_TAXID,ALTA,False,1,1,10,1,1
GEO_4308,2,1,GEO_PROXIMIDAD_TAXID,ALTA,False,1,1,31,2,1
GEO_4309,2,1,GEO_PROXIMIDAD_TAXID,ALTA,False,1,1,31,2,1
GEO_4310,2,1,GEO_PROXIMIDAD_TAXID,ALTA,False,1,1,1,1,1
GEO_4311,2,1,GEO_PROXIMIDAD_TAXID,ALTA,False,1,1,0,0,0
GEO_4312,2,1,GEO_PROXIMIDAD_TAXID,ALTA,False,1,1,0,0,0
GEO_4313,2,1,GEO_PROXIMIDAD_TAXID,ALTA,False,1,1,0,0,0
GEO_4314,2,1,GEO_PROXIMIDAD_TAXID,ALTA,False,1,1,0,0,0
GEO_4315,2,1,GEO_PROXIMIDAD_TAXID,ALTA,False,1,1,0,0,0
GEO_4316,2,1,GEO_PROXIMIDAD_TAXID,ALTA,False,1,1,0,0,0
GEO_4317,2,1,GEO_PROXIMIDAD_TAXID,ALTA,False,1,1,0,0,0
GEO_4318,2,1,GEO_PROXIMIDAD_TAXID,ALTA,False,1,1,0,0,0
GEO_4319,2,1,GEO_PROXIMIDAD_TAXID,ALTA,False,1,1,0,0,0
GEO_4320,2,1,GEO_PROXIMIDAD_TAXID,ALTA,False,1,1,145,5,3
GEO_4321,2,1,GEO_PROXIMIDAD_TAXID,ALTA,False,1,1,145,5,3
GEO_4322,2,1,GEO_PROXIMIDAD_TAXID,ALTA,False,1,1,0,0,0
GEO_4323,3,1,GEO_PROXIMIDAD_TAXID,ALTA,False,2,2,13,5,3
GEO_4324,3,1,GEO_PROXIMIDAD_TAXID,ALTA,False,2,2,13,5,3
GEO_4325,3,1,GEO_PROXIMIDAD_TAXID,ALTA,False,2,2,13,5,3
GEO_4326,2,1,GEO_PROXIMIDAD_TAXID,ALTA,False,1,1,0,0,0
GEO_4327,2,1,GEO_PROXIMIDAD_TAXID,ALTA,False,1,1,0,0,0
GEO_4328,2,1,GEO_PROXIMIDAD_TAXID,ALTA,False,1,1,0,0,0
GEO_4329,2,1,GEO_PROXIMIDAD_TAXID,ALTA,False,1,1,0,0,0
GEO_4330,2,1,GEO_PROXIMIDAD_TAXID,ALTA,False,1,1,0,0,0
GEO_4331,2,1,GEO_PROXIMIDAD_TAXID,ALTA,False,1,1,0,0,0
GEO_4332,2,1,GEO_PROXIMIDAD_TAXID,ALTA,False,1,1,0,0,0
GEO_4333,2,1,GEO_PROXIMIDAD_TAXID,ALTA,False,1,1,0,0,0
GEO_4334,2,1,GEO_PROXIMIDAD_TAXID,ALTA,False,1,1,0,0,0
GEO_4335,2,1,GEO_PROXIMIDAD_TAXID,ALTA,False,1,1,0,0,0
GEO_4336,2,1,GEO_PROXIMIDAD_TAXID,ALTA,False,1,1,0,0,0
GEO_4337,2,1,GEO_PROXIMIDAD_TAXID,ALTA,False,1,1,0,0,0
GEO_4338,2,1,GEO_PROXIMIDAD_TAXID,ALTA,False,1,1,0,0,0
GEO_4339,2,1,GEO_PROXIMIDAD_TAXID,ALTA,False,1,1,0,0,0
GEO_4340,2,1,GEO_PROXIMIDAD_TAXID,ALTA,False,1,1,0,0,0
GEO_4341,2,1,GEO_PROXIMIDAD_TAXID,ALTA,False,1,1,12,1,1
GEO_4342,2,1,GEO_PROXIMIDAD_TAXID,ALTA,False,1,1,12,1,1
GEO_4343,2,1,GEO_PROXIMIDAD_TAXID,ALTA,False,1,1,12,1,1
GEO_4344,2,1,GEO_PROXIMIDAD_TAXID,ALTA,False,1,1,0,0,0
GEO_4345,2,1,GEO_PROXIMIDAD_TAXID,ALTA,False,1,1,7,2,2
GEO_4346,2,1,GEO_PROXIMIDAD_TAXID,ALTA,False,1,1,4,2,1
GEO_4347,2,1,GEO_PROXIMIDAD_TAXID,ALTA,False,1,1,0,0,0
GEO_4348,2,1,GEO_PROXIMIDAD_TAXID,ALTA,False,1,1,12,2,2
GEO_4349,2,1,GEO_PROXIMIDAD_TAXID,ALTA,False,1,1,12,2,2
GEO_4350,2,1,GEO_PROXIMIDAD_TAXID,ALTA,False,1,1,0,0,0
GEO_4351,2,1,GEO_PROXIMIDAD_TAXID,ALTA,False,1,1,0,0,0
GEO_4352,2,1,GEO_PROXIMIDAD_TAXID,ALTA,False,1,1,0,0,0
GEO_4353,2,1,GEO_PROXIMIDAD_TAXID,ALTA,False,1,1,0,0,0
GEO_4354,2,1,GEO_PROXIMIDAD_TAXID,ALTA,False,1,1,0,0,0
GEO_4355,2,1,GEO_PROXIMIDAD_TAXID,ALTA,False,1,1,0,0,0
GEO_4356,2,1,GEO_PROXIMIDAD_TAXID,ALTA,False,1,1,0,0,0
GEO_4357,2,1,GEO_PROXIMIDAD_TAXID,ALTA,False,1,1,0,0,0
GEO_4358,2,1,GEO_PROXIMIDAD_TAXID,ALTA,False,1,1,0,0,0
GEO_4359,2,1,GEO_PROXIMIDAD_TAXID,ALTA,False,1,1,0,0,0
GEO_4360,2,1,GEO_PROXIMIDAD_TAXID,ALTA,False,1,1,2,1,1
GEO_4361,2,1,GEO_PROXIMIDAD_TAXID,ALTA,False,1,1,41,4,3
GEO_4362,2,1,GEO_PROXIMIDAD_TAXID,ALTA,False,1,1,41,4,3
GEO_4363,2,1,GEO_PROXIMIDAD_TAXID,ALTA,False,1,1,43,4,3
GEO_4364,2,1,GEO_PROXIMIDAD_TAXID,ALTA,False,1,1,0,0,0
GEO_4365,2,1,GEO_PROXIMIDAD_TAXID,ALTA,False,1,1,2,1,1
GEO_4366,2,1,GEO_PROXIMIDAD_TAXID,ALTA,False,1,1,2,1,1
GEO_4367,2,1,GEO_PROXIMIDAD_TAXID,ALTA,False,1,1,1,1,1
GEO_4368,2,1,GEO_PROXIMIDAD_TAXID,ALTA,False,1,1,0,0,0
GEO_4369,2,1,GEO_PROXIMIDAD_TAXID,ALTA,False,1,1,8,1,1
GEO_4370,2,1,GEO_PROXIMIDAD_TAXID,ALTA,False,1,1,0,0,0
GEO_4371,2,1,GEO_PROXIMIDAD_TAXID,ALTA,False,1,1,0,0,0
GEO_4372,2,1,GEO_PROXIMIDAD_TAXID,ALTA,False,1,1,5,2,2
GEO_4373,2,1,GEO_PROXIMIDAD_TAXID,ALTA,False,1,1,1,1,1
GEO_4374,2,1,GEO_PROXIMIDAD_TAXID,ALTA,False,1,1,1,1,1
GEO_4375,2,1,GEO_PROXIMIDAD_TAXID,ALTA,False,1,1,0,0,0
GEO_4376,2,1,GEO_PROXIMIDAD_TAXID,ALTA,False,1,1,0,0,0
GEO_4377,2,1,GEO_PROXIMIDAD_TAXID,ALTA,False,1,1,0,0,0
GEO_4378,2,1,GEO_PROXIMIDAD_TAXID,ALTA,False,1,2,12,2,1
GEO_4379,2,1,GEO_PROXIMIDAD_TAXID,ALTA,False,1,2,12,2,1
GEO_4380,2,1,GEO_PROXIMIDAD_TAXID,ALTA,False,1,1,0,0,0
GEO_4381,2,1,GEO_PROXIMIDAD_TAXID,ALTA,False,1,1,0,0,0
GEO_4382,2,1,GEO_PROXIMIDAD_TAXID,ALTA,False,1,1,0,0,0
GEO_4383,2,1,GEO_PROXIMIDAD_TAXID,ALTA,False,1,1,7,1,1
GEO_4384,2,1,GEO_PROXIMIDAD_TAXID,ALTA,False,1,1,0,0,0
GEO_4385,2,1,GEO_PROXIMIDAD_TAXID,ALTA,False,1,1,0,0,0
GEO_4386,2,1,GEO_PROXIMIDAD_TAXID,ALTA,False,1,1,187,2,1
GEO_4387,3,1,GEO_PROXIMIDAD_TAXID,ALTA,False,2,2,29,3,2
GEO_4388,3,1,GEO_PROXIMIDAD_TAXID,ALTA,False,2,2,29,3,2
GEO_4389,2,1,GEO_PROXIMIDAD_TAXID,ALTA,False,1,1,0,0,0
GEO_4390,3,1,GEO_PROXIMIDAD_TAXID,ALTA,False,2,2,4,2,1
GEO_4391,2,1,GEO_PROXIMIDAD_TAXID,ALTA,False,1,1,42,4,3
GEO_4392,2,1,GEO_PROXIMIDAD_TAXID,ALTA,False,1,1,0,0,0
GEO_4393,2,1,GEO_PROXIMIDAD_TAXID,ALTA,False,1,1,0,0,0
GEO_4394,2,1,GEO_PROXIMIDAD_TAXID,ALTA,False,1,1,0,0,0
GEO_4395,2,1,GEO_PROXIMIDAD_TAXID,ALTA,False,1,1,0,0,0
GEO_4396,2,1,GEO_PROXIMIDAD_TAXID,ALTA,False,1,1,209,4,3
GEO_4397,2,1,GEO_PROXIMIDAD_TAXID,ALTA,False,1,1,47,2,1
GEO_4398,2,1,GEO_PROXIMIDAD_TAXID,ALTA,False,1,1,88,3,2
GEO_4399,2,1,GEO_PROXIMIDAD_TAXID,ALTA,False,1,1,15,2,1
GEO_4400,2,1,GEO_PROXIMIDAD_TAXID,ALTA,False,1,1,0,0,0
GEO_4401,2,1,GEO_PROXIMIDAD_TAXID,ALTA,False,1,1,0,0,0
GEO_4402,2,1,GEO_PROXIMIDAD_TAXID,ALTA,False,1,1,0,0,0
GEO_4403,2,1,GEO_PROXIMIDAD_TAXID,ALTA,False,1,1,18,2,1
GEO_4404,2,1,GEO_PROXIMIDAD_TAXID,ALTA,False,1,1,0,0,0
GEO_4405,2,1,GEO_PROXIMIDAD_TAXID,ALTA,False,1,1,1,1,1
GEO_4406,2,1,GEO_PROXIMIDAD_TAXID,ALTA,False,1,1,1,1,1
GEO_4407,2,1,GEO_PROXIMIDAD_TAXID,ALTA,False,1,1,41,3,2
GEO_4408,2,1,GEO_PROXIMIDAD_TAXID,ALTA,False,1,1,18,2,2
GEO_4409,2,1,GEO_PROXIMIDAD_TAXID,ALTA,False,1,1,0,0,0
GEO_4410,2,1,GEO_PROXIMIDAD_TAXID,ALTA,False,1,1,8,2,2
GEO_4411,2,1,GEO_PROXIMIDAD_TAXID,ALTA,False,1,1,4,1,1
GEO_4412,2,1,GEO_PROXIMIDAD_TAXID,ALTA,False,1,1,4,1,1
GEO_4413,2,1,GEO_PROXIMIDAD_TAXID,ALTA,False,1,1,11,2,2
GEO_4414,2,1,GEO_PROXIMIDAD_TAXID,ALTA,False,1,1,9,3,2
GEO_4415,2,1,GEO_PROXIMIDAD_TAXID,ALTA,False,1,1,0,0,0
GEO_4416,2,1,GEO_PROXIMIDAD_TAXID,ALTA,False,1,1,15,2,2
GEO_4417,2,1,GEO_PROXIMIDAD_TAXID,ALTA,False,1,1,0,0,0
GEO_4418,2,1,GEO_PROXIMIDAD_TAXID,ALTA,False,1,1,0,0,0
GEO_4419,2,1,GEO_PROXIMIDAD_TAXID,ALTA,False,1,1,0,0,0
GEO_4420,2,1,GEO_PROXIMIDAD_TAXID,ALTA,False,1,1,0,0,0
GEO_4421,2,1,GEO_PROXIMIDAD_TAXID,ALTA,False,1,1,0,0,0
GEO_4422,2,1,GEO_PROXIMIDAD_TAXID,ALTA,False,1,1,27,2,1
GEO_4423,2,1,GEO_PROXIMIDAD_TAXID,ALTA,False,1,1,27,2,1
GEO_4424,2,1,GEO_PROXIMIDAD_TAXID,ALTA,False,1,1,0,0,0
GEO_4425,2,1,GEO_PROXIMIDAD_TAXID,ALTA,False,1,1,0,0,0
GEO_4426,2,1,GEO_PROXIMIDAD_TAXID,ALTA,False,1,1,0,0,0
GEO_4427,2,1,GEO_PROXIMIDAD_TAXID,ALTA,False,1,1,0,0,0
GEO_4428,2,1,GEO_PROXIMIDAD_TAXID,ALTA,False,1,1,65,3,2
GEO_4429,2,1,GEO_PROXIMIDAD_TAXID,ALTA,False,1,1,36,2,1
GEO_4430,2,1,GEO_PROXIMIDAD_TAXID,ALTA,False,1,1,36,2,1
GEO_4431,2,1,GEO_PROXIMIDAD_TAXID,ALTA,False,1,1,1,1,1
GEO_4432,2,1,GEO_PROXIMIDAD_TAXID,ALTA,False,1,1,1,1,1
GEO_4433,2,1,GEO_PROXIMIDAD_TAXID,ALTA,False,1,1,51,3,2
GEO_4434,2,1,GEO_PROXIMIDAD_TAXID,ALTA,False,1,1,53,3,2
GEO_4435,2,1,GEO_PROXIMIDAD_TAXID,ALTA,False,1,1,0,0,0
GEO_4436,2,1,GEO_PROXIMIDAD_TAXID,ALTA,False,1,1,11,2,2
GEO_4437,2,1,GEO_PROXIMIDAD_TAXID,ALTA,False,1,1,0,0,0
GEO_4438,2,1,GEO_PROXIMIDAD_TAXID,ALTA,False,1,1,0,0,0
GEO_4439,2,1,GEO_PROXIMIDAD_TAXID,ALTA,False,1,1,18,2,2
GEO_4440,2,1,GEO_PROXIMIDAD_TAXID,ALTA,False,1,1,0,0,0
GEO_4441,2,1,GEO_PROXIMIDAD_TAXID,ALTA,False,1,1,3,1,1
GEO_4442,2,1,GEO_PROXIMIDAD_TAXID,ALTA,False,1,1,0,0,0
GEO_4443,2,1,GEO_PROXIMIDAD_TAXID,ALTA,False,1,1,30,1,1
GEO_4444,2,1,GEO_PROXIMIDAD_TAXID,ALTA,False,1,1,27,1,1
GEO_4445,2,1,GEO_PROXIMIDAD_TAXID,ALTA,False,1,1,0,0,0
GEO_4446,2,1,GEO_PROXIMIDAD_TAXID,ALTA,False,1,1,0,0,0
GEO_4447,2,1,GEO_PROXIMIDAD_TAXID,ALTA,False,1,1,0,0,0
GEO_4448,2,1,GEO_PROXIMIDAD_TAXID,ALTA,False,1,1,24,1,1
GEO_4449,2,1,GEO_PROXIMIDAD_TAXID,ALTA,False,1,1,9,1,1
GEO_4450,2,1,GEO_PROXIMIDAD_TAXID,ALTA,False,1,1,7,2,1
GEO_4451,2,1,GEO_PROXIMIDAD_TAXID,ALTA,False,1,1,6,1,1
GEO_4452,2,1,GEO_PROXIMIDAD_TAXID,ALTA,False,1,1,0,0,0
GEO_4453,2,1,GEO_PROXIMIDAD_TAXID,ALTA,False,1,1,6,1,1
GEO_4454,2,1,GEO_PROXIMIDAD_TAXID,ALTA,False,1,1,5,1,1
GEO_4455,2,1,GEO_PROXIMIDAD_TAXID,ALTA,False,1,1,6,1,1
GEO_4456,2,1,GEO_PROXIMIDAD_TAXID,ALTA,False,1,1,13,2,1
GEO_4457,2,1,GEO_PROXIMIDAD_TAXID,ALTA,False,1,1,13,2,1
GEO_4458,2,1,GEO_PROXIMIDAD_TAXID,ALTA,False,1,1,2,2,2
GEO_4459,2,1,GEO_PROXIMIDAD_TAXID,ALTA,False,1,1,28,1,1
GEO_4460,2,1,GEO_PROXIMIDAD_TAXID,ALTA,False,1,1,0,0,0
GEO_4461,2,1,GEO_PROXIMIDAD_TAXID,ALTA,False,1,1,0,0,0
GEO_4462,2,1,GEO_PROXIMIDAD_TAXID,ALTA,False,1,1,0,0,0
GEO_4463,2,1,GEO_PROXIMIDAD_TAXID,ALTA,False,1,1,0,0,0
GEO_4464,2,1,GEO_PROXIMIDAD_TAXID,ALTA,False,1,1,0,0,0
GEO_4465,2,1,GEO_PROXIMIDAD_TAXID,ALTA,False,1,1,0,0,0
GEO_4466,2,1,GEO_PROXIMIDAD_TAXID,ALTA,False,1,1,0,0,0
GEO_4467,2,1,GEO_PROXIMIDAD_TAXID,ALTA,False,1,1,0,0,0
GEO_4468,2,1,GEO_PROXIMIDAD_TAXID,ALTA,False,1,1,0,0,0
GEO_4469,3,1,GEO_PROXIMIDAD_TAXID,ALTA,False,2,2,3,2,1
GEO_4470,2,1,GEO_PROXIMIDAD_TAXID,ALTA,False,1,1,0,0,0
GEO_4471,2,1,GEO_PROXIMIDAD_TAXID,ALTA,False,1,1,69,5,2
GEO_4472,2,1,GEO_PROXIMIDAD_TAXID,ALTA,False,1,1,10,2,2
GEO_4473,2,1,GEO_PROXIMIDAD_TAXID,ALTA,False,1,1,4,1,1
GEO_4474,2,1,GEO_PROXIMIDAD_TAXID,ALTA,False,1,1,89,5,4
GEO_4475,2,1,GEO_PROXIMIDAD_TAXID,ALTA,False,1,1,2,1,1
GEO_4476,2,1,GEO_PROXIMIDAD_TAXID,ALTA,False,1,1,0,0,0
GEO_4477,4,1,GEO_PROXIMIDAD_TAXID,ALTA,False,1,2,3,1,1
GEO_4478,4,1,GEO_PROXIMIDAD_TAXID,ALTA,False,1,2,3,1,1
GEO_4479,4,1,GEO_PROXIMIDAD_TAXID,ALTA,False,1,2,3,1,1
GEO_4480,4,1,GEO_PROXIMIDAD_TAXID,ALTA,False,1,2,3,1,1
GEO_4481,2,1,GEO_PROXIMIDAD_TAXID,ALTA,False,1,1,11,2,2
GEO_4482,2,1,GEO_PROXIMIDAD_TAXID,ALTA,False,1,1,11,2,2
GEO_4483,2,1,GEO_PROXIMIDAD_TAXID,ALTA,False,1,1,5,2,1
GEO_4484,2,1,GEO_PROXIMIDAD_TAXID,ALTA,False,1,1,5,2,2
GEO_4485,2,1,GEO_PROXIMIDAD_TAXID,ALTA,False,1,1,0,0,0
GEO_4486,2,1,GEO_PROXIMIDAD_TAXID,ALTA,False,1,1,0,0,0
GEO_4487,2,1,GEO_PROXIMIDAD_TAXID,ALTA,False,1,1,1,1,1
GEO_4488,2,1,GEO_PROXIMIDAD_TAXID,ALTA,False,1,1,5,1,1
GEO_4489,2,1,GEO_PROXIMIDAD_TAXID,ALTA,False,1,1,0,0,0
GEO_4490,2,1,GEO_PROXIMIDAD_TAXID,ALTA,False,1,1,14,1,1
GEO_4491,2,1,GEO_PROXIMIDAD_TAXID,ALTA,False,1,1,14,1,1
GEO_4492,2,1,GEO_PROXIMIDAD_TAXID,ALTA,False,1,1,0,0,0
GEO_4493,2,1,GEO_PROXIMIDAD_TAXID,ALTA,False,1,1,0,0,0
GEO_4494,2,1,GEO_PROXIMIDAD_TAXID,ALTA,False,1,1,6,3,2
GEO_4495,2,1,GEO_PROXIMIDAD_TAXID,ALTA,False,1,1,6,3,2
GEO_4496,2,1,GEO_PROXIMIDAD_TAXID,ALTA,False,1,1,6,3,2
GEO_4497,2,1,GEO_PROXIMIDAD_TAXID,ALTA,False,1,1,109,4,2
GEO_4498,2,1,GEO_PROXIMIDAD_TAXID,ALTA,False,1,1,3,1,1
GEO_4499,2,1,GEO_PROXIMIDAD_TAXID,ALTA,False,1,1,0,0,0
GEO_4500,2,1,GEO_PROXIMIDAD_TAXID,ALTA,False,1,1,37,3,2
GEO_4501,2,1,GEO_PROXIMIDAD_TAXID,ALTA,False,1,1,5,1,1
GEO_4502,2,1,GEO_PROXIMIDAD_TAXID,ALTA,False,1,1,35,2,1
GEO_4503,2,1,GEO_PROXIMIDAD_TAXID,ALTA,False,1,1,57,3,2
GEO_4504,2,1,GEO_PROXIMIDAD_TAXID,ALTA,False,1,1,0,0,0
GEO_4505,2,1,GEO_PROXIMIDAD_TAXID,ALTA,False,1,1,0,0,0
GEO_4506,2,1,GEO_PROXIMIDAD_TAXID,ALTA,False,1,1,0,0,0
GEO_4507,2,1,GEO_PROXIMIDAD_TAXID,ALTA,False,1,1,0,0,0
GEO_4508,2,1,GEO_PROXIMIDAD_TAXID,ALTA,False,1,1,0,0,0
GEO_4509,2,1,GEO_PROXIMIDAD_TAXID,ALTA,False,1,1,0,0,0
GEO_4510,2,1,GEO_PROXIMIDAD_TAXID,ALTA,False,1,1,0,0,0
GEO_4511,2,1,GEO_PROXIMIDAD_TAXID,ALTA,False,1,1,1,1,1
GEO_4512,2,1,GEO_PROXIMIDAD_TAXID,ALTA,False,1,1,1,1,1
GEO_4513,2,1,GEO_PROXIMIDAD_TAXID,ALTA,False,1,1,105,3,2
GEO_4514,2,1,GEO_PROXIMIDAD_TAXID,ALTA,False,1,1,105,3,2
GEO_4515,2,1,GEO_PROXIMIDAD_TAXID,ALTA,False,1,1,0,0,0
GEO_4516,2,1,GEO_PROXIMIDAD_TAXID,ALTA,False,1,1,0,0,0
GEO_4517,2,1,GEO_PROXIMIDAD_TAXID,ALTA,False,1,1,6,2,1
GEO_4518,2,1,GEO_PROXIMIDAD_TAXID,ALTA,False,1,1,3,1,1
GEO_4519,2,1,GEO_PROXIMIDAD_TAXID,ALTA,False,1,1,3,1,1
GEO_4520,2,1,GEO_PROXIMIDAD_TAXID,ALTA,False,1,1,0,0,0
GEO_4521,2,1,GEO_PROXIMIDAD_TAXID,ALTA,False,1,1,0,0,0
GEO_4522,2,1,GEO_PROXIMIDAD_TAXID,ALTA,False,1,1,0,0,0
GEO_4523,2,1,GEO_PROXIMIDAD_TAXID,ALTA,False,1,1,0,0,0
GEO_4524,2,1,GEO_PROXIMIDAD_TAXID,ALTA,False,1,1,0,0,0
GEO_4525,2,1,GEO_PROXIMIDAD_TAXID,ALTA,False,1,1,0,0,0
GEO_4526,2,1,GEO_PROXIMIDAD_TAXID,ALTA,False,1,1,21,1,1
GEO_4527,2,1,GEO_PROXIMIDAD_TAXID,ALTA,False,1,1,3,1,1
GEO_4528,2,1,GEO_PROXIMIDAD_TAXID,ALTA,False,1,1,0,0,0
GEO_4529,2,1,GEO_PROXIMIDAD_TAXID,ALTA,False,1,1,0,0,0
GEO_4530,2,1,GEO_PROXIMIDAD_TAXID,ALTA,False,1,1,0,0,0
GEO_4531,2,1,GEO_PROXIMIDAD_TAXID,ALTA,False,1,1,0,0,0
GEO_4532,2,1,GEO_PROXIMIDAD_TAXID,ALTA,False,1,1,0,0,0
GEO_4533,2,1,GEO_PROXIMIDAD_TAXID,ALTA,False,1,1,0,0,0
GEO_4534,2,1,GEO_PROXIMIDAD_TAXID,ALTA,False,1,1,0,0,0
GEO_4535,2,1,GEO_PROXIMIDAD_TAXID,ALTA,False,1,1,3,1,1
GEO_4536,2,1,GEO_PROXIMIDAD_TAXID,ALTA,False,1,1,58,3,2
GEO_4537,2,1,GEO_PROXIMIDAD_TAXID,ALTA,False,1,1,0,0,0
GEO_4538,2,1,GEO_PROXIMIDAD_TAXID,ALTA,False,1,1,26,2,1
GEO_4539,2,1,GEO_PROXIMIDAD_TAXID,ALTA,False,1,1,26,2,1
GEO_4540,2,1,GEO_PROXIMIDAD_TAXID,ALTA,False,1,1,26,2,1
GEO_4541,2,1,GEO_PROXIMIDAD_TAXID,ALTA,False,1,1,0,0,0
GEO_4542,2,1,GEO_PROXIMIDAD_TAXID,ALTA,False,1,1,0,0,0
GEO_4543,2,1,GEO_PROXIMIDAD_TAXID,ALTA,False,1,1,0,0,0
GEO_4544,2,1,GEO_PROXIMIDAD_TAXID,ALTA,False,1,1,0,0,0
GEO_4545,2,1,GEO_PROXIMIDAD_TAXID,ALTA,False,1,1,43,4,3
GEO_4546,2,1,GEO_PROXIMIDAD_TAXID,ALTA,False,1,1,0,0,0
GEO_4547,2,1,GEO_PROXIMIDAD_TAXID,ALTA,False,1,1,0,0,0
GEO_4548,2,1,GEO_PROXIMIDAD_TAXID,ALTA,False,1,1,3,1,1
GEO_4549,2,1,GEO_PROXIMIDAD_TAXID,ALTA,False,1,1,0,0,0
GEO_4550,2,1,GEO_PROXIMIDAD_TAXID,ALTA,False,1,1,0,0,0
GEO_4551,2,1,GEO_PROXIMIDAD_TAXID,ALTA,False,1,1,22,2,2
GEO_4552,2,1,GEO_PROXIMIDAD_TAXID,ALTA,False,1,1,25,1,1
GEO_4553,2,1,GEO_PROXIMIDAD_TAXID,ALTA,False,1,1,0,0,0
GEO_4554,2,1,GEO_PROXIMIDAD_TAXID,ALTA,False,1,1,0,0,0
GEO_4555,2,1,GEO_PROXIMIDAD_TAXID,ALTA,False,1,1,6,2,2
GEO_4556,2,1,GEO_PROXIMIDAD_TAXID,ALTA,False,1,1,6,2,2
GEO_4557,2,1,GEO_PROXIMIDAD_TAXID,ALTA,False,1,1,0,0,0
GEO_4558,2,1,GEO_PROXIMIDAD_TAXID,ALTA,False,1,1,0,0,0
GEO_4559,2,1,GEO_PROXIMIDAD_TAXID,ALTA,False,1,1,33,1,1
GEO_4560,2,1,GEO_PROXIMIDAD_TAXID,ALTA,False,1,1,0,0,0
GEO_4561,2,1,GEO_PROXIMIDAD_TAXID,ALTA,False,1,1,28,1,1
GEO_4562,2,1,GEO_PROXIMIDAD_TAXID,ALTA,False,1,1,0,0,0
GEO_4563,2,1,GEO_PROXIMIDAD_TAXID,ALTA,False,1,1,0,0,0
GEO_4564,2,1,GEO_PROXIMIDAD_TAXID,ALTA,False,1,1,0,0,0
GEO_4565,2,1,GEO_PROXIMIDAD_TAXID,ALTA,False,1,1,0,0,0
GEO_4566,2,1,GEO_PROXIMIDAD_TAXID,ALTA,False,1,1,0,0,0
GEO_4567,2,1,GEO_PROXIMIDAD_TAXID,ALTA,False,1,1,0,0,0
GEO_4568,2,1,GEO_PROXIMIDAD_TAXID,ALTA,False,1,1,0,0,0
GEO_4569,2,1,GEO_PROXIMIDAD_TAXID,ALTA,False,1,1,14,2,2
GEO_4570,2,1,GEO_PROXIMIDAD_TAXID,ALTA,False,1,1,0,0,0
GEO_4571,2,1,GEO_PROXIMIDAD_TAXID,ALTA,False,1,1,3,1,1
GEO_4572,2,1,GEO_PROXIMIDAD_TAXID,ALTA,False,1,1,0,0,0
GEO_4573,2,1,GEO_PROXIMIDAD_TAXID,ALTA,False,1,1,59,3,2
GEO_4574,2,1,GEO_PROXIMIDAD_TAXID,ALTA,False,1,1,0,0,0
GEO_4575,2,1,GEO_PROXIMIDAD_TAXID,ALTA,False,1,1,6,1,1
GEO_4576,2,1,GEO_PROXIMIDAD_TAXID,ALTA,False,1,1,15,2,1
GEO_4577,2,1,GEO_PROXIMIDAD_TAXID,ALTA,False,1,1,0,0,0
GEO_4578,2,1,GEO_PROXIMIDAD_TAXID,ALTA,False,1,1,0,1,1
GEO_4579,2,1,GEO_PROXIMIDAD_TAXID,ALTA,False,1,1,26,5,4
GEO_4580,2,1,GEO_PROXIMIDAD_TAXID,ALTA,False,1,1,3,1,1
GEO_4581,2,1,GEO_PROXIMIDAD_TAXID,ALTA,False,1,1,3,1,1
GEO_4582,2,1,GEO_PROXIMIDAD_TAXID,ALTA,False,1,1,12,2,2
GEO_4583,3,1,GEO_PROXIMIDAD_TAXID,ALTA,False,2,1,11,2,1
GEO_4584,3,1,GEO_PROXIMIDAD_TAXID,ALTA,False,2,1,11,2,1
GEO_4585,3,1,GEO_PROXIMIDAD_TAXID,ALTA,False,2,1,11,2,1
GEO_4586,2,1,GEO_PROXIMIDAD_TAXID,ALTA,False,1,1,0,0,0
GEO_4587,2,1,GEO_PROXIMIDAD_TAXID,ALTA,False,1,1,0,0,0
GEO_4588,2,1,GEO_PROXIMIDAD_TAXID,ALTA,False,1,1,0,0,0
GEO_4589,2,1,GEO_PROXIMIDAD_TAXID,ALTA,False,1,1,21,2,1
GEO_4590,2,1,GEO_PROXIMIDAD_TAXID,ALTA,False,1,1,0,0,0
GEO_4591,2,1,GEO_PROXIMIDAD_TAXID,ALTA,False,1,1,61,2,1
GEO_4592,2,1,GEO_PROXIMIDAD_TAXID,ALTA,False,1,1,0,0,0
GEO_4593,2,1,GEO_PROXIMIDAD_TAXID,ALTA,False,1,1,0,0,0
GEO_4594,2,1,GEO_PROXIMIDAD_TAXID,ALTA,False,1,1,0,0,0
GEO_4595,2,1,GEO_PROXIMIDAD_TAXID,ALTA,False,1,1,0,0,0
GEO_4596,2,1,GEO_PROXIMIDAD_TAXID,ALTA,False,1,1,59,2,1
GEO_4597,2,1,GEO_PROXIMIDAD_TAXID,ALTA,False,1,1,0,0,0
GEO_4598,2,1,GEO_PROXIMIDAD_TAXID,ALTA,False,1,1,0,0,0
GEO_4599,2,1,GEO_PROXIMIDAD_TAXID,ALTA,False,1,1,0,0,0
GEO_4600,2,1,GEO_PROXIMIDAD_TAXID,ALTA,False,1,1,0,0,0
GEO_4601,2,1,GEO_PROXIMIDAD_TAXID,ALTA,False,1,1,10,1,1
GEO_4602,2,1,GEO_PROXIMIDAD_TAXID,ALTA,False,1,1,0,0,0
GEO_4603,2,1,GEO_PROXIMIDAD_TAXID,ALTA,False,1,1,3,1,1
GEO_4604,2,1,GEO_PROXIMIDAD_TAXID,ALTA,False,1,1,0,0,0
GEO_4605,2,1,GEO_PROXIMIDAD_TAXID,ALTA,False,1,1,68,4,2
GEO_4606,2,1,GEO_PROXIMIDAD_TAXID,ALTA,False,1,1,45,3,2
GEO_4607,2,1,GEO_PROXIMIDAD_TAXID,ALTA,False,1,1,22,1,1
GEO_4608,2,1,GEO_PROXIMIDAD_TAXID,ALTA,False,1,1,20,2,1
GEO_4609,2,1,GEO_PROXIMIDAD_TAXID,ALTA,False,1,1,0,0,0
GEO_4610,2,1,GEO_PROXIMIDAD_TAXID,ALTA,False,1,1,21,1,1
GEO_4611,2,1,GEO_PROXIMIDAD_TAXID,ALTA,False,1,1,10,2,1
GEO_4612,2,1,GEO_PROXIMIDAD_TAXID,ALTA,False,1,1,10,2,1
GEO_4613,2,1,GEO_PROXIMIDAD_TAXID,ALTA,False,1,1,10,2,1
GEO_4614,2,1,GEO_PROXIMIDAD_TAXID,ALTA,False,1,1,25,3,2
GEO_4615,2,1,GEO_PROXIMIDAD_TAXID,ALTA,False,1,1,25,3,2
GEO_4616,2,1,GEO_PROXIMIDAD_TAXID,ALTA,False,1,1,1,1,1
GEO_4617,2,1,GEO_PROXIMIDAD_TAXID,ALTA,False,1,1,15,2,1
GEO_4618,2,1,GEO_PROXIMIDAD_TAXID,ALTA,False,1,1,0,0,0
GEO_4619,2,1,GEO_PROXIMIDAD_TAXID,ALTA,False,1,1,2,1,1
GEO_4620,2,1,GEO_PROXIMIDAD_TAXID,ALTA,False,1,1,41,2,2
GEO_4621,2,1,GEO_PROXIMIDAD_TAXID,ALTA,False,1,1,41,2,2
GEO_4622,2,1,GEO_PROXIMIDAD_TAXID,ALTA,False,1,1,41,2,2
GEO_4623,2,1,GEO_PROXIMIDAD_TAXID,ALTA,False,1,1,6,1,1
GEO_4624,2,1,GEO_PROXIMIDAD_TAXID,ALTA,False,1,1,0,0,0
GEO_4625,2,1,GEO_PROXIMIDAD_TAXID,ALTA,False,1,1,29,2,1
GEO_4626,2,1,GEO_PROXIMIDAD_TAXID,ALTA,False,1,1,4,1,1
GEO_4627,2,1,GEO_PROXIMIDAD_TAXID,ALTA,False,1,1,4,1,1
GEO_4628,2,1,GEO_PROXIMIDAD_TAXID,ALTA,False,1,1,3,1,1
GEO_4629,2,1,GEO_PROXIMIDAD_TAXID,ALTA,False,1,1,0,0,0
GEO_4630,2,1,GEO_PROXIMIDAD_TAXID,ALTA,False,1,1,0,0,0
GEO_4631,2,1,GEO_PROXIMIDAD_TAXID,ALTA,False,1,1,7,2,2
GEO_4632,2,1,GEO_PROXIMIDAD_TAXID,ALTA,False,1,1,0,1,1
GEO_4633,2,1,GEO_PROXIMIDAD_TAXID,ALTA,False,1,1,0,0,0
GEO_4634,2,1,GEO_PROXIMIDAD_TAXID,ALTA,False,1,1,0,0,0
GEO_4635,2,1,GEO_PROXIMIDAD_TAXID,ALTA,False,1,1,36,4,3
GEO_4636,2,1,GEO_PROXIMIDAD_TAXID,ALTA,False,1,1,4,1,1
GEO_4637,2,1,GEO_PROXIMIDAD_TAXID,ALTA,False,1,1,2,1,1
GEO_4638,2,1,GEO_PROXIMIDAD_TAXID,ALTA,False,1,1,0,0,0
GEO_4639,2,1,GEO_PROXIMIDAD_TAXID,ALTA,False,1,1,0,0,0
GEO_4640,2,1,GEO_PROXIMIDAD_TAXID,ALTA,False,1,1,11,2,2
GEO_4641,2,1,GEO_PROXIMIDAD_TAXID,ALTA,False,1,1,46,3,2
GEO_4642,2,1,GEO_PROXIMIDAD_TAXID,ALTA,False,1,1,9,1,1
GEO_4643,2,1,GEO_PROXIMIDAD_TAXID,ALTA,False,1,1,2,2,2
GEO_4644,2,1,GEO_PROXIMIDAD_TAXID,ALTA,False,1,1,4,1,1
GEO_4645,2,1,GEO_PROXIMIDAD_TAXID,ALTA,False,1,1,4,2,2
GEO_4646,2,1,GEO_PROXIMIDAD_TAXID,ALTA,False,1,1,0,0,0
GEO_4647,2,1,GEO_PROXIMIDAD_TAXID,ALTA,False,1,1,0,0,0
GEO_4648,2,1,GEO_PROXIMIDAD_TAXID,ALTA,False,1,1,0,0,0
GEO_4649,2,1,GEO_PROXIMIDAD_TAXID,ALTA,False,1,1,0,0,0
GEO_4650,2,1,GEO_PROXIMIDAD_TAXID,ALTA,False,1,1,0,0,0
GEO_4651,2,1,GEO_PROXIMIDAD_TAXID,ALTA,False,1,1,0,0,0
GEO_4652,2,1,GEO_PROXIMIDAD_TAXID,ALTA,False,1,1,6,1,1
GEO_4653,2,1,GEO_PROXIMIDAD_TAXID,ALTA,False,1,1,6,1,1
GEO_4654,2,1,GEO_PROXIMIDAD_TAXID,ALTA,False,1,1,0,0,0
GEO_4655,2,1,GEO_PROXIMIDAD_TAXID,ALTA,False,1,1,0,0,0
GEO_4656,2,1,GEO_PROXIMIDAD_TAXID,ALTA,False,1,1,6,2,2
GEO_4657,2,1,GEO_PROXIMIDAD_TAXID,ALTA,False,1,1,14,2,1
GEO_4658,3,1,GEO_PROXIMIDAD_TAXID,ALTA,False,2,2,3,2,1
GEO_4659,3,1,GEO_PROXIMIDAD_TAXID,ALTA,False,2,2,3,2,1
GEO_4660,2,1,GEO_PROXIMIDAD_TAXID,ALTA,False,1,1,0,0,0
GEO_4661,2,1,GEO_PROXIMIDAD_TAXID,ALTA,False,1,1,79,2,1
GEO_4662,2,1,GEO_PROXIMIDAD_TAXID,ALTA,False,1,1,0,0,0
GEO_4663,2,1,GEO_PROXIMIDAD_TAXID,ALTA,False,1,1,1,1,1
GEO_4664,2,1,GEO_PROXIMIDAD_TAXID,ALTA,False,1,1,0,0,0
GEO_4665,2,1,GEO_PROXIMIDAD_TAXID,ALTA,False,1,1,0,0,0
GEO_4666,2,1,GEO_PROXIMIDAD_TAXID,ALTA,False,1,1,0,0,0
GEO_4667,2,1,GEO_PROXIMIDAD_TAXID,ALTA,False,1,1,0,0,0
GEO_4668,2,1,GEO_PROXIMIDAD_TAXID,ALTA,False,1,1,6,2,2
GEO_4669,2,1,GEO_PROXIMIDAD_TAXID,ALTA,False,1,1,28,4,2
GEO_4670,2,1,GEO_PROXIMIDAD_TAXID,ALTA,False,1,1,2,1,1
GEO_4671,2,1,GEO_PROXIMIDAD_TAXID,ALTA,False,1,1,2,1,1
GEO_4672,2,1,GEO_PROXIMIDAD_TAXID,ALTA,False,1,1,14,2,2
GEO_4673,2,1,GEO_PROXIMIDAD_TAXID,ALTA,False,1,1,34,2,1
GEO_4674,2,1,GEO_PROXIMIDAD_TAXID,ALTA,False,1,1,51,3,2
GEO_4675,2,1,GEO_PROXIMIDAD_TAXID,ALTA,False,1,1,51,3,2
GEO_4676,2,1,GEO_PROXIMIDAD_TAXID,ALTA,False,1,1,0,0,0
GEO_4677,2,1,GEO_PROXIMIDAD_TAXID,ALTA,False,1,1,1,1,1
GEO_4678,2,1,GEO_PROXIMIDAD_TAXID,ALTA,False,1,1,0,0,0
GEO_4679,2,1,GEO_PROXIMIDAD_TAXID,ALTA,False,1,1,0,0,0
GEO_4680,2,1,GEO_PROXIMIDAD_TAXID,ALTA,False,1,1,0,0,0
GEO_4681,2,1,GEO_PROXIMIDAD_TAXID,ALTA,False,1,1,0,0,0
GEO_4682,2,1,GEO_PROXIMIDAD_TAXID,ALTA,False,1,1,0,0,0
GEO_4683,2,1,GEO_PROXIMIDAD_TAXID,ALTA,False,1,1,0,0,0
GEO_4684,2,1,GEO_PROXIMIDAD_TAXID,ALTA,False,1,1,0,0,0
GEO_4685,2,1,GEO_PROXIMIDAD_TAXID,ALTA,False,1,1,0,0,0
GEO_4686,2,1,GEO_PROXIMIDAD_TAXID,ALTA,False,1,1,16,2,2
GEO_4687,2,1,GEO_PROXIMIDAD_TAXID,ALTA,False,1,1,16,2,2
GEO_4688,2,1,GEO_PROXIMIDAD_TAXID,ALTA,False,1,1,0,0,0
GEO_4689,2,1,GEO_PROXIMIDAD_TAXID,ALTA,False,1,1,0,0,0
GEO_4690,2,1,GEO_PROXIMIDAD_TAXID,ALTA,False,1,1,0,0,0
GEO_4691,2,1,GEO_PROXIMIDAD_TAXID,ALTA,False,1,1,0,0,0
GEO_4692,2,1,GEO_PROXIMIDAD_TAXID,ALTA,False,1,1,1,1,1
GEO_4693,2,1,GEO_PROXIMIDAD_TAXID,ALTA,False,1,1,0,0,0
GEO_4694,2,1,GEO_PROXIMIDAD_TAXID,ALTA,False,1,1,0,0,0
GEO_4695,2,1,GEO_PROXIMIDAD_TAXID,ALTA,False,1,1,0,0,0
GEO_4696,2,1,GEO_PROXIMIDAD_TAXID,ALTA,False,1,1,0,0,0
GEO_4697,2,1,GEO_PROXIMIDAD_TAXID,ALTA,False,1,1,0,0,0
GEO_4698,2,1,GEO_PROXIMIDAD_TAXID,ALTA,False,1,1,0,0,0
GEO_4699,2,1,GEO_PROXIMIDAD_TAXID,ALTA,False,1,1,7,1,1
GEO_4700,2,1,GEO_PROXIMIDAD_TAXID,ALTA,False,1,1,9,1,1
GEO_4701,2,1,GEO_PROXIMIDAD_TAXID,ALTA,False,1,1,0,0,0
GEO_4702,2,1,GEO_PROXIMIDAD_TAXID,ALTA,False,1,1,0,0,0
GEO_4703,2,1,GEO_PROXIMIDAD_TAXID,ALTA,False,1,1,0,0,0
GEO_4704,2,1,GEO_PROXIMIDAD_TAXID,ALTA,False,1,1,11,2,2
GEO_4705,2,1,GEO_PROXIMIDAD_TAXID,ALTA,False,1,1,0,0,0
GEO_4706,2,1,GEO_PROXIMIDAD_TAXID,ALTA,False,1,1,0,0,0
GEO_4707,2,1,GEO_PROXIMIDAD_TAXID,ALTA,False,1,1,0,0,0
GEO_4708,2,1,GEO_PROXIMIDAD_TAXID,ALTA,False,1,1,25,1,1
GEO_4709,2,1,GEO_PROXIMIDAD_TAXID,ALTA,False,1,1,0,0,0
GEO_4710,2,1,GEO_PROXIMIDAD_TAXID,ALTA,False,1,1,10,1,1
GEO_4711,2,1,GEO_PROXIMIDAD_TAXID,ALTA,False,1,1,0,0,0
GEO_4712,2,1,GEO_PROXIMIDAD_TAXID,ALTA,False,1,1,41,4,3
GEO_4713,2,1,GEO_PROXIMIDAD_TAXID,ALTA,False,1,1,14,4,3
GEO_4714,2,1,GEO_PROXIMIDAD_TAXID,ALTA,False,1,1,0,0,0
GEO_4715,2,1,GEO_PROXIMIDAD_TAXID,ALTA,False,1,1,0,0,0
GEO_4716,2,1,GEO_PROXIMIDAD_TAXID,ALTA,False,1,1,0,0,0
GEO_4717,2,1,GEO_PROXIMIDAD_TAXID,ALTA,False,1,1,0,0,0
GEO_4718,2,1,GEO_PROXIMIDAD_TAXID,ALTA,False,1,1,0,0,0
GEO_4719,2,1,GEO_PROXIMIDAD_TAXID,ALTA,False,1,1,6,1,1
GEO_4720,2,1,GEO_PROXIMIDAD_TAXID,ALTA,False,1,1,96,4,2
GEO_4721,2,1,GEO_PROXIMIDAD_TAXID,ALTA,False,1,1,96,4,2
GEO_4722,2,1,GEO_PROXIMIDAD_TAXID,ALTA,False,1,1,0,0,0
GEO_4723,2,1,GEO_PROXIMIDAD_TAXID,ALTA,False,1,1,3,1,1
GEO_4724,2,1,GEO_PROXIMIDAD_TAXID,ALTA,False,1,1,3,1,1
GEO_4725,2,1,GEO_PROXIMIDAD_TAXID,ALTA,False,1,1,0,0,0
GEO_4726,2,1,GEO_PROXIMIDAD_TAXID,ALTA,False,1,1,0,0,0
GEO_4727,2,1,GEO_PROXIMIDAD_TAXID,ALTA,False,1,1,2,1,1
GEO_4728,2,1,GEO_PROXIMIDAD_TAXID,ALTA,False,1,1,0,0,0
GEO_4729,2,1,GEO_PROXIMIDAD_TAXID,ALTA,False,1,1,9,4,2
GEO_4730,2,1,GEO_PROXIMIDAD_TAXID,ALTA,False,1,1,0,0,0
GEO_4731,2,1,GEO_PROXIMIDAD_TAXID,ALTA,False,1,1,32,3,2
GEO_4732,2,1,GEO_PROXIMIDAD_TAXID,ALTA,False,1,1,0,0,0
GEO_4733,4,1,GEO_PROXIMIDAD_TAXID,ALTA,False,1,2,1,1,1
GEO_4734,2,1,GEO_PROXIMIDAD_TAXID,ALTA,False,1,1,0,0,0
GEO_4735,4,1,GEO_PROXIMIDAD_TAXID,ALTA,False,1,1,3,5,1
GEO_4736,2,1,GEO_PROXIMIDAD_TAXID,ALTA,False,1,1,1,3,2
GEO_4737,2,1,GEO_PROXIMIDAD_TAXID,ALTA,False,1,2,2,2,1
GEO_4738,2,1,GEO_PROXIMIDAD_TAXID,ALTA,False,1,2,10,2,1
GEO_4739,2,1,GEO_PROXIMIDAD_TAXID,ALTA,False,1,2,1,1,1
GEO_4740,2,1,GEO_PROXIMIDAD_TAXID,ALTA,False,1,1,10,4,2
GEO_4741,2,1,GEO_PROXIMIDAD_TAXID,ALTA,False,1,1,10,4,2
GEO_4742,2,1,GEO_PROXIMIDAD_TAXID,ALTA,False,1,2,26,4,2
GEO_4743,2,1,GEO_PROXIMIDAD_TAXID,ALTA,False,1,2,8,4,3
GEO_4744,2,1,GEO_PROXIMIDAD_TAXID,ALTA,False,1,2,19,4,3
GEO_4745,2,1,GEO_PROXIMIDAD_TAXID,ALTA,False,1,2,19,4,3
GEO_4746,2,1,GEO_PROXIMIDAD_TAXID,ALTA,False,1,1,0,0,0
GEO_4747,2,1,GEO_PROXIMIDAD_TAXID,ALTA,False,1,2,2,1,1
GEO_4748,2,1,GEO_PROXIMIDAD_TAXID,ALTA,False,1,1,0,2,1
GEO_4749,2,1,GEO_PROXIMIDAD_TAXID,ALTA,False,1,1,1,2,1
